filename,image_size,sha256,label,pred_label,rho,beta,filter_type,bp_ref,rotation_k,latency_ms
D02_iPhone_7_Plus_26007302297.jpg,2016x1512,6428a3f5e70012ccb526a5377820be5d163ba9b9dd3d149ed3996461bc21aff8,1,,0.089043,0.0072,gauss2,BP02_12MP_NL_JPEG.mat,0,1789.4
D02_iPhone_7_Plus_26014838817.jpg,1512x2016,a345a754fc18dab69403639e8f96e576f90b80ec14729d67d5ca3fb072603ae3,1,,0.108351,0.0072,gauss2,BP02_12MP_NL_JPEG.mat,1,1925.0
D02_iPhone_7_Plus_26014961487.jpg,1512x2016,d3cf8ed386f1a75887f2e4686d945582a449f402700d304c40649b57b4808aba,1,,0.131644,0.0072,gauss2,BP02_12MP_NL_JPEG.mat,1,1862.6
D02_iPhone_7_Plus_26014961687.jpg,1512x2016,e36acc89b88fe8c31434d36c95b1cee7da270ef29d16a3fec7e93afa2af839bb,1,,0.123263,0.0072,gauss2,BP02_12MP_NL_JPEG.mat,1,1903.1
D02_iPhone_7_Plus_26014961847.jpg,1512x2016,812c1d2d0c55d98d46dd74a0fa9ebc33349cf73b075445fe1a313636c2a2b949,1,,0.113917,0.0072,gauss2,BP02_12MP_NL_JPEG.mat,1,1852.3
D02_iPhone_7_Plus_26435888907.jpg,2016x1512,6ada6a9ad01b5c26c9bc924114da4259347ae90021e7fc0f013e5b74d3c5f723,1,,0.126661,0.0072,gauss2,BP02_12MP_NL_JPEG.mat,0,1803.8
D02_iPhone_7_Plus_26435939707.jpg,2016x1512,0cfc1cdfeb37d7c3cb412798ec38231d21e1ab67b0ef2e0129d5875c934d63a5,1,,0.114728,0.0072,gauss2,BP02_12MP_NL_JPEG.mat,0,1724.8
D02_iPhone_7_Plus_26435985387.jpg,2016x1512,b4619529dcfe4b48f55f989601efc4d101e816db1b39361293bf77d81af6e61b,1,,0.191171,0.0072,gauss2,BP02_12MP_NL_JPEG.mat,0,1664.6
D02_iPhone_7_Plus_27009346648.jpg,2016x1512,81f083647d9c463c3358b02a8a4312022f24a5f7c1940afc43d3ba73080bb74d,1,,0.085114,0.0072,gauss2,BP02_12MP_NL_JPEG.mat,0,1807.2
D02_iPhone_7_Plus_27016689238.jpg,1512x2016,f0b83b9c3342d10a26589657120d67094f06ec15d75bd466b12d9641d40e6517,1,,0.10805,0.0072,gauss2,BP02_12MP_NL_JPEG.mat,1,1748.8
D02_iPhone_7_Plus_27016689668.jpg,1512x2016,577b71f559764fbffe961001ef4ac695dce9460ecd295f4012280851b9ad0b37,1,,0.109383,0.0072,gauss2,BP02_12MP_NL_JPEG.mat,1,1768.6
D02_iPhone_7_Plus_27016690078.jpg,1512x2016,b864bdff74990b78091310a3f4876495c5d70245d1b2e2fd76fe93837f749ff0,1,,0.100934,0.0072,gauss2,BP02_12MP_NL_JPEG.mat,1,1884.6
D02_iPhone_7_Plus_27016864138.jpg,1512x2016,a7f6328f4b5a74d2186e1b5e9269bfc93ddc3b53fcb32c9b60aa267a93cac210,1,,0.144548,0.0072,gauss2,BP02_12MP_NL_JPEG.mat,1,1802.9
D02_iPhone_7_Plus_27016864368.jpg,1512x2016,1d546f0ffddf24293cbe019b15e403b2b1792ffc7b20984b9f447df7e2a4103f,1,,0.138038,0.0072,gauss2,BP02_12MP_NL_JPEG.mat,1,1614.2
D02_iPhone_7_Plus_27016866638.jpg,1512x2016,ee5d8d2038c7da2cca73a554abf391b481418949c5cf0abe7b6979f4f07a14b3,1,,0.111727,0.0072,gauss2,BP02_12MP_NL_JPEG.mat,1,1655.6
D02_iPhone_7_Plus_27016897458.jpg,1512x2016,7482b296cc0b76b84f646c4b552fc02a736332b6b9fcfbe37aaf48fe5872aeeb,1,,0.256789,0.0072,gauss2,BP02_12MP_NL_JPEG.mat,1,1863.2
D02_iPhone_7_Plus_27016899098.jpg,1512x2016,c8406eeb690dadbd1383c57c835b68b467cc4cd77c2b1f1fc37ec457ebbcf9e7,1,,0.103459,0.0072,gauss2,BP02_12MP_NL_JPEG.mat,1,1847.1
D02_iPhone_7_Plus_27016899278.jpg,1512x2016,296e17a1e14522351cd197f66ebaee34af7616df39b573abe74e861c52e76ad4,1,,0.098702,0.0072,gauss2,BP02_12MP_NL_JPEG.mat,1,1907.9
D02_iPhone_7_Plus_27016900418.jpg,1512x2016,eaa9cce4f2004a1b0548c0ccb170c4178d2f6e77a1d7e97bdf30c3111cbe9a4e,1,,0.106809,0.0072,gauss2,BP02_12MP_NL_JPEG.mat,1,1851.5
D02_iPhone_7_Plus_27017000558.jpg,1512x2016,8b8d7393aac6dcf344adbf139d499b0dbc5cba254afda3ba7681877249d17743,1,,0.143742,0.0072,gauss2,BP02_12MP_NL_JPEG.mat,1,1681.2
D02_iPhone_7_Plus_27017001368.jpg,1512x2016,4801fa8ed8555934b9308fe6004d8dcf480aea2290217705a3e4aa9462a30d6a,1,,0.109769,0.0072,gauss2,BP02_12MP_NL_JPEG.mat,1,1725.6
D02_iPhone_7_Plus_27017002208.jpg,1512x2016,5e9b37f261407893b3f5afca13c5f32df36c36b125a291973dbef8359ce48388,1,,0.095313,0.0072,gauss2,BP02_12MP_NL_JPEG.mat,1,1617.3
D02_iPhone_7_Plus_27017046098.jpg,1512x2016,818df2e07c121aa79f4cfd7ae9fc046fc71580080866a75047e6ac006bdadb23,1,,0.155238,0.0072,gauss2,BP02_12MP_NL_JPEG.mat,1,1886.5
D02_iPhone_7_Plus_27017047378.jpg,1512x2016,b42d0a95301bd71e5e9b60347060190db7fbe523d5a4a39cd946be1a6e1f26f4,1,,0.108656,0.0072,gauss2,BP02_12MP_NL_JPEG.mat,1,1959.5
D02_iPhone_7_Plus_27017048598.jpg,1512x2016,99e303166f8c8a1c22a535a732595ffe9a9dbc87291a1c2cc2cb61e94405cc9c,1,,0.093667,0.0072,gauss2,BP02_12MP_NL_JPEG.mat,1,1909.7
D02_iPhone_7_Plus_27017048618.jpg,1512x2016,bca2c607c724c23b8965312d1f3a72fd0743c4fdbef46755d5d01996f2af7fa6,1,,0.101586,0.0072,gauss2,BP02_12MP_NL_JPEG.mat,1,1930.6
D02_iPhone_7_Plus_27017104048.jpg,2016x1512,057e79158c7c23e9e5bc29cd3cfde8148900acea906fddd6b7f6d2b8cd562d5e,1,,0.093406,0.0072,gauss2,BP02_12MP_NL_JPEG.mat,0,1753.6
D02_iPhone_7_Plus_27435596638.jpg,2016x1512,dc2f0832b0e15c6c1187c9f42e864f6bc2e5c7bf7e6dc191dd7bce54e043f59f,1,,0.128635,0.0072,gauss2,BP02_12MP_NL_JPEG.mat,0,1690.5
D02_iPhone_7_Plus_27435597078.jpg,2016x1512,e72d639f2cfae8b3f8fbfc66ad281138bf4f0dc8cc8fab51347bf7fb20e8dc5a,1,,0.136712,0.0072,gauss2,BP02_12MP_NL_JPEG.mat,0,1649.2
D02_iPhone_7_Plus_27435597088.jpg,2016x1512,78b8f7f1a41df3fbc71c2eb0b1daabc3d2b1f7fd73e907b96d3460e0672f454c,1,,0.136981,0.0072,gauss2,BP02_12MP_NL_JPEG.mat,0,1965.8
D02_iPhone_7_Plus_33080745734.jpg,1512x2016,93c4bbc3ea84f1db41fbc946bc05bcc8656393464c8a48c4c4f923e112cc800b,1,,0.259964,0.0072,gauss2,BP01_12MP_NL_JPEG.mat,3,1936.1
D02_iPhone_7_Plus_33096526094.jpg,1512x2016,346b7223d835cbf7feb558c24e2e2bbc4a12bc80dea772f5def8a7cf894918d7,1,,0.056113,0.0072,gauss2,BP01_12MP_NL_JPEG.mat,3,1862.5
D02_iPhone_7_Plus_33096539084.jpg,2016x1512,95dc897aa5bb74ca25315be6c42e77c1057ed1d4b15881c3a2b6ebbf10b1ff60,1,,0.3892,0.0072,gauss2,BP01_12MP_NL_JPEG.mat,2,1914.1
D02_iPhone_7_Plus_33096966234.jpg,2016x1512,2986979d47a5b4a395a2fcdc501b1c1bdd35982828f3b75ca5346dc8df116130,1,,0.058894,0.0072,gauss2,BP01_12MP_NL_JPEG.mat,2,1894.7
D02_iPhone_7_Plus_33097972904.jpg,2016x1512,1a172fab73d36594fd7e8b263e0b76c1fb6e3fd40f9ef455bfa0e4a989d29534,1,,0.085075,0.0072,gauss2,BP01_12MP_NL_JPEG.mat,2,1779.5
D02_iPhone_7_Plus_33098060534.jpg,2016x1512,ef0fb9c1d13e92a96f21d5f43f9eecedbe8805f7652849cf97a6edfc2d7ca3da,1,,0.032711,0.0072,gauss2,BP01_12MP_NL_JPEG.mat,2,1867.4
D02_iPhone_7_Plus_33100993144.jpg,1512x2016,e6663465762ab2b5e65a5c9e23be61c3832684a64096b95e69c08a883122f0b4,1,,0.41298,0.0072,gauss2,BP01_12MP_NL_JPEG.mat,3,1779.6
D02_iPhone_7_Plus_33111501063.jpg,1512x2016,c09cafe18b9f81dd4e13ab1219e857285caea1ce95ef11b966bd6743556fb285,1,,0.378639,0.0072,gauss2,BP01_12MP_NL_JPEG.mat,3,1619.8
D02_iPhone_7_Plus_33111503513.jpg,1512x2016,21928113216cc097f62c32dd5a3488ac683fde2ef07b150298356edd1e054dd9,1,,0.406943,0.0072,gauss2,BP01_12MP_NL_JPEG.mat,3,1923.0
D02_iPhone_7_Plus_33111507843.jpg,1512x2016,190f9cf6ecf22f05491094c3a7c249d7847aea1932ddd06a2a73db2ab2fdda02,1,,0.039506,0.0072,gauss2,BP01_12MP_NL_JPEG.mat,3,1938.6
D02_iPhone_7_Plus_33111515463.jpg,1512x2016,eeb83eb6ec2e8d3f8ee32073788cb7cf6045a2f02700d7b46ed6dff71e9112b5,1,,0.220419,0.0072,gauss2,BP01_12MP_NL_JPEG.mat,3,1884.3
D02_iPhone_7_Plus_33111518303.jpg,1512x2016,64e283522bef9645bf743e579986ffb096d21e1826c814635a949de7e0a899e5,1,,0.054367,0.0072,gauss2,BP01_12MP_NL_JPEG.mat,3,1911.7
D02_iPhone_7_Plus_33111528503.jpg,1512x2016,bce53988b264ab2d945ae0054fd2dfedbb2148cf2e38fa0299fc72c55f8aa1ad,1,,0.149248,0.0072,gauss2,BP01_12MP_NL_JPEG.mat,3,1793.4
D02_iPhone_7_Plus_33111530793.jpg,1512x2016,a3012f111646e80a90b94a9e31905d3299f9cc827de909a213ceab387dd4d6ac,1,,0.134461,0.0072,gauss2,BP01_12MP_NL_JPEG.mat,3,1714.3
D02_iPhone_7_Plus_33122781944.jpg,1512x2016,3e0eba27f6574df973489779f3387f92482683de328c5c510daa4cc37ca1547c,1,,0.100186,0.0072,gauss2,BP01_12MP_NL_JPEG.mat,3,1719.5
D02_iPhone_7_Plus_33126870063.jpg,2016x1512,bb7f614b2985e2b0aa6b7e97bc3e06ca3ae0a66f80570a4d5032a6b0f3429222,1,,0.3814,0.0072,gauss2,BP01_12MP_NL_JPEG.mat,2,1635.2
D02_iPhone_7_Plus_33126881123.jpg,2016x1512,265dae18fc80298c79329f151fb77cc70d525dd7cea8049ee8e525dd30572670,1,,0.372299,0.0072,gauss2,BP01_12MP_NL_JPEG.mat,2,1951.3
D02_iPhone_7_Plus_33127192133.jpg,1512x2016,32332ee561b6b3bf7574bef01e5319dc2df175527b4a14ead16e827f836fff20,1,,0.119079,0.0072,gauss2,BP01_12MP_NL_JPEG.mat,3,1857.8
D02_iPhone_7_Plus_33128519203.jpg,2016x1512,28f4bb10cd179d197b52585d59cc9225dc1a1026dc182866903be867427102f9,1,,0.049734,0.0072,gauss2,BP01_12MP_NL_JPEG.mat,2,1949.5
D02_iPhone_7_Plus_33128522103.jpg,2016x1512,1645a03b5c43b6be244823b605207c2b26e9ae60a5fd2a7c207db9febb021b7d,1,,0.023988,0.0072,gauss2,BP01_12MP_NL_JPEG.mat,2,1884.0
D02_iPhone_7_Plus_33128522653.jpg,2016x1512,334e68bb6795ee034653e6acec87e0baeae73dc255e67bf625a6be12a90f801d,1,,0.078986,0.0072,gauss2,BP01_12MP_NL_JPEG.mat,2,1849.3
D02_iPhone_7_Plus_33128522663.jpg,2016x1512,cb2f1ebc07e5c173e69f51c89414eba9ecc761e16fb7fd69e8cbb5f76781a440,1,,0.082413,0.0072,gauss2,BP01_12MP_NL_JPEG.mat,2,1748.3
D02_iPhone_7_Plus_33131332473.jpg,1512x2016,45d2742a0101dba8641ae0195c0abff223ba0248e9689ae23edb3773fe49e067,1,,0.092947,0.0072,gauss2,BP01_12MP_NL_JPEG.mat,3,1649.4
D02_iPhone_7_Plus_33143261453.jpg,1512x2016,93161d6939f1c10a9bdd69b81e1f1a92ce3353bf5e7ab509c31ca691e7e7c5f8,1,,0.135747,0.0072,gauss2,BP01_12MP_NL_JPEG.mat,3,1628.4
D02_iPhone_7_Plus_33143262283.jpg,1512x2016,2e0d51e719c86b965864d2600364d725cd5fe9f8860eeac330ba86291b55cac9,1,,0.039604,0.0072,gauss2,BP01_12MP_NL_JPEG.mat,3,1939.1
D02_iPhone_7_Plus_33143295523.jpg,1512x2016,46be0b755f82fae0c9c902d811e693c703e9f1b4e460274cb578c508fe400f4f,1,,0.132623,0.0072,gauss2,BP01_12MP_NL_JPEG.mat,3,1911.7
D02_iPhone_7_Plus_33143297223.jpg,1512x2016,0b81f851e57220957029405285a00016b5ad4282a48f893d4a81d3e404214f6e,1,,0.18734,0.0072,gauss2,BP01_12MP_NL_JPEG.mat,3,1843.0
D02_iPhone_7_Plus_33143297383.jpg,1512x2016,4bf6bddddeb457405f9a652e1089ca71cf04e93dd46e0722459a2367bfd16653,1,,0.214601,0.0072,gauss2,BP01_12MP_NL_JPEG.mat,3,1740.2
D02_iPhone_7_Plus_33158072044.jpg,1512x2016,088d86a9658376671673e57fc2ea9d412790f6335d23fa2e1fe50ae93535e284,1,,0.059011,0.0072,gauss2,BP01_12MP_NL_JPEG.mat,3,1753.8
D02_iPhone_7_Plus_33158073804.jpg,1512x2016,585c122d773896c99b00d8f4c9f5a71c8deeea20a55f9e5aa8fcf50d023ea38d,1,,0.076223,0.0072,gauss2,BP01_12MP_NL_JPEG.mat,3,1762.4
D02_iPhone_7_Plus_33158073874.jpg,1512x2016,dec1c5776147504f6c30045a2507c4595675db6c9dba8e27195cd48391cbd1fe,1,,0.044206,0.0072,gauss2,BP01_12MP_NL_JPEG.mat,3,1824.0
D02_iPhone_7_Plus_33158074104.jpg,1512x2016,5b58434a249181b50ce11c554547e2cda4eab1e1c231438658367d936f775b9b,1,,0.048186,0.0072,gauss2,BP01_12MP_NL_JPEG.mat,3,1865.4
D02_iPhone_7_Plus_33182726123.jpg,1512x2016,7afc082307553fda1732cc9af8af1be12efecc1c25a15662a34572abed0d71d2,1,,0.141285,0.0072,gauss2,BP01_12MP_NL_JPEG.mat,3,2111.2
D02_iPhone_7_Plus_33182727063.jpg,1512x2016,434847c906e38a68d09317fe4134c765e5ea15b096c0805f323481b9cc17ccd1,1,,0.008386,0.0072,gauss2,BP01_12MP_NL_JPEG.mat,3,2037.1
D02_iPhone_7_Plus_33188621223.jpg,1512x2016,98a05b57b030db328b3f4ed621674f26e06b9a8a6263cdd5603cf7260ca1334e,1,,0.062111,0.0072,gauss2,BP01_12MP_NL_JPEG.mat,3,2317.6
D02_iPhone_7_Plus_33188647623.jpg,1512x2016,e2cd019fb6ae08a9639a2eb5f4d68b86117ae53fa296260bee8025ea3bbb7189,1,,0.063561,0.0072,gauss2,BP01_12MP_NL_JPEG.mat,3,2176.0
D02_iPhone_7_Plus_33240929814.jpg,1512x2016,4000ca04349660157d808a1b44ab872bc1090ea31d8e7075eead39c25d88904e,1,,0.216408,0.0072,gauss2,BP01_12MP_NL_JPEG.mat,3,2148.1
D02_iPhone_7_Plus_33241240074.jpg,1512x2016,e933878ebbac6c8252c2c11681d9dc9beb0ce86143a6da8a110d58aa5bf9b503,1,,0.090395,0.0072,gauss2,BP01_12MP_NL_JPEG.mat,3,2059.8
D02_iPhone_7_Plus_33273734423.jpg,1512x2016,256cb4c2124189adcf0ca5a1b5d04de39c4173125b75eb2601891b626c56e8e7,1,,0.104443,0.0072,gauss2,BP01_12MP_NL_JPEG.mat,3,2122.6
D02_iPhone_7_Plus_33273742023.jpg,1512x2016,43a66000a13505373870b97d3c12cff342bc21b1c31596ee5c6051c11405c639,1,,0.158844,0.0072,gauss2,BP01_12MP_NL_JPEG.mat,3,2299.4
D02_iPhone_7_Plus_33274714013.jpg,1512x2016,f5bea2f8225050c4dcf26ff566c3c7ef5f8ab63c6a378a17e0234ea797369024,1,,0.046589,0.0072,gauss2,BP01_12MP_NL_JPEG.mat,3,2170.3
D02_iPhone_7_Plus_33554760210.jpg,1512x2016,e242830466b249dd5afd530f317f80098c277d78b4ea00d815b48308dd679cb3,1,,0.402732,0.0072,gauss2,BP01_12MP_NL_JPEG.mat,3,2067.7
D02_iPhone_7_Plus_33555253410.jpg,2016x1512,95ac44000d304501149d970c92fa297b1e036a1f02b246d7f1222f3023d3e9aa,1,,0.066898,0.0072,gauss2,BP01_12MP_NL_JPEG.mat,2,2061.0
D02_iPhone_7_Plus_33556128590.jpg,2016x1512,eac260f365106a0960e93c7e17a3aeb14a76789437627df0036f46deeecbf11f,1,,0.100702,0.0072,gauss2,BP01_12MP_NL_JPEG.mat,2,2030.5
D02_iPhone_7_Plus_33559244670.jpg,1512x2016,202e8754695b0840eb1f3eb5ca44592b511f2f34bdd3ccb788ad1dda861e41bc,1,,0.404255,0.0072,gauss2,BP01_12MP_NL_JPEG.mat,3,2055.8
D02_iPhone_7_Plus_33610151270.jpg,1512x2016,4142fb934826514ed35d004cc9938441e922132e424c2e0a006f389ccc6ccd31,1,,0.116175,0.0072,gauss2,BP01_12MP_NL_JPEG.mat,3,1897.7
D02_iPhone_7_Plus_33610151760.jpg,1512x2016,3bdc467edc89ca29ec09ce44e032a77b2fb33d85d5461b538d86ce087a989097,1,,0.028707,0.0072,gauss2,BP01_12MP_NL_JPEG.mat,3,1953.9
D02_iPhone_7_Plus_33614787534.jpg,1512x2016,d2cf1bd781a28665f98c283a0b4304909e7113acbe97586436a78bdc767f9608,1,,0.260447,0.0072,gauss2,BP01_12MP_NL_JPEG.mat,3,2008.6
D02_iPhone_7_Plus_33616024780.jpg,1512x2016,5e45235e1af9e9f7fedc47c1da87bce25921677251c8664b05a643e6e01b7662,1,,0.055776,0.0072,gauss2,BP01_12MP_NL_JPEG.mat,3,1862.9
D02_iPhone_7_Plus_33616042260.jpg,1512x2016,cbdff8f03fc19d12612e02ea2fee05cc6783e23f59b6bd7f15d1ac8a37847f9b,1,,0.055159,0.0072,gauss2,BP01_12MP_NL_JPEG.mat,3,1912.7
D02_iPhone_7_Plus_33616060730.jpg,1512x2016,9f5143a5ce846998d0e2d7b0112b74358d3044c5fbf731849bf6140474aed3d8,1,,0.09894,0.0072,gauss2,BP01_12MP_NL_JPEG.mat,3,1721.4
D02_iPhone_7_Plus_33616504340.jpg,1512x2016,c1845aa1d4a9ec0a9e35807c4c99db0034f06f9c5affbc638a8ad2ff352067f3,1,,0.085836,0.0072,gauss2,BP01_12MP_NL_JPEG.mat,3,1634.4
D02_iPhone_7_Plus_33695849760.jpg,1512x2016,016d24ff331465391fb602cd24ac6ee2ab5e4399c613f11009a1d9132d02e6c9,1,,0.178125,0.0072,gauss2,BP01_12MP_NL_JPEG.mat,3,1935.5
D02_iPhone_7_Plus_33700834120.jpg,2016x1512,7d86b606990f034098de5367ee1c16b5588f6eb3c185036aa622f4adc808a15e,1,,0.04768,0.0072,gauss2,BP01_12MP_NL_JPEG.mat,2,1945.1
D02_iPhone_7_Plus_33767232162.jpg,1512x2016,6abf389e643cc0d76bc8eab621daee85beb4a821c0ab4420d705bf34dcd8195d,1,,0.15782,0.0072,gauss2,BP01_12MP_NL_JPEG.mat,3,2087.0
D02_iPhone_7_Plus_33782818362.jpg,1512x2016,1755987fac3f4ffa0b2247a64c436d94d3ab5ce2f07c257d01422be8eebefa73,1,,0.302707,0.0072,gauss2,BP01_12MP_NL_JPEG.mat,3,1927.7
D02_iPhone_7_Plus_33783924302.jpg,2016x1512,9ff5f5ccebd3278a43a722892e8cc4d841d3ff15da42160d71d282d31e67b047,1,,0.155564,0.0072,gauss2,BP01_12MP_NL_JPEG.mat,2,2008.1
D02_iPhone_7_Plus_33786951022.jpg,1512x2016,e861a90b85da6430f16a68ed73bbe54fa4b2523fa786009304de85e7ff4a8bff,1,,0.160586,0.0072,gauss2,BP01_12MP_NL_JPEG.mat,3,2001.0
D02_iPhone_7_Plus_33786953572.jpg,1512x2016,a0ad14927aaf79e7466a4d600d2cb331474675d109f67cbed478f5fc890e7ad3,1,,0.069812,0.0072,gauss2,BP01_12MP_NL_JPEG.mat,3,2178.9
D02_iPhone_7_Plus_33794557961.jpg,1512x2016,9bec7a3e14cc0eae9626e60452723baa5da31a11fa7ee7284a15feb73396208c,1,,0.284198,0.0072,gauss2,BP01_12MP_NL_JPEG.mat,3,1923.7
D02_iPhone_7_Plus_33794569261.jpg,1512x2016,b6e115ac3faa02f8fad50efdbccc1df361b29c91b49474817897c290c5adfb8a,1,,0.041155,0.0072,gauss2,BP01_12MP_NL_JPEG.mat,3,1876.2
D02_iPhone_7_Plus_33794570971.jpg,1512x2016,0fc3ed08e4d9092672320f385da1419005026bb46e596a777283083fee9f9d25,1,,0.051294,0.0072,gauss2,BP01_12MP_NL_JPEG.mat,3,1756.9
D02_iPhone_7_Plus_33794572501.jpg,1512x2016,a41b28eb91ee439fc1dc59764af70f4d7dff7cf63ca93c5b7faf8d404454038f,1,,0.101061,0.0072,gauss2,BP01_12MP_NL_JPEG.mat,3,1854.9
D02_iPhone_7_Plus_33794574481.jpg,1512x2016,de91cfcbcb527b6fbb04d0efdf6beb1a2cb0294c9803aa3071099b277c132069,1,,0.173808,0.0072,gauss2,BP01_12MP_NL_JPEG.mat,3,1806.4
D02_iPhone_7_Plus_33798980302.jpg,1512x2016,de069b9b89ef1dabd5d752a6349bee632c23809a13b140b76518a04da5eeefb9,1,,0.029103,0.0072,gauss2,BP01_12MP_NL_JPEG.mat,3,1748.7
D02_iPhone_7_Plus_33798980472.jpg,1512x2016,ad1bec531c8c86c872a8e6d3312eb0a42c2bde2db9f920141d5067fe2bce0800,1,,0.093317,0.0072,gauss2,BP01_12MP_NL_JPEG.mat,3,1992.9
D02_iPhone_7_Plus_33798982122.jpg,1512x2016,dad7c153b845024977b24f29fc59a84607aa431833a380374b710c54df84905a,1,,0.120136,0.0072,gauss2,BP01_12MP_NL_JPEG.mat,3,2102.5
D02_iPhone_7_Plus_33798983422.jpg,1512x2016,6d5520417a74e1bf4c937b78594f89a485dd487b539f497fd49758afb21fd4ad,1,,0.150493,0.0072,gauss2,BP01_12MP_NL_JPEG.mat,3,1944.6
D02_iPhone_7_Plus_33808680722.jpg,1512x2016,4d694e5657f9922b77c4ced83da828525d63de02e60c970b2e1d607c68c5eec8,1,,0.056249,0.0072,gauss2,BP01_12MP_NL_JPEG.mat,3,2071.8
D02_iPhone_7_Plus_33810026361.jpg,1512x2016,38bc33373b1b1800cce9898aadd4c90a547394b3f3353de5e3552c777c950f27,1,,0.278556,0.0072,gauss2,BP01_12MP_NL_JPEG.mat,3,2049.8
D02_iPhone_7_Plus_33811320681.jpg,2016x1512,bef7149735b4ef360a6fcc9dd474e28a1cb780a6a08fd34a5e44c31bfb352bbf,1,,0.052818,0.0072,gauss2,BP01_12MP_NL_JPEG.mat,2,1950.2
D02_iPhone_7_Plus_33814401431.jpg,1512x2016,7d0a8dfcea72435388aff4c54faaea5d7f0320c9603ff454a79fbcbd6758bfd1,1,,0.135626,0.0072,gauss2,BP01_12MP_NL_JPEG.mat,3,2002.1
D02_iPhone_7_Plus_33814402241.jpg,1512x2016,5c27ccd631397a466238711ee967948dff31b2e8f60f805bca39700bedafac5a,1,,0.435683,0.0072,gauss2,BP01_12MP_NL_JPEG.mat,3,1929.5
D02_iPhone_7_Plus_33826678001.jpg,1512x2016,4b4bf6c651a40610ae04f47506540e63ecd596449ca424c71accfe895fb6267f,1,,0.026382,0.0072,gauss2,BP01_12MP_NL_JPEG.mat,3,1907.3
D02_iPhone_7_Plus_33836216971.jpg,1512x2016,60c143f6e2bd6086479f81b890b190d9f03f52ed5b77b83b8e7327102bb5862c,1,,0.074584,0.0072,gauss2,BP01_12MP_NL_JPEG.mat,3,1884.4
D02_iPhone_7_Plus_33843985312.jpg,1512x2016,e4a11e38eb2a30c4e9ab1e1ff658d17d42db437531a64148787288692d72a217,1,,0.017267,0.0072,gauss2,BP01_12MP_NL_JPEG.mat,3,1821.7
D02_iPhone_7_Plus_33844005012.jpg,1512x2016,20b27aac0e41ad80367b7dc2010f34420d7eee255f637a4e64e2ec998f6a2120,1,,0.069298,0.0072,gauss2,BP01_12MP_NL_JPEG.mat,3,1658.8
D02_iPhone_7_Plus_33871837181.jpg,1512x2016,f4ce06f86dc977ccdc495ba8fc16d6ddc138bbde4387941b138b72ca3dc72ed5,1,,0.039637,0.0072,gauss2,BP01_12MP_NL_JPEG.mat,3,1811.8
D02_iPhone_7_Plus_33882932036.jpg,1512x2016,da5083ba72d532368598a56ed963db06355d995f341668606d7db2f5dc403fc3,1,,0.124929,0.0072,gauss2,BP01_12MP_NL_JPEG.mat,3,2004.0
D02_iPhone_7_Plus_33898966896.jpg,2016x1512,bf3370920eac6cb66a1e4c66d52b3b7c611bca4a3ec771d7713add91ba013462,1,,0.135319,0.0072,gauss2,BP01_12MP_NL_JPEG.mat,2,1917.5
D02_iPhone_7_Plus_33899906564.jpg,1512x2016,3c66e7d351cdca1ae91a260e24dfe1c64c628efbcef6a9e34b343359ca5f6252,1,,0.037694,0.0072,gauss2,BP01_12MP_NL_JPEG.mat,3,1984.7
D02_iPhone_7_Plus_33900060544.jpg,1512x2016,fd3ea06efc9abf570f6a28a3125bd5e97474d0b012e664917e1eabfd8c9b957e,1,,0.026591,0.0072,gauss2,BP01_12MP_NL_JPEG.mat,3,1909.6
D02_iPhone_7_Plus_33900576116.jpg,2016x1512,4bb85b4646f083b71378ccc2bb48a421a2713f7a919a89c9eabdac6f56bb8ad7,1,,0.079151,0.0072,gauss2,BP01_12MP_NL_JPEG.mat,2,1870.2
D02_iPhone_7_Plus_33900576606.jpg,2016x1512,17e5eeb5ecd9afacdbac0b28223ff2e6bb81c119d4a380594701cc5336353695,1,,0.106428,0.0072,gauss2,BP01_12MP_NL_JPEG.mat,2,1822.5
D02_iPhone_7_Plus_33915743666.jpg,1512x2016,f65a29753b5a932336946bc6e20c2b8bbe38a0305ffbbbf9c78f14dac6703579,1,,0.148478,0.0072,gauss2,BP01_12MP_NL_JPEG.mat,3,1845.1
D02_iPhone_7_Plus_33915744436.jpg,1512x2016,65cb2ce11cf0631ba32a5e331b769b6ab1936f15f51a15fd2f306016b350a8c8,1,,0.045656,0.0072,gauss2,BP01_12MP_NL_JPEG.mat,3,1932.3
D02_iPhone_7_Plus_33923344202.jpg,1512x2016,773293b216f62914f0172e5024ae6a80f49af817425ea39f79ff6a4aec6e724b,1,,0.064943,0.0072,gauss2,BP01_12MP_NL_JPEG.mat,3,1931.5
D02_iPhone_7_Plus_33923381012.jpg,1512x2016,8391d4d1e57d394617cc147ab95a82b61c27c629895355e1210f1c1353772dcc,1,,0.152957,0.0072,gauss2,BP01_12MP_NL_JPEG.mat,3,2003.0
D02_iPhone_7_Plus_33926606542.jpg,1512x2016,df1cec5d1436b193a29567527b6417c499d009b457b8d55f3bbe84f33cf50602,1,,0.111129,0.0072,gauss2,BP01_12MP_NL_JPEG.mat,3,1966.6
D02_iPhone_7_Plus_33933501913.jpg,1512x2016,bc433a3e605f54adbfd1380900274479f4a2221d31e828d640bc420cef67176e,1,,0.033422,0.0072,gauss2,BP01_12MP_NL_JPEG.mat,3,1992.5
D02_iPhone_7_Plus_33934008823.jpg,1512x2016,7328532e281a0d9b7d93d21cb3be94d97aaa8034742d1170b0855e4c4422ea85,1,,0.013611,0.0072,gauss2,BP01_12MP_NL_JPEG.mat,3,2124.9
D02_iPhone_7_Plus_33953121431.jpg,1512x2016,39dbdf39cab7578f1ef663f9dad05f6f691c2bfadff4d6ad2e9b7a263f41bf42,1,,0.173627,0.0072,gauss2,BP01_12MP_NL_JPEG.mat,3,2026.6
D02_iPhone_7_Plus_33953918506.jpg,1512x2016,f1d0e3ca3f32f5c75e8b51a308bc85ad0435c8cede202757196c21abc38c9f15,1,,0.012119,0.0072,gauss2,BP01_12MP_NL_JPEG.mat,3,2015.0
D02_iPhone_7_Plus_33955030041.jpg,1512x2016,23e131c6e67208715ac087e41edbaf35d57a6d2adb51dd3c8fa5f839ae0cbb0d,1,,0.07261,0.0072,gauss2,BP01_12MP_NL_JPEG.mat,3,2062.1
D02_iPhone_7_Plus_33955064531.jpg,1512x2016,cad71591ee0084b4892629d6b15423f42a83e5545ed031358b30d9717558ba84,1,,0.118999,0.0072,gauss2,BP01_12MP_NL_JPEG.mat,3,2003.7
D02_iPhone_7_Plus_33956561315.jpg,1512x2016,d11d977513f452732d73c72997d1c3480de6a2b00c52e03c17cdc9dbdf9a70e5,1,,0.098003,0.0072,gauss2,BP01_12MP_NL_JPEG.mat,3,1960.5
D02_iPhone_7_Plus_33959346094.jpg,1512x2016,95b65b62472fcdccfa738fa4f03577ba30519507ef4225b1a151e75c3d26f3e9,1,,0.069474,0.0072,gauss2,BP01_12MP_NL_JPEG.mat,3,1867.2
D02_iPhone_7_Plus_33959988656.jpg,1512x2016,81b7470b3af100b8733ebb4416e4cd78ccb44d97a8792115ddeb32fefbb3259c,1,,0.029515,0.0072,gauss2,BP01_12MP_NL_JPEG.mat,3,1722.4
D02_iPhone_7_Plus_33959989056.jpg,1512x2016,7eaef40d15135ddaaed96f472b4de6796736adf997bae6b3ff9b755b2522f1fe,1,,0.066944,0.0072,gauss2,BP01_12MP_NL_JPEG.mat,3,1851.5
D02_iPhone_7_Plus_34001560455.jpg,1512x2016,ca890b9d09a1f25e7d51b5cc67c607b1b3f4aadba47f7cb0c507fdf068d0dac1,1,,0.048947,0.0072,gauss2,BP01_12MP_NL_JPEG.mat,3,1777.7
D02_iPhone_7_Plus_34001563195.jpg,1512x2016,759b2b0ca85b2096862b0e0ffde5977354a4132471f4c1fcbad465c66bfc5e4c,1,,0.045396,0.0072,gauss2,BP01_12MP_NL_JPEG.mat,3,1784.8
D02_iPhone_7_Plus_34001598375.jpg,1512x2016,36ed01fbbfa8d0a2a195caa8956e127597ca993ca6292a5cdc595909201a6ab4,1,,0.025859,0.0072,gauss2,BP01_12MP_NL_JPEG.mat,3,1951.5
D02_iPhone_7_Plus_34039952036.jpg,1512x2016,a42a29642b0064f14c665a1b20553fded27a8947e8b961aa2248632dfe6bb6d3,1,,0.094812,0.0072,gauss2,BP01_12MP_NL_JPEG.mat,3,2024.1
D02_iPhone_7_Plus_34043076666.jpg,1512x2016,136d58b1bb85c642178e1f819e48816fb4bb17f5410f8ddf8217a6933905cb6a,1,,0.138161,0.0072,gauss2,BP01_12MP_NL_JPEG.mat,3,1977.3
D02_iPhone_7_Plus_34044760226.jpg,1512x2016,cfe151e02a1f3790c538fc3022a840fe591e0aff07972d70568f9b35eed939e3,1,,0.105469,0.0072,gauss2,BP01_12MP_NL_JPEG.mat,3,1972.0
D02_iPhone_7_Plus_34051086574.jpg,1512x2016,ccb949774ea3138e159609bbf81178500995db58b30fafdeaed04e9592fa46c7,1,,0.078855,0.0072,gauss2,BP01_12MP_NL_JPEG.mat,3,2029.8
D02_iPhone_7_Plus_34079983615.jpg,1512x2016,8532ab858fa9a7b7ab9cb854bda63c30202ca441cf1b39fa1213b932d31d6bed,1,,0.06217,0.0072,gauss2,BP01_12MP_NL_JPEG.mat,3,2011.0
D02_iPhone_7_Plus_34083228023.jpg,1512x2016,0047a0c4b543d4335f8b3eb30a7fd2d2b73985fad14675ed8d72cc07d856c89e,1,,0.077398,0.0072,gauss2,BP01_12MP_NL_JPEG.mat,3,1990.2
D02_iPhone_7_Plus_34083230273.jpg,1512x2016,ce1cdbf74d12f6d5d2e1249cca414a6ea66f665ce6b83c2deea132cc472d5109,1,,0.08824,0.0072,gauss2,BP01_12MP_NL_JPEG.mat,3,1865.0
D02_iPhone_7_Plus_34083231413.jpg,1512x2016,421abc58e77766c0f2088888e2059065f00ceff8abaedf7f10458bffb35fa8fc,1,,0.118789,0.0072,gauss2,BP01_12MP_NL_JPEG.mat,3,1968.3
D02_iPhone_7_Plus_34083234863.jpg,1512x2016,97d4f53edc6cd658b8ae7fc164c9098493179b975a3132e3652c5b0758080077,1,,0.067419,0.0072,gauss2,BP01_12MP_NL_JPEG.mat,3,1817.9
D02_iPhone_7_Plus_34083346935.jpg,1512x2016,85f99bd63ec3e479e9d7e9e797431ee01d325e44f26119964d0cd15cb43be8a9,1,,0.174131,0.0072,gauss2,BP01_12MP_NL_JPEG.mat,3,1801.1
D02_iPhone_7_Plus_34297390802.jpg,1512x2016,32e70cd30214d39cd28310a02be3107d48bfd89638a046ac1569e042b93e975f,1,,0.262342,0.0072,gauss2,BP01_12MP_NL_JPEG.mat,3,1770.2
D02_iPhone_7_Plus_34326494891.jpg,1512x2016,0fcedf3d1839e0545150e0a982199bb02c273c20217fc6e76ed3774acdb4249e,1,,0.100245,0.0072,gauss2,BP01_12MP_NL_JPEG.mat,3,1832.6
D02_iPhone_7_Plus_34357706450.jpg,1512x2016,3d446ca094a6cd76ca04ff4683089a02cc5ebac19f1f4dc9a553344685491b02,1,,0.040698,0.0072,gauss2,BP01_12MP_NL_JPEG.mat,3,1947.5
D02_iPhone_7_Plus_34422415620.jpg,1512x2016,0da352a61074b836f016ade99c2924e295f993b0301dab395ec1791295e1b4c0,1,,0.018637,0.0072,gauss2,BP01_12MP_NL_JPEG.mat,3,1979.9
D02_iPhone_7_Plus_34456935365.jpg,1512x2016,5b49e5814e3a81bd231369f5c1b6c619e903a63a1aec21bb13f4dc0a57604855,1,,0.125935,0.0072,gauss2,BP01_12MP_NL_JPEG.mat,3,1984.1
D02_iPhone_7_Plus_34507224290.jpg,1512x2016,250d2310078040cd2d2a9131df605b05f782835e1d553010f8730b50259a33b9,1,,0.110172,0.0072,gauss2,BP01_12MP_NL_JPEG.mat,3,1927.3
D02_iPhone_7_Plus_34580161062.jpg,1512x2016,fa80a98f91cfb4b12c5ba5f5bd6c7596b7f385db3fd7e8e40c9ce2d1d5bea554,1,,0.044585,0.0072,gauss2,BP01_12MP_NL_JPEG.mat,3,1923.9
D02_iPhone_7_Plus_34580225962.jpg,1512x2016,64431b004a3c85ef354bce679bbce27534c3c7e8bf67ee6fa1752219c8302a72,1,,0.068317,0.0072,gauss2,BP01_12MP_NL_JPEG.mat,3,1822.0
D02_iPhone_7_Plus_34702071466.jpg,1512x2016,c6e84ca5026017efd770f7f5f072cd9c92768f81880b06df05a89f3ffd226807,1,,0.062959,0.0072,gauss2,BP01_12MP_NL_JPEG.mat,3,1790.1
D02_iPhone_7_Plus_34702209856.jpg,1512x2016,9d32e50bf6ab4b072326278862a9e153ddfee9902da694479b076304a888aed0,1,,0.056173,0.0072,gauss2,BP01_12MP_NL_JPEG.mat,3,1865.4
D02_iPhone_7_Plus_34730582242.jpg,1512x2016,030bb46ed99249a36b7b6ab595aa01cab926d48e5ec239aaba62925dc1f20a37,1,,0.032966,0.0072,gauss2,BP01_12MP_NL_JPEG.mat,3,1736.9
D02_iPhone_7_Plus_34730590822.jpg,1512x2016,4453b052befaa2df21a69f619b0d79203bcd4f654959dcc1264b07d331a51842,1,,0.055724,0.0072,gauss2,BP01_12MP_NL_JPEG.mat,3,1922.9
D02_iPhone_7_Plus_34730593782.jpg,1512x2016,e2e9ccc9a3d4d859dfd4b2efe12ce4d882b3c8185a661846dc1030bfddb706c0,1,,0.13034,0.0072,gauss2,BP01_12MP_NL_JPEG.mat,3,1827.4
D02_iPhone_7_Plus_34893886585.jpg,1512x2016,52a0da5358e951cebc1d1e1c0c96a1384c431cbcd1bc26044e9daac9a1c33b85,1,,0.092417,0.0072,gauss2,BP01_12MP_NL_JPEG.mat,3,2024.8
D02_iPhone_7_Plus_34893895485.jpg,1512x2016,fb40d956e16236954973195efaa62e4c4562e087bb5c13c4d70f006abcb57d6d,1,,0.097603,0.0072,gauss2,BP01_12MP_NL_JPEG.mat,3,1928.5
D02_iPhone_7_Plus_34986515104.jpg,1512x2016,af28b54d2a1e3c83ec4384d7542add43eb8cb4a7ae566f45a812be052acbb709,1,,0.061306,0.0072,gauss2,BP01_12MP_NL_JPEG.mat,3,1990.0
D02_iPhone_7_Plus_34986515374.jpg,1512x2016,6b7b398ad7a3a1b387433d59e81772ad37814b8fe275712ef23d060e0d594c03,1,,0.024062,0.0072,gauss2,BP01_12MP_NL_JPEG.mat,3,1937.8
D02_iPhone_7_Plus_35280267714.jpg,1512x2016,beb5ca0ab01c4537b7dfa44230aa0cc435a0cb872f82d15d101d76b81fb21f91,1,,0.123052,0.0072,gauss2,BP01_12MP_NL_JPEG.mat,3,1934.8
D02_iPhone_7_Plus_35280268594.jpg,1512x2016,474a3e57aa0184c2a3ca1d889a8add10eb5d935086f6feb29c14174f9c39e275,1,,0.058047,0.0072,gauss2,BP01_12MP_NL_JPEG.mat,3,1856.7
D02_iPhone_7_Plus_35280269064.jpg,1512x2016,57c6b59c8fdf300ed46b3fe09413c12f6ddb77fad6e7b3cbdfc4414f91af8e90,1,,0.01415,0.0072,gauss2,BP01_12MP_NL_JPEG.mat,3,1857.8
D02_iPhone_7_Plus_35280279014.jpg,1512x2016,7acfa0798510db81be584cf257ef5e118370e1ed3ec64ac19f7ba8504355c26b,1,,0.020345,0.0072,gauss2,BP01_12MP_NL_JPEG.mat,3,1738.3
D02_iPhone_7_Plus_35313104033.jpg,1512x2016,e80c5959781c937d90ca9aadb22a1b0f19124bd3b650d78ea689680195baadec,1,,0.014278,0.0072,gauss2,BP01_12MP_NL_JPEG.mat,3,1719.4
D02_iPhone_7_Plus_35313113253.jpg,1512x2016,02cdb212858eaeadb9f9e8450605b7b6badba6674f964ccbe020e04d7812c1f6,1,,0.049669,0.0072,gauss2,BP01_12MP_NL_JPEG.mat,3,1976.0
D02_iPhone_7_Plus_35657661162.jpg,1512x2016,04ce08ef6cc158d03c8e5ff908d4c6d0391de85a464a3506db0a2fb54df8ee09,1,,0.051038,0.0072,gauss2,BP01_12MP_NL_JPEG.mat,3,1966.7
D02_iPhone_7_Plus_35730043920.jpg,1512x2016,27e3e546f50c274ae3fd42f383efc420178ddebe7351a266315eb9a32d50f0c2,1,,0.037699,0.0072,gauss2,BP01_12MP_NL_JPEG.mat,3,1972.4
D02_iPhone_7_Plus_35878291040.jpg,1512x2016,07bf8094c4e62205dc9f2f5ab09c455eac9220c60d002af5eba2bcdbc5915530,1,,0.004271,0.0072,gauss2,BP02_12MP_NL_JPEG.mat,1,1960.4
D02_iPhone_7_Plus_35951838852.jpg,1512x2016,e96e56e9dfd85bc02f266625a95ce7b815f5eba445ba311d8268d5038333c586,1,,0.060699,0.0072,gauss2,BP01_12MP_NL_JPEG.mat,3,1997.0
D02_iPhone_7_Plus_35988028671.jpg,2016x1512,f3008f8ae1d6ea670cd1cac3907f785057c8bbe0b331f3bef8c12d7e2eb3d1ad,1,,0.046546,0.0072,gauss2,BP01_12MP_NL_JPEG.mat,2,1878.7
D02_iPhone_7_Plus_35988030351.jpg,1512x2016,473bae268ca96f0264e1ddcec53db9d07c99a9358cec8be434a5b0ad43de158d,1,,0.096272,0.0072,gauss2,BP01_12MP_NL_JPEG.mat,3,1916.7
D02_iPhone_7_Plus_36041837814.jpg,1512x2016,9b56a8b294bcf1c22d31b78e562ec9b09d65a7a6f6ce3a6515620c48da088b30,1,,0.0142,0.0072,gauss2,BP01_12MP_NL_JPEG.mat,3,2262.4
D02_iPhone_7_Plus_36041987364.jpg,1512x2016,15026918f6dd12497ac2481216045c12fcc3852000bc7052f0907830b9632a3c,1,,0.023936,0.0072,gauss2,BP01_12MP_NL_JPEG.mat,3,2232.8
D02_iPhone_7_Plus_36041988894.jpg,1512x2016,aa280f18168aaabba502da06bf29224f3d549fc51b4b17039e427d00e25268ae,1,,0.010397,0.0072,gauss2,BP01_12MP_NL_JPEG.mat,3,2045.4
D02_iPhone_7_Plus_36041991754.jpg,1512x2016,3a367ef0cf0c5af046535a0cb4ed2f4bfa3be5934149a635c6700e76e7e82c61,1,,0.004067,0.0072,gauss2,BP01_12MP_NL_JPEG.mat,3,1785.4
D02_iPhone_7_Plus_36041993484.jpg,1512x2016,c061f741f26f6a59e6cf781d38ee56b0552e18fb705e204941b873ab8fa7db7b,1,,0.005894,0.0072,gauss2,BP01_12MP_NL_JPEG.mat,3,1758.8
D02_iPhone_7_Plus_36067743933.jpg,1512x2016,a1ae144eacd9b56a7f16db835cd49b0a902f26fc07a2734ab246eb68c6ae2dd1,1,,0.031364,0.0072,gauss2,BP01_12MP_NL_JPEG.mat,3,1833.2
D02_iPhone_7_Plus_36067745813.jpg,1512x2016,1247bfba7d48ed33dd4fc88c22df4b0ad4e5d8a7ac1669d1665e644a782af3d5,1,,0.05202,0.0072,gauss2,BP01_12MP_NL_JPEG.mat,3,1739.4
D02_iPhone_7_Plus_36067747193.jpg,1512x2016,fb4192f46c11346cca8082111c8eb7accdc5dbb8280024008ab0932049103710,1,,0.115155,0.0072,gauss2,BP01_12MP_NL_JPEG.mat,3,1734.4
D02_iPhone_7_Plus_36067748633.jpg,1512x2016,7553326ca52c483a1b3d616891291b66f81524c2d0076e3731de427c471933ed,1,,0.016493,0.0072,gauss2,BP01_12MP_NL_JPEG.mat,3,2029.8
D02_iPhone_7_Plus_36067750143.jpg,1512x2016,c1e2a77c73e3f0096a65948c860a1e6caa0dd0cee6ba273d6e130f430d08da1a,1,,0.017554,0.0072,gauss2,BP01_12MP_NL_JPEG.mat,3,2138.9
D02_iPhone_7_Plus_36067751583.jpg,1512x2016,2797d28a2d60cebc0b95f55bcbb04ccc0fae79b429a5d2b114b086024e8de01c,1,,0.014545,0.0072,gauss2,BP01_12MP_NL_JPEG.mat,3,2031.9
D02_iPhone_7_Plus_36067753083.jpg,1512x2016,ea2a9f0dc7b2a6509ed21b8730e1748524381552145a640501430aa48955ab29,1,,0.048136,0.0072,gauss2,BP01_12MP_NL_JPEG.mat,3,2052.3
D02_iPhone_7_Plus_36067754513.jpg,1512x2016,5782820c04644a88dd1c54a11ebcbad0bae6149945e386875fefbfee2a7dc101,1,,0.087147,0.0072,gauss2,BP01_12MP_NL_JPEG.mat,3,2023.4
D02_iPhone_7_Plus_36067756993.jpg,1512x2016,b98289ec507f69d7d67fbb8bfb7ce92559be1dd65161b5ca8f31265c3fcda693,1,,0.007668,0.0072,gauss2,BP01_12MP_NL_JPEG.mat,3,2064.5
D02_iPhone_7_Plus_36079776936.jpg,1512x2016,bcaacef51958bbe604cf3ad346ff5a82e34dfb3bd6f061cee2212b97d170a892,1,,0.068948,0.0072,gauss2,BP01_12MP_NL_JPEG.mat,3,1949.6
D02_iPhone_7_Plus_36121239575.jpg,1512x2016,08894efc8cc9bf60d4188dfa2f42e5fdc29c96fa7fe1fc138f28fdec27f1f79d,1,,0.018769,0.0072,gauss2,BP01_12MP_NL_JPEG.mat,3,2060.8
D02_iPhone_7_Plus_36121245975.jpg,1512x2016,eb2291506bbb5f61e9916f966f519980f24e90856efa7883adb3cf97290a1acf,1,,0.107962,0.0072,gauss2,BP01_12MP_NL_JPEG.mat,3,2117.1
D02_iPhone_7_Plus_36121248975.jpg,1512x2016,6beb5286cad490da8d5d2870f9eb0a96bd3299a4ce2dc1146cbf343001ac4196,1,,0.011463,0.0072,gauss2,BP01_12MP_NL_JPEG.mat,3,2064.6
D02_iPhone_7_Plus_36217053644.jpg,1512x2016,c7a9807e70cc292d46789dd96804c9292d8e20d0b50877fa0b93c5cd039b4e07,1,,0.006012,0.0072,gauss2,BP01_12MP_NL_JPEG.mat,3,1894.7
D02_iPhone_7_Plus_36244134193.jpg,1512x2016,b3a16f92148f3d2a4d194043468232111f3f6761606f97e8e997af05447b000b,1,,0.011366,0.0072,gauss2,BP01_12MP_NL_JPEG.mat,3,1862.1
D02_iPhone_7_Plus_36272684525.jpg,1512x2016,52381db2b86631eb9e030e654048ba8840e28b01e40d1ff6a7fb34b0ef06a8d0,1,,0.00649,0.0072,gauss2,BP01_12MP_NL_JPEG.mat,3,1820.3
D02_iPhone_7_Plus_36316639484.jpg,1512x2016,9adb699884618660f7a79397c97226ebea6c2ae0b3f265b60fbc6325076cf6d8,1,,0.018592,0.0072,gauss2,BP01_12MP_NL_JPEG.mat,3,2050.0
D02_iPhone_7_Plus_36316640064.jpg,1512x2016,297102b2c0032fd30125fe6157cf288bb41449445fbd1c3667dca608463933ee,1,,0.019051,0.0072,gauss2,BP01_12MP_NL_JPEG.mat,3,1806.8
D02_iPhone_7_Plus_36316655444.jpg,1512x2016,fc88ae16636a0b9ff24b1dd487b2aea39bdb93c92c0a6199b5f36903a9ad56df,1,,0.021165,0.0072,gauss2,BP01_12MP_NL_JPEG.mat,3,1944.4
D02_iPhone_7_Plus_36338976933.jpg,1512x2016,e186b5433298a40b809ed67b6e1457bd19a460ccd2638d19e51105f4d593d524,1,,0.051721,0.0072,gauss2,BP01_12MP_NL_JPEG.mat,3,1821.6
D02_iPhone_7_Plus_36338985973.jpg,1512x2016,3f6f9d449a3b8932645402001350ea46065ef0e7aa38e523ea8678e6eac19371,1,,0.016942,0.0072,gauss2,BP01_12MP_NL_JPEG.mat,3,2139.0
D02_iPhone_7_Plus_36473336824.jpg,1512x2016,dc8ab438d9c14047b71092f7c6135f15409802198e00620a90e134350e807e5b,1,,0.049375,0.0072,gauss2,BP01_12MP_NL_JPEG.mat,3,2077.8
D02_iPhone_7_Plus_36473343244.jpg,1512x2016,764c2d5d97e2e507a282a8b9692295735f567265df2b61ac9cdb385af18919a1,1,,0.011111,0.0072,gauss2,BP01_12MP_NL_JPEG.mat,3,2193.5
D02_iPhone_7_Plus_36497386573.jpg,1512x2016,2f4dd3401189876776c6d8949d2dfdf22a60e72066da992c932e201d5d172c40,1,,0.011087,0.0072,gauss2,BP01_12MP_NL_JPEG.mat,3,2052.6
D02_iPhone_7_Plus_36497387733.jpg,1512x2016,a67331c8c1842a38138305a8249c63d5b8f1cec65534141bf9e1c0b5e710d725,1,,0.015115,0.0072,gauss2,BP01_12MP_NL_JPEG.mat,3,2178.0
D02_iPhone_7_Plus_36497388173.jpg,1512x2016,440a3251f17e42e05a39ee14a20e76ac19bd0afaf929ce68bf376885484b2c59,1,,0.017327,0.0072,gauss2,BP01_12MP_NL_JPEG.mat,3,2111.4
D02_iPhone_7_Plus_36497394823.jpg,1512x2016,e1c7d92c532ea2cc89bf4a2b090c43356f791e36ac9a0e5db8fcd4786139a6e2,1,,0.009957,0.0072,gauss2,BP01_12MP_NL_JPEG.mat,3,2253.2
D02_iPhone_7_Plus_36532950406.jpg,1512x2016,d21609a8b71cc79e3db700a26e38a34065e95f4ff5b8eae3dd90902ab91cebf8,1,,0.122397,0.0072,gauss2,BP01_12MP_NL_JPEG.mat,3,2420.2
D02_iPhone_7_Plus_36612130056.jpg,1512x2016,a6d8bf57a629c2d90ddec8e8720beedaee707576ec0955688ae5df642c82efd6,1,,0.038641,0.0072,gauss2,BP01_12MP_NL_JPEG.mat,3,2655.7
D02_iPhone_7_Plus_36705131032.jpg,1512x2016,6741045d0a6eea76bc213159fc0aa1a4f4347fd83bfa45f0e5e5cfafc48cabf4,1,,0.036558,0.0072,gauss2,BP01_12MP_NL_JPEG.mat,3,2805.5
D02_iPhone_7_Plus_36705134422.jpg,1512x2016,e796f6a9a6a8a47d8a5850dfd507f3821d25138c6ee1e355c7dfb457f5b66a56,1,,0.005074,0.0072,gauss2,BP01_12MP_NL_JPEG.mat,3,3251.4
D02_iPhone_7_Plus_36705137962.jpg,1512x2016,d51e648adbf1c47ec1cf8cbe103ba8f2fc1b793fadb72b4944fdc836d624a7e6,1,,0.005274,0.0072,gauss2,BP01_12MP_NL_JPEG.mat,3,2624.5
D02_iPhone_7_Plus_36736439881.jpg,1512x2016,295e15243b7c1ee3e3c6ad3a7e6e399167623c899fb4978661bbe824f0d84f84,1,,0.005768,0.0072,gauss2,BP01_12MP_NL_JPEG.mat,3,2161.3
D02_iPhone_7_Plus_36736522781.jpg,1512x2016,ffa5879e0f45ec196da17ea48f1ae6326b0edb9efcc140be27cdda227f820027,1,,0.090354,0.0072,gauss2,BP01_12MP_NL_JPEG.mat,3,2583.6
D02_iPhone_7_Plus_36736523031.jpg,1512x2016,2f4930f0717500bc3ea580cdcdfd5f7b5fa2096e73df096bec3d9014486727c4,1,,0.095993,0.0072,gauss2,BP01_12MP_NL_JPEG.mat,3,2461.3
D02_iPhone_7_Plus_36736523451.jpg,1512x2016,566cdb127c6cc693dc4111345562605e357351910e2ceb4017e044ee420a7d89,1,,0.078951,0.0072,gauss2,BP01_12MP_NL_JPEG.mat,3,2809.0
D02_iPhone_7_Plus_36736596051.jpg,1512x2016,6eb70754ae65032eed5f8f50b9a5b12004c185b020af2dfb9db0a2cef63a7dbc,1,,0.043766,0.0072,gauss2,BP01_12MP_NL_JPEG.mat,3,2093.6
D02_iPhone_7_Plus_36736597241.jpg,1512x2016,0834eaa3ed8cf1ae6402aaef1b5658687eee9dcf3172ead49697736dc39c3794,1,,0.036088,0.0072,gauss2,BP01_12MP_NL_JPEG.mat,3,2024.3
D02_iPhone_7_Plus_36736598851.jpg,1512x2016,8755894071d3e46c23d4f02932033f58444c12d5b106ea74062c5153d9d076b6,1,,0.057527,0.0072,gauss2,BP01_12MP_NL_JPEG.mat,3,2189.5
D02_iPhone_7_Plus_36736600341.jpg,1512x2016,157d1c2e04eeb9d811170bcebd3348b81c4fa8a599a6623b22961fe1d13f56e7,1,,0.026667,0.0072,gauss2,BP01_12MP_NL_JPEG.mat,3,2146.7
D02_iPhone_7_Plus_36736602521.jpg,1512x2016,be606c056f691292a468fe05dd7499e841aafee928b086269996d8026c5f2480,1,,0.04007,0.0072,gauss2,BP01_12MP_NL_JPEG.mat,3,2252.8
D02_iPhone_7_Plus_36736603551.jpg,1512x2016,a9fc3d9cf137137d77f482e301de59299277a2354e5738c9f458673e5672c313,1,,0.073574,0.0072,gauss2,BP01_12MP_NL_JPEG.mat,3,2512.7
D02_iPhone_7_Plus_36736605421.jpg,1512x2016,e684d34dd80ea39a292d2bf80d2afe6494da00616d5492421fd974295ac7defb,1,,0.022126,0.0072,gauss2,BP01_12MP_NL_JPEG.mat,3,2642.5
D02_iPhone_7_Plus_36736608131.jpg,1512x2016,a1af2b65f4f61b32eb25328096febb8698ba58b80d7dd446c11b6ee753dc3674,1,,0.012714,0.0072,gauss2,BP01_12MP_NL_JPEG.mat,3,2796.8
D02_iPhone_7_Plus_36755295860.jpg,1512x2016,06e86ac09f1d9dbe0aa459b217ab4dd5dfa72b3bbbf0c00f0f42d5124089388f,1,,0.338296,0.0072,gauss2,BP01_12MP_NL_JPEG.mat,3,2010.6
D02_iPhone_7_Plus_36755301040.jpg,1512x2016,ff0c0809fd8950a3491e7283a75c2792972e16f9a758ceac988f05c46565b8e0,1,,0.018972,0.0072,gauss2,BP01_12MP_NL_JPEG.mat,3,2011.5
D02_iPhone_7_Plus_36755311010.jpg,1512x2016,ad1c74c0d870419d4753ad48da7ec22dcc3a415befea91073b896aff39e55593,1,,0.011918,0.0072,gauss2,BP01_12MP_NL_JPEG.mat,3,2222.7
D02_iPhone_7_Plus_36755871460.jpg,1512x2016,e46a49527d5906166c9ee0bd2eb362e8fb6144224dad514427a76aa9311691ee,1,,0.031269,0.0072,gauss2,BP01_12MP_NL_JPEG.mat,3,2420.6
D02_iPhone_7_Plus_36863673596.jpg,1512x2016,1d4773740b81217b1282ed25743b1eb9d9393e19f42a92489ad8fe5aa1cd3078,1,,0.103809,0.0072,gauss2,BP01_12MP_NL_JPEG.mat,3,2688.1
D02_iPhone_7_Plus_36876238155.jpg,1512x2016,2604fbbd158acbfe9bc8427453f89e4aad6630bf0c786c1f75971ae4c20e8179,1,,0.118064,0.0072,gauss2,BP01_12MP_NL_JPEG.mat,3,2683.7
D02_iPhone_7_Plus_36876240155.jpg,1512x2016,b0643a47329c669de94f013961761a021254b30db1da1259af54876154b6bdaf,1,,0.100285,0.0072,gauss2,BP01_12MP_NL_JPEG.mat,3,2754.8
D02_iPhone_7_Plus_36876241915.jpg,1512x2016,fa9550c5ee97ab73d9a54e238a15dfdc95835093696266c31f908c849a5ea2d4,1,,0.0724,0.0072,gauss2,BP01_12MP_NL_JPEG.mat,3,2426.4
D02_iPhone_7_Plus_36876243955.jpg,1512x2016,b430a58e9aa8980af4679091a3edce2107c9a7fddf96f8a528118ebf67fe1d85,1,,0.02668,0.0072,gauss2,BP01_12MP_NL_JPEG.mat,3,2168.4
D02_iPhone_7_Plus_36913152380.jpg,1512x2016,f4db11a10d2c623869d555c58ed75ba294a5d58d7027e2d6b95951fe5bba5c05,1,,0.013932,0.0072,gauss2,BP01_12MP_NL_JPEG.mat,3,2200.3
D02_iPhone_7_Plus_36963480766.jpg,1512x2016,584e825359489b39f3a0187301548dd5e58ec1240e652f45dcb9369f8a681ae9,1,,0.033466,0.0072,gauss2,BP01_12MP_NL_JPEG.mat,3,2471.6
D02_iPhone_7_Plus_36963488826.jpg,1512x2016,4e72a05d928847085563e2e26e958b5355077495df9f35eafac7bc9223decf91,1,,0.016612,0.0072,gauss2,BP01_12MP_NL_JPEG.mat,3,2483.0
D02_iPhone_7_Plus_36963935736.jpg,1512x2016,cfe0057b3795ce432b741b3043a15e79fae742ebb273e1b14efef0323b238a3d,1,,0.017425,0.0072,gauss2,BP01_12MP_NL_JPEG.mat,3,2558.4
D02_iPhone_7_Plus_36981473502.jpg,1512x2016,e7fbe668ec8df417ef8a4cdbe5c045171d6ef589b8a59d6cd84e58e3b1e69ecf,1,,0.060706,0.0072,gauss2,BP01_12MP_NL_JPEG.mat,3,2706.4
D02_iPhone_7_Plus_36981480252.jpg,1512x2016,a3af62a15286cf9af0f76f0b18ce763ec5b332da52b4c41db580481f8d7264d2,1,,0.022118,0.0072,gauss2,BP01_12MP_NL_JPEG.mat,3,2480.7
D02_iPhone_7_Plus_36981997932.jpg,1512x2016,9f89e6dc7828e55d06e8c6d99574e263150136bfabdd2d91d14ce9e71354ee8c,1,,0.030195,0.0072,gauss2,BP01_12MP_NL_JPEG.mat,3,2767.8
D02_iPhone_7_Plus_36982030742.jpg,1512x2016,096704a2a7c45093298e46689b4c7e561bf09e06047498b0675033abe3d77417,1,,0.019955,0.0072,gauss2,BP01_12MP_NL_JPEG.mat,3,2789.7
D02_iPhone_7_Plus_37010342111.jpg,1512x2016,b820b256426b63e3cd590498223e2f9bb39afaf72f29e12b5845b1b9bf3aabb5,1,,0.006306,0.0072,gauss2,BP01_12MP_NL_JPEG.mat,3,2478.0
D02_iPhone_7_Plus_37051639745.jpg,1512x2016,9a10c1725505f0b317f60670f2633931910169cac6fa19c3716271286ff94bb4,1,,0.013685,0.0072,gauss2,BP01_12MP_NL_JPEG.mat,3,2841.7
D02_iPhone_7_Plus_37137973102.jpg,1512x2016,61e31216a0f22dace75275a81828c44490d202fff5e53f30d0fbacbd6c0584a2,1,,0.017663,0.0072,gauss2,BP01_12MP_NL_JPEG.mat,3,2464.3
D02_iPhone_7_Plus_37137981122.jpg,1512x2016,ddd127b53314ef4359689b9ae8d6177a01e66ea969a42ee185bcb4f9791d9952,1,,0.041168,0.0072,gauss2,BP01_12MP_NL_JPEG.mat,3,3689.2
D02_iPhone_7_Plus_37153282565.jpg,1512x2016,712483809a5bb220aa86fa624d47f42448382fda524a76572ace6264bc9ba6f3,1,,0.005957,0.0072,gauss2,BP01_12MP_NL_JPEG.mat,3,2694.2
D02_iPhone_7_Plus_37153285305.jpg,1512x2016,2b87b4edd694bbc351e854cf48b7c1c92c31b305352a345608068ac06648f36b,1,,0.005956,0.0072,gauss2,BP01_12MP_NL_JPEG.mat,3,2482.2
D02_iPhone_7_Plus_37153288245.jpg,1512x2016,8301b4e06728b3e8fdf03db116433044e1415a65247731e5dd1ebe61a6a9b27b,1,,0.030337,0.0072,gauss2,BP01_12MP_NL_JPEG.mat,3,2481.7
D02_iPhone_7_Plus_37168027741.jpg,1512x2016,b16224e8a246667c6bb6f899bcb579e143aad52c1def525be7013be45dffb284,1,,0.015034,0.0072,gauss2,BP01_12MP_NL_JPEG.mat,3,2200.2
D02_iPhone_7_Plus_37168027761.jpg,1512x2016,39cbd34968a619e958af45f253faa5400bf816cf313f1fb6382d7620ad80185d,1,,0.014682,0.0072,gauss2,BP01_12MP_NL_JPEG.mat,3,2043.3
D02_iPhone_7_Plus_37311207675.jpg,1512x2016,4e4c890b203942a133b4af36e07e1b06741ac1618019927ac849d0b23ae47ce7,1,,0.030325,0.0072,gauss2,BP01_12MP_NL_JPEG.mat,3,1991.9
D02_iPhone_7_Plus_37311209095.jpg,1512x2016,939aaf2e21efeb05be8c631e7534bb90d13628a9bcfc6e554281a83ea4bf37a3,1,,0.012768,0.0072,gauss2,BP01_12MP_NL_JPEG.mat,3,2225.5
D02_iPhone_7_Plus_37311211805.jpg,1512x2016,017db07e80842681aa92d5d54cbaaf0806595801841ee60d7b00ec9c103b4395,1,,0.02187,0.0072,gauss2,BP01_12MP_NL_JPEG.mat,3,1891.4
D02_iPhone_7_Plus_39069899060.jpg,2016x1512,c4577b996052faee5bcef9d1753fb9b57c5fc4bdc46f90d41118317c34667486,1,,0.096347,0.0072,gauss2,BP02_12MP_NL_JPEG.mat,0,2448.0
D02_iPhone_7_Plus_39069899200.jpg,2016x1512,cfd0c42b294f440021959fd33fbc637ea23b72af67d89a1d996a3ac916268728,1,,0.023629,0.0072,gauss2,BP02_12MP_NL_JPEG.mat,0,1944.8
D02_iPhone_7_Plus_39069899230.jpg,2016x1512,970aa28742c2d07686a7cde5984f881d1f1c1b44beee109b2de6377b1d514a66,1,,0.123132,0.0072,gauss2,BP02_12MP_NL_JPEG.mat,0,2630.6
D02_iPhone_7_Plus_39077333850.jpg,1512x2016,15d2aece7bfa6104be3e7d217f5ddbc1778ddd1c7e0e9f60af73dfa4011c8bd5,1,,0.098628,0.0072,gauss2,BP02_12MP_NL_JPEG.mat,1,2070.7
D02_iPhone_7_Plus_39080249910.jpg,2016x1512,e13f7700110eb0081a5fa9fdeaaf73bb58a0857c42b2b699aa1ad9f58edf3a55,1,,0.109783,0.0072,gauss2,BP02_12MP_NL_JPEG.mat,0,2298.5
D02_iPhone_7_Plus_39498513310.jpg,2016x1512,d29a8846d9ae01db6816d477fbf62250dee1e1ff73c7c423aeebdd85207404f0,1,,0.205269,0.0072,gauss2,BP02_12MP_NL_JPEG.mat,0,2457.4
D02_iPhone_7_Plus_39498513390.jpg,2016x1512,90ee683e95457e3fcfbf893439dab4a3b1a636c14f8b088b944054a37a5d0a8b,1,,0.181139,0.0072,gauss2,BP02_12MP_NL_JPEG.mat,0,2645.7
D02_iPhone_7_Plus_39498557790.jpg,1512x2016,d8db33ead8707c053151793a84679b83e472911b78fbe3873a1457c6e0798e91,1,,0.121686,0.0072,gauss2,BP02_12MP_NL_JPEG.mat,1,2910.5
D02_iPhone_7_Plus_39498557850.jpg,2016x1512,e192d25941b918ec98a921b31ca4a7ca8cecdc9084775bfe216e0dced72d0240,1,,0.148892,0.0072,gauss2,BP02_12MP_NL_JPEG.mat,0,2334.2
D02_iPhone_7_Plus_39498563200.jpg,2016x1512,75d95a154620b442da5da02457069d616794ac1f8f54bc731d183c230f2d09fd,1,,0.15664,0.0072,gauss2,BP02_12MP_NL_JPEG.mat,0,2221.0
D02_iPhone_7_Plus_39985949865.jpg,2016x1512,d987e43250b4f2a0edcc9906eef0dcfdc2355af324c64f371aec8c4cf71f9307,1,,0.113812,0.0072,gauss2,BP02_12MP_NL_JPEG.mat,0,2608.4
D02_iPhone_7_Plus_39993466325.jpg,1512x2016,fe083d977d7444b7ec349de46df38695e5435b4dfa2004084cc005c99fd8564b,1,,0.0903,0.0072,gauss2,BP02_12MP_NL_JPEG.mat,1,3156.9
D02_iPhone_7_Plus_39993480255.jpg,1512x2016,03c347b6a96b5eff5fa8d3478a9d771a30e4c8c5e16b568e5c1f5508cc115b43,1,,0.110087,0.0072,gauss2,BP02_12MP_NL_JPEG.mat,1,2723.9
D02_iPhone_7_Plus_39993565125.jpg,1512x2016,8b21f46982161433b8d6dcfdcb9de4221e120288d2cc55eeeda8b647f23d768b,1,,0.134335,0.0072,gauss2,BP02_12MP_NL_JPEG.mat,1,2003.2
D02_iPhone_7_Plus_39993598265.jpg,1512x2016,5c99fc461c83d649a67c5862eaa4b6f7f2c9301d0c9e51e41c7d61b680e0b529,1,,0.175154,0.0072,gauss2,BP02_12MP_NL_JPEG.mat,1,2827.4
D02_iPhone_7_Plus_39993600715.jpg,1512x2016,17fb9377ece7479812562338cbfc3df11c3e146ff3266f7722965a750f1c7365,1,,0.102628,0.0072,gauss2,BP02_12MP_NL_JPEG.mat,1,2971.4
D02_iPhone_7_Plus_39993600745.jpg,1512x2016,97e9fb2c92cf9b71cb6c4616b11e423a5a8e5552f1fa7a881109a83b98b4efe0,1,,0.108608,0.0072,gauss2,BP02_12MP_NL_JPEG.mat,1,2480.2
D02_iPhone_7_Plus_39993608355.jpg,1512x2016,41147ceba610fb4b526c618084b0c5e23b16036ebf3194742803bec60dd15b57,1,,0.095642,0.0072,gauss2,BP02_12MP_NL_JPEG.mat,1,2534.3
D02_iPhone_7_Plus_39993657445.jpg,1512x2016,f781aeb6537a099e6cf45e66d340beeaf969ab46972de0e2ac62e7ce01f56f8f,1,,0.106539,0.0072,gauss2,BP02_12MP_NL_JPEG.mat,1,2006.7
D02_iPhone_7_Plus_39993658215.jpg,1512x2016,ceafacf71b62430c26060409e073f0b8f6fa0ec79d32fb26c4be3ea0de8b9b0b,1,,0.127651,0.0072,gauss2,BP02_12MP_NL_JPEG.mat,1,2096.6
D02_iPhone_7_Plus_39993658785.jpg,2016x1512,71c140d5f0ee72e997f22789817a44df07728bf9d6f32999e30e600b5aca3fb2,1,,0.131397,0.0072,gauss2,BP02_12MP_NL_JPEG.mat,0,2174.1
D02_iPhone_7_Plus_39996075975.jpg,1512x2016,190e40da94633d97c7be07b88077ff81728a32a6078d29fe490c3610a746cdcc,1,,0.100563,0.0072,gauss2,BP02_12MP_NL_JPEG.mat,1,2117.6
D02_iPhone_7_Plus_40179215494.jpg,2016x1512,480a4f78b87c7ec96cbb97f138ebcf577b2ff1097efe52e506ff221f2b00cae8,1,,0.096471,0.0072,gauss2,BP02_12MP_NL_JPEG.mat,0,2200.0
D02_iPhone_7_Plus_40179215564.jpg,2016x1512,f469a4dcdaf0036131fefbd7d63aa643dba498b7c07ed0ba6431386b1a226434,1,,0.132952,0.0072,gauss2,BP02_12MP_NL_JPEG.mat,0,2998.3
D02_iPhone_7_Plus_40179269434.jpg,1512x2016,abfbbcd48ac371d2450c4f85cb7315d14582570b6bff6265adbbece0db672058,1,,0.106477,0.0072,gauss2,BP02_12MP_NL_JPEG.mat,1,2993.5
D02_iPhone_7_Plus_40179345494.jpg,1512x2016,e6b02c8a90bd02cccc697ede396ec7116a23a04b2606f8186f00d9002a4ab56c,1,,0.13855,0.0072,gauss2,BP02_12MP_NL_JPEG.mat,1,2732.5
D02_iPhone_7_Plus_40179346604.jpg,1512x2016,7d970c6fdeb81af9998f11d03a877383d6f7412e37bfb84e9301bfb11fec0cd3,1,,0.098416,0.0072,gauss2,BP02_12MP_NL_JPEG.mat,1,2616.7
D02_iPhone_7_Plus_40179483594.jpg,1512x2016,6745d67e6a8fba039a3bd1e856e1d0ea5f484c316aa2932588b18f2c370ade9b,1,,0.080247,0.0072,gauss2,BP02_12MP_NL_JPEG.mat,1,2272.5
D02_iPhone_7_Plus_40179483764.jpg,1512x2016,1fd4d122295b21c456f262d73837cddee64ab1f501c325d62d0aad0c04c05d3e,1,,0.092914,0.0072,gauss2,BP02_12MP_NL_JPEG.mat,1,2595.0
D02_iPhone_7_Plus_40179530254.jpg,1512x2016,fa40b54197dee0bcb1e5a516122b6436707c6d64b7a63dcb943a51908b2798ae,1,,0.240584,0.0072,gauss2,BP02_12MP_NL_JPEG.mat,1,1987.5
D02_iPhone_7_Plus_40179530874.jpg,1512x2016,dd4b840936ea4a21d2453375ff36e88999415bddedf5eb6077d6260ac66ebaee,1,,0.109928,0.0072,gauss2,BP02_12MP_NL_JPEG.mat,1,1815.7
D02_iPhone_7_Plus_40179531104.jpg,1512x2016,c9e91f863187456b17381caf64cf46de63dfd751fe984e18d6904348320d08e6,1,,0.086868,0.0072,gauss2,BP02_12MP_NL_JPEG.mat,1,2252.0
D02_iPhone_7_Plus_40412244685.jpg,2016x1512,27f95ee8eb95e663476ae6a19f9a748f421eea353336c296bb44928978ea5d36,1,,0.204497,0.0072,gauss2,BP02_12MP_NL_JPEG.mat,0,2122.3
D02_iPhone_7_Plus_40412245835.jpg,2016x1512,ce57c7a628488f531a13c7bb9e5a9aad6acbd30b980cace9e8f7e4d69a34deea,1,,0.133276,0.0072,gauss2,BP02_12MP_NL_JPEG.mat,0,2122.0
D02_iPhone_7_Plus_40594327814.jpg,2016x1512,2b9de243afd28d943a78fa276b63e88a6b9bf7f74b65c4188a034279d419a38d,1,,0.1619,0.0072,gauss2,BP02_12MP_NL_JPEG.mat,0,2044.0
D02_iPhone_7_Plus_40594362374.jpg,2016x1512,d4dffb2a9548c8d1168b7491e4b3506b4d83ea03f241ffdc2b0bef348fca0037,1,,0.14681,0.0072,gauss2,BP02_12MP_NL_JPEG.mat,0,2109.8
D02_iPhone_7_Plus_40594371334.jpg,2016x1512,7188f765945df2baecec934f2d5f4bf4073bb140daf771ddfbaa7b9fb3271ef0,1,,0.109136,0.0072,gauss2,BP02_12MP_NL_JPEG.mat,0,2090.9
D02_iPhone_7_Plus_40838022182.jpg,1512x2016,0bb519b8694337c21e0402f0a0f30542c93387c518eb592bcfa2552e47df9112,1,,0.096446,0.0072,gauss2,BP02_12MP_NL_JPEG.mat,1,2119.9
D02_iPhone_7_Plus_40845150772.jpg,1512x2016,0d479c9fff3a2c9d3bf33a62eda3771792530d1c493b22cf5bebbc22f66de780,1,,0.12156,0.0072,gauss2,BP02_12MP_NL_JPEG.mat,1,1932.6
D02_iPhone_7_Plus_40845246212.jpg,1512x2016,8a326e91cc0d813adb661d2f2b00920bd600187c6529b5975d8a8424b47bbfb0,1,,0.09869,0.0072,gauss2,BP02_12MP_NL_JPEG.mat,1,2294.6
D02_iPhone_7_Plus_40845246232.jpg,1512x2016,709e5512afd9eae6417aca1120a66a1428ef74f648db942cae0d3554d1e6faa5,1,,0.107595,0.0072,gauss2,BP02_12MP_NL_JPEG.mat,1,2786.4
D02_iPhone_7_Plus_40845246372.jpg,1512x2016,e8fd5f35746c4f7e74577d074c2f9fcddbe894a1edbc7e3abde0ad741f9d7280,1,,0.10903,0.0072,gauss2,BP02_12MP_NL_JPEG.mat,1,2370.5
D02_iPhone_7_Plus_40845293792.jpg,1512x2016,76be45016d9982cd634ca8550d5109afd80fe558c5e24d9fc571b17b8d3b0a5d,1,,0.116148,0.0072,gauss2,BP02_12MP_NL_JPEG.mat,1,3108.1
D02_iPhone_7_Plus_40845293862.jpg,1512x2016,59f35eb48ebb850e4e583af77c415df907a391cfae15f12e2d68d4691cf7a004,1,,0.115373,0.0072,gauss2,BP02_12MP_NL_JPEG.mat,1,2526.3
D02_iPhone_7_Plus_40845293912.jpg,1512x2016,a6adcf5a4a174d63c918b746635b3ec17f5d545c7a8c52ce35f2e7df63eb4f66,1,,0.107664,0.0072,gauss2,BP02_12MP_NL_JPEG.mat,1,2192.5
D02_iPhone_7_Plus_40845293952.jpg,1512x2016,c2c6e8fcf8f5556591ffb5c70c77e830f4165098e5f83d4c1433a5d9cadab467,1,,0.136808,0.0072,gauss2,BP02_12MP_NL_JPEG.mat,1,2202.2
D02_iPhone_7_Plus_40845294282.jpg,1512x2016,9cf8450d43740a377f2ee559a0ca2b38fa0030d512abed8f28009bd51251789d,1,,0.10308,0.0072,gauss2,BP02_12MP_NL_JPEG.mat,1,2380.8
D02_iPhone_7_Plus_40845294352.jpg,1512x2016,89ea6597a9969d2ab855c8b913526b5d4c83cc401d02c993e1bfe52a8e3ca425,1,,0.098393,0.0072,gauss2,BP02_12MP_NL_JPEG.mat,1,2587.4
D02_iPhone_7_Plus_40845294392.jpg,1512x2016,54de6d4aeb1955e3d7df68884fe604b2b527bb7880e9de2090adbfb83fe3a9cc,1,,0.108207,0.0072,gauss2,BP02_12MP_NL_JPEG.mat,1,2329.7
D02_iPhone_7_Plus_40845394152.jpg,1512x2016,09ad4ef2790d90f1b75dc3bf43e45bee8c20ca24063e4e35992d5a4c9b98fa1a,1,,0.086735,0.0072,gauss2,BP02_12MP_NL_JPEG.mat,1,2328.6
D02_iPhone_7_Plus_40845394872.jpg,1512x2016,694e3fc36b51f1603365aa217f885829f6f8ff3cd6b5e109522500e5409b9f98,1,,0.092761,0.0072,gauss2,BP02_12MP_NL_JPEG.mat,1,2255.4
D02_iPhone_7_Plus_40879516151.jpg,2016x1512,eccd017e0292e8e441cdef899f65e0fabc81e83f7ccf1e5f9c068e32ca90ca7d,1,,0.086005,0.0072,gauss2,BP02_12MP_NL_JPEG.mat,0,2330.4
D02_iPhone_7_Plus_40879517371.jpg,2016x1512,4da3505547e18ad279439aa6af6031463ece95dda6b265527711b578d5aea927,1,,0.082218,0.0072,gauss2,BP02_12MP_NL_JPEG.mat,0,2085.4
D02_iPhone_7_Plus_40886799231.jpg,1512x2016,e9766634d31aec44544db33e904600bad2414c9397132ab7a034ff751f70f69c,1,,0.102354,0.0072,gauss2,BP02_12MP_NL_JPEG.mat,1,2161.1
D02_iPhone_7_Plus_40886857921.jpg,1512x2016,3f09bbc5f15028d729336742eb48a8cc3a551e94ddade326f8896c1569dfb31f,1,,0.104141,0.0072,gauss2,BP02_12MP_NL_JPEG.mat,1,2009.0
D02_iPhone_7_Plus_40886858181.jpg,1512x2016,1238acdc4f9daf753934bd72942bf4570864843bbdda379af8c6491ac3e4277f,1,,0.092886,0.0072,gauss2,BP02_12MP_NL_JPEG.mat,1,2059.5
D02_iPhone_7_Plus_40889675601.jpg,2016x1512,772dd6893997982d181cd5d00916458c3b9deadf758779bb61d40480009e01a1,1,,0.089615,0.0072,gauss2,BP02_12MP_NL_JPEG.mat,0,2248.8
D02_iPhone_7_Plus_41265339962.jpg,2016x1512,a0bbb98f38a20a053c93e5416c8a719df7d3cef55c0125df2fdca164cad0ee01,1,,0.126588,0.0072,gauss2,BP02_12MP_NL_JPEG.mat,0,2356.6
D02_iPhone_7_Plus_41307634491.jpg,2016x1512,77826c9277e50e94e85132a69974d9fd36fdc63d80738f9f1c8d3ca482464b77,1,,0.325071,0.0072,gauss2,BP02_12MP_NL_JPEG.mat,0,3050.6
D02_iPhone_7_Plus_41307716931.jpg,2016x1512,44cc3490de9d6423917394b58ebd0875f1e47a45bae79a05860d62362e1ad041,1,,0.0992,0.0072,gauss2,BP02_12MP_NL_JPEG.mat,0,2611.5
D02_iPhone_7_Plus_42821157632.jpg,2016x1512,9316cac4cdb9572e89911d36ca5efa30651cffa001e8b30de2a9c54cdef397d7,1,,0.109687,0.0072,gauss2,BP02_12MP_NL_JPEG.mat,0,3694.3
D02_iPhone_7_Plus_42925428641.jpg,2016x1512,c22c1c78442ff30e0942082db8557a311d0cdff87036eb3421fca8d70340d8ee,1,,0.107565,0.0072,gauss2,BP02_12MP_NL_JPEG.mat,0,2784.2
D03_iPhone_7_Plus_24351158838.jpg,2016x1512,31469dfc36e1a50fafc4fb8d0fe38a978548cde90823b6006721ab803092d026,1,,0.021952,0.0072,gauss2,BP02_12MP_NL_JPEG.mat,0,3603.6
D03_iPhone_7_Plus_24351159808.jpg,1512x2016,6dca8653220aca71c61b52adcbd90db3a106bfde822e5e778e83a929e1df00dd,1,,0.007048,0.0072,gauss2,BP02_12MP_NL_JPEG.mat,1,3256.2
D03_iPhone_7_Plus_24351161648.jpg,2016x1512,e6cbeecc73200aa65a776729cf9b467131de7af2915287cdd2a8ce332b904de3,1,,0.008453,0.0072,gauss2,BP02_12MP_NL_JPEG.mat,0,3798.6
D03_iPhone_7_Plus_24351392178.jpg,2016x1512,838ba3fe3383bc8605e0dcae6f3b9fb2eef60554e879ded0bc765fce32d61040,1,,0.141961,0.0072,gauss2,BP02_12MP_NL_JPEG.mat,0,4721.6
D03_iPhone_7_Plus_24357210388.jpg,2016x1512,90a9248b67b15745aa42cd5da5e44ebd0cdfdb72707321bc56151e46c43f45a9,1,,0.134088,0.0072,gauss2,BP02_12MP_NL_JPEG.mat,0,4977.2
D03_iPhone_7_Plus_24357222428.jpg,2016x1512,df21add85fcbc9da9b1702a8c1cc2b3ce110520ed78796e3930d7b5301353a63,1,,0.0407,0.0072,gauss2,BP02_12MP_NL_JPEG.mat,0,3205.0
D03_iPhone_7_Plus_26432991489.jpg,2016x1512,3295ea5ef6aae2b7abbdd29bff18dd353d1b7a4cdd0a0c1b73cdacb4f8cc08c7,1,,0.01191,0.0072,gauss2,BP02_12MP_NL_JPEG.mat,0,3738.0
D03_iPhone_7_Plus_26433018749.jpg,1512x2016,fede820039816c38557ee64361bc2d184b2229d5c5bf4392c2c8e577201ef157,1,,0.175887,0.0072,gauss2,BP02_12MP_NL_JPEG.mat,3,2923.1
D03_iPhone_7_Plus_26433023049.jpg,1512x2016,516905b0bf02f226c79bd63f7aea65e919c60ccd2d0d9340325a15670d355722,1,,0.00863,0.0072,gauss2,BP02_12MP_NL_JPEG.mat,1,3234.5
D03_iPhone_7_Plus_26433334249.jpg,1512x2016,5f28dacb7cc3bfc7ac8c031c8925a0242854f0ea918700c22cc228a329a70841,1,,0.145245,0.0072,gauss2,BP02_12MP_NL_JPEG.mat,3,2672.2
D03_iPhone_7_Plus_26433365049.jpg,2016x1512,28a096945c31e57cee16700774fb3178ba6609b802edff1871eaf1fad663271f,1,,0.164541,0.0072,gauss2,BP02_12MP_NL_JPEG.mat,0,2611.8
D03_iPhone_7_Plus_26433366969.jpg,1512x2016,49cf4d6c802ed38b513c740708819d41ce5c187d7d54fedd9bfa6ebf380218e4,1,,0.010155,0.0072,gauss2,BP02_12MP_NL_JPEG.mat,1,5752.1
D03_iPhone_7_Plus_37492961454.jpg,2016x1512,58a278f010f93b37c5ec1b671522f76f2c0a8ab17a43dd46bb48be4f58416d91,1,,0.014949,0.0072,gauss2,BP02_12MP_NL_JPEG.mat,0,4304.8
D03_iPhone_7_Plus_37492972514.jpg,1512x2016,44865abad2a3bae7d455ac2a75004fdd0ad0c2ef06f8015a0826a6c3830e92ce,1,,0.154685,0.0072,gauss2,BP02_12MP_NL_JPEG.mat,3,2896.4
D03_iPhone_7_Plus_37492973644.jpg,1512x2016,49b200c143384810aa79f82777c1b0e0b9b9c398362ac38fb8bb119f0d6b67f7,1,,0.009811,0.0072,gauss2,BP02_12MP_NL_JPEG.mat,1,2709.9
D03_iPhone_7_Plus_37496531974.jpg,1512x2016,8f8de49f4a461e63d51d55aee40520bac4cc754cb29c37d6cdb0dff6f88f02bb,1,,0.087904,0.0072,gauss2,BP02_12MP_NL_JPEG.mat,1,2636.3
D03_iPhone_7_Plus_37498450194.jpg,2016x1512,bcc350248651d2733e75c759a1aca07315b9def7d68c3d760b2b627617319468,1,,0.019696,0.0072,gauss2,BP02_12MP_NL_JPEG.mat,0,3058.5
D03_iPhone_7_Plus_37498489264.jpg,2016x1512,dac98f2df297e73b76973fd43f67d8f72be228b11828c1ee1a46e8dff4805d9b,1,,0.010964,0.0072,gauss2,BP02_12MP_NL_JPEG.mat,0,2847.7
D03_iPhone_7_Plus_37498833494.jpg,2016x1512,738ddbb8079f83318b589d12297f03adccd430afa8b76be6cea040846d3062f4,1,,0.011386,0.0072,gauss2,BP02_12MP_NL_JPEG.mat,0,2465.4
D03_iPhone_7_Plus_38147783586.jpg,2016x1512,9e0366bca5b779288b73908554aabe09e2bac59a10a9afd7a60db53d3108fcd9,1,,0.025887,0.0072,gauss2,BP02_12MP_NL_JPEG.mat,0,2899.0
D03_iPhone_7_Plus_38147921426.jpg,2016x1512,9143b4dd04dc5a12ab9565999b596c3659f3d44810539538c194d2e7f0bd4b79,1,,0.143114,0.0072,gauss2,BP02_12MP_NL_JPEG.mat,0,3001.5
D03_iPhone_7_Plus_38147921846.jpg,1512x2016,11618409cee2d880fd8444047e5786da5e4d8f1649ca6338071c638599dd5ef6,1,,0.095903,0.0072,gauss2,BP02_12MP_NL_JPEG.mat,3,2818.4
D03_iPhone_7_Plus_38153380676.jpg,2016x1512,c80324e5afaf2874937290c2fdbc09ac69a761485cab8658abf57e7b0e6a6a31,1,,0.019793,0.0072,gauss2,BP02_12MP_NL_JPEG.mat,0,3966.5
D03_iPhone_7_Plus_38153408696.jpg,2016x1512,44257f64d6a7b5ca866ed888d972bf7754facac4351ee30f195a05419f65bf00,1,,0.009318,0.0072,gauss2,BP02_12MP_NL_JPEG.mat,0,3064.0
D03_iPhone_7_Plus_38153421936.jpg,2016x1512,bfc2b62e1df40829c4337ec5ff55962e52193be3a86ba199d9eb275adcbc6505,1,,0.004505,0.0072,gauss2,BP02_12MP_NL_JPEG.mat,0,2935.6
D03_iPhone_7_Plus_38153423836.jpg,2016x1512,c4bfa0581432417586d832b9418914b97aefe945d0d9d4dbd8d0a61a310556bc,1,,0.01522,0.0072,gauss2,BP02_12MP_NL_JPEG.mat,0,2725.9
D03_iPhone_7_Plus_38153560506.jpg,2016x1512,f56d093a39a7cfb1ffa84e7bdde51b58a74cea327f1c6a8372474d8ce13cc8ca,1,,0.011859,0.0072,gauss2,BP02_12MP_NL_JPEG.mat,0,2700.4
D03_iPhone_7_Plus_38153763406.jpg,1512x2016,b5ca2ce859a01fec47a829cb3d8474280f191e383d61529611bf98699eeb34c6,1,,0.007524,0.0072,gauss2,BP02_12MP_NL_JPEG.mat,1,2786.0
D03_iPhone_7_Plus_38153767786.jpg,2016x1512,aab2ed0c69bf994c2548364ea841c802d9a561be863dbc24b123cf5b75f96826,1,,0.101847,0.0072,gauss2,BP02_12MP_NL_JPEG.mat,0,2311.4
D03_iPhone_7_Plus_38153774256.jpg,1512x2016,9620b0987b3b972a376613814d532514d0764977f0c8367e7cbc909d25f6d5de,1,,0.150918,0.0072,gauss2,BP02_12MP_NL_JPEG.mat,3,2354.5
D03_iPhone_7_Plus_38153778726.jpg,2016x1512,6a81b84c9c0a1edc4f038e89f2ffbc60f1ffb9cd65bc93fdb6f09afc1aa77ad0,1,,0.005905,0.0072,gauss2,BP02_12MP_NL_JPEG.mat,0,2489.8
D03_iPhone_7_Plus_38172147622.jpg,2016x1512,8edb7ead90a38cf1a7ced953877904fc0e283d3bf6ee09bd1543a23b3c220a5d,1,,0.09517,0.0072,gauss2,BP02_12MP_NL_JPEG.mat,0,2864.4
D03_iPhone_7_Plus_38172178532.jpg,1512x2016,ce9c2b31961ed90a7092c32f00b81f2c5388247f4a9682424ec537f8708046c3,1,,0.009109,0.0072,gauss2,BP02_12MP_NL_JPEG.mat,1,2836.4
D03_iPhone_7_Plus_38177562242.jpg,1512x2016,7fdeab44f595252fd47e1c0706aa474468b996cf07155a81fce1103b88bf0f5a,1,,0.010323,0.0072,gauss2,BP02_12MP_NL_JPEG.mat,1,4259.1
D03_iPhone_7_Plus_38177587772.jpg,2016x1512,83d21565b56c72d166ae1d1da48f63713dd17464301ad56971d96991979c186c,1,,0.01254,0.0072,gauss2,BP02_12MP_NL_JPEG.mat,0,2911.0
D03_iPhone_7_Plus_38177913392.jpg,2016x1512,d8d126f18a95ce29ab74a3d2c9b17c6888bf861f2286f52749a9e65eb6e7558f,1,,0.020728,0.0072,gauss2,BP02_12MP_NL_JPEG.mat,0,2901.8
D03_iPhone_7_Plus_38177956202.jpg,2016x1512,47dfc5a249723066a40bdecca9fb89434a18b26295e7ac126de8e4bf00b9e495,1,,0.013926,0.0072,gauss2,BP02_12MP_NL_JPEG.mat,0,2984.1
D03_iPhone_7_Plus_38177961522.jpg,1512x2016,86ccb721278285e619dc77ee2a35e6523de5e69bacff583e34ae4fca6c7f170f,1,,0.155346,0.0072,gauss2,BP02_12MP_NL_JPEG.mat,3,3094.4
D03_iPhone_7_Plus_38204118621.jpg,1512x2016,437d61c7999dfe03e3575ab261a90c38a0bda83e4c9e771de853375829283529,1,,0.097686,0.0072,gauss2,BP02_12MP_NL_JPEG.mat,3,2528.7
D03_iPhone_7_Plus_38209573931.jpg,2016x1512,4b43ba2a2a5aede197d60ce91b3199203ea3f16740d2ab54f9c943a254ce6652,1,,0.178975,0.0072,gauss2,BP02_12MP_NL_JPEG.mat,0,1814.4
D03_iPhone_7_Plus_38209722611.jpg,2016x1512,21953a73acf8bdbd2fe3ce657c17a6efebacdfcbca0f453b0ecb61f4a626140c,1,,0.002413,0.0072,gauss2,BP02_12MP_NL_JPEG.mat,0,3640.9
D03_iPhone_7_Plus_38209974241.jpg,1512x2016,98e71edbd0455122b94943d0017abad897cc0b77969b5523246c08105f39bded,1,,0.103612,0.0072,gauss2,BP02_12MP_NL_JPEG.mat,1,3679.1
D03_iPhone_7_Plus_38210000511.jpg,1512x2016,bf3db60618134a4482c7f44fd349ba633d910ddd635a7ca22afe0a4309ea9cd7,1,,0.093235,0.0072,gauss2,BP02_12MP_NL_JPEG.mat,3,2485.2
D03_iPhone_7_Plus_38210001031.jpg,2016x1512,51308501bb1fa785696f1474d82afcd6242c152e771be3a6c37d59acb4feba4e,1,,0.113063,0.0072,gauss2,BP02_12MP_NL_JPEG.mat,0,2064.7
D03_iPhone_7_Plus_38210001751.jpg,2016x1512,ba5d9e4c01d22f8b6fd2df1625e3d7017a22dfec18f40e9a4829bfcbb41f042c,1,,0.17424,0.0072,gauss2,BP02_12MP_NL_JPEG.mat,0,2375.2
D03_iPhone_7_Plus_38210009651.jpg,2016x1512,320e04801d204ab76f4acec7d9db4e2c1224cb8d00d60c611a201d5281782174,1,,0.0108,0.0072,gauss2,BP02_12MP_NL_JPEG.mat,0,2459.4
D04_iPhone_7_Plus_25157336087.jpg,1512x2016,56279ca2e987b8a5b112c91e4ef75edbc6cedb1f1bb34a862534104bcf3afdc8,1,,0.020873,0.0072,gauss2,BP02_12MP_NL_JPEG.mat,3,2425.2
D04_iPhone_7_Plus_33916732263.jpg,1512x2016,325fa987232e1c43678da80e9a94278c57bf667b73f2e8d10d1e720a320df648,1,,0.018576,0.0072,gauss2,BP01_12MP_NL_JPEG.mat,3,2035.3
D04_iPhone_7_Plus_33916735823.jpg,1512x2016,60a9a6dcbfb9d20a928fee68edf32486e0216d50752f88a972a69b8536885744,1,,0.117113,0.0072,gauss2,BP01_12MP_NL_JPEG.mat,3,2146.5
D04_iPhone_7_Plus_33916743473.jpg,1512x2016,9414716fc86f0b7320a5dc1066a446c7454cf6845ea521582f112388e59a52fc,1,,0.041095,0.0072,gauss2,BP01_12MP_NL_JPEG.mat,3,2247.9
D04_iPhone_7_Plus_34564374602.jpg,1512x2016,b9e3c4afcecf83f8555feebc1e61d041b84e1f40afb77c2ee8b43c84e2102ffb,1,,0.168795,0.0072,gauss2,BP01_12MP_NL_JPEG.mat,3,2461.3
D04_iPhone_7_Plus_34686075736.jpg,1512x2016,344a3338f0ea759112acc8e647c9647504157f0a2b2aba5a6c3d53a627df017d,1,,0.123956,0.0072,gauss2,BP01_12MP_NL_JPEG.mat,3,2548.4
D04_iPhone_7_Plus_36821606474.jpg,1512x2016,27f25c5a625dbca1d7b6da47edd462b9ea446e4b3344f02caa95c2dcfffcb7c8,1,,0.052008,0.0072,gauss2,BP02_12MP_NL_JPEG.mat,1,3964.3
D04_iPhone_7_Plus_36821609274.jpg,1512x2016,c4bb9084ae3ab43369bb0b5b31540911beb0e85e408a4f0106f09bf05ccd8387,1,,0.059929,0.0072,gauss2,BP02_12MP_NL_JPEG.mat,1,3115.5
D04_iPhone_7_Plus_36862182723.jpg,1512x2016,986d3e14b692b85d6853de2ac38ff09d3b311f2bd2bab8aa5c08a4d0b054d578,1,,0.100042,0.0072,gauss2,BP02_12MP_NL_JPEG.mat,1,2740.8
D04_iPhone_7_Plus_37821837015.jpg,1512x2016,81d3dafc74aceda483b995660c272d7beb7ca7d287d47c1394212559fcb12d42,1,,0.194198,0.0072,gauss2,BP01_12MP_NL_JPEG.mat,3,2303.0
D04_iPhone_7_Plus_37992059314.jpg,1512x2016,90b56b961a3dcdab516d7584e9a197df05056a820659de47956671bd62aa0460,1,,0.348032,0.0072,gauss2,BP01_12MP_NL_JPEG.mat,3,2825.3
D04_iPhone_7_Plus_39318057334.jpg,1512x2016,17a92f7191fffb60cac02e4313caab8638eb5dd222d8b90605eb848239742cc9,1,,0.024658,0.0072,gauss2,BP02_12MP_NL_JPEG.mat,1,2551.8
D05_iPhone_7_Plus_28163282677.jpg,1512x2016,2fc16fe12a6a2b0167e0508d3e5903fb3f4726f0d5ebd5861d03fd08a38c5ec3,1,,0.077262,0.0072,gauss2,BP02_12MP_NL_JPEG.mat,1,2490.0
D05_iPhone_7_Plus_29160176698.jpg,2016x1512,36e1668a9c2b3779ad16eef7cde65caafb4d31400d1bd34f5263a1721275a072,1,,0.062034,0.0072,gauss2,BP02_12MP_NL_JPEG.mat,0,2129.1
D05_iPhone_7_Plus_29160176918.jpg,1512x2016,9aa5fe8c9f5716fb4818b6d1dd494a09c910e1b32bff9d5ee14e64951fa9bcac,1,,0.066998,0.0072,gauss2,BP02_12MP_NL_JPEG.mat,1,2142.8
D05_iPhone_7_Plus_30191303957.jpg,1512x2016,ec7ff1e2bf26d782be6daac3454671cc0d9402d3efde35c2530a7a2a97a7990d,1,,0.087799,0.0072,gauss2,BP02_12MP_NL_JPEG.mat,1,2559.0
D05_iPhone_7_Plus_30191307557.jpg,1512x2016,d930c1299b242301a82268b31896686de7be8ec5524acea3a4f724d1ef94a143,1,,0.074712,0.0072,gauss2,BP02_12MP_NL_JPEG.mat,1,2792.9
D05_iPhone_7_Plus_31255444798.jpg,1512x2016,2d6778b53c26deaa1c1346150aee7b8ffb95ada0bde10f0eca51e66380f455c9,1,,0.076204,0.0072,gauss2,BP02_12MP_NL_JPEG.mat,1,3209.5
D05_iPhone_7_Plus_41222012130.jpg,1512x2016,30bab1977abccff41fa2707809c8958047a5016de1c8b9db1820e9087792007c,1,,0.064568,0.0072,gauss2,BP02_12MP_NL_JPEG.mat,1,1841.3
D05_iPhone_7_Plus_42982202982.jpg,1512x2016,588f6ddba553f57927915f8edb393d6a6b853a9442af6ffe25935e14c8b65429,1,,0.071487,0.0072,gauss2,BP02_12MP_NL_JPEG.mat,1,2312.9
D05_iPhone_7_Plus_42982203802.jpg,1512x2016,73a98d402f0424cefd5b83300be3960899314d0a33f75fe263b8d2401c8802b2,1,,0.062007,0.0072,gauss2,BP02_12MP_NL_JPEG.mat,1,2113.8
D05_iPhone_7_Plus_43315818130.jpg,1512x2016,0c9ffce56bd7bb1d4ebe665096cf94027d2b57d51c82d46d8f06a3cc8d31fba2,1,,0.078455,0.0072,gauss2,BP02_12MP_NL_JPEG.mat,1,1781.1
D05_iPhone_7_Plus_44217328155.jpg,1512x2016,0ed92fd898fe1479f304293560e545c16b8259097eda271114ba1ed6740d807c,1,,0.105193,0.0072,gauss2,BP02_12MP_NL_JPEG.mat,1,2234.9
D05_iPhone_7_Plus_44408429414.jpg,1512x2016,4f985abcd82d49a19823552ec7e0a04839c880c8305acf403998a714ececb207,1,,0.07068,0.0072,gauss2,BP02_12MP_NL_JPEG.mat,1,1982.8
D05_iPhone_7_Plus_45129105141.jpg,2016x1512,431a6271bfbf34f27e9264b23fd33170d5a8e25b140c6ea17dd3888660cfbf6f,1,,0.070493,0.0072,gauss2,BP02_12MP_NL_JPEG.mat,0,2471.0
D06_iPhone_7_Plus_32296985854.jpg,1512x2016,51e392b76e9db81a0cf7ee3a327e22af6f902c2ef637aa23cadc96bd4c365121,1,,0.04908,0.0072,gauss2,BP01_12MP_NL_JPEG.mat,3,2670.1
D06_iPhone_7_Plus_32296988114.jpg,1512x2016,a5dec36d5d9c234061af5602428539d4576a3cbea4557d6ecdf5a070bd25cf62,1,,0.035073,0.0072,gauss2,BP01_12MP_NL_JPEG.mat,3,2770.1
D06_iPhone_7_Plus_32296989344.jpg,1512x2016,47575e563b8ffdbc24ff41450d1f14f340d4907b9232942d7ae809d9ae9bdae3,1,,0.007557,0.0072,gauss2,BP01_12MP_NL_JPEG.mat,3,3101.8
D06_iPhone_7_Plus_32297088504.jpg,1512x2016,374348dba2e9892b1b464cfe07833d19b2c0d7a900102dbff73357e56eaa9819,1,,0.049396,0.0072,gauss2,BP01_12MP_NL_JPEG.mat,3,2840.5
D06_iPhone_7_Plus_32297326864.jpg,1512x2016,f4878305125a2fcc12b75d3f0103ae3786178fe92c836f7550790ef2390eb049,1,,0.015954,0.0072,gauss2,BP01_12MP_NL_JPEG.mat,3,3010.6
D06_iPhone_7_Plus_32297865594.jpg,1512x2016,f9505e76e0a099c4993992ec638ec7e09420aacdfe7e60bcd54af6d7fb6ff78b,1,,0.04564,0.0072,gauss2,BP01_12MP_NL_JPEG.mat,3,2605.9
D06_iPhone_7_Plus_32326337793.jpg,1512x2016,618b414bfcc5eb61e065e80bf207a760d99a0cae6f7b9f67531212b9fd8ebf7e,1,,0.004157,0.0072,gauss2,BP01_12MP_NL_JPEG.mat,3,2402.8
D06_iPhone_7_Plus_32326338543.jpg,1512x2016,834c38ea858ca2e1dd5dad15fe52ea3423dd25a2a901861f25ad4b596193b63c,1,,0.014462,0.0072,gauss2,BP01_12MP_NL_JPEG.mat,3,2334.3
D06_iPhone_7_Plus_32326339953.jpg,2016x1512,b9e12fd6168f82effaa79b1039b9119a236d0f05362b6c5dadbdfa768cd1d095,1,,0.009896,0.0072,gauss2,BP01_12MP_NL_JPEG.mat,2,1953.7
D06_iPhone_7_Plus_32327074053.jpg,1512x2016,6970a1d9098cda0dd0bdd7c968c5e6831f5a442cfef076d3d04191779b47cc13,1,,0.011523,0.0072,gauss2,BP01_12MP_NL_JPEG.mat,3,2221.6
D06_iPhone_7_Plus_32327074833.jpg,1512x2016,dd1df6c7583a3672172ccae6452b42b763adcacf7b9d13873b64e6b3247f21b1,1,,0.021679,0.0072,gauss2,BP01_12MP_NL_JPEG.mat,3,2629.3
D06_iPhone_7_Plus_32327130013.jpg,1512x2016,788e6f4043076c3c95d75bdaac888f0816e9d1435a8eef2997da94293a80a33a,1,,0.209845,0.0072,gauss2,BP01_12MP_NL_JPEG.mat,3,2525.3
D06_iPhone_7_Plus_32327131533.jpg,1512x2016,4dab940192d37ee4df575e43e979224014cb55b2f8063746b698cbfcbe3970fb,1,,0.189678,0.0072,gauss2,BP01_12MP_NL_JPEG.mat,3,2291.8
D06_iPhone_7_Plus_32327313953.jpg,1512x2016,701c6214c01633d5afb82ad9136238153b86acb7c97de9aca3b38956be67ebe5,1,,0.014088,0.0072,gauss2,BP01_12MP_NL_JPEG.mat,3,2180.8
D06_iPhone_7_Plus_32327519723.jpg,1512x2016,4ff39b790ae36506330cb42ea89121e5c033d868ac1bdacdadf3e4d2ffd76830,1,,0.136672,0.0072,gauss2,BP01_12MP_NL_JPEG.mat,3,2060.7
D06_iPhone_7_Plus_32327521083.jpg,1512x2016,0faf8f9985fc1169346b318e8ccd16521b3f14bb79a782c20c7e44d7a6b2f809,1,,0.037021,0.0072,gauss2,BP01_12MP_NL_JPEG.mat,3,1997.3
D06_iPhone_7_Plus_32327522433.jpg,1512x2016,f75e01eb1799d829896bef5ad71bb5de940e2e67071f25ba49da0b01dd3a1f9b,1,,0.054365,0.0072,gauss2,BP01_12MP_NL_JPEG.mat,3,1897.3
D06_iPhone_7_Plus_32327523523.jpg,1512x2016,235274b1ac032bb09f9d69ed74f2adfea742e7aa8667a87061622666e4bd502b,1,,0.027995,0.0072,gauss2,BP01_12MP_NL_JPEG.mat,3,1956.0
D06_iPhone_7_Plus_32517340173.jpg,1512x2016,c7236db51f63eed14e0719f0c13a3c0ce251d11cec4920429da77252082fb161,1,,0.004668,0.0072,gauss2,BP01_12MP_NL_JPEG.mat,3,1861.1
D06_iPhone_7_Plus_32642031204.jpg,1512x2016,18f6e85bb1882fa19b7ed6dd35ae8fb0edcd7c38587b56702ca229be6468579c,1,,0.008975,0.0072,gauss2,BP01_12MP_NL_JPEG.mat,3,1840.0
D06_iPhone_7_Plus_32739873164.jpg,1512x2016,39291d272a04db9c36b16421bdee5408fef3aba1a150502bf5c37108cc603bd0,1,,0.015007,0.0072,gauss2,BP01_12MP_NL_JPEG.mat,3,1754.0
D06_iPhone_7_Plus_32759870630.jpg,1512x2016,08e6c369a431d46061505cf033065aa4cfb3d632c76d6109a2d94afe895de8fa,1,,0.031696,0.0072,gauss2,BP01_12MP_NL_JPEG.mat,3,1919.6
D06_iPhone_7_Plus_32760378540.jpg,1512x2016,d1c120dd619948ea9f2f7e58538426eac747cfcd2b80dcd1390c3371a9f7a83f,1,,0.017507,0.0072,gauss2,BP01_12MP_NL_JPEG.mat,3,1870.5
D06_iPhone_7_Plus_32807596074.jpg,1512x2016,cc26bb4228d178b091b42565ef86d9790aa27413cdf26ebae860a1f6176313dc,1,,0.260308,0.0072,gauss2,BP01_12MP_NL_JPEG.mat,3,1951.3
D06_iPhone_7_Plus_32866556954.jpg,1512x2016,d2cc280d5f0bdaa9c3e419f308108280777d59747fcea23fa256834611e33aef,1,,0.021188,0.0072,gauss2,BP01_12MP_NL_JPEG.mat,3,2229.9
D06_iPhone_7_Plus_32866561364.jpg,1512x2016,986f87b77db4fad38cdb18a0d720f00d84d1c5ba23deb98a8bd9ee19c93f1d3e,1,,0.007668,0.0072,gauss2,BP01_12MP_NL_JPEG.mat,3,1776.0
D06_iPhone_7_Plus_32866561574.jpg,1512x2016,a6fcbb3d148e4bc9c12386dda6e5486fc0a663bf67e96b8aff593063256baf48,1,,0.006476,0.0072,gauss2,BP01_12MP_NL_JPEG.mat,3,2149.1
D06_iPhone_7_Plus_32866564634.jpg,1512x2016,7b0cc9696644fbc73a5be581fd1b9e7f7b86af61a72bc86d1d174284bffeb22d,1,,0.017875,0.0072,gauss2,BP01_12MP_NL_JPEG.mat,3,2858.6
D06_iPhone_7_Plus_32866565404.jpg,1512x2016,8265c05fef332d381e79f00c0d711100ccafb7d9edbb05059e34c34603c1c779,1,,0.010761,0.0072,gauss2,BP01_12MP_NL_JPEG.mat,3,2322.1
D06_iPhone_7_Plus_32866565894.jpg,1512x2016,50552b470f2fec065d87cabc167530633220b639ef57ef4521a9f9ec9e1e849d,1,,0.009286,0.0072,gauss2,BP01_12MP_NL_JPEG.mat,3,2168.9
D06_iPhone_7_Plus_32866566164.jpg,1512x2016,58b9279c161d2665b79f8ef870dea19faace22fa58e07d24f639794e01542919,1,,0.011932,0.0072,gauss2,BP01_12MP_NL_JPEG.mat,3,2108.9
D06_iPhone_7_Plus_32866567304.jpg,1512x2016,d8bf3b765da13b2d50554718e07c8d6c48c829ce9ccb8ffdce9226f76c5cd3a3,1,,0.01034,0.0072,gauss2,BP01_12MP_NL_JPEG.mat,3,2269.4
D06_iPhone_7_Plus_32986098242.jpg,1512x2016,89b4d8707869db526b42d589805cf1fdc4eaa10955d4028d9e37d9d1bbbcca02,1,,0.034676,0.0072,gauss2,BP01_12MP_NL_JPEG.mat,3,2039.3
D06_iPhone_7_Plus_32986290352.jpg,1512x2016,ed62d621493d7d8fdb7cc374c82b693a0106a7d003cd501f515478aabb49dcfd,1,,0.011968,0.0072,gauss2,BP01_12MP_NL_JPEG.mat,3,1925.6
D06_iPhone_7_Plus_32986291792.jpg,1512x2016,3cc8a251f87d3a5071df78dab65fddb29054d5428bcef2275ac30a54eeacdf85,1,,0.010131,0.0072,gauss2,BP01_12MP_NL_JPEG.mat,3,1847.5
D06_iPhone_7_Plus_32986293892.jpg,1512x2016,2c822ab62b2b13a49317c1e562bd9ee4ec4a7077630d5049f47afef110ecdf4c,1,,0.013519,0.0072,gauss2,BP01_12MP_NL_JPEG.mat,3,1918.9
D06_iPhone_7_Plus_32986295582.jpg,1512x2016,de62648d3913362501202736b3bbaa096c3b37fc496141cf2f845b6276d01f92,1,,0.013765,0.0072,gauss2,BP01_12MP_NL_JPEG.mat,3,2230.1
D06_iPhone_7_Plus_32986296992.jpg,1512x2016,dcb028f1b0e0ff5db3758f8b16c34c3ba4e5128ddb5ce6ec3dce943465f951b4,1,,0.015975,0.0072,gauss2,BP01_12MP_NL_JPEG.mat,3,1968.5
D06_iPhone_7_Plus_32986297702.jpg,1512x2016,2498c91462a4c30472b174f84e2324ad827656aaf460339225a7d38bb1f1f5a3,1,,0.014137,0.0072,gauss2,BP01_12MP_NL_JPEG.mat,3,1634.8
D06_iPhone_7_Plus_32986298392.jpg,1512x2016,40ce603da73d5274ff88117a7147658465ab44f4216fb898a56b95e488a40a70,1,,0.013538,0.0072,gauss2,BP01_12MP_NL_JPEG.mat,3,1773.0
D06_iPhone_7_Plus_32986300512.jpg,1512x2016,aecaec45ee6894e6d9822b72a16b2ecd5c2b78a4ad29822dc30935cda8590aff,1,,0.033702,0.0072,gauss2,BP01_12MP_NL_JPEG.mat,3,2101.5
D06_iPhone_7_Plus_32986392732.jpg,1512x2016,d2c78bb35bf5f79c771f186285b711301c5111aaefe349cb6eeecfc9834f3fe1,1,,0.014763,0.0072,gauss2,BP01_12MP_NL_JPEG.mat,3,2069.0
D06_iPhone_7_Plus_32986394062.jpg,1512x2016,d4773da970033955155cae42d9deaf17ed92d525cf301a6b0968ffaa99ee9765,1,,0.028565,0.0072,gauss2,BP01_12MP_NL_JPEG.mat,3,1958.8
D06_iPhone_7_Plus_32986531422.jpg,1512x2016,747698c9c24e6c894add5661d89ed647cc34bd271e07ca00f801b52d99ef90c3,1,,0.112023,0.0072,gauss2,BP01_12MP_NL_JPEG.mat,3,1924.0
D06_iPhone_7_Plus_32986542802.jpg,1512x2016,e47c85540d7e28404ea9429a805acda8387747b9e5d4fc589d6db0a00c13e4ff,1,,0.007962,0.0072,gauss2,BP01_12MP_NL_JPEG.mat,3,1884.4
D06_iPhone_7_Plus_32986543842.jpg,1512x2016,267950f69cdf305bc95996cacb51c9ffc75710bedc1c1e1638c6749e89fcf023,1,,0.044439,0.0072,gauss2,BP01_12MP_NL_JPEG.mat,3,1908.6
D06_iPhone_7_Plus_32986544302.jpg,1512x2016,58a10eda7dc1bf1a4f3bc1016068b1903ea034b40c183779a5078b4e1d2feee9,1,,0.048012,0.0072,gauss2,BP01_12MP_NL_JPEG.mat,3,1862.3
D06_iPhone_7_Plus_32986548212.jpg,1512x2016,f836a4739a51762c93e0ef0a105f6d7ead07074a2a0c5931817c1f4e950e2878,1,,0.038122,0.0072,gauss2,BP01_12MP_NL_JPEG.mat,3,1760.4
D06_iPhone_7_Plus_33015266451.jpg,1512x2016,cb542078024497ac67421a4fc685644aa562fc77ab075523a67cc113c5b72229,1,,0.017872,0.0072,gauss2,BP01_12MP_NL_JPEG.mat,3,1612.9
D06_iPhone_7_Plus_33015669501.jpg,1512x2016,704b79a74c4480fd375873dae57327c15bcc6cb474f604bc078c904530d551f0,1,,0.022238,0.0072,gauss2,BP01_12MP_NL_JPEG.mat,3,1769.3
D06_iPhone_7_Plus_33015670521.jpg,1512x2016,461af5b0757d680e2a25d8f64232e7083f2b0b11909aa4513d8779a5358227b1,1,,0.025206,0.0072,gauss2,BP01_12MP_NL_JPEG.mat,3,1854.8
D06_iPhone_7_Plus_33015875471.jpg,1512x2016,5903eeffc57aa3d707cf5c5bf2402c508ff15e4b9eaf466e750a430f0162d87e,1,,0.035421,0.0072,gauss2,BP01_12MP_NL_JPEG.mat,3,1920.7
D06_iPhone_7_Plus_33015876711.jpg,1512x2016,905620a57ccaf6631874c8e053465796ddbf5ccca80cd37419ecf2f22016c65e,1,,0.006895,0.0072,gauss2,BP01_12MP_NL_JPEG.mat,3,1866.0
D06_iPhone_7_Plus_33015879951.jpg,1512x2016,3588cd684e55fa6585efadab5bb492b577bdf0323c20212ea964b6dd87d418eb,1,,0.051595,0.0072,gauss2,BP01_12MP_NL_JPEG.mat,3,1826.1
D06_iPhone_7_Plus_33015881081.jpg,1512x2016,dd39bf682131392b8d43eb30d70ce5a5968afd8e4be631b4078756139acf2933,1,,0.018554,0.0072,gauss2,BP01_12MP_NL_JPEG.mat,3,1706.4
D06_iPhone_7_Plus_33015882041.jpg,1512x2016,c5e169baba32e2671fefed4f0aea7af878bc9489f6c9095e7385f764ed752d1d,1,,0.027653,0.0072,gauss2,BP01_12MP_NL_JPEG.mat,3,1686.4
D06_iPhone_7_Plus_33015882741.jpg,1512x2016,d1a7f4526ce5cfd0ce1d661c8022533a875636b9bfb45fdd189ba8321d804fc1,1,,0.016576,0.0072,gauss2,BP01_12MP_NL_JPEG.mat,3,1739.3
D06_iPhone_7_Plus_33015883591.jpg,1512x2016,f800f0130576b6f1bda4e185c0f9c859094a8c5d1f556b4f63f22819f85096c0,1,,0.015938,0.0072,gauss2,BP01_12MP_NL_JPEG.mat,3,1916.2
D06_iPhone_7_Plus_33015884091.jpg,1512x2016,0a6957bb2900a70759bc9b8c2e9ad9bbf4fc141172825106d5381002aac1930f,1,,0.047351,0.0072,gauss2,BP01_12MP_NL_JPEG.mat,3,1881.2
D06_iPhone_7_Plus_33101149986.jpg,1512x2016,145c42f5a6f78e5a564d8de22cee427c81231dda2036d69e1ca5e06f9e1f11aa,1,,0.113608,0.0072,gauss2,BP01_12MP_NL_JPEG.mat,3,1923.0
D06_iPhone_7_Plus_33101208376.jpg,1512x2016,718d07273d7a2d03ae88039e1c5502cbabb19ca10c818febd934d7830482335b,1,,0.01198,0.0072,gauss2,BP01_12MP_NL_JPEG.mat,3,1749.6
D06_iPhone_7_Plus_33101488726.jpg,1512x2016,b3de541a3c1ac5cb30c93a903830935982ea0b54037c7f2da82961a17b4b67b0,1,,0.027067,0.0072,gauss2,BP01_12MP_NL_JPEG.mat,3,1912.9
D06_iPhone_7_Plus_33101489656.jpg,1512x2016,baa8d6900a652977acf189b400e750c8631b65573972b3ea4f575b5709d3d4a4,1,,0.013318,0.0072,gauss2,BP01_12MP_NL_JPEG.mat,3,1792.5
D06_iPhone_7_Plus_33101493666.jpg,1512x2016,34a41cc074c64bc97d953a704cfb11316d34bb75364fef2d35fbf31e087c71fb,1,,0.032805,0.0072,gauss2,BP01_12MP_NL_JPEG.mat,3,1680.4
D06_iPhone_7_Plus_33101495296.jpg,1512x2016,a05bd2454904128f62ec9e70dd58dacf9825f41a0e66af2b7b40bac23fddcc01,1,,0.016253,0.0072,gauss2,BP01_12MP_NL_JPEG.mat,3,1742.5
D06_iPhone_7_Plus_33101495756.jpg,1512x2016,887c5bb7fcea4c81567385dfe609fc9f1d70ae3f0891d457b685bf065a9858dc,1,,0.021046,0.0072,gauss2,BP01_12MP_NL_JPEG.mat,3,1870.8
D06_iPhone_7_Plus_33101504266.jpg,1512x2016,7ddc706d477de33d9c53536e2706f720193ba8400fe3247858edcfe046d43d42,1,,0.024004,0.0072,gauss2,BP01_12MP_NL_JPEG.mat,3,1904.5
D06_iPhone_7_Plus_33101506466.jpg,1512x2016,6e1b05f543b68dfc423c89ba7dfb7e2cc5af2731c11ee1e93fb590e74d565ce2,1,,0.023658,0.0072,gauss2,BP01_12MP_NL_JPEG.mat,3,1866.3
D06_iPhone_7_Plus_33101617696.jpg,1512x2016,ddd880d4321c5ccdf3b40b018604a12f6cc553130af1aeb5fa836856a220532e,1,,0.025696,0.0072,gauss2,BP01_12MP_NL_JPEG.mat,3,1849.3
D06_iPhone_7_Plus_33143115345.jpg,1512x2016,42fee17d289a31e891ee24cadce1ff820e7dd80e62da4264b08161d68c0fb46d,1,,0.018535,0.0072,gauss2,BP01_12MP_NL_JPEG.mat,3,1834.4
D06_iPhone_7_Plus_33199550310.jpg,2016x1512,791b2d888d4b73ccbd4cbf2c5abfc366984af0a7da0dafdadcb416f6adf0c7d2,1,,0.032005,0.0072,gauss2,BP01_12MP_NL_JPEG.mat,2,1738.0
D06_iPhone_7_Plus_33204106911.jpg,1512x2016,b9b515bf4acd3e5f9e3aa58b20c7a7b2f3f18e896552137010284f008564dec2,1,,0.010045,0.0072,gauss2,BP01_12MP_NL_JPEG.mat,3,1624.4
D06_iPhone_7_Plus_33267991622.jpg,1512x2016,f36f740e96435b0947babc0423272ebda0d090b6e8c145e52b69723ad70d643c,1,,0.030589,0.0072,gauss2,BP01_12MP_NL_JPEG.mat,3,1861.3
D06_iPhone_7_Plus_33290786226.jpg,2016x1512,973954013b7674c704d4dcb13dd0fb6d3e0984c10b1d13cba0d4cde9cffdb299,1,,0.017919,0.0072,gauss2,BP01_12MP_NL_JPEG.mat,2,1891.8
D06_iPhone_7_Plus_33290796386.jpg,1512x2016,2b5f2887f119686d9e8e036c1f0287b60729a064919966ea0ac28812d0aa58e2,1,,0.020515,0.0072,gauss2,BP01_12MP_NL_JPEG.mat,3,1922.8
D06_iPhone_7_Plus_33295285051.jpg,1512x2016,0e843018d9e4eac6df304d82cccec884a0f8d528f5376dcd8fcc677a2f40eafa,1,,0.019663,0.0072,gauss2,BP01_12MP_NL_JPEG.mat,3,1824.6
D06_iPhone_7_Plus_33295286061.jpg,1512x2016,c0d1dec5fa3b73fd097ac2318f67b5e875aeaa92c3490669d3bf7b690c1788f4,1,,0.027708,0.0072,gauss2,BP01_12MP_NL_JPEG.mat,3,1725.0
D06_iPhone_7_Plus_33324883810.jpg,1512x2016,7c82d700a2481d1cb9e9e039f1450f7f1ae0535147e12bbc71ca26a199c65be1,1,,0.011054,0.0072,gauss2,BP01_12MP_NL_JPEG.mat,3,1738.0
D06_iPhone_7_Plus_33324884460.jpg,1512x2016,86d0ee92ff12c6940aa0e3a21647af3526ec1300ac6167152bc8429e79fbd6b5,1,,0.001521,0.0072,gauss2,BP02_12MP_NL_JPEG.mat,1,1685.5
D06_iPhone_7_Plus_33423730695.jpg,1512x2016,064c46a0a74c5acb6ba7ef577ab08a4264322d87174494ca21d563f9a6279ac6,1,,0.018284,0.0072,gauss2,BP01_12MP_NL_JPEG.mat,3,1675.5
D06_iPhone_7_Plus_33423733055.jpg,1512x2016,e87bb7f5fca8f83a8f29892187d6de7918054faeb87348bac388e6c17742c10a,1,,0.009398,0.0072,gauss2,BP01_12MP_NL_JPEG.mat,3,1919.0
D06_iPhone_7_Plus_33423733875.jpg,1512x2016,f5d2e1cfc26aa1661d4161821113c92e466cc36de0ea84f539ee2139068c2ebc,1,,0.021683,0.0072,gauss2,BP01_12MP_NL_JPEG.mat,3,1982.8
D06_iPhone_7_Plus_33426072112.jpg,1512x2016,3cdfed76926dedf1524077e5633a8409148bfcd5b31cca34819593eee35d8fb9,1,,0.02073,0.0072,gauss2,BP01_12MP_NL_JPEG.mat,3,1956.1
D06_iPhone_7_Plus_33426073512.jpg,1512x2016,8c5a0cee9dbe3c083119203b7933598ba4d44c83226c6a7434b014e3d2d989a3,1,,0.020082,0.0072,gauss2,BP01_12MP_NL_JPEG.mat,3,1883.1
D06_iPhone_7_Plus_33542216356.jpg,1512x2016,900dc26d8a50da40ace8459cea5cd6033156bd557169e696ee0c977e8bd9effa,1,,0.033953,0.0072,gauss2,BP01_12MP_NL_JPEG.mat,3,1806.0
D06_iPhone_7_Plus_33542217286.jpg,1512x2016,8eac018caaed9d9e5429b6872f33e4785e4da09f2ac2c821cf74b3fa72b97d8f,1,,0.016844,0.0072,gauss2,BP01_12MP_NL_JPEG.mat,3,1783.2
D06_iPhone_7_Plus_33542217776.jpg,1512x2016,2787a650346f76273673317805461d1fd82495199a228a943769a556fe353151,1,,0.028332,0.0072,gauss2,BP01_12MP_NL_JPEG.mat,3,1705.4
D06_iPhone_7_Plus_33542218626.jpg,1512x2016,a7fa7d8983b7e12185386c11d1d72b62f3493a056d58a3149e1581f8e57bbd8b,1,,0.019442,0.0072,gauss2,BP01_12MP_NL_JPEG.mat,3,1737.3
D06_iPhone_7_Plus_33542219506.jpg,1512x2016,06cabdc54d240793e922059a5df6e8d6b3842ed6598ce1ea4dfbc58cf281ef36,1,,0.033797,0.0072,gauss2,BP01_12MP_NL_JPEG.mat,3,1807.9
D06_iPhone_7_Plus_33542219896.jpg,2016x1512,e8fd697ccac2c26708c98a2e4f83e570526191292d9060bb952a3bd861d389c2,1,,0.053534,0.0072,gauss2,BP01_12MP_NL_JPEG.mat,2,1800.1
D06_iPhone_7_Plus_33552753292.jpg,1512x2016,170b417ad975ef5a8a0d61e372a316f459ff573433f714ff2bfc64a4d19a7bea,1,,0.022924,0.0072,gauss2,BP01_12MP_NL_JPEG.mat,3,1768.3
D06_iPhone_7_Plus_33690868980.jpg,1512x2016,102426b6777aa1b8c03eaed5c8b1b98a85bb59cc44b680f14ec341f631a26c85,1,,0.028785,0.0072,gauss2,BP01_12MP_NL_JPEG.mat,3,1902.5
D06_iPhone_7_Plus_33690870820.jpg,1512x2016,14cafc263172b3ce50bdc2ac8d711068c30bb6ee91467736be7a3afccd22f5a0,1,,0.015529,0.0072,gauss2,BP01_12MP_NL_JPEG.mat,3,1773.2
D06_iPhone_7_Plus_33709047345.jpg,1512x2016,269ae6b380477246647740d128b0ee037e64cbed864d67f6e8fbbd4199f02a84,1,,0.015964,0.0072,gauss2,BP01_12MP_NL_JPEG.mat,3,1688.7
D06_iPhone_7_Plus_33709050505.jpg,1512x2016,8e058834e6d2d3533853bc098b8d73626007ec73106bfc4f52d9773ebaacd380,1,,0.002213,0.0072,gauss2,BP02_12MP_NL_JPEG.mat,1,1750.2
D06_iPhone_7_Plus_33709052455.jpg,1512x2016,35df2546894c400f695eddb25f5eacee4eec00c1bd2bfa1eb4ffbb17bfafd83b,1,,0.01472,0.0072,gauss2,BP01_12MP_NL_JPEG.mat,3,1869.1
D06_iPhone_7_Plus_33709052725.jpg,1512x2016,2fe2ed7fea6d6de5f8516300d2347f94547dda2885b8dbba444b641e51ccced0,1,,0.010256,0.0072,gauss2,BP01_12MP_NL_JPEG.mat,3,1922.9
D06_iPhone_7_Plus_33709054835.jpg,1512x2016,089ff1fc2073e7860636cdcb8c296d1dc39f7691dea4f3f6a480786fb72d34cb,1,,0.007811,0.0072,gauss2,BP01_12MP_NL_JPEG.mat,3,1884.5
D06_iPhone_7_Plus_33793029211.jpg,2016x1512,86bf30b8f66b9f88f77dcc56432df11d3faac21e462b5b37dc511e45c539f5c1,1,,0.017322,0.0072,gauss2,BP01_12MP_NL_JPEG.mat,2,1887.7
D06_iPhone_7_Plus_33793031291.jpg,2016x1512,762ea98b79ecee390dbb550948c9fd6f1e532dcb28ecde007a884e52c8ac2e41,1,,0.037447,0.0072,gauss2,BP01_12MP_NL_JPEG.mat,2,1788.0
D06_iPhone_7_Plus_34034793406.jpg,1512x2016,c92c2277747efd273b43899d969bcf6b73eaaf71bbf4972986efcaeea66fc0ba,1,,0.018075,0.0072,gauss2,BP01_12MP_NL_JPEG.mat,3,1701.4
D06_iPhone_7_Plus_34034794916.jpg,1512x2016,1558adbf007d1ceda056017163c90b1afdb4aa5a721524f7aeb537d25405e8cb,1,,0.007639,0.0072,gauss2,BP01_12MP_NL_JPEG.mat,3,1673.6
D06_iPhone_7_Plus_34034796526.jpg,1512x2016,f331794571feb374379046957667bc64a69ac62e2a4c7a44631db715985e801c,1,,0.008589,0.0072,gauss2,BP01_12MP_NL_JPEG.mat,3,1777.0
D06_iPhone_7_Plus_34034799836.jpg,1512x2016,8f21fa351cf48856025b8905fed8ebb26a9eaeca9e6bb78b1c63a0346fd6f248,1,,0.024719,0.0072,gauss2,BP01_12MP_NL_JPEG.mat,3,1916.5
D06_iPhone_7_Plus_34074605675.jpg,1512x2016,759cfda2b8b4ac68787d4aa9f656e124990eb655ba8af93d73b66bcdd0c9c583,1,,0.023028,0.0072,gauss2,BP01_12MP_NL_JPEG.mat,3,1806.6
D06_iPhone_7_Plus_34074606845.jpg,1512x2016,d548558f80d23e57dcea871c34f9721c294fd4a06e207542de8eee26f5246f6e,1,,0.009613,0.0072,gauss2,BP01_12MP_NL_JPEG.mat,3,1796.6
D06_iPhone_7_Plus_34074705055.jpg,2016x1512,c98277068ef4c96cc3dfc9cd82c849b60745e7da5562f3c775b10e5ef3866fd1,1,,0.013643,0.0072,gauss2,BP01_12MP_NL_JPEG.mat,2,1874.7
D06_iPhone_7_Plus_34710481730.jpg,1512x2016,2a0d7e36f50c2fbba46799a2750cda341412a14ce0bff7563af137a81e47ff99,1,,0.031138,0.0072,gauss2,BP01_12MP_NL_JPEG.mat,3,1807.7
D06_iPhone_7_Plus_34874526573.jpg,2016x1512,15d3c3b82f5c11e88f63c84ac1c45bfdf63b7196b6f4829ca4f67acd1f8448df,1,,0.055279,0.0072,gauss2,BP01_12MP_NL_JPEG.mat,2,1663.7
D06_iPhone_7_Plus_34874527063.jpg,1512x2016,4fecb14d8661c88640b2d86ca7d17725b8ebd3e19ab00d10a891b93b810c487f,1,,0.015703,0.0072,gauss2,BP01_12MP_NL_JPEG.mat,3,1773.8
D06_iPhone_7_Plus_34874528073.jpg,1512x2016,c93f265f261e598b4d7f8c68f4032bbbe0b408306f128c59e67c3df778b150fe,1,,0.018221,0.0072,gauss2,BP01_12MP_NL_JPEG.mat,3,1854.8
D06_iPhone_7_Plus_34874528723.jpg,1512x2016,01d6f028655a485b5ebd312fd55d4e47c34aa290bf530ba2b979c9622af96ff7,1,,0.015007,0.0072,gauss2,BP01_12MP_NL_JPEG.mat,3,1881.5
D06_iPhone_7_Plus_34966749161.jpg,1512x2016,7c0727fea7aea64a7925725eb850106658c891073177736e2968ad6f952f3ba3,1,,0.005744,0.0072,gauss2,BP01_12MP_NL_JPEG.mat,3,1783.4
D06_iPhone_7_Plus_34966750231.jpg,1512x2016,ac54dafeaa860831c0996d6bd15b3e5d9bc1e198407989a62360841dfbd6d2d6,1,,0.009732,0.0072,gauss2,BP01_12MP_NL_JPEG.mat,3,1832.8
D06_iPhone_7_Plus_35057420476.jpg,1512x2016,28bed97b0a2f868140d31da946e1b62f9558d1044e3e824968dcb3953e159321,1,,0.004722,0.0072,gauss2,BP01_12MP_NL_JPEG.mat,3,1707.3
D06_iPhone_7_Plus_35644309376.jpg,1512x2016,cfcc80cc91af303b4afa7de13867383bca006b39e3492b7c028342cfbbbd21ff,1,,0.020623,0.0072,gauss2,BP01_12MP_NL_JPEG.mat,3,1674.2
D06_iPhone_7_Plus_35683705985.jpg,1512x2016,90fb7e52df6b3ccafc359ce95d33a247401e293f36eafbc45cd357e6b44444ad,1,,0.006007,0.0072,gauss2,BP01_12MP_NL_JPEG.mat,3,1642.0
D06_iPhone_7_Plus_38019556686.jpg,1512x2016,4bcabca9fef99863bdbd19e21878c2083f09b193e91aab934bc09d9cac5994f4,1,,0.0188,0.0072,gauss2,BP01_12MP_NL_JPEG.mat,3,1870.2
D10_iPhone_8_Plus_28124787877.jpg,2016x1512,7a3ddc6737c676cabb9b26d2581a7bd0f00ad924e74e974a8840094dda226f5f,1,,0.005687,0.0072,gauss2,BP03_12MP_NL_JPEG.mat,0,1860.1
D10_iPhone_8_Plus_28124823417.jpg,1512x2016,094aa2a51ebf18c396203fe4384e9a96a657db9414ee102a02bfd43c72700065,1,,0.031087,0.0072,gauss2,BP03_12MP_NL_JPEG.mat,1,1950.7
D10_iPhone_8_Plus_28124823717.jpg,1512x2016,6d644b13cd81f5468cd09a6d5c1b2c79d12b66fba95d55c1396558fb8956ac12,1,,0.022743,0.0072,gauss2,BP03_12MP_NL_JPEG.mat,1,1803.8
D10_iPhone_8_Plus_28124824037.jpg,1512x2016,5617b0c3ff2fcca799db5564a9a75b1aed71e21929ea320a8f186e5df248b2ca,1,,0.018512,0.0072,gauss2,BP03_12MP_NL_JPEG.mat,1,1724.0
D10_iPhone_8_Plus_28417220097.jpg,2016x1512,f80ab2c2c6e8a0497624000c2ce3cd8f52046be80b299763965fcb65a401a007,1,,0.057451,0.0072,gauss2,BP03_12MP_NL_JPEG.mat,0,1581.4
D10_iPhone_8_Plus_28417222057.jpg,2016x1512,02ef05d4cc51c2a36d74acdeaac44c708039d5e4476d9bbdb4e702e684b7642e,1,,0.04893,0.0072,gauss2,BP03_12MP_NL_JPEG.mat,0,1775.3
D10_iPhone_8_Plus_28500863737.jpg,2016x1512,01e4f7cec797d1b7194def14ce3ad72f09f533db3d7548ade7bc59df2db0196c,1,,0.066132,0.0072,gauss2,BP03_12MP_NL_JPEG.mat,0,1843.0
D10_iPhone_8_Plus_28500918487.jpg,2016x1512,c600ff36fc5f544eb1531af371f0b2ffaf47cad397ed38a0ecfe21a5df5fec3f,1,,0.059911,0.0072,gauss2,BP03_12MP_NL_JPEG.mat,0,1881.3
D10_iPhone_8_Plus_29120805638.jpg,1512x2016,fdc6821fd00fa9dc7f35495c5950e88664300c9a9b8074165921318037ead6a3,1,,0.03201,0.0072,gauss2,BP03_12MP_NL_JPEG.mat,1,1811.9
D10_iPhone_8_Plus_29120805948.jpg,1512x2016,bf525099bb5ed5f1fdee0feb82cf402f7a3049d8456047b11d089838a6cbff73,1,,0.020214,0.0072,gauss2,BP03_12MP_NL_JPEG.mat,1,1841.5
D10_iPhone_8_Plus_29500160278.jpg,1512x2016,70565356fa3d3f90ba25d23b0d1bb8d2958f06a18451306b50b896a03bdc2a62,1,,0.062303,0.0072,gauss2,BP03_12MP_NL_JPEG.mat,1,1695.6
D10_iPhone_8_Plus_29500161148.jpg,2016x1512,e0c12c091e93a004605a989d45948fbd77e53a2ce6bffc4a7c1b1468762431c9,1,,0.03722,0.0072,gauss2,BP03_12MP_NL_JPEG.mat,0,1652.9
D10_iPhone_8_Plus_29500161518.jpg,1512x2016,77878630414b55f1c7f01f5f3a06f29c8e34ca7a3b4f289a41c2228ed5180599,1,,0.069408,0.0072,gauss2,BP03_12MP_NL_JPEG.mat,1,1603.3
D10_iPhone_8_Plus_41182708700.jpg,1512x2016,8eea360e8c9a66ed707880d7dc4054082e2ca8282fea96de109d5612c49264c9,1,,0.007152,0.0072,gauss2,BP03_12MP_NL_JPEG.mat,1,1867.3
D10_iPhone_8_Plus_41476701580.jpg,2016x1512,803abef2a0a000f90b527762cc1747c773c4b5cae06637384891e1c36d564420,1,,0.044658,0.0072,gauss2,BP03_12MP_NL_JPEG.mat,0,1835.2
D10_iPhone_8_Plus_41476701660.jpg,2016x1512,6207c9c0f0b692eec2e06dc78592ef43c7b2d732c91a521d6a657341804474f2,1,,0.046548,0.0072,gauss2,BP03_12MP_NL_JPEG.mat,0,1793.8
D10_iPhone_8_Plus_41476701840.jpg,2016x1512,c4c70c15d3d4bfaf070ff5708c4b60c7492834ee7d1a3e8416e79bdfb488df64,1,,0.032322,0.0072,gauss2,BP03_12MP_NL_JPEG.mat,0,1825.4
D10_iPhone_8_Plus_41476703180.jpg,2016x1512,97812a3a3a0dc3f41ffaa19b0b62321b0fca7453e9bfaf3d0faaa8dc1e0f00f0,1,,0.058999,0.0072,gauss2,BP03_12MP_NL_JPEG.mat,0,1769.6
D10_iPhone_8_Plus_41476708350.jpg,2016x1512,34e19c372b90bd37d840fc20703cf9707f1026edc9dbe184fc3392c4b0008d36,1,,0.020088,0.0072,gauss2,BP03_12MP_NL_JPEG.mat,0,1686.5
D10_iPhone_8_Plus_41476708980.jpg,2016x1512,f32ebc448cd1b8b000f65516d74d474dad1837348e756bec76ac80dc3909113a,1,,0.068278,0.0072,gauss2,BP03_12MP_NL_JPEG.mat,0,1769.9
D10_iPhone_8_Plus_42274504364.jpg,1512x2016,57f8fce990adf06a0ec8f17dc657145b0bf87bab0f4bc044215adf61738b5419,1,,0.008785,0.0072,gauss2,BP03_12MP_NL_JPEG.mat,1,1818.7
D10_iPhone_8_Plus_42382950165.jpg,2016x1512,1d4c27a39fa1cc30642103b0cefaa453cb4d1b9d9012f96f6e6631ca5b3c5f2a,1,,0.042291,0.0072,gauss2,BP03_12MP_NL_JPEG.mat,0,1811.0
D10_iPhone_8_Plus_42382950385.jpg,2016x1512,90a69bc2155f601b2b751dc358b933b2886cc6f9c76c6f8e88d323c26e2481ee,1,,0.051111,0.0072,gauss2,BP03_12MP_NL_JPEG.mat,0,1786.7
D10_iPhone_8_Plus_42382950395.jpg,2016x1512,5219017b40b601ec5757b4c1a129ba71d04b728c5db39a13d0b74986c957e209,1,,0.05238,0.0072,gauss2,BP03_12MP_NL_JPEG.mat,0,1779.7
D10_iPhone_8_Plus_42382950415.jpg,2016x1512,a0b4f4020a8544d5763f0901785fbb4c121361fea27398e246e8e441a69da003,1,,0.038197,0.0072,gauss2,BP03_12MP_NL_JPEG.mat,0,1600.7
D10_iPhone_8_Plus_42382950445.jpg,2016x1512,9cc12165015156cb22036e8ac4d152ba8bb7a81e8a111b821052b438237615f3,1,,0.030047,0.0072,gauss2,BP03_12MP_NL_JPEG.mat,0,1596.6
D10_iPhone_8_Plus_42382950595.jpg,2016x1512,1627b0262e9f916482bbc238553619d511600aaf17646c0ccc1ccdb7463aebd6,1,,0.038436,0.0072,gauss2,BP03_12MP_NL_JPEG.mat,0,1841.0
D10_iPhone_8_Plus_42382956095.jpg,2016x1512,7e85f33157e63710d88c8090e9dcaa1257a677371e7300b4ec7fd780f28c4deb,1,,0.053673,0.0072,gauss2,BP03_12MP_NL_JPEG.mat,0,1875.0
D10_iPhone_8_Plus_42382956385.jpg,2016x1512,6a9ec0914efdd88efbabd9c0d61fead0e9b3bed9d9cff2ebd1bee5ceae268631,1,,0.032185,0.0072,gauss2,BP03_12MP_NL_JPEG.mat,0,1805.7
D10_iPhone_8_Plus_42382956485.jpg,2016x1512,d36130c604c2c0b38eb0584ba15ddb5f2b7d8c64108d0b3cc4aa4bae6a33ed19,1,,0.041464,0.0072,gauss2,BP03_12MP_NL_JPEG.mat,0,1917.1
D10_iPhone_8_Plus_42382957015.jpg,2016x1512,f7f7b2d4e4a6f5a263f156bd050e065b4fc43640886d2db25123bed08509270f,1,,0.047137,0.0072,gauss2,BP03_12MP_NL_JPEG.mat,0,1749.8
D10_iPhone_8_Plus_42382962535.jpg,2016x1512,6621772484e3a61703278cf25916b1260439564a224f80a896cf7505e368e699,1,,0.021951,0.0072,gauss2,BP03_12MP_NL_JPEG.mat,0,1664.5
D10_iPhone_8_Plus_42382962795.jpg,1512x2016,64f5551ab0e25cb3d6e9dd169416aa0a2a8cf023fd92699db735254a87b4ac4e,1,,0.041529,0.0072,gauss2,BP03_12MP_NL_JPEG.mat,1,1750.5
D10_iPhone_8_Plus_42382963285.jpg,2016x1512,d37afe8e08da127f3ddd04d560023fdd1a453144eae115c22fa510cab4e68f9d,1,,0.018463,0.0072,gauss2,BP03_12MP_NL_JPEG.mat,0,1855.8
D10_iPhone_8_Plus_42382963615.jpg,2016x1512,7e49dcb309e8dbbd5e668617bb7955c67196d7a18afbd9d40ea35d3eb39782b5,1,,0.018603,0.0072,gauss2,BP03_12MP_NL_JPEG.mat,0,1879.7
D10_iPhone_8_Plus_42466171875.jpg,2016x1512,1592a33709b1aaacb1d87fd0069c4c14623da1132a517b57cfb68205d85bb9a1,1,,0.077861,0.0072,gauss2,BP03_12MP_NL_JPEG.mat,0,1861.6
D10_iPhone_8_Plus_42466171975.jpg,1512x2016,ad330a8f55280e905666812740afc5bf8f235b1222ff4eeca3e17a00d845bc63,1,,0.051693,0.0072,gauss2,BP03_12MP_NL_JPEG.mat,1,1854.1
D10_iPhone_8_Plus_42466171995.jpg,1512x2016,bdab7583caf2a12fa97566cbf5357f57f8f645e138f790fd3f2d914381d81b41,1,,0.04983,0.0072,gauss2,BP03_12MP_NL_JPEG.mat,1,1817.0
D10_iPhone_8_Plus_42466172045.jpg,2016x1512,9e13216919de78a212a271686a2dd351c827b4b577e1b6d394b682bfca74ff05,1,,0.063327,0.0072,gauss2,BP03_12MP_NL_JPEG.mat,0,1676.3
D10_iPhone_8_Plus_42466175205.jpg,1512x2016,5e81c4291dba9c51f1e05faf80553792187c8b55156f60d93cdc6fd849ccf614,1,,0.046987,0.0072,gauss2,BP03_12MP_NL_JPEG.mat,1,1704.0
D10_iPhone_8_Plus_42568489884.jpg,2016x1512,f32534e6ddbe9d0caaf768c4beea7c1d6d43aa47bf2dfd31be7ae3b9fc22a412,1,,0.041667,0.0072,gauss2,BP03_12MP_NL_JPEG.mat,0,1827.9
D10_iPhone_8_Plus_42568490354.jpg,2016x1512,caf84ec32d6e27d07185a6e56e75f51b0f24980836144493cf332a22124ec00d,1,,0.052436,0.0072,gauss2,BP03_12MP_NL_JPEG.mat,0,1883.5
D10_iPhone_8_Plus_42568491494.jpg,2016x1512,dc716de8f96e635d9c5ae827b0b1212c6b5800e0b6631d7c3565672ecd4db0de,1,,0.056226,0.0072,gauss2,BP03_12MP_NL_JPEG.mat,0,1913.7
D10_iPhone_8_Plus_42568496454.jpg,2016x1512,50d711e823a9acd306c5661dc56a5df205c031be2763193b3b7c26e2f2e7e7e1,1,,0.085138,0.0072,gauss2,BP03_12MP_NL_JPEG.mat,0,1878.8
D10_iPhone_8_Plus_42653722014.jpg,2016x1512,ebe142d9abc66a1878975136c3708da7d328befbf20b4795df2fe23a82f3c150,1,,0.071673,0.0072,gauss2,BP03_12MP_NL_JPEG.mat,0,1803.4
D10_iPhone_8_Plus_42653723424.jpg,2016x1512,546706b400cf102749428b3cd05708828178c08025917107f54c2603bfcd4f0e,1,,0.082274,0.0072,gauss2,BP03_12MP_NL_JPEG.mat,0,1720.8
D10_iPhone_8_Plus_42992887281.jpg,1512x2016,f16ef4d65f8faa1bff36aa31dd913bb90a064d94d3818264094d1f01d565fe75,1,,0.023988,0.0072,gauss2,BP03_12MP_NL_JPEG.mat,1,1638.1
D10_iPhone_8_Plus_43237306492.jpg,2016x1512,25264abf9599c6f8072383c99f1736ab8a789067224dd484f29379459a534b90,1,,0.056614,0.0072,gauss2,BP03_12MP_NL_JPEG.mat,0,1763.5
D10_iPhone_8_Plus_43237306532.jpg,2016x1512,d501b7c115decb25e375cbfde6cfdffcbf717566aee41a16ee6bbf55ab4975b3,1,,0.062933,0.0072,gauss2,BP03_12MP_NL_JPEG.mat,0,1859.9
D10_iPhone_8_Plus_43237307032.jpg,2016x1512,d1a727bc7cc1a2ce97eecd16fca23c0b32c64cfcba08fee06b31557aecc53af5,1,,0.060475,0.0072,gauss2,BP03_12MP_NL_JPEG.mat,0,1916.3
D10_iPhone_8_Plus_43237311332.jpg,1512x2016,e9668df3547252baf2679044ff9f7ffcc2130f25c466228a6393bb12dca95ee0,1,,0.040248,0.0072,gauss2,BP03_12MP_NL_JPEG.mat,1,1877.7
D10_iPhone_8_Plus_43237311902.jpg,2016x1512,7892b20e91dc450b525534ea8c214230a7af4cd06ee5a1f4f7d06022b5d3f4a8,1,,0.018574,0.0072,gauss2,BP03_12MP_NL_JPEG.mat,0,1707.4
D10_iPhone_8_Plus_43237312242.jpg,2016x1512,a8fc16dd92f09741ebbc522f3d0df597871989f916e4c1e1d29b5a72e75a1fca,1,,0.015892,0.0072,gauss2,BP03_12MP_NL_JPEG.mat,0,1802.0
D10_iPhone_8_Plus_43286603591.jpg,2016x1512,e7d0cd0e4da7054438e3a122c84b1a46cb23118e511bdaeaf30e5c98ad7159d1,1,,0.043417,0.0072,gauss2,BP03_12MP_NL_JPEG.mat,0,1819.2
D10_iPhone_8_Plus_43286604941.jpg,2016x1512,2aa187819ceab17cd4a2794b1f88efe0cda2bd667b8ced1a81447262b589fe89,1,,0.053896,0.0072,gauss2,BP03_12MP_NL_JPEG.mat,0,1593.4
D10_iPhone_8_Plus_43286608361.jpg,2016x1512,56c6ee28aceb7601a1fd04a9fda1fc4f17818933628b6646dd2dc67a90d2faeb,1,,0.050049,0.0072,gauss2,BP03_12MP_NL_JPEG.mat,0,1837.1
D10_iPhone_8_Plus_43286609191.jpg,2016x1512,dd53882ab4723136f68b33ca3d5c7d1e0b8031bac420bbf3bb4aa5fdb3ea4e89,1,,0.056704,0.0072,gauss2,BP03_12MP_NL_JPEG.mat,0,1850.3
D10_iPhone_8_Plus_43286610151.jpg,2016x1512,adc65b722b330ff06b17465bf3193694ee52d641bc947ecd6b509d09e1c4fe88,1,,0.021735,0.0072,gauss2,BP03_12MP_NL_JPEG.mat,0,1915.1
D10_iPhone_8_Plus_43286610431.jpg,2016x1512,6a55a2766031bd729b27168e40bdcfcafdc51bdf38c44ffb694414cc6530fdf7,1,,0.056782,0.0072,gauss2,BP03_12MP_NL_JPEG.mat,0,1873.5
D10_iPhone_8_Plus_43321809692.jpg,1512x2016,364a159fee6c38446fdd826a20d0e817751698dd98e4193995127f4dfbe773fb,1,,0.044344,0.0072,gauss2,BP03_12MP_NL_JPEG.mat,1,1768.6
D10_iPhone_8_Plus_43370368381.jpg,2016x1512,fcbc22e705024778f8bf51cebf8e0a52550ebcfa06c89ef01e7db7094f5ecf85,1,,0.048312,0.0072,gauss2,BP03_12MP_NL_JPEG.mat,0,1622.7
D11_iPhone_8_Plus_25595287527.jpg,2016x1512,3947b20e02e5381f1cabe6eaf21782b9583a9dcca988b3e607d3103140992dc9,1,,0.027015,0.0072,gauss2,BP03_12MP_NL_JPEG.mat,0,1606.3
D11_iPhone_8_Plus_25595289547.jpg,2016x1512,b6f03ccf987cc275721b67862e10b4d14db1f9d4a4c5ee02a849185960c86451,1,,0.008809,0.0072,gauss2,BP03_12MP_NL_JPEG.mat,0,1861.6
D11_iPhone_8_Plus_25595289597.jpg,2016x1512,fea1d95284b21d4372bad265a2b53da70cd8a2cef3d409403ae83e2c31d54631,1,,0.007091,0.0072,gauss2,BP03_12MP_NL_JPEG.mat,0,1895.5
D11_iPhone_8_Plus_25595289767.jpg,2016x1512,1c802fdcc5ac96e548817649c010ce3e2664cf549b5a236db00a43b90e879be4,1,,0.00766,0.0072,gauss2,BP03_12MP_NL_JPEG.mat,0,1782.4
D11_iPhone_8_Plus_26595593638.jpg,2016x1512,744467d7ba62ace0e2e2eff0f5eeec8d36cfc5fc455e3154bbbaf720b184a87f,1,,0.007352,0.0072,gauss2,BP03_12MP_NL_JPEG.mat,0,1754.6
D11_iPhone_8_Plus_26595593718.jpg,2016x1512,db13511ca0d264af8a7211f7e4a9a1c60d46a3a8668df2533aab3a604847e369,1,,0.00693,0.0072,gauss2,BP03_12MP_NL_JPEG.mat,0,1710.7
D11_iPhone_8_Plus_26595594378.jpg,2016x1512,b9c6b9e70bdb6135813716dbc8ad7aae8eee9a241dfe83c5f59de938d94b21d6,1,,0.009225,0.0072,gauss2,BP03_12MP_NL_JPEG.mat,0,1679.5
D11_iPhone_8_Plus_26597793248.jpg,2016x1512,5f392c547e78d4c9ecaa844ba143795372bd6ab4c84117f7cda29e491133181d,1,,0.004855,0.0072,gauss2,BP03_12MP_NL_JPEG.mat,0,1863.2
D11_iPhone_8_Plus_26597793748.jpg,2016x1512,c8d12af4fdcb25d73c779760d1cfeba5612e8a01ffd8996191d37112e4cb3c08,1,,0.012998,0.0072,gauss2,BP03_12MP_NL_JPEG.mat,0,1888.7
D11_iPhone_8_Plus_38655943590.jpg,2016x1512,d1c9d79853f894d146d00a7ac811d02f13ad0f464b2cb85f9a9aa238f3ad856f,1,,0.004354,0.0072,gauss2,BP03_12MP_NL_JPEG.mat,0,1870.9
D11_iPhone_8_Plus_38658105280.jpg,2016x1512,33932d3dcf15ca28534a02022676c9a212840f3be263f76d0624f075f6f1506c,1,,0.00996,0.0072,gauss2,BP03_12MP_NL_JPEG.mat,0,1742.0
D11_iPhone_8_Plus_38658108310.jpg,2016x1512,532c0a9a87027c0ae5d11d2010688472ead862b848db2d1c6e685f7219039c2f,1,,0.005929,0.0072,gauss2,BP03_12MP_NL_JPEG.mat,0,1696.0
D11_iPhone_8_Plus_38658110770.jpg,2016x1512,452f43e221efce057c7d33d2d532e991a0fe9a32aa1b301160fda7b2386f6e26,1,,0.003294,0.0072,gauss2,BP03_12MP_NL_JPEG.mat,0,1660.9
D11_iPhone_8_Plus_39570494505.jpg,2016x1512,d356f0b5063856fd9012f0c554c3fe10bf66fd4f139330fbf4ddead3dae92097,1,,0.00995,0.0072,gauss2,BP03_12MP_NL_JPEG.mat,0,1594.5
D11_iPhone_8_Plus_39570494905.jpg,2016x1512,3b6df2a935cc30cc4f6e52e05598cf306de153f2a05f995c07a24f9913fb04ba,1,,0.012685,0.0072,gauss2,BP03_12MP_NL_JPEG.mat,0,1847.9
D11_iPhone_8_Plus_40424967512.jpg,2016x1512,b56121987e343edac8d2da7dc0d08dbd5684021c232f5f9ee5613021715ed34d,1,,0.004308,0.0072,gauss2,BP03_12MP_NL_JPEG.mat,0,1877.7
D11_iPhone_8_Plus_40466258391.jpg,2016x1512,bdfd6e2fdf668134535cb3c83d2c8a1726bc3ca27453188bc79c896d487b2d76,1,,0.003327,0.0072,gauss2,BP03_12MP_NL_JPEG.mat,0,1844.7
D17_iPhone_X_28643913787.jpg,1512x2016,050d95dc11da7ce3b74b06e04e5775df8729996d1f4b2b6fc1584d7a7edca55c,1,,0.218312,0.0072,gauss2,BP08_12MP_NL_JPEG.mat,3,1714.2
D17_iPhone_X_28643985937.jpg,2016x1512,59330a9a3e5d820f8fe41ab5e2d39721845a24e366fc816b6f62e95765d48f89,1,,0.236465,0.0072,gauss2,BP08_12MP_NL_JPEG.mat,0,1700.9
D17_iPhone_X_28643991617.jpg,2016x1512,1678937407471648fda8ed254ed62e60a92c4c4753e3c963e26b437ddb5e6eca,1,,0.2901,0.0072,gauss2,BP08_12MP_NL_JPEG.mat,0,1691.6
D17_iPhone_X_28644378137.jpg,1512x2016,afbbfad0b519bc2a85ee1cfacc6e25120b5d6c1fec5ee9fa084f70c3a804039a,1,,0.019912,0.0072,gauss2,BP03_12MP_NL_JPEG.mat,1,1875.6
D17_iPhone_X_28644378417.jpg,1512x2016,93cd3dfc14fa7ec7905c4620af8a3ae5a97c661919d57ee418b852340d29f69c,1,,0.011065,0.0072,gauss2,BP03_12MP_NL_JPEG.mat,1,1858.7
D17_iPhone_X_29660046088.jpg,2016x1512,6dbfdac97e2795c82ed9a96cb3d244fe0cf818029a70156e6a4a900543af1e0a,1,,0.022576,0.0072,gauss2,BP03_12MP_NL_JPEG.mat,0,1934.1
D17_iPhone_X_29660047018.jpg,2016x1512,9d1396dabbd009df397134d419fef3421469aae433e73eb3b6168b34f030c869,1,,0.010097,0.0072,gauss2,BP03_12MP_NL_JPEG.mat,0,1861.1
D17_iPhone_X_29775534008.jpg,2016x1512,840b96c0da66ed5da165b249fb4a0ebab1ed8f4a91028b1cdee90d669522735b,1,,0.075505,0.0072,gauss2,BP03_12MP_NL_JPEG.mat,0,1800.2
D17_iPhone_X_41722992700.jpg,1512x2016,cada5c9337a6260191c6d1ddfa62acf8a276edec30e65e1490d10e7e8224d8df,1,,0.210647,0.0072,gauss2,BP08_12MP_NL_JPEG.mat,3,1762.7
D17_iPhone_X_41723293220.jpg,2016x1512,e2c8546c128bedd7420ce6d0f3c8c77f5f324eae187dce9a8a79b90e148d762c,1,,0.02396,0.0072,gauss2,BP03_12MP_NL_JPEG.mat,0,1715.1
D17_iPhone_X_41723441030.jpg,2016x1512,6f62b69f0bfe5a276f799c8343187b923dae97942107baca1ab10af1b131fd71,1,,0.010403,0.0072,gauss2,BP03_12MP_NL_JPEG.mat,0,1615.8
D17_iPhone_X_41723492620.jpg,2016x1512,b2928533804280afd2c7e6bf803d476ea1b44523a220365a8467539617e65236,1,,0.01229,0.0072,gauss2,BP03_12MP_NL_JPEG.mat,0,1839.8
D17_iPhone_X_42626822215.jpg,1512x2016,0de819e57e3a4e6fd25fe86d5562a8d8d8fdaa9a21ace6b7aa41d7a3ea72350e,1,,0.217078,0.0072,gauss2,BP08_12MP_NL_JPEG.mat,3,1875.1
D17_iPhone_X_42627075685.jpg,2016x1512,8b09e9559cf76ab1f6d54a61b090b41a2e132ea9fa806436227ba4cf8152fff4,1,,0.020528,0.0072,gauss2,BP03_12MP_NL_JPEG.mat,0,1846.2
D17_iPhone_X_42814343844.jpg,2016x1512,e6ae124d0e3be6952af6cadfe93f7c981ac47f0d8d68f8917bd2c17b49297ae3,1,,0.26457,0.0072,gauss2,BP08_12MP_NL_JPEG.mat,0,1846.4
D17_iPhone_X_42814448804.jpg,2016x1512,1a3d4601354ee8b418ee4ea384accfd0530bf7311319a244426a0ff8fddd192a,1,,0.224865,0.0072,gauss2,BP08_12MP_NL_JPEG.mat,0,2045.4
D17_iPhone_X_42814596094.jpg,2016x1512,abf597e1ec0e97b4ede959d71f8255a396adc29f5c1eeb801e463156be898578,1,,0.022752,0.0072,gauss2,BP03_12MP_NL_JPEG.mat,0,1782.3
D17_iPhone_X_43484018162.jpg,2016x1512,9d3164c5d142462e6820038c3093c0573384f89632ad6edd85bbb43225c6e65b,1,,0.298773,0.0072,gauss2,BP08_12MP_NL_JPEG.mat,0,1677.6
D17_iPhone_X_43484074592.jpg,2016x1512,4d9ca22f6ab3e53d6b9ceeaa9318471daa0d939121317df28541a9bad0b0abae,1,,0.357848,0.0072,gauss2,BP08_12MP_NL_JPEG.mat,0,1747.9
D17_iPhone_X_43531445621.jpg,2016x1512,9692c5db71238d7e474211bd6a650be18819e6ad265f3cc99a2d70c84993e3d5,1,,0.258568,0.0072,gauss2,BP08_12MP_NL_JPEG.mat,0,1863.9
D17_iPhone_X_43531837951.jpg,2016x1512,f2d530abc0addfad822f809d0ac0b2c934776412dbe650ba614c9f93d2b0b7c0,1,,0.015456,0.0072,gauss2,BP03_12MP_NL_JPEG.mat,0,1908.0
D17_iPhone_X_43531918701.jpg,1512x2016,28327132bd85ae1fec1a0e8002255d6165eccdb9a38f5384eff28226f58412c9,1,,0.006797,0.0072,gauss2,BP03_12MP_NL_JPEG.mat,1,1901.6
D18_iPhone_X_28320466008.jpg,1512x2016,2769a3a1cac0c8932f82ebb69b11663e6d5cba20b310dbc74ac118eb16486eab,1,,0.003245,0.0072,gauss2,BP03_12MP_NL_JPEG.mat,1,1891.9
D18_iPhone_X_28320466678.jpg,1512x2016,f2db62600d445b13f04c6b96bc895220bbb7195f5086f056363189e61a3e5bcf,1,,0.003487,0.0072,gauss2,BP08_12MP_NL_JPEG.mat,1,1752.5
D18_iPhone_X_40385940160.jpg,1512x2016,4c5ebd94837524189dc30a3b09ec81a09866076bf6c55ae742320d5f0aee141b,1,,0.001824,0.0072,gauss2,BP03_12MP_NL_JPEG.mat,1,1752.4
D18_iPhone_X_41291792955.jpg,2016x1512,2c495e03056972be090c49ccde340099abf479e26a5bae48c4e38b9d3bff30c5,1,,0.002061,0.0072,gauss2,BP08_12MP_NL_JPEG.mat,0,1635.9
D18_iPhone_X_41291795015.jpg,2016x1512,05996f9ae2ddb680e2411ec97349806f6f222294396faabd7d7ced155a5cf2a8,1,,0.002204,0.0072,gauss2,BP03_12MP_NL_JPEG.mat,2,1821.6
D18_iPhone_X_41292591665.jpg,1512x2016,edc2fcb0fe3c1bc5368d10eed6facb1212bf076cb35f8f4af0ce549d3bb3c098,1,,0.004212,0.0072,gauss2,BP03_12MP_NL_JPEG.mat,1,1742.7
D18_iPhone_X_41292593465.jpg,2016x1512,661ad9f116f6a4acad641800874d6f908171f1ba9490496d13f2797edbf921d8,1,,0.004071,0.0072,gauss2,BP08_12MP_NL_JPEG.mat,0,1841.4
D18_iPhone_X_42192912951.jpg,1512x2016,e3242de6228c8bbdc2e9cc00181ecd718c14c7e086a7672ea2dc099d68cc8188,1,,0.001479,0.0072,gauss2,BP03_12MP_NL_JPEG.mat,3,1863.6
D19_iPhone_X_27632433907.jpg,2016x1512,bc3e2c71c4637e0cfb70db6d5f752950ba4eda9cbe8736982fe4f47f5ee3f23f,1,,0.013286,0.0072,gauss2,BP03_12MP_NL_JPEG.mat,0,1879.0
D19_iPhone_X_27632434347.jpg,2016x1512,a4a5b091710ea18ca82e4cdac211dc2743d03a45d0c7ee8d1150eb990562e696,1,,0.007591,0.0072,gauss2,BP03_12MP_NL_JPEG.mat,0,1797.8
D19_iPhone_X_27632435167.jpg,2016x1512,8a658138328294fd256e4eff274cfd01847c2ff9758c297f3ba84374649d7a26,1,,0.02114,0.0072,gauss2,BP03_12MP_NL_JPEG.mat,0,1670.9
D19_iPhone_X_27632436277.jpg,1512x2016,5009cb8b1e207afee34949a5d1b411f34891b6cd40fd5c7b6b6043f607e57491,1,,0.025285,0.0072,gauss2,BP03_12MP_NL_JPEG.mat,1,1616.2
D19_iPhone_X_27632505557.jpg,1512x2016,419df638ee8bd298e702e107b1a668d53bd61a0bda3cdedcfd70051e442d984b,1,,0.013618,0.0072,gauss2,BP03_12MP_NL_JPEG.mat,1,1863.1
D19_iPhone_X_27647789047.jpg,1512x2016,c75efe3db84fb6e2bb27250f71850e8288f4614bb2fcd5a4f10e4d0f681a37b2,1,,0.019204,0.0072,gauss2,BP03_12MP_NL_JPEG.mat,1,1863.1
D19_iPhone_X_28630363778.jpg,2016x1512,799773e97034a05fff319e36008eb8d377da102f766c0d3cbcad295136609002,1,,0.00192,0.0072,gauss2,BP04_12MP_NL_JPEG.mat,2,1804.7
D19_iPhone_X_40695239740.jpg,2016x1512,6e9c013969b24a7ac2aa9bfb49b42343ce243ba7b24cf880f8dcf2417ca53360,1,,0.04238,0.0072,gauss2,BP03_12MP_NL_JPEG.mat,0,1789.5
D19_iPhone_X_40695248600.jpg,2016x1512,9f877fb8a1eebf48d8cc5d02fbc950bcf0292796044972917dd9dc93f290ab8e,1,,0.015627,0.0072,gauss2,BP03_12MP_NL_JPEG.mat,0,1642.6
D19_iPhone_X_40695308750.jpg,2016x1512,7ddcb505f3b8271dbfcfcc10ee65c8a61e682bfedd8b057fb413c3ec0cf2fc3d,1,,0.016475,0.0072,gauss2,BP03_12MP_NL_JPEG.mat,0,1598.3
D19_iPhone_X_41596835755.jpg,2016x1512,a09c1208a0ae4f5d7cb8e8511a7d0d13bcd97ba64f5f425b009da80583f69b7d,1,,0.015325,0.0072,gauss2,BP03_12MP_NL_JPEG.mat,0,1858.4
D19_iPhone_X_41596836155.jpg,1512x2016,0cfb807d196ddb3c583868bc8f02b97a8bfa651d3d98ef5614f6e1a341e006ac,1,,0.018524,0.0072,gauss2,BP08_12MP_NL_JPEG.mat,1,1973.7
D19_iPhone_X_41596845995.jpg,1512x2016,5ead6ff53fd7231f9c2d995fd7596993b0152f61a2fc217c1ef8e5380536cb6d,1,,0.015776,0.0072,gauss2,BP03_12MP_NL_JPEG.mat,3,1848.5
D19_iPhone_X_41777147664.jpg,2016x1512,701f8e9fa6715659382d08f41e1f43357f2fe61f8c96bce1363ee1da6602036b,1,,0.102426,0.0072,gauss2,BP03_12MP_NL_JPEG.mat,0,1825.8
D19_iPhone_X_41780743784.jpg,1512x2016,a6d69f42912588276094c5912e9639769cd58d320b6274a20d99b1a65902a1ca,1,,0.014816,0.0072,gauss2,BP03_12MP_NL_JPEG.mat,1,1687.1
D19_iPhone_X_41780746014.jpg,1512x2016,74172ab4b39eb2f67d157ac5602a6508586e99666ca328534fc314a5a7353370,1,,0.013804,0.0072,gauss2,BP03_12MP_NL_JPEG.mat,1,1612.6
D19_iPhone_X_41780746974.jpg,2016x1512,72d466359a2a13fe97e2e9d7460958f09db8db4f6729b5b5de38232d1e2ea338,1,,0.019121,0.0072,gauss2,BP03_12MP_NL_JPEG.mat,0,1755.9
D19_iPhone_X_41780747524.jpg,1512x2016,eec3a39b45d5176c5a01ba8a8a4cd2901fcbee462152beebe6e37522fe5b0223,1,,0.014528,0.0072,gauss2,BP03_12MP_NL_JPEG.mat,1,1880.1
D19_iPhone_X_41780747924.jpg,1512x2016,580e082f6addee0ca325ba0c28496645bf9b94bd4175463581660dcc1e323330,1,,0.016964,0.0072,gauss2,BP03_12MP_NL_JPEG.mat,1,1923.9
D19_iPhone_X_42451462012.jpg,1512x2016,1911b7e4aa3be827742d36a5d85cb1046362635237f20ddcb6e6f5868d7ec8af,1,,0.007337,0.0072,gauss2,BP03_12MP_NL_JPEG.mat,1,1888.4
D19_iPhone_X_42499823181.jpg,2016x1512,68d7728e3c62e9e78601279c22ba2bc0c64c878235549b2737001f89be1cba25,1,,0.005108,0.0072,gauss2,BP08_12MP_NL_JPEG.mat,0,1927.7
D19_iPhone_X_42499940951.jpg,2016x1512,1272a47ba3e7855454279c217fcd93a9b496e4d7b7b1889c58ae11ebb551cdb7,1,,0.013545,0.0072,gauss2,BP03_12MP_NL_JPEG.mat,0,1814.6
D19_iPhone_X_42499942881.jpg,2016x1512,d89db1f409bd3afb103cd48a35de1eb6c6802c6860671a7d005a79f83a7abef3,1,,0.010937,0.0072,gauss2,BP03_12MP_NL_JPEG.mat,0,1694.1
D64_iPhone_13_Pro_53123486377.jpg,1512x2016,508f00878d95d8de5990c003ceda00225d9a1eab36c3050c118c28ef4a6df38d,1,,0.094923,0.0072,gauss2,BP06_12MP_NL_HEIC.mat,1,1690.1
D64_iPhone_13_Pro_53123519002.jpg,1512x2016,7accf7427b4b20eb882650df0a77d9afbc1ef2af6f20f2da949f6d611ffcc905,1,,0.083121,0.0072,gauss2,BP06_12MP_NL_HEIC.mat,1,1729.2
D64_iPhone_13_Pro_53123530602.jpg,1512x2016,b8bf261f3c699ab266e278ec3fb34f4d269c536ef29ef1cad138765c57e92208,1,,0.052911,0.0072,gauss2,BP06_12MP_NL_HEIC.mat,1,2128.5
D64_iPhone_13_Pro_53123534022.jpg,1512x2016,0b15c2d5fcaf09baa189f1a245e6855783172f9ae898e4f2bcbb0c7601685827,1,,0.097177,0.0072,gauss2,BP06_12MP_NL_HEIC.mat,1,2168.8
D64_iPhone_13_Pro_53124088311.jpg,1512x2016,ce6ff7a5850381fdfa9f083b62d199cae2343abd66c3c329acf13cea2c022eea,1,,0.101051,0.0072,gauss2,BP06_12MP_NL_HEIC.mat,1,1979.0
D64_iPhone_13_Pro_53124127566.jpg,1512x2016,7852b41f1144fcb5a04c7f072cd42b49333e8cc49653e07638a20e1055d82aac,1,,0.103447,0.0072,gauss2,BP06_12MP_NL_HEIC.mat,1,1912.0
D64_iPhone_13_Pro_53124136756.jpg,1512x2016,8f3ed7579af91c18438e97aae404c3b109971e7b7e954a49cdc1716bfb3c0fb1,1,,0.095611,0.0072,gauss2,BP06_12MP_NL_HEIC.mat,1,1947.9
D64_iPhone_13_Pro_53124291359.jpg,1512x2016,6705915551b2d50a43d3f219cd6227d3de415c11259a6d8e8d919bee10888716,1,,0.217644,0.0072,gauss2,BP06_12MP_NL_HEIC.mat,1,1778.7
D64_iPhone_13_Pro_53124291459.jpg,1512x2016,725878b72ee70e81d69ef689ba0b05c20bc8647d506208f44d2307feef695657,1,,0.090746,0.0072,gauss2,BP06_12MP_NL_HEIC.mat,1,1888.0
D64_iPhone_13_Pro_53124297749.jpg,1512x2016,9d5d41566b2d26211f46720d87fb8db7288348679bc1f8873258d8dcf95eda1d,1,,0.078956,0.0072,gauss2,BP06_12MP_NL_HEIC.mat,1,1702.1
D64_iPhone_13_Pro_53124324714.jpg,1512x2016,61be9b7a8fe1f8d631d362040c1f80adefbb470531ace0d552c68996155125eb,1,,0.073217,0.0072,gauss2,BP06_12MP_NL_HEIC.mat,1,1637.8
D64_iPhone_13_Pro_53124326879.jpg,1512x2016,bbea9cc390e50c40b3055e0b35d809fa23c3705027cf151f8c12a88e67e959a7,1,,0.059524,0.0072,gauss2,BP06_12MP_NL_HEIC.mat,1,1740.1
D64_iPhone_13_Pro_53124335974.jpg,1512x2016,2691304e5f278ca89d89a9bd82655eb8c596e1c1df6e6c81e3e2f39c14386530,1,,0.091579,0.0072,gauss2,BP06_12MP_NL_HEIC.mat,1,1877.9
D64_iPhone_13_Pro_53124339229.jpg,1512x2016,77620261bb654a0e10243199fafb38f8db8baed9a521861767ebb9cd7a972891,1,,0.055623,0.0072,gauss2,BP06_12MP_NL_HEIC.mat,1,1867.9
D64_iPhone_13_Pro_53124339239.jpg,1512x2016,81152b8a66dd311691cb59e646c0b66ffe215f060f5a1e6acfaf8adba81004ad,1,,0.094279,0.0072,gauss2,BP06_12MP_NL_HEIC.mat,1,1833.6
D64_iPhone_13_Pro_53124489585.jpg,1512x2016,a063131aaad257c316eb8fba6de74f22ed6b8ec9df6b81d24c532593612c870f,1,,0.096504,0.0072,gauss2,BP06_12MP_NL_HEIC.mat,1,1882.0
D64_iPhone_13_Pro_53124500290.jpg,1512x2016,1072ada8b7c72128ba3819ab7b33d824f1a736a9862d7ab4cf3cd132002c6716,1,,0.107978,0.0072,gauss2,BP06_12MP_NL_HEIC.mat,1,1801.8
D64_iPhone_13_Pro_53124500300.jpg,1512x2016,589eabe07b5f234eb515b90179aaa9ed5c9d474f1b1bef3132c983b30c3e0054,1,,0.075218,0.0072,gauss2,BP06_12MP_NL_HEIC.mat,1,1658.3
D64_iPhone_13_Pro_53124520085.jpg,1512x2016,ed1b32d3e66d116b45e3dc1cbef89fd55d5c30e3981346f629e0c899a3a9e8e9,1,,0.059165,0.0072,gauss2,BP06_12MP_NL_HEIC.mat,1,1606.9
D64_iPhone_13_Pro_53124521095.jpg,1512x2016,d101db211b296c0d14cf243ec29283308d8dbc4bbbeb769890d05d1e903d5b6c,1,,0.156942,0.0072,gauss2,BP06_12MP_NL_HEIC.mat,1,1860.8
D64_iPhone_13_Pro_53124532730.jpg,1512x2016,84daea466b4359235d3988dcbd4189bd45d461b31d8518252a143b4d8ae74073,1,,0.085645,0.0072,gauss2,BP06_12MP_NL_HEIC.mat,1,1866.6
D64_iPhone_13_Pro_53124582328.jpg,1512x2016,edf213b1fb9f2af9bfb85eca81a92bb929d633faa3126bd70e81f26df498295b,1,,0.07769,0.0072,gauss2,BP06_12MP_NL_HEIC.mat,1,1816.0
D64_iPhone_13_Pro_53124603723.jpg,1512x2016,44dc1e37a8b5a5bd46836aba55ae9f1ec5852b1e67b3d358288217bffd840aa6,1,,0.080081,0.0072,gauss2,BP06_12MP_NL_HEIC.mat,1,1784.6
D64_iPhone_13_Pro_53124603728.jpg,1512x2016,31286dd5b5a762322cf4f2d1556ae16f661d65e7fbd4e7428a2c6fbb645caaf4,1,,0.086962,0.0072,gauss2,BP06_12MP_NL_HEIC.mat,1,1715.3
D64_iPhone_13_Pro_53124611528.jpg,1512x2016,9d91ae04ebf28564870e2f98dc4c3a6e207c91fc067c6709054cfd2efc73e308,1,,0.158022,0.0072,gauss2,BP06_12MP_NL_HEIC.mat,1,1655.7
D64_iPhone_13_Pro_53124617208.jpg,1512x2016,75c766d020f7da863931dbe51e63e8739fd57f4a86540082ff320dfcabc1e001,1,,0.238167,0.0072,gauss2,BP06_12MP_NL_HEIC.mat,1,1811.9
D64_iPhone_13_Pro_53124617248.jpg,1512x2016,8c740b11ca6721f1a92dfce1b9bbfe1f3e8bc767f773815d5bdd0b32e28b6b9e,1,,0.102064,0.0072,gauss2,BP06_12MP_NL_HEIC.mat,1,1860.6
D64_iPhone_13_Pro_53148982637.jpg,1512x2016,1241130047051ecacb1edfb0d09a1caa95bae281ede9df7a8c3083f74d77db7b,1,,0.245354,0.0072,gauss2,BP06_12MP_NL_HEIC.mat,1,1872.5
D64_iPhone_13_Pro_53148984602.jpg,1512x2016,b5fe47c1dd7bacbcd608adb3e8d4586033cfc3b4a92059628fb663585708f822,1,,0.378018,0.0072,gauss2,BP06_12MP_NL_HEIC.mat,1,1805.6
D64_iPhone_13_Pro_53148984612.jpg,1512x2016,e6f6071c216dd69e31352a420e12774274bc1655796076fe5f78a92efc48257f,1,,0.187171,0.0072,gauss2,BP06_12MP_NL_HEIC.mat,1,1846.5
D64_iPhone_13_Pro_53148987277.jpg,1512x2016,79301c1cdb87cda1df0c01dfc6807d6da0998ba2ec0976b06e945f83ebaeaf23,1,,0.213387,0.0072,gauss2,BP06_12MP_NL_HEIC.mat,1,1815.3
D64_iPhone_13_Pro_53148991047.jpg,1512x2016,45bc2657ca88661bf03376204936d8a782ecd35fa84ee1af5e4de11b035e275c,1,,0.162702,0.0072,gauss2,BP06_12MP_NL_HEIC.mat,1,1828.5
D64_iPhone_13_Pro_53148991052.jpg,1512x2016,11b2ca100cf3445b013399527272a4ae609ff80b64684a9edf3df3878fc388d2,1,,0.167328,0.0072,gauss2,BP06_12MP_NL_HEIC.mat,1,1631.6
D64_iPhone_13_Pro_53148991057.jpg,1512x2016,0b53e234a4fe772f7d0ba51585fd32f459e3469384ee3bee93fbbcbd5793d837,1,,0.206538,0.0072,gauss2,BP06_12MP_NL_HEIC.mat,1,1912.7
D64_iPhone_13_Pro_53148991062.jpg,1512x2016,ac70c49a9acd24edd7df74edd0d6a51fb0f110b4b7f586573ea5c6f5d70cfeb3,1,,0.225456,0.0072,gauss2,BP06_12MP_NL_HEIC.mat,1,1980.4
D64_iPhone_13_Pro_53148991067.jpg,1512x2016,c9864439b70a7836aa29194c23d4653c6f11ca51f3f243f4df145b52c06292fa,1,,0.206743,0.0072,gauss2,BP06_12MP_NL_HEIC.mat,1,1869.2
D64_iPhone_13_Pro_53149566566.jpg,1512x2016,105d5a6157ae35e4e9965bbf5eef8f30f263ec68efa8963365fdead9d5b5a924,1,,0.32291,0.0072,gauss2,BP06_12MP_NL_HEIC.mat,1,2120.3
D64_iPhone_13_Pro_53149570256.jpg,1512x2016,ec85adf903f1b2fbd6cc5e09bbdcdcdc6ce487c922091c01297b8464a566038f,1,,0.162105,0.0072,gauss2,BP06_12MP_NL_HEIC.mat,1,1944.0
D64_iPhone_13_Pro_53149570316.jpg,1512x2016,a874cea7b82b3ed28f4606708e05fa220424dfab76afb9ef33c0c22214810d0d,1,,0.253575,0.0072,gauss2,BP06_12MP_NL_HEIC.mat,1,1888.2
D64_iPhone_13_Pro_53149766414.jpg,1512x2016,f751b52617b67d429b129eba389ce5896b83339ef593163231ceb0b6cd38b025,1,,0.25773,0.0072,gauss2,BP06_12MP_NL_HEIC.mat,1,1889.9
D64_iPhone_13_Pro_53149766434.jpg,1512x2016,27b32b71e296a9a9e5d504ec89eaefaac48299c687e641455411e682b001cbda,1,,0.24608,0.0072,gauss2,BP06_12MP_NL_HEIC.mat,1,1976.8
D64_iPhone_13_Pro_53149766704.jpg,1512x2016,af747d53536094c93871cf3b25ca788c4cd8a98c1455bc38a887087676c35ee6,1,,0.168755,0.0072,gauss2,BP06_12MP_NL_HEIC.mat,1,1748.7
D64_iPhone_13_Pro_53149774714.jpg,1512x2016,e577ac3fb7e248eea5984f3820a547c010ec7a1b28828f4760b3addc72a7b275,1,,0.340962,0.0072,gauss2,BP06_12MP_NL_HEIC.mat,1,1666.5
D64_iPhone_13_Pro_53149992490.jpg,1512x2016,c784978b60206f1a7191b22657908ef9b6e918cc63e1280f4bef12b14876a440,1,,0.11908,0.0072,gauss2,BP06_12MP_NL_HEIC.mat,1,1757.9
D64_iPhone_13_Pro_53149992575.jpg,1512x2016,789a360c1fdc35b1d684c8bc2f9a1a9fccdd10fc4716f396a7d3bdb7abaa456b,1,,0.289362,0.0072,gauss2,BP06_12MP_NL_HEIC.mat,1,1882.0
D64_iPhone_13_Pro_53149992770.jpg,1512x2016,ec2e9f2916ace2ad7a7818986b002b9adf6f591203e9ad9725566d06a1f628cb,1,,0.258908,0.0072,gauss2,BP06_12MP_NL_HEIC.mat,1,1926.0
D64_iPhone_13_Pro_53150055988.jpg,1512x2016,de0bcbcd3e3aae579b07206dac4b9e5e0a656fedc5f6aa475d3664616cde165f,1,,0.214804,0.0072,gauss2,BP06_12MP_NL_HEIC.mat,1,1906.2
D64_iPhone_13_Pro_53150055993.jpg,1512x2016,db77f64d73008b85d803b8a054567d3ec9bd31fb9ba7e789cea60982152db9b2,1,,0.237633,0.0072,gauss2,BP06_12MP_NL_HEIC.mat,1,1883.4
D64_iPhone_13_Pro_53150057573.jpg,1512x2016,376f84208b0ce4d21c9d14e1a2247b98fd70bcc9d969dedcceb4f70d5dfa6e72,1,,0.335678,0.0072,gauss2,BP06_12MP_NL_HEIC.mat,1,1902.2
D64_iPhone_13_Pro_53150057578.jpg,1512x2016,697ff6003fa4082390650ad499196dcf2521cbe44b405b4c5d991d91b7a4602b,1,,0.334677,0.0072,gauss2,BP06_12MP_NL_HEIC.mat,1,1710.2
D64_iPhone_13_Pro_53150060118.jpg,1512x2016,d31136e9e84c227f6c1045c9d6ade8c583eb479274cd9289a1808cdeab168016,1,,0.221005,0.0072,gauss2,BP06_12MP_NL_HEIC.mat,1,1678.3
D64_iPhone_13_Pro_53150064128.jpg,1512x2016,4c2ea7058d4fafaca9c10ae5037192ea3e0c1aa18efe2a3adb45a8f017351846,1,,0.21392,0.0072,gauss2,BP06_12MP_NL_HEIC.mat,1,1605.2
D64_iPhone_13_Pro_53178347237.jpg,1512x2016,99697789d5115846336b47af18f61e049067a7bd3d10e1c9a2b276d539d46cda,1,,0.075194,0.0072,gauss2,BP06_12MP_NL_HEIC.mat,1,1890.6
D64_iPhone_13_Pro_53178347242.jpg,1512x2016,72ea1d10a01a2d5d2469213c7e56252924fc6908e06ad252ac5adf488120e141,1,,0.126358,0.0072,gauss2,BP06_12MP_NL_HEIC.mat,1,1940.1
D64_iPhone_13_Pro_53178347687.jpg,1512x2016,ff00f20104e94ecb1ae381706f36eb8c646ad359817e10c38f893f96f8db29eb,1,,0.057088,0.0072,gauss2,BP06_12MP_NL_HEIC.mat,1,1841.4
D64_iPhone_13_Pro_53178349132.jpg,1512x2016,201c2d36bf3635bf85c8acd095a65c3686d7fd8731f43301bb54a6ab7f9ee3d2,1,,0.113464,0.0072,gauss2,BP06_12MP_NL_HEIC.mat,1,1756.8
D64_iPhone_13_Pro_53178349137.jpg,1512x2016,17a45702e216abc17745638b9eafef662d5d13d69b66716ca2afd32019480831,1,,0.078028,0.0072,gauss2,BP06_12MP_NL_HEIC.mat,1,1761.6
D64_iPhone_13_Pro_53178350142.jpg,1512x2016,a9bea6639d9c59df5fa833a647f55e051233e0795cc64e48313fcb62746328d2,1,,0.107666,0.0072,gauss2,BP06_12MP_NL_HEIC.mat,1,1709.2
D64_iPhone_13_Pro_53178350547.jpg,1512x2016,6244251b31e8e6dc7c21a70469bb68cf1ad31236fd0c95a91d4eade0e0119fd2,1,,0.061802,0.0072,gauss2,BP06_12MP_NL_HEIC.mat,1,1769.2
D64_iPhone_13_Pro_53178351832.jpg,1512x2016,3c9eb41f6683262b4c0931121e53d13fc20374f03cc5ed4ea4fdce8f151f71e1,1,,0.166471,0.0072,gauss2,BP06_12MP_NL_HEIC.mat,1,1853.9
D64_iPhone_13_Pro_53178352557.jpg,1512x2016,cf56006e97836199d059a73759e576d976bb05734372e3ff85dcf341d935df4f,1,,0.088809,0.0072,gauss2,BP06_12MP_NL_HEIC.mat,1,1906.5
D64_iPhone_13_Pro_53178353277.jpg,1512x2016,600f1f649cf00770b0503690bac9883e171370825fdd1297fd193ec9953cc83e,1,,0.095711,0.0072,gauss2,BP06_12MP_NL_HEIC.mat,1,1850.4
D64_iPhone_13_Pro_53178939846.jpg,1512x2016,9e6f3d2c26d1e9f400f1786047d3f4fca852c885e77bea152a50a0d5fa073d2a,1,,0.093532,0.0072,gauss2,BP06_12MP_NL_HEIC.mat,1,1900.7
D64_iPhone_13_Pro_53178941306.jpg,1512x2016,7d2abd8338d58244f0dc61554f9a5f89907ad584a26c6c7b4923438f52c6f050,1,,0.091453,0.0072,gauss2,BP06_12MP_NL_HEIC.mat,1,1798.3
D64_iPhone_13_Pro_53178942421.jpg,1512x2016,3632dc896242d74bd7a7031a36c1a21807e6edc29d02d679992146c7b11b21eb,1,,0.153324,0.0072,gauss2,BP06_12MP_NL_HEIC.mat,1,1808.7
D64_iPhone_13_Pro_53178942926.jpg,1512x2016,253af63b9dac13bb257e2f931e64667bfa6e9be2ba31e476134cedc05e3a3806,1,,0.146847,0.0072,gauss2,BP06_12MP_NL_HEIC.mat,1,1686.1
D64_iPhone_13_Pro_53179137069.jpg,1512x2016,68fddd1834843ed09cc2d2abbd5afe1eced5b0e84f995038641ebde5aabdfc44,1,,0.125906,0.0072,gauss2,BP06_12MP_NL_HEIC.mat,1,1767.6
D64_iPhone_13_Pro_53179137394.jpg,1512x2016,f4cffe099a2753ef4559bf30e06dbdfccf5414a19d0704ca7f3f9d7d87ed1f50,1,,0.076303,0.0072,gauss2,BP06_12MP_NL_HEIC.mat,1,1870.8
D64_iPhone_13_Pro_53179139574.jpg,1512x2016,d4a55acc65ff40495b870146c83c6159cb44fdb179cb9d137905f6ce32882079,1,,0.091056,0.0072,gauss2,BP06_12MP_NL_HEIC.mat,1,1911.7
D64_iPhone_13_Pro_53179380705.jpg,1512x2016,e9c0dfa043acd27fe18f07f8b0dbcd67ee6885a459845ca67beef1ebda8077c4,1,,0.127482,0.0072,gauss2,BP06_12MP_NL_HEIC.mat,1,1890.7
D64_iPhone_13_Pro_53179381720.jpg,1512x2016,1feed6ec4ba758b6b490a381d259be1a1bc107b1ebd5ad55b1cf405a57cf2adf,1,,0.08632,0.0072,gauss2,BP06_12MP_NL_HEIC.mat,1,1831.9
D64_iPhone_13_Pro_53179381745.jpg,1512x2016,6cf3e22fec3b3460d655f9d264d7fdf7b0efaf2470a3a5cb3702aa3a1c0b2fa8,1,,0.119611,0.0072,gauss2,BP06_12MP_NL_HEIC.mat,1,1780.0
D64_iPhone_13_Pro_53179382745.jpg,1512x2016,e7fcc24c98376a40b9dd1e51c33cc7ea7ec2c08098b62f73eaff8051173f36bb,1,,0.12552,0.0072,gauss2,BP06_12MP_NL_HEIC.mat,1,1742.6
D64_iPhone_13_Pro_53179383390.jpg,1512x2016,8495e13947164fc972417277ad085defe48f8f2f77c22c48355b9eb5ff5e5c58,1,,0.087013,0.0072,gauss2,BP06_12MP_NL_HEIC.mat,1,1696.6
D64_iPhone_13_Pro_53179384085.jpg,1512x2016,04624a25718fa313efe304c35eb9058578db6033990402ae066293d8638161ff,1,,0.058117,0.0072,gauss2,BP06_12MP_NL_HEIC.mat,1,1861.8
D64_iPhone_13_Pro_53179440168.jpg,1512x2016,cc211d5667c522253031507c4773a41ea686793654992b8a3bbeeeb79e9196a3,1,,0.077446,0.0072,gauss2,BP06_12MP_NL_HEIC.mat,1,1861.9
D65_iPhone_13_Pro_53181951192.jpg,1512x2016,effcaf3fb5680fe446c5a2dd8700dadad119ff545b8a21c8a069dd588384f80c,1,,0.03455,0.0072,gauss2,BP06_12MP_NL_HEIC.mat,1,1819.2
D65_iPhone_13_Pro_53181951572.jpg,1512x2016,acb5b9a3420b6684dd24caf548f26b2ef5c97fc32ce0132317f289a636bd37b8,1,,0.040703,0.0072,gauss2,BP06_12MP_NL_HEIC.mat,1,1749.2
D65_iPhone_13_Pro_53182544126.jpg,1512x2016,7c88e2508c4bc67576448b89fe684672d819f058da194208e67b44640ce2a894,1,,0.043155,0.0072,gauss2,BP06_12MP_NL_HEIC.mat,1,1745.9
D65_iPhone_13_Pro_53182544166.jpg,1512x2016,075b0cddb46273619f9852ff05ef7f3eae07cc167e3791a0e6e1f40e1a735802,1,,0.029911,0.0072,gauss2,BP06_12MP_NL_HEIC.mat,1,1698.2
D65_iPhone_13_Pro_53182544211.jpg,1512x2016,a38edeac56c58679857069a405055dceb8e6498f234154f7d3e27a428010f496,1,,0.032637,0.0072,gauss2,BP06_12MP_NL_HEIC.mat,1,1780.2
D65_iPhone_13_Pro_53182544366.jpg,1512x2016,caac5d86441b53ca0666e2b506aa4a8c1a2980c5cbb1f5c49c3d2d4c9466166e,1,,0.022696,0.0072,gauss2,BP06_12MP_NL_HEIC.mat,1,1859.7
D65_iPhone_13_Pro_53182732449.jpg,1512x2016,8d152dd01c63f9d9c6d040c4a13c735ff4b36db9efdf2b4090aea963031a888d,1,,0.10236,0.0072,gauss2,BP06_12MP_NL_HEIC.mat,1,1923.6
D65_iPhone_13_Pro_53183042283.jpg,1512x2016,c7aa49ee66da099007ef3416e2a7d436e6b18cb6a5df822222ded798991822c4,1,,0.017718,0.0072,gauss2,BP06_12MP_NL_HEIC.mat,1,1885.8
D65_iPhone_13_Pro_53183042983.jpg,1512x2016,f79c72fc567920d2ff2285fd1130e386c4bcb2ed4866ee582130bad5a7a2593a,1,,0.016438,0.0072,gauss2,BP06_12MP_NL_HEIC.mat,1,1885.4
D65_iPhone_13_Pro_53183043133.jpg,1512x2016,4272432db35ac71d5ab75cfeeb7d8a91179324c8cf3cb0714ed412885979dce5,1,,0.045551,0.0072,gauss2,BP06_12MP_NL_HEIC.mat,1,1901.2
IMG_0003.jpg,2016x1512,3f500748c1318b377147828cdf657046fc71f11e69100f7077ac445d984de51c,1,,0.043158,0.0072,gauss2,BP07_12MP_SLM_HEIC.mat,0,1705.8
IMG_0004.jpg,2016x1512,d5d25793535478a4f8ba0915f7a6e1746c111ff5f0f81ccada1e86c24e1a9e17,1,,0.049834,0.0072,gauss2,BP07_12MP_SLM_HEIC.mat,0,1703.9
IMG_0005.jpg,2016x1512,b13b9821a703b9b587155e47c7d125594c5c47e90c86ed71f2476189381fd83b,1,,0.046566,0.0072,gauss2,BP07_12MP_SLM_HEIC.mat,0,1690.5
IMG_0006.jpg,2016x1512,f9b113fc52f18278f267cee8e6133824bea3e36d9df0242a8a2d935b5763f4d4,1,,0.169093,0.0072,gauss2,BP07_12MP_SLM_HEIC.mat,0,1805.4
IMG_0007.jpg,2016x1512,1b064f8fd998a4246e130536f743a0cabb1a3402be26feffb0cccd6c345ac81e,1,,0.484022,0.0072,gauss2,BP07_12MP_SLM_HEIC.mat,0,1930.3
IMG_0011.jpg,2016x1512,f648a61db7086335d902bcdf07b2040f145f3e07a6c17a694ef9edc9bdbe647c,1,,0.155601,0.0072,gauss2,BP07_12MP_SLM_HEIC.mat,0,1823.3
IMG_0012.jpg,2016x1512,ec3a61ee64cb3945d9e2ecb41216e95d2e63394012656e346514a4622cfddf3f,1,,0.062638,0.0072,gauss2,BP07_12MP_SLM_HEIC.mat,0,1703.5
IMG_0013.jpg,2016x1512,fae7c8e48652380e884881a554e5ee89d5e6b6bb798c10a44c977590b17b5301,1,,0.463769,0.0072,gauss2,BP07_12MP_SLM_HEIC.mat,0,1734.2
IMG_0014.jpg,2016x1512,5ebe2284b87dd57a37e273ca5164b15c496133518391d7122a85af05cfe49575,1,,0.149911,0.0072,gauss2,BP07_12MP_SLM_HEIC.mat,0,1666.6
IMG_0015.jpg,2016x1512,6de8822604216b62023afaa345cdb236882522bea2f36c808c711816650cebd2,1,,0.119756,0.0072,gauss2,BP07_12MP_SLM_HEIC.mat,0,1897.1
IMG_0017.jpg,2016x1512,f68f711087323d8de741365d6843b658db474f4c0105bf903f47e9a53e706dbd,1,,0.178643,0.0072,gauss2,BP07_12MP_SLM_HEIC.mat,0,1905.7
IMG_0018.jpg,2016x1512,d9a622352f11386561fa9cec67d50f9d73cd5025a629c4f5a6906cecda155c39,1,,0.416093,0.0072,gauss2,BP07_12MP_SLM_HEIC.mat,0,1891.1
IMG_0019.jpg,2016x1512,077b9f063d77bdec9623bb3181c24645143026dcf12e04ae23e806d57250b490,1,,0.442536,0.0072,gauss2,BP07_12MP_SLM_HEIC.mat,0,1772.3
IMG_0020.jpg,2016x1512,4f4863945ee7173eb943983c0ccd3854f5bc71c2c22dbdf67b482db885ccc1b5,1,,0.154808,0.0072,gauss2,BP07_12MP_SLM_HEIC.mat,0,1872.2
IMG_0021.jpg,2016x1512,a7216269fbf3e2a372c2fd0fb55f6ded9b0e50cb3f7e7f1681153ff717405f0b,1,,0.356445,0.0072,gauss2,BP07_12MP_SLM_HEIC.mat,0,1809.7
IMG_0022.jpg,2016x1512,187a53221b94d41ee30b1022a248a71f18f68b71bffb71986fca7f32c09a7786,1,,0.339833,0.0072,gauss2,BP07_12MP_SLM_HEIC.mat,0,1644.1
IMG_0023.jpg,2016x1512,f3159a94cfb64323aac08f05a9cecc3f92aaadeb4d587b7876b38e785b5e9d6b,1,,0.484416,0.0072,gauss2,BP07_12MP_SLM_HEIC.mat,0,1789.1
IMG_0024.jpg,2016x1512,6f25d29096bad14cc5d2a0f69b0ae6d939d0ed378ffbf74125a37f76fa90ba59,1,,0.014381,0.0072,gauss2,BP07_12MP_SLM_HEIC.mat,0,1862.7
IMG_0025.jpg,2016x1512,ac09b27709fac5203a9bd70997a292a7257653f2f3781afdef8ac00117acbc36,1,,0.48516,0.0072,gauss2,BP07_12MP_SLM_HEIC.mat,0,1878.0
IMG_0026.jpg,2016x1512,67a39bef58467465bf0885a6f6ef81df5c868f778aac5e17de9503282f83a12d,1,,0.362512,0.0072,gauss2,BP07_12MP_SLM_HEIC.mat,0,1855.9
IMG_0027.jpg,2016x1512,238a31459922f3f501490966de6b76e6b87edae1f28153a856b1c5bb7236afa9,1,,0.499432,0.0072,gauss2,BP07_12MP_SLM_HEIC.mat,0,1814.4
IMG_0028.jpg,2016x1512,e1068ea6d3996e965f87780f5e16c15831cf50d3af38de13401ad4d614705f33,1,,0.29188,0.0072,gauss2,BP07_12MP_SLM_HEIC.mat,0,1925.0
IMG_0029.jpg,2016x1512,d0bb44fa75f3227d74113a741fb0a64ab9da65966251e733d01b3ee662995ef2,1,,0.181638,0.0072,gauss2,BP07_12MP_SLM_HEIC.mat,0,1722.1
IMG_0030.jpg,2016x1512,af7c8675628c6ff6b8ac35ef4d7b47a3954a8d2c7f7837bf5ec1914c2e3472d5,1,,0.098438,0.0072,gauss2,BP07_12MP_SLM_HEIC.mat,0,1620.2
IMG_0031.jpg,2016x1512,04322b46e5d406fe64f46b63d476f8a703c25061478c2256c7bdd162f82681c7,1,,0.111014,0.0072,gauss2,BP07_12MP_SLM_HEIC.mat,0,1765.3
IMG_0032.jpg,2016x1512,232df89b1de19a255863ef12a94f96067941535d7f7ed9b762efc80bf6371efd,1,,0.129054,0.0072,gauss2,BP07_12MP_SLM_HEIC.mat,0,1890.6
IMG_0033.jpg,2016x1512,17d012c35ee6f68c9945a2484394868772b0ef9c87581286e891a13c5d1d3e51,1,,0.097525,0.0072,gauss2,BP07_12MP_SLM_HEIC.mat,0,1798.0
IMG_0034.jpg,2016x1512,efa956f1936bd5ed866ea5a0d9c521e1eba5b266fa06e76eec538c78a54aa072,1,,0.105307,0.0072,gauss2,BP07_12MP_SLM_HEIC.mat,0,1843.3
IMG_0035.jpg,2016x1512,e2301f7526f5891c40e2b30809f6041f170c8091a505a54f0ca2c9e43ce00461,1,,0.068727,0.0072,gauss2,BP07_12MP_SLM_HEIC.mat,0,1724.5
IMG_0036.jpg,2016x1512,20609af3fb18b8cca75a2e89491372f7dcdb20572ef5e94cef2327263281e1ce,1,,0.001073,0.0072,gauss2,BP03_12MP_NL_JPEG.mat,2,1735.6
IMG_0037.jpg,2016x1512,54e21dffba426214b43d919510b1865b881161a793b529a4a1f9a9bf62372f04,1,,0.23939,0.0072,gauss2,BP07_12MP_SLM_HEIC.mat,0,1677.1
IMG_0038.jpg,2016x1512,580c03ef1328abfaa179ed10b6c508caad63e9fb744db32394fb98b0864cc574,1,,0.217569,0.0072,gauss2,BP07_12MP_SLM_HEIC.mat,0,1854.2
IMG_0039.jpg,2016x1512,40c25bb2a3a812db4db80cb3921f5fc6fdcacd89a22425b0882b17d14b44a697,1,,0.163338,0.0072,gauss2,BP07_12MP_SLM_HEIC.mat,0,1885.1
IMG_0040.jpg,2016x1512,c4222ebcc39593b31b54e46883e76c750dd51a48096cb67220b842de69038699,1,,0.191753,0.0072,gauss2,BP07_12MP_SLM_HEIC.mat,0,1910.5
IMG_0041.jpg,2016x1512,fc71838ec5a01264bc1454aed9c3adb71758e06a813edabe7ad14c1ea0b34e07,1,,0.213831,0.0072,gauss2,BP07_12MP_SLM_HEIC.mat,0,1822.2
IMG_0098.jpg,2016x1512,a37ba87f7704926c64235c1663eb44af53b9275f15ee3f0fcc674c04cca4eae8,1,,0.119846,0.0072,gauss2,BP06_12MP_NL_HEIC.mat,0,1791.0
IMG_0099.jpg,2016x1512,ea3693a639b2d52f1ca6df4e85fdb6f03d134d636881d044bfd02b4d17b60c18,1,,0.124519,0.0072,gauss2,BP06_12MP_NL_HEIC.mat,0,1766.2
IMG_0100.jpg,2016x1512,fbf5e41ad5b6b60ca3147dced52ca22316033612b41ec4b96908a1b446d8eac9,1,,0.113498,0.0072,gauss2,BP06_12MP_NL_HEIC.mat,0,1609.7
IMG_0101.jpg,2016x1512,cafe636fbfe8a0dbf1bbde28fe3bf945ed6e2c43d5bc64da4bf2797869efbf98,1,,0.118388,0.0072,gauss2,BP06_12MP_NL_HEIC.mat,0,1750.4
IMG_0102.jpg,2016x1512,ab9cdd1075a88986b076536fc6734fe4df9d64ec428e191fcfbd5b69130d56a3,1,,0.11621,0.0072,gauss2,BP06_12MP_NL_HEIC.mat,0,1818.8
IMG_0103.jpg,2016x1512,53eb4abb9e5fc22c0ba2594b761613e1e92cc38daed6b4a2fb37f740c387734d,1,,0.11194,0.0072,gauss2,BP06_12MP_NL_HEIC.mat,0,1805.8
IMG_0104.jpg,2016x1512,395884c0f4b30538f53c0afdc94a3cbeae6c6407e4aa2b62639209fb8689c656,1,,0.123617,0.0072,gauss2,BP06_12MP_NL_HEIC.mat,0,1789.4
IMG_0105.jpg,2016x1512,68ead04efbc9b6ecc1b553ea0fbc9773e6bc3bf55b932e9fb09e121858e31cdf,1,,0.121448,0.0072,gauss2,BP06_12MP_NL_HEIC.mat,0,1725.9
IMG_0112.jpg,2016x1512,cb42b31c42d849be2ba55fc1179f99973f5ca629eeec100745d711ebf2b0ec0c,1,,0.080141,0.0072,gauss2,BP06_12MP_NL_HEIC.mat,2,1661.0
IMG_0113.jpg,2016x1512,b334a5c093b6d4cfd6d92fd02313b1cc1e51790add60e0c37b4d549a1df54c56,1,,0.082815,0.0072,gauss2,BP06_12MP_NL_HEIC.mat,2,1625.9
IMG_0114.jpg,2016x1512,192841462b6fca25e60721e76daa524e3da1d22faba808e341c596fa3e7f32b2,1,,0.087256,0.0072,gauss2,BP06_12MP_NL_HEIC.mat,2,1852.4
IMG_0115.jpg,2016x1512,20240c28f183fe01415d6aaf9431d4c25d8143dae78355399907e860c5bcf646,1,,0.093359,0.0072,gauss2,BP06_12MP_NL_HEIC.mat,2,1830.1
IMG_0116.jpg,2016x1512,f200f0925ee90def4d386ccc171a342c111fd68f364d5201a2b1e5d08058a10e,1,,0.093811,0.0072,gauss2,BP06_12MP_NL_HEIC.mat,2,1807.7
IMG_0117.jpg,2016x1512,291540b3ba2d94bacc65ea0b4f87b74f589708dcc79a380d8ab09b7671a9d053,1,,0.101709,0.0072,gauss2,BP06_12MP_NL_HEIC.mat,2,1869.0
IMG_0118.jpg,2016x1512,fc5ddb7f749960032a34301e89f184150da6d92bee90273878a06e6452210c63,1,,0.110627,0.0072,gauss2,BP06_12MP_NL_HEIC.mat,2,1765.6
IMG_0119.jpg,2016x1512,d157c32575aa55a8a62b298a4763c7a231d4aad874c7d17c57ce98c3d531b3c6,1,,0.099849,0.0072,gauss2,BP06_12MP_NL_HEIC.mat,2,1669.1
IMG_0120.jpg,2016x1512,4db9a00933aa977c209e288402ff0707f3a377d634ed4fd10c7d843571354768,1,,0.102748,0.0072,gauss2,BP06_12MP_NL_HEIC.mat,2,1734.1
IMG_0121.jpg,2016x1512,35a27d559a5c99075cc32395c341dfbea86674b8b3855b44e7bebff1b4b207c5,1,,0.103657,0.0072,gauss2,BP06_12MP_NL_HEIC.mat,2,1897.7
IMG_0122.jpg,2016x1512,6748906b1c08f9e8ea2a71a40c3ddd14d873e315ab588f34851d3b384ed2cf7d,1,,0.100084,0.0072,gauss2,BP06_12MP_NL_HEIC.mat,0,1871.6
IMG_0123.jpg,2016x1512,eface994b69beb30afc7f2f5b2171a3de4fd7a2031a6bdfaa5319c9eed567e92,1,,0.092253,0.0072,gauss2,BP06_12MP_NL_HEIC.mat,0,1921.8
IMG_1277.jpg,2016x1512,bb17fadcef595fc9ec6a9d6564fdb20644aff301db2be301e7469f12b53a1299,1,,0.078547,0.0072,gauss2,BP06_12MP_NL_HEIC.mat,0,1850.7
IMG_1286.jpg,2016x1512,e4044e03f6d23eedf41314d44c2514dff4ac0cdc20beb243eb3483be13a2f4ef,1,,0.082742,0.0072,gauss2,BP06_12MP_NL_HEIC.mat,0,1817.8
IMG_1342.jpg,2016x1512,2d857161686fec09023e5ad150f684a464831812c924a348aed10813b773310a,1,,0.275491,0.0072,gauss2,BP06_12MP_NL_HEIC.mat,0,1787.1
IMG_1344.jpg,2016x1512,660a4345d405a5cf616dcb3e0b31148af757e2a49676ef6c1fe95a2ad1969318,1,,0.294912,0.0072,gauss2,BP06_12MP_NL_HEIC.mat,0,1657.0
IMG_1345.jpg,2016x1512,213f96a4e44f47c44859307bc4774378dd71639a7f71667ab7b382521e05cb95,1,,0.2905,0.0072,gauss2,BP06_12MP_NL_HEIC.mat,0,1763.4
IMG_1346.jpg,2016x1512,4b7e8a160d2a3195f0ba308fb97022d121a6053da446ce710986c26eff1c6430,1,,0.282868,0.0072,gauss2,BP06_12MP_NL_HEIC.mat,0,1914.4
IMG_1347.jpg,2016x1512,0b3d9169dba87668bf4eef899d617d1508157b48071085ec798beae8a3276a8d,1,,0.293122,0.0072,gauss2,BP06_12MP_NL_HEIC.mat,0,1904.8
IMG_1348.jpg,2016x1512,de49d29037e4f3be4be30d46ae336fb157f467fccfe9e4cb9012872954c9de31,1,,0.294816,0.0072,gauss2,BP06_12MP_NL_HEIC.mat,0,1829.5
IMG_1349.jpg,2016x1512,8749854115cee76bd2f84ada7ebd4cc58c358a27d6e4885683803839ec1467d1,1,,0.30353,0.0072,gauss2,BP06_12MP_NL_HEIC.mat,0,1825.0
IMG_1350.jpg,2016x1512,a898a43e3814375a5635153dd16c54b222f76e3f920ae7b271258ae723116e2f,1,,0.27389,0.0072,gauss2,BP06_12MP_NL_HEIC.mat,0,1741.8
IMG_1361.jpg,2016x1512,01f6026a651cc7643c8f658d081caeb28415b5b9cdf61e4a131ccb8d0c262593,1,,0.054689,0.0072,gauss2,BP05_12MP_SLM_HEIC.mat,0,1639.4
IMG_1364.jpg,2016x1512,e00cc74d00109591e1839dfa7e4bda1b622fd7bb122391688cdd87d6f66c63d7,1,,0.34257,0.0072,gauss2,BP06_12MP_NL_HEIC.mat,2,1604.0
IMG_1365.jpg,2016x1512,20bea75cad3e0e2c5e975479f9b7dc40068e27c8f31c1f9cb654121261ba1279,1,,0.328947,0.0072,gauss2,BP06_12MP_NL_HEIC.mat,2,1849.0
IMG_1366.jpg,2016x1512,cffaadb25e66f94537fa69a8f42beb71ec7f513e08ebd7cbe93fed4bd6343a70,1,,0.338591,0.0072,gauss2,BP06_12MP_NL_HEIC.mat,2,1972.5
IMG_1367.jpg,2016x1512,8b948d43093381cd401cd18c2bbdd93c85f6151bb7a093c0d6ab02132e10a076,1,,0.3261,0.0072,gauss2,BP06_12MP_NL_HEIC.mat,2,1834.7
IMG_1368.jpg,2016x1512,48f233a2c79da9662856c028063d43daef8e9476411038b856f8a5cf739b849b,1,,0.336179,0.0072,gauss2,BP06_12MP_NL_HEIC.mat,2,1797.5
IMG_1369.jpg,2016x1512,be0afef19de3520257d5b344e1b956b3e07ff0a08b0834b5443bc7d944cf024f,1,,0.345969,0.0072,gauss2,BP06_12MP_NL_HEIC.mat,2,1742.8
IMG_1370.jpg,2016x1512,3449fb033d71129e3adc863100e2cbc947fdb154b605388ff01b37f704a1a254,1,,0.335683,0.0072,gauss2,BP06_12MP_NL_HEIC.mat,2,1702.5
IMG_1371.jpg,2016x1512,bad7f0190c890f189ff116d14c06e7235ca426a95a16831445aea5fec62a2079,1,,0.328701,0.0072,gauss2,BP06_12MP_NL_HEIC.mat,2,1610.2
IMG_1372.jpg,2016x1512,cffcdb7267baa5e2c6ef4320247fbcb8bdc0ecee0e7fed57a8cf4954b2a45a97,1,,0.328573,0.0072,gauss2,BP06_12MP_NL_HEIC.mat,2,1889.1
IMG_1373.jpg,2016x1512,5d209aaeb0081eea2c2057845fd5c56362da6f97e262f4e6a0d6fcad989b5f22,1,,0.335487,0.0072,gauss2,BP06_12MP_NL_HEIC.mat,2,1898.7
IMG_1798.jpg,2016x1512,12067fdf026551296b544f7f0d09c4eb8eaae9ce68bc740ecdcf44a3110f4232,1,,0.221106,0.0072,gauss2,BP06_12MP_NL_HEIC.mat,0,1862.8
IMG_1799.jpg,2016x1512,689aa6c8bf1095e271ea367d1c583759fb36ef66ff9a6de1cc741d77bb5b22db,1,,0.247181,0.0072,gauss2,BP06_12MP_NL_HEIC.mat,0,1825.0
IMG_1800.jpg,2016x1512,ae742f3f2b48416b2769307d493749328287368e0293a2e1eef0d6325d000bec,1,,0.211384,0.0072,gauss2,BP06_12MP_NL_HEIC.mat,0,1766.5
IMG_1801.jpg,2016x1512,8b622934602ee1cd79d816fbeae4ccc95a31190ec749f732096092a9111d97f6,1,,0.213303,0.0072,gauss2,BP06_12MP_NL_HEIC.mat,0,1594.1
IMG_1803.jpg,2016x1512,91e57fd50a6fed9dd8b97be2cb724f46db54ea387632acae5b808e54d2ca8538,1,,0.216696,0.0072,gauss2,BP06_12MP_NL_HEIC.mat,0,1602.5
IMG_1804.jpg,2016x1512,09e39cef79b13ce39cc98ce7056b5200367f06a7c63499574feade8586fcb8c7,1,,0.243202,0.0072,gauss2,BP06_12MP_NL_HEIC.mat,0,1792.0
IMG_1805.jpg,2016x1512,e672ff200c4cec298ba16a02436e23281ed4ef9810c31697a3e2807fe493ae50,1,,0.218556,0.0072,gauss2,BP06_12MP_NL_HEIC.mat,0,1911.0
IMG_1806.jpg,2016x1512,1068e5661818f706ff47ef2c32003a5721421b76dd344ebb7114c2bd486fc799,1,,0.214536,0.0072,gauss2,BP06_12MP_NL_HEIC.mat,0,1851.5
IMG_1807.jpg,2016x1512,43fbd17076561af52062f37a49bea18f06a0f2ff313a0fb3c4040ecdbe922773,1,,0.219003,0.0072,gauss2,BP06_12MP_NL_HEIC.mat,0,1768.4
IMG_1808.jpg,2016x1512,0b5ab04e5febdea69b2891ab24424fde636a1519f3c512ab14de5361a4b88dd3,1,,0.226486,0.0072,gauss2,BP06_12MP_NL_HEIC.mat,0,1736.7
IMG_1830.jpg,2016x1512,60c200f0033214f3056a41aa3d1b3a78119109b546198cf244ab1031e60c13ad,1,,0.227552,0.0072,gauss2,BP06_12MP_NL_HEIC.mat,2,1647.8
IMG_1831.jpg,2016x1512,e9ea75531f6ff0043e5813004de2b2101874092aa4be40a0918ede25ba9d1a76,1,,0.136777,0.0072,gauss2,BP06_12MP_NL_HEIC.mat,2,1860.1
IMG_1832.jpg,2016x1512,b54f07c94966276e6e2b9b8ead7dea4763ba8a4ed35770a3242324f640f4810d,1,,0.131745,0.0072,gauss2,BP06_12MP_NL_HEIC.mat,2,1884.6
IMG_1833.jpg,2016x1512,758bc929d242701e3711bae81420759b42307f06519f6c85cf634f6a60c156d5,1,,0.199302,0.0072,gauss2,BP06_12MP_NL_HEIC.mat,2,1798.9
IMG_1834.jpg,2016x1512,af295940dc2df3eaddb71e257e007a8ac51a56622ab55fa352be468bf47e138c,1,,0.153349,0.0072,gauss2,BP06_12MP_NL_HEIC.mat,2,1797.6
IMG_1835.jpg,2016x1512,f3bf801e5ccff40fbc052aceeb435a04d07144da9b09fb1d4c652615c8bf60c3,1,,0.146878,0.0072,gauss2,BP06_12MP_NL_HEIC.mat,2,1725.3
IMG_1836.jpg,2016x1512,e68336d3bc1d934b186d5977a8cf4dfec3b520c025c33da6e8889aefeb82fbb3,1,,0.159815,0.0072,gauss2,BP06_12MP_NL_HEIC.mat,2,1642.7
IMG_1837.jpg,2016x1512,42a4724b9fea3f8055d2176254102c847ad5a9b107c298bd1ee336434c6dc391,1,,0.15651,0.0072,gauss2,BP06_12MP_NL_HEIC.mat,2,1588.0
IMG_1838.jpg,2016x1512,ddf5a59dd176e5145fb69a37783a431ba178693b4afa97188becd0d77b1b31f4,1,,0.140024,0.0072,gauss2,BP06_12MP_NL_HEIC.mat,2,1827.7
IMG_1839.jpg,2016x1512,a21f08edb2767fe23b609002c830c5880f53429144422840fb80f9062091399b,1,,0.140972,0.0072,gauss2,BP06_12MP_NL_HEIC.mat,2,1872.8
IMG_1904.jpg,2016x1512,753162f4529265b825f3af313d4c4b61f7cad986b79f0b28e4fefd0e3b2f24a2,1,,0.026467,0.0072,gauss2,BP05_12MP_SLM_HEIC.mat,0,1910.5
IMG_2007.jpg,2016x1512,a0cfb7e60a369c66a74f56bf0da0d6bcf1c9ef05887a0a4e27746eab22a7a25f,1,,0.061352,0.0072,gauss2,BP05_12MP_SLM_HEIC.mat,0,1737.0
IMG_2008.jpg,1512x2016,2f3e7143235bbddf30b132825d8044872d04769b7f87c8a555b39fad2da28c8c,1,,0.106197,0.0072,gauss2,BP05_12MP_SLM_HEIC.mat,1,1763.1
IMG_2009.jpg,2016x1512,fc49a471d07fc1d24b3ddbfb2e1d52a5db4a6806e37153b558c14e7873e13050,1,,0.051739,0.0072,gauss2,BP05_12MP_SLM_HEIC.mat,0,1674.9
IMG_2010.jpg,2016x1512,0b05ff8585cd2e2155496769ead8c47152ca9c22a17fedad83a9df69229370b0,1,,0.00829,0.0072,gauss2,BP05_12MP_SLM_HEIC.mat,0,1755.0
IMG_2011.jpg,2016x1512,bb0267645db150c382d61b4bf388fdb27d3d1553d75a3e26fbab85be03e43774,1,,0.035055,0.0072,gauss2,BP05_12MP_SLM_HEIC.mat,0,1906.0
IMG_2015.jpg,2016x1512,026caf48c83292032ec0adf232fd6a72b9e3a1abc08a9b65387027afc9b21a8e,1,,0.044546,0.0072,gauss2,BP05_12MP_SLM_HEIC.mat,0,1933.2
IMG_2016.jpg,2016x1512,544fc370341052d9e5a63e585ba0b5ce8082adfc3617e8eed5f761b7e6a2f5cb,1,,0.086244,0.0072,gauss2,BP05_12MP_SLM_HEIC.mat,0,1888.7
IMG_2017.jpg,2016x1512,091c2335e2477a2531f95675ccfd6cd4ca76d509d90672791f225e63d6175f4a,1,,0.037051,0.0072,gauss2,BP05_12MP_SLM_HEIC.mat,0,1879.2
IMG_2018.jpg,1512x2016,9e286d25e5d7ede0a690771b5a30b61aea5eb1b1e28d3144c2a474453996d8fb,1,,0.267695,0.0072,gauss2,BP05_12MP_SLM_HEIC.mat,1,1896.0
IMG_2019.jpg,2016x1512,8e531415400b196b8881efe98a77f022ddfb637626f70e82d0b20edc8ea00a72,1,,0.098769,0.0072,gauss2,BP05_12MP_SLM_HEIC.mat,0,1803.3
IMG_2020.jpg,2016x1512,c8511cb41c80fa818c986f1b9be07c2fcb202c6635cdc3c3aa97c5a0eef3a42d,1,,0.088227,0.0072,gauss2,BP05_12MP_SLM_HEIC.mat,0,1572.8
IMG_2032.jpg,2016x1512,e47512b28e7607cca17bb9f7eafa0dad1c50b03753655ec1e25316f76965ebf0,1,,0.019036,0.0072,gauss2,BP05_12MP_SLM_HEIC.mat,0,1605.5
IMG_2083.jpg,2016x1512,ed88f1f7cd83a42ace97ae9c36527a5568183bde92506859c03efad65f70d517,1,,0.080102,0.0072,gauss2,BP04_12MP_NL_JPEG.mat,0,1826.6
IMG_2085.jpg,2016x1512,352f63d72e44b0f75fe244759080e7a9ed168d8319e01da1ddfc52c22a2840a9,1,,0.060684,0.0072,gauss2,BP04_12MP_NL_JPEG.mat,0,1867.8
IMG_2086.jpg,2016x1512,9ff2d78019bb1c517b9740f66f84d4508ef7ac17f3d209fedadf93d4a4aa25cb,1,,0.058825,0.0072,gauss2,BP04_12MP_NL_JPEG.mat,0,1800.6
IMG_2088.jpg,2016x1512,6bea7e2098c317141f04e3772bf6c7c3c652b527c8d4eefc964f21be2fa81fb7,1,,0.060469,0.0072,gauss2,BP04_12MP_NL_JPEG.mat,0,1784.1
IMG_2089.jpg,2016x1512,fe5e6f714b84d7f660344f6ded7719616c823f1e429ffedf08e5c86bf671b3fc,1,,0.058682,0.0072,gauss2,BP04_12MP_NL_JPEG.mat,0,1775.9
IMG_2090.jpg,2016x1512,afb8dc12d97ed2882998bb16c6d729ae563d674e3956d6481db6110e0a206a4e,1,,0.056315,0.0072,gauss2,BP04_12MP_NL_JPEG.mat,0,1663.0
IMG_2091.jpg,2016x1512,b5b22413e82d0f1bc93a1d71a672d4c9da284346f03455db67a360e96ec14dda,1,,0.066601,0.0072,gauss2,BP04_12MP_NL_JPEG.mat,0,1872.2
IMG_2092.jpg,2016x1512,6ddcf8fd41c16b0d63b681c9d13f3e62be67f4aa99271cc7726aea9fe9b0fce1,1,,0.06107,0.0072,gauss2,BP04_12MP_NL_JPEG.mat,0,1868.4
IMG_2093.jpg,2016x1512,dfa629b3d4fba7ccb6c28d676a65c5107043cdb8bc6f00e3df1d198fa51cd93b,1,,0.130793,0.0072,gauss2,BP04_12MP_NL_JPEG.mat,2,1925.7
IMG_2094.jpg,2016x1512,6e608fd5b7a53fd61967d6d64bd399c56e4b372cf04ed11448e2a89e49a3475a,1,,0.049903,0.0072,gauss2,BP04_12MP_NL_JPEG.mat,2,1896.4
IMG_2095.jpg,2016x1512,2c203baa75bd46924dc55941af4671154d560fcb3c6e7d34abf17d425e4998a5,1,,0.050663,0.0072,gauss2,BP04_12MP_NL_JPEG.mat,2,1836.6
IMG_2096.jpg,2016x1512,5da602184482baa77da9b11913fda6d5cf472764edf6ec039faa8db60a7363fb,1,,0.054102,0.0072,gauss2,BP04_12MP_NL_JPEG.mat,2,1766.3
IMG_2097.jpg,2016x1512,02552c78d7db5c0ccad5fa2e53601b350b8de263dc1eab26d8ee9a61f760a90c,1,,0.050967,0.0072,gauss2,BP04_12MP_NL_JPEG.mat,2,1638.2
IMG_2098.jpg,2016x1512,4c2a4261e9e1d127b6d9d3254247fd8fee2fba72d8eada6ade008018c230402c,1,,0.055071,0.0072,gauss2,BP04_12MP_NL_JPEG.mat,2,1603.1
IMG_2099.jpg,2016x1512,eb950551b3d7f0d12af078937508f32ffaea46083c28a3057bbf2c6d4efd51da,1,,0.052435,0.0072,gauss2,BP04_12MP_NL_JPEG.mat,2,1855.6
IMG_2100.jpg,2016x1512,7bdae53d0a74f3d4fa539e052a3733a314392926ad13aa5385c4e164eadab7f5,1,,0.050052,0.0072,gauss2,BP04_12MP_NL_JPEG.mat,2,1879.9
IMG_2101.jpg,2016x1512,edbf7789421dba0cb4a143f18b690593f307840dbf5876eba8f067c9ea6f7288,1,,0.051149,0.0072,gauss2,BP04_12MP_NL_JPEG.mat,2,1812.8
IMG_2102.jpg,2016x1512,268dca9a994046c20486d9047a3992bd6b4088c54ae64628a2b0998b0754f021,1,,0.054687,0.0072,gauss2,BP04_12MP_NL_JPEG.mat,2,1788.2
IMG_2430.jpg,2016x1512,794d87a412994e96d343bbf79ebb30dc208ebb36095e399f0e7a986e84a795ee,1,,0.07092,0.0072,gauss2,BP04_12MP_NL_JPEG.mat,0,1680.4
IMG_2431.jpg,2016x1512,de5738fbdafe3ee3a3a9679175f1a80b7b23d54fefcec6b98d486eedc2cce4b3,1,,0.086088,0.0072,gauss2,BP04_12MP_NL_JPEG.mat,0,1638.9
IMG_2432.jpg,2016x1512,1ceeaf4abadd56ff58decaee10c43fb4191fbc1260b6b5d02ba4749194c2f5ba,1,,0.084498,0.0072,gauss2,BP04_12MP_NL_JPEG.mat,0,1891.4
IMG_2433.jpg,2016x1512,29b840357af2ee9b7e15afcc58fdfb772620dbb6c3b3d9e54f0a596fb01714be,1,,0.078305,0.0072,gauss2,BP04_12MP_NL_JPEG.mat,0,1912.9
IMG_2434.jpg,2016x1512,5ec57221bcf43d084d11459e174db1c44f9cce0005efe3cc3cc75b023bccd6c0,1,,0.082727,0.0072,gauss2,BP04_12MP_NL_JPEG.mat,0,1807.7
IMG_2435.jpg,2016x1512,01a8229e9330fe460734f387480a072543bd4719afcef458cf7f4eebe2ef600a,1,,0.077173,0.0072,gauss2,BP04_12MP_NL_JPEG.mat,0,1810.4
IMG_2436.jpg,2016x1512,88b9a0bbaa4f223fdb9e9db0a4cdab2730d87775b1f46a7bf651df46ce3cc5e4,1,,0.076844,0.0072,gauss2,BP04_12MP_NL_JPEG.mat,0,1741.6
IMG_2437.jpg,2016x1512,fc4f08d8521324ee03c3e0bf0dcd1e6e288402d7c7222878a84bd368bb021486,1,,0.076541,0.0072,gauss2,BP04_12MP_NL_JPEG.mat,0,1661.3
IMG_2438.jpg,2016x1512,2312b17e71d2b2af3a0fc2ff3e0bb17360c2ed16fcf8ea3733899d188ebaef24,1,,0.084285,0.0072,gauss2,BP04_12MP_NL_JPEG.mat,0,1786.5
IMG_2439.jpg,2016x1512,af3b8e11473e1f659a1ce7e4cb03c8d0651f330eef5c5f80c756d63a4f61d72b,1,,0.088418,0.0072,gauss2,BP04_12MP_NL_JPEG.mat,0,1927.6
IMG_2440.jpg,2016x1512,bb5048b954c39b484782177c1d8b46b1b94435309c9b2c75f67e59bd4e363ae0,1,,0.078596,0.0072,gauss2,BP04_12MP_NL_JPEG.mat,0,1908.7
IMG_2451.jpg,2016x1512,341d29685573ef23be7875b44562229aec41f2a27a2b75843db4ed4a46df4a65,1,,0.076342,0.0072,gauss2,BP04_12MP_NL_JPEG.mat,2,1916.8
IMG_2452.jpg,2016x1512,4dc9007856707413710a6183b9a6c56138d39ac4f9511441faa55cee9903d3f2,1,,0.078579,0.0072,gauss2,BP04_12MP_NL_JPEG.mat,2,1838.8
IMG_2453.jpg,2016x1512,78d759e03e96d488048e9e126ec611d2807d278fd24079452f09a658db06d707,1,,0.078181,0.0072,gauss2,BP04_12MP_NL_JPEG.mat,2,1816.4
IMG_2454.jpg,2016x1512,83eade6524c1ab75f2755d3f19f206a146667375995bfe2e12c4636a707fbffd,1,,0.078504,0.0072,gauss2,BP04_12MP_NL_JPEG.mat,2,1680.6
IMG_2455.jpg,2016x1512,14d3ba9d5ffa43d8ee72f4e42575e19df6dbd509185884db836fcb4e2b6561bf,1,,0.075115,0.0072,gauss2,BP04_12MP_NL_JPEG.mat,2,1688.1
IMG_2456.jpg,2016x1512,ce04f51f0983dc1bf1782cf5ac009761303bdf642f6d44f4c3bba17f2e5c2a1a,1,,0.087068,0.0072,gauss2,BP04_12MP_NL_JPEG.mat,2,1583.1
IMG_2458.jpg,2016x1512,4705572f91bd9b8dddc51e4094a42391c10e5007a716755331d8a55045d55fb6,1,,0.071868,0.0072,gauss2,BP04_12MP_NL_JPEG.mat,2,1880.0
IMG_2459.jpg,2016x1512,dc7a274c0965020b78ad455c7a6e4365d881c94fadb87c7294273313e791e6b0,1,,0.076604,0.0072,gauss2,BP04_12MP_NL_JPEG.mat,2,1911.7
IMG_2460.jpg,2016x1512,4d4484c1934a8400f0f7ea582d37918ceb28c88915652729291be13dbfa0a88e,1,,0.08497,0.0072,gauss2,BP04_12MP_NL_JPEG.mat,2,1883.0
IMG_2461.jpg,2016x1512,922f73a89a5826a676e2817fa4fd0aa6bb35dfdfd6da5ed6f8d2b83483915f2e,1,,0.08139,0.0072,gauss2,BP04_12MP_NL_JPEG.mat,2,1818.3
IMG_2463.jpg,2016x1512,e0f857176e96ba802b533353cacc90fc8d40ac8592802c2657586d9ee36f5efd,1,,0.08936,0.0072,gauss2,BP04_12MP_NL_JPEG.mat,2,1751.6
IMG_2464.jpg,2016x1512,db4e2b387eea148bf422d9c40999b43527c43868c16d59271c9a187be1b51e44,1,,0.086311,0.0072,gauss2,BP04_12MP_NL_JPEG.mat,2,1668.4
IMG_2465.jpg,2016x1512,b1fd58b770f2d382656de8dc38415738b08e2f2a9e158c1eaedb2c181f086c80,1,,0.087847,0.0072,gauss2,BP04_12MP_NL_JPEG.mat,2,1610.1
IMG_2815.jpg,2016x1512,1b6fe2a44d4c1ec6f2d755b6c00785fa5e0636fcb5cb2459614de0d388e15b01,1,,0.056974,0.0072,gauss2,BP06_12MP_NL_HEIC.mat,0,1882.3
IMG_2816.jpg,2016x1512,63155d4368cb97f3394170b525602a7641bff370dab8dfd94a74c444dcd42c2e,1,,0.062941,0.0072,gauss2,BP06_12MP_NL_HEIC.mat,0,1904.9
IMG_2817.jpg,2016x1512,5bd1a0764bc003b97f64bf082f769705668326a1fd26cae161cb0b7d6d00bd19,1,,0.057375,0.0072,gauss2,BP06_12MP_NL_HEIC.mat,0,1879.6
IMG_2818.jpg,2016x1512,f4da6f0fbcff29672841770a1065a0c1bc2abf4a7004bee058d2215534ea7051,1,,0.059702,0.0072,gauss2,BP06_12MP_NL_HEIC.mat,0,1845.0
IMG_2819.jpg,2016x1512,1d58f05db33dd3e52acd4bc6c475d1a8a7625b5a3e5a49e8fa5cb0e77040f18c,1,,0.057347,0.0072,gauss2,BP06_12MP_NL_HEIC.mat,0,1741.1
IMG_2820.jpg,2016x1512,0f4974aa6af0ab1fc933cc53e4ca99356880b4105682072116a37193a5419a99,1,,0.056013,0.0072,gauss2,BP06_12MP_NL_HEIC.mat,0,1722.9
IMG_2821.jpg,2016x1512,80f60e3c7fda23d426755c0e26722c7b451e99abd2e9dc1758fff4c6ca0d72a6,1,,0.052038,0.0072,gauss2,BP06_12MP_NL_HEIC.mat,0,1609.7
IMG_2822.jpg,2016x1512,4b94fe7368005b7aaba2535b499a6e7470fec9488cf56d8f49f4835a4a8638b5,1,,0.051338,0.0072,gauss2,BP06_12MP_NL_HEIC.mat,0,1874.2
IMG_2824.jpg,2016x1512,28196d40201fe3f504761dd0024a82a9bd61e5747a25f62558f5268d1f2a9c68,1,,0.065168,0.0072,gauss2,BP06_12MP_NL_HEIC.mat,0,1810.8
IMG_2825.jpg,2016x1512,e0dfdf52987fd26796f84251901ecbb478e8e30569b480d188aaef4eddcc7a7c,1,,0.063752,0.0072,gauss2,BP06_12MP_NL_HEIC.mat,0,1809.1
IMG_2826.jpg,2016x1512,0a124167709fb97b75ae50cd104e891c4a7575461de0165e06af26a002a8c080,1,,0.063976,0.0072,gauss2,BP06_12MP_NL_HEIC.mat,2,1712.4
IMG_2827.jpg,2016x1512,47a109e2b75f34c119b29b1b2cc4f1ebe9723dfbb28115e1fb32b023fb999889,1,,0.055375,0.0072,gauss2,BP06_12MP_NL_HEIC.mat,2,1868.3
IMG_2828.jpg,2016x1512,0f64045e7844d24d2199b8ef23cbfdb99242b0baaca161013cf987a643079cf9,1,,0.071612,0.0072,gauss2,BP06_12MP_NL_HEIC.mat,2,1662.7
IMG_2829.jpg,2016x1512,b0080401a981fa03db3be2bed56b380a8ac3e15627da2b147ad85433c5cb5b87,1,,0.060358,0.0072,gauss2,BP06_12MP_NL_HEIC.mat,2,1866.0
IMG_2830.jpg,2016x1512,389f77f418424305bc2b7627c967cc5ea28d5d909a3f267d18628d1bd6a31a7b,1,,0.06117,0.0072,gauss2,BP06_12MP_NL_HEIC.mat,2,1865.1
IMG_2831.jpg,2016x1512,42f799672c33c645871f70d63b69637e6cd885216d9e8caee9012f05d55540fc,1,,0.064753,0.0072,gauss2,BP06_12MP_NL_HEIC.mat,2,1899.5
IMG_2832.jpg,2016x1512,2843f9440c59fc11836af5ef6b8e007db16dbfe5341a92a3b5586be32dd137f0,1,,0.060992,0.0072,gauss2,BP06_12MP_NL_HEIC.mat,2,1866.1
IMG_2833.jpg,2016x1512,6c1947b502633e8b6c60a662ff9883d3ff6bcf1f44d7ae4398a2d774ab06d4c1,1,,0.055234,0.0072,gauss2,BP06_12MP_NL_HEIC.mat,2,1915.5
IMG_2834.jpg,2016x1512,0522e61e17467d286f968af2ae27141f9dca89783499d0d2f3314a6512e91f7d,1,,0.058085,0.0072,gauss2,BP06_12MP_NL_HEIC.mat,2,1820.4
IMG_2835.jpg,2016x1512,baed400f8adddd1745ce1a61e3e1f220cb1c0ae400eabdbb0244dfbaae2ae48a,1,,0.060281,0.0072,gauss2,BP06_12MP_NL_HEIC.mat,2,1755.9
IMG_2872.jpg,2016x1512,9e0ff1e7ba96eddcb17c97bfe5672990db7e84ff62260b6b1ceb935561d7c8e5,1,,0.130237,0.0072,gauss2,BP06_12MP_NL_HEIC.mat,0,1675.6
IMG_2873.jpg,2016x1512,ca4b329c3187cdbd94335985006c2f9deeebc760883e4107742b45c2f9d746dd,1,,0.053089,0.0072,gauss2,BP06_12MP_NL_HEIC.mat,0,1944.9
IMG_2874.jpg,2016x1512,4586c31b5047cf10528e8fab2a9110b92315e92be0655a772740a47d9813e833,1,,0.046574,0.0072,gauss2,BP06_12MP_NL_HEIC.mat,0,1865.0
IMG_2925.jpg,2016x1512,bfa0db7ef611f88d0914e693e877b52c360f5e0790f051ae682a8039b9f9a269,1,,0.049862,0.0072,gauss2,BP06_12MP_NL_HEIC.mat,0,1885.3
IMG_2926.jpg,2016x1512,2d5a2f3f25c54a17fb141e7577779807cffb77f37f442c7f07dfc5f0f143697e,1,,0.02863,0.0072,gauss2,BP06_12MP_NL_HEIC.mat,0,1797.1
IMG_2927.jpg,2016x1512,1fcf49da0af5290be67e0d91f15f07d8e95f1178b8a46ce51fa4ac6c4e637e0e,1,,0.034819,0.0072,gauss2,BP06_12MP_NL_HEIC.mat,0,1833.6
IMG_2928.jpg,2016x1512,9bb0ba4a65f5f5483b4d0f4ebe8b0630bc89cd807599ea898832c23cd917a457,1,,0.052405,0.0072,gauss2,BP06_12MP_NL_HEIC.mat,0,1770.7
IMG_2930.jpg,2016x1512,f5e5f116767312b5f42187cab5dd1c83d18accf2c821e5391af9dcafd528c3b9,1,,0.137419,0.0072,gauss2,BP06_12MP_NL_HEIC.mat,0,1637.5
IMG_2931.jpg,2016x1512,6bebab97975d932035f9136d3baa96df54e09bc5edd999c752ebca73203f3dd2,1,,0.055525,0.0072,gauss2,BP06_12MP_NL_HEIC.mat,0,1742.3
IMG_2932.jpg,2016x1512,16dfe4347cdbe2dd6fe5d6a94d55f8a6f48e8749f59c33cd75a6f44c4613cf62,1,,0.055497,0.0072,gauss2,BP06_12MP_NL_HEIC.mat,0,1874.2
IMG_2933.jpg,2016x1512,730af0a7d32e5ea8803a6789b97058275e8542bf6d1ee13080991b40bc1e3a1b,1,,0.056062,0.0072,gauss2,BP06_12MP_NL_HEIC.mat,0,1916.0
IMG_2935.jpg,2016x1512,f81587a540f7cf5ddabdfe688d346965532487d0553b2bbde5f62446bcaed19e,1,,0.059855,0.0072,gauss2,BP06_12MP_NL_HEIC.mat,0,1845.4
IMG_2936.jpg,2016x1512,cc60622ff2ab1a1b87c5bf7df1889fabfbb493e75c08914047c0e71d12c9824f,1,,0.051533,0.0072,gauss2,BP06_12MP_NL_HEIC.mat,0,1735.8
IMG_2937.jpg,2016x1512,20e53fbc68fb6090fb1a397fe4c9109773ccf70d5518ad9110e71ec19911c47f,1,,0.077818,0.0072,gauss2,BP06_12MP_NL_HEIC.mat,0,1789.2
IMG_2938.jpg,2016x1512,b4f80d2886c538231267bb86843b786b99b070868d768efc8210fd004607fe77,1,,0.216831,0.0072,gauss2,BP06_12MP_NL_HEIC.mat,0,1679.5
IMG_2939.jpg,2016x1512,9a87cfe792a7c9474eb9c8fa3e47bb8ba20f39a88d3f0e2f9ff6103cc7ffa1c1,1,,0.06956,0.0072,gauss2,BP06_12MP_NL_HEIC.mat,0,1632.4
IMG_2940.jpg,2016x1512,1a1b66ea8d39c9553eab3833eba97af5350220aaceaa06b2f2be9f7229aa3f57,1,,0.114295,0.0072,gauss2,BP06_12MP_NL_HEIC.mat,0,1854.7
IMG_2941.jpg,2016x1512,bbe530b4315939f796b43d5e2318a8fe4bc2e1d1b2b3aead88f6cec63c23e092,1,,0.115981,0.0072,gauss2,BP06_12MP_NL_HEIC.mat,0,1902.6
IMG_2942.jpg,2016x1512,1fb43dbf545fd27522b6d0e1cc3318ca0fc182d25b546e16335605058380f6a6,1,,0.111345,0.0072,gauss2,BP06_12MP_NL_HEIC.mat,0,1825.3
IMG_2943.jpg,2016x1512,f7645f61d4330e06530474e2d6246de8d169e2c2fa0a874d19fc4d0fa878e07f,1,,0.040164,0.0072,gauss2,BP06_12MP_NL_HEIC.mat,0,1813.3
IMG_2944.jpg,2016x1512,d5a327080d94e85d59b7d35ff3a6091ac3acfa22d98e22c568cc8c969fde7e84,1,,0.041495,0.0072,gauss2,BP06_12MP_NL_HEIC.mat,0,1781.5
IMG_2945.jpg,2016x1512,a8757e6371213b06bfd1d9955b6ee634ee518c8bd67f77ae2132368f1ca83482,1,,0.036617,0.0072,gauss2,BP06_12MP_NL_HEIC.mat,0,1618.1
IMG_2946.jpg,2016x1512,052d0cf47147dc909dde389be8ee5c41780ec4690cd217223e155899a2856650,1,,0.063321,0.0072,gauss2,BP06_12MP_NL_HEIC.mat,0,1864.9
IMG_2947.jpg,2016x1512,803aba2077f7729051186631e7b21707178f40dd41caa3393ca02ffe93b3f7ec,1,,0.025541,0.0072,gauss2,BP06_12MP_NL_HEIC.mat,0,1878.7
IMG_2948.jpg,2016x1512,88f63795e2bbf26c499969420fae580f572db3349327cf81a2b0400881d7c0d0,1,,0.048534,0.0072,gauss2,BP06_12MP_NL_HEIC.mat,0,1864.1
IMG_2949.jpg,2016x1512,6742649ac169a28f7262cb58e8695ad4b310fb2ee2515dbf424d9a31e916690d,1,,0.075232,0.0072,gauss2,BP06_12MP_NL_HEIC.mat,0,1817.7
IMG_2950.jpg,2016x1512,80fc4b1cdfa1279965039742f93bb1e8936a9eeebad6352a09310a479927a685,1,,0.062851,0.0072,gauss2,BP06_12MP_NL_HEIC.mat,0,1835.5
IMG_2951.jpg,2016x1512,8d24b3f614499aa276a4471deef5cd1e3b3fd9b376322e27903ea93af6b7bdfb,1,,0.045926,0.0072,gauss2,BP06_12MP_NL_HEIC.mat,0,1792.3
IMG_2952.jpg,2016x1512,4c3e3ca122cac63b0be11023cf8d37a563a55a5aade7dd4478969e711f30a77c,1,,0.038291,0.0072,gauss2,BP06_12MP_NL_HEIC.mat,0,1717.0
IMG_2953.jpg,2016x1512,313c09a33e726abf929916abc556b7087c26ad71ba3b5a48533b004c22629e9b,1,,0.031286,0.0072,gauss2,BP06_12MP_NL_HEIC.mat,0,1663.4
IMG_2954.jpg,2016x1512,1e0f005697149aab66ea1ca3dc4342ff36d44b7a327f9853d5d47834cc7f36c8,1,,0.062862,0.0072,gauss2,BP06_12MP_NL_HEIC.mat,0,1867.4
IMG_2955.jpg,2016x1512,e25dd48373962bae2456487d75b3b9de6d468891a36f422b89a30f4688795d1d,1,,0.022933,0.0072,gauss2,BP06_12MP_NL_HEIC.mat,0,1911.2
IMG_2956.jpg,2016x1512,826929da7126f81a0fbe16acd9a2fd00cba5fd37b2d494c0566df604d557b75f,1,,0.033695,0.0072,gauss2,BP06_12MP_NL_HEIC.mat,0,1857.3
IMG_2957.jpg,2016x1512,50fec7c43fcc7eb47ffada748ac556dfc14a37eea74f74d850069d8fda7f7fc9,1,,0.03626,0.0072,gauss2,BP06_12MP_NL_HEIC.mat,0,1782.0
IMG_2958.jpg,2016x1512,fb10137287e919127ce4ccf6b0124d0d437a387ba31c0e78a4c6e89f1641be53,1,,0.039854,0.0072,gauss2,BP06_12MP_NL_HEIC.mat,0,1873.4
IMG_2959.jpg,2016x1512,ee148d30ecc163b76f4e626c4ee266745e6f82279025d2228b971caad0f9f598,1,,0.032815,0.0072,gauss2,BP06_12MP_NL_HEIC.mat,0,1836.8
IMG_2960.jpg,2016x1512,4041ed384651e6d529bad5ab22ce0b74fa25a2c30bff58b529a5108799d65ef0,1,,0.038633,0.0072,gauss2,BP06_12MP_NL_HEIC.mat,0,1778.1
IMG_2961.jpg,2016x1512,7c304a1b8dc9c7c04357a1a687a5b3544daa9b41b2e12b1ca6e0a898242575f3,1,,0.04608,0.0072,gauss2,BP06_12MP_NL_HEIC.mat,0,1629.9
IMG_2962.jpg,2016x1512,dcea6673ce15e102b10e248eeaf94785180661956ce357eea35bbcb8d735bf1c,1,,0.026664,0.0072,gauss2,BP06_12MP_NL_HEIC.mat,0,1851.4
IMG_2963.jpg,2016x1512,ebd22a56f005b7ee680e80a7757903cfcbdc025c9078ea069b72104bba7c5f68,1,,0.027313,0.0072,gauss2,BP06_12MP_NL_HEIC.mat,0,1919.4
IMG_2964.jpg,2016x1512,5c35f99e0e56e872776425479254e861a219db715203596f56d96351e2a31aa0,1,,0.088584,0.0072,gauss2,BP06_12MP_NL_HEIC.mat,0,1822.1
IMG_2965.jpg,2016x1512,88cf22226c58ee60045fa1090c850dc9071450888c6f05952905838b11e3ad01,1,,0.037464,0.0072,gauss2,BP06_12MP_NL_HEIC.mat,0,1833.5
IMG_2966.jpg,2016x1512,2f17f9c56a48960f07e6c2226f2569a602464697324c7287b478101266a910ef,1,,0.113143,0.0072,gauss2,BP06_12MP_NL_HEIC.mat,0,1724.1
IMG_2967.jpg,2016x1512,3a3c517d5908550a99e2072a9a639a40895f8917760449e6b0d800e4e54dc0a6,1,,0.15477,0.0072,gauss2,BP06_12MP_NL_HEIC.mat,0,1684.5
IMG_2968.jpg,2016x1512,5f4c2f1c0b118ba2bb88e92b8cfb80f82f5a25eb7379661253a0e3dba62d3cfd,1,,0.067701,0.0072,gauss2,BP06_12MP_NL_HEIC.mat,0,1594.4
IMG_2969.jpg,2016x1512,40b2928e19ca0e2ec9f1d8672f408bfa9e2ad2431172a31824c07b9cf8936522,1,,0.126332,0.0072,gauss2,BP06_12MP_NL_HEIC.mat,0,1911.6
IMG_2970.jpg,2016x1512,5d0a7e7a18587a8c35c075abd2fece9f0ae79abe69711d0546ac95ebc7532437,1,,0.37162,0.0072,gauss2,BP06_12MP_NL_HEIC.mat,0,1848.9
IMG_2971.jpg,2016x1512,9cbb18d5d3214aefc11c78dd878221ddfeaa03cda78bf028201341496db644cb,1,,0.091684,0.0072,gauss2,BP06_12MP_NL_HEIC.mat,0,1897.7
IMG_2972.jpg,2016x1512,5304262b8340f019b2ccf1467d06aab92584a60cf08783630d10fad6085b3946,1,,0.150801,0.0072,gauss2,BP06_12MP_NL_HEIC.mat,0,1857.8
IMG_2973.jpg,2016x1512,ed38e12277c2f8c54a1b81d4b685c9a839be15ff7635f10f38d4d6b4b7d33a41,1,,0.077502,0.0072,gauss2,BP06_12MP_NL_HEIC.mat,0,1723.6
IMG_2974.jpg,2016x1512,4b2e52c9e7871b88378d83d0d01bc507a4eb0fdfd5946f54e2b97c92ec02aa93,1,,0.127021,0.0072,gauss2,BP06_12MP_NL_HEIC.mat,0,1599.1
IMG_2975.jpg,2016x1512,63bed3d04a20a0ee6cbc243b5819db69381fac782788fd317377bc7c1b1a123b,1,,0.129317,0.0072,gauss2,BP06_12MP_NL_HEIC.mat,0,1773.3
IMG_2976.jpg,2016x1512,e40fc3b5509ea95e9dd685753e2b8629f2266fe3a98a9c5820bade8580275ca2,1,,0.10481,0.0072,gauss2,BP06_12MP_NL_HEIC.mat,0,1849.2
IMG_2977.jpg,2016x1512,6b802cf79b4f470fc4d67c75689f990729801f15f9802eacf71bcb6bee175ce3,1,,0.070764,0.0072,gauss2,BP06_12MP_NL_HEIC.mat,0,1848.0
IMG_2978.jpg,2016x1512,05e3da4a6f682d993bdb3b044bdf690f2655b49b5532e7f2b11843d97eee2c71,1,,0.163174,0.0072,gauss2,BP06_12MP_NL_HEIC.mat,0,1808.3
IMG_2979.jpg,2016x1512,fba54f6fad20c81631e33ba5303597bda7854423f71cc9e1799775fe2825b00c,1,,0.021648,0.0072,gauss2,BP06_12MP_NL_HEIC.mat,0,1683.4
IMG_2983.jpg,2016x1512,b558873b0d014359813cce3d5dfcf4116cf05b5313b82b822e2c8f66f9af4cda,1,,0.023933,0.0072,gauss2,BP06_12MP_NL_HEIC.mat,0,1788.4
IMG_2984.jpg,2016x1512,68814a5fe599876eac117c60a363e5d6f3d5c73e39320e94d2201f1aa123982e,1,,0.017945,0.0072,gauss2,BP06_12MP_NL_HEIC.mat,0,1684.6
IMG_2985.jpg,2016x1512,155967525882067b0eef3895dc5ea24c4a61b800c7a6bae8666f3edd3ee8d911,1,,0.016523,0.0072,gauss2,BP06_12MP_NL_HEIC.mat,0,1735.3
IMG_2986.jpg,2016x1512,c00da3f0599a630968a428ce83f475ac7a64df5827ad15f0d0328b345b9b2ab1,1,,0.021554,0.0072,gauss2,BP06_12MP_NL_HEIC.mat,0,1869.7
IMG_2987.jpg,2016x1512,c0a24ee082d5b0fac7123de195ae759acceee589de6bf0d1390d91ccf330c0cf,1,,0.03956,0.0072,gauss2,BP06_12MP_NL_HEIC.mat,0,1953.4
IMG_2988.jpg,2016x1512,057a26820d421b0f54bdf8fe2aa9607e3aa12acadcdfbd260d2c90b5feefeca0,1,,0.029908,0.0072,gauss2,BP06_12MP_NL_HEIC.mat,0,1870.1
IMG_2989.jpg,2016x1512,a135ea4a860e4443302bb71b32f968ffb8dc4fa7f55a5e6ca9d6012f733d3a78,1,,0.02859,0.0072,gauss2,BP06_12MP_NL_HEIC.mat,0,1822.3
IMG_2990.jpg,2016x1512,de5c18176df3ff3f29b61ec6524449387570d0629a82163c2060ef785eaaed74,1,,0.036726,0.0072,gauss2,BP06_12MP_NL_HEIC.mat,0,1754.6
IMG_2991.jpg,2016x1512,92b79ba98cd5e7e5471dded71230a71f234302e378da60035e2cf47a65d8e05a,1,,0.016991,0.0072,gauss2,BP06_12MP_NL_HEIC.mat,0,1735.4
IMG_2992.jpg,2016x1512,04dcb1ae88df37670416259a4d1972e80c6675a528dc8f5c4db73699471860bd,1,,0.022563,0.0072,gauss2,BP06_12MP_NL_HEIC.mat,0,1636.9
IMG_2993.jpg,2016x1512,4f1e72ac7b6a5c36738c950d9f75588a15bd4b45765211517871c6324b5fd226,1,,0.035826,0.0072,gauss2,BP06_12MP_NL_HEIC.mat,0,1893.9
IMG_2994.jpg,2016x1512,f69f1c2fed15255b2335e1b224642c056648721bc78246ac2388e0d1d835e216,1,,0.030292,0.0072,gauss2,BP06_12MP_NL_HEIC.mat,0,1929.5
IMG_2995.jpg,2016x1512,52820f1b0ce3650a9f50e3b18296c22f7b7ae34e219e461c64023ebc854dc253,1,,0.026605,0.0072,gauss2,BP06_12MP_NL_HEIC.mat,0,1896.2
IMG_2996.jpg,2016x1512,3eb5336284f3027cdf3c829a0b85088036c4ceba5639274440e1ac7eda69d0a5,1,,0.019504,0.0072,gauss2,BP06_12MP_NL_HEIC.mat,0,1838.3
IMG_2997.jpg,2016x1512,45da7ccdbe2e6a0074de91dff0f60b572e7dafaa0be1c7ec7c473bf4903d7fe6,1,,0.01865,0.0072,gauss2,BP06_12MP_NL_HEIC.mat,0,1753.5
IMG_2998.jpg,2016x1512,b6962012e4639a42ee899abddb0c9d8a6cd9f139c1c3dcf783e53798f5ef69f0,1,,0.018186,0.0072,gauss2,BP06_12MP_NL_HEIC.mat,0,1693.3
IMG_2999.jpg,2016x1512,1c3311dc48fc4f8c0947e3f7cacd2c7b87ed3efe582d902cb1d974fd84f4c3ab,1,,0.033031,0.0072,gauss2,BP06_12MP_NL_HEIC.mat,0,1698.9
IMG_3001.jpg,2016x1512,dcfc20e5655932294e07a0729e3179ed230c8957e019b6b5ecac7759acc12183,1,,0.021322,0.0072,gauss2,BP06_12MP_NL_HEIC.mat,0,1896.4
IMG_3002.jpg,2016x1512,3fea24f3db99c6be90ccae763a6754e6c251adaab852d2c7f31529c2e6a4e1bc,1,,0.024838,0.0072,gauss2,BP06_12MP_NL_HEIC.mat,0,1883.8
IMG_3003.jpg,2016x1512,89997b2321a69f80f450588d3d7b18e134e046c73b8eb2594270ebdd990c5858,1,,0.030124,0.0072,gauss2,BP06_12MP_NL_HEIC.mat,0,1806.0
IMG_3004.jpg,2016x1512,8b92c31ad810487d2cb47dcbefa18986a0c24c78aeee94d40c0e00663ac29090,1,,0.021325,0.0072,gauss2,BP06_12MP_NL_HEIC.mat,0,1802.5
IMG_3005.jpg,2016x1512,d4f99a13c130f00654963788754e836f253b20da2f3abd2406cda11cfd48079a,1,,0.024246,0.0072,gauss2,BP06_12MP_NL_HEIC.mat,0,1796.3
IMG_3006.jpg,2016x1512,41e124ec9441f272df780a535716eb408dd39633b5a91c3f8e1f86b777cede32,1,,0.032683,0.0072,gauss2,BP06_12MP_NL_HEIC.mat,0,1649.2
IMG_3007.jpg,2016x1512,8d79040ff8c23c435a23d18b66850c63f166a9a056892fd4e91925527a2a31f9,1,,0.036244,0.0072,gauss2,BP06_12MP_NL_HEIC.mat,0,1634.4
IMG_3008.jpg,2016x1512,f1c6bcd063e0c22771f6e1ff51b39b411c669f93af7dda04d2e84d0cf6fa0ccc,1,,0.015716,0.0072,gauss2,BP06_12MP_NL_HEIC.mat,0,1855.5
IMG_3009.jpg,2016x1512,aaf973279484ae00ae81030988a88ba38afa1e8955b1e8e7c365c11b7aa01d75,1,,0.022171,0.0072,gauss2,BP06_12MP_NL_HEIC.mat,0,1902.3
IMG_3010.jpg,2016x1512,98be232760df3d36aafb08b4240a924c71aae744bf821a07575a974e0419d05a,1,,0.017237,0.0072,gauss2,BP06_12MP_NL_HEIC.mat,0,1837.0
IMG_3011.jpg,2016x1512,43aed1f10df960c1a7ef3178f24ec0f97b3d78dfff21657f93ffb58898ac6b00,1,,0.02571,0.0072,gauss2,BP06_12MP_NL_HEIC.mat,0,1748.4
IMG_3012.jpg,2016x1512,365e53c6cd3e57875d0af4273e2d6ce32047c3749697bea0541c97fd7dbb8b9f,1,,0.019928,0.0072,gauss2,BP06_12MP_NL_HEIC.mat,0,1790.5
IMG_3013.jpg,2016x1512,740c01fc5a02410c6c92b2c979ee2849ea747cc2244e455cc7f566d8e1348fc8,1,,0.02346,0.0072,gauss2,BP06_12MP_NL_HEIC.mat,0,1664.3
IMG_3014.jpg,2016x1512,300e4d2dd835e38f215eee0eca89055d0d9cf608587a439543d128d7b98265c3,1,,0.010118,0.0072,gauss2,BP06_12MP_NL_HEIC.mat,0,1605.8
IMG_3015.jpg,2016x1512,2bfa101d4f18d3b957e293d5512bdee0690962526f8cfe4b3acfbaeb9158741a,1,,0.02214,0.0072,gauss2,BP06_12MP_NL_HEIC.mat,0,1877.5
IMG_3016.jpg,2016x1512,3ade7efdd467c627ae63039d75a36fc523576d44062343c8cdfd74ea6b09e73b,1,,0.026025,0.0072,gauss2,BP06_12MP_NL_HEIC.mat,0,1929.0
IMG_3017.jpg,2016x1512,7fde79d929e9143760e832080ca9ff618cf8da527619e8dcea52b5337ebf6554,1,,0.017659,0.0072,gauss2,BP06_12MP_NL_HEIC.mat,0,1820.5
IMG_3018.jpg,2016x1512,c8ffa7e78c9fa15c59133a5e9557c35ba2de26b4ae36d736eef0de169600a54a,1,,0.023279,0.0072,gauss2,BP06_12MP_NL_HEIC.mat,0,1838.0
IMG_3019.jpg,2016x1512,7912d183c0816fd174eb81a1be3074f8a0ff92b4b76092774fb44a3faa142c98,1,,0.020409,0.0072,gauss2,BP06_12MP_NL_HEIC.mat,0,1772.3
IMG_3020.jpg,2016x1512,a6a260e13d59ec249ff734f00d41adc65a11ead2c3b6f80d7f3ead8decc7e67d,1,,0.027574,0.0072,gauss2,BP06_12MP_NL_HEIC.mat,0,1656.3
IMG_3021.jpg,2016x1512,14ed5d426317d7c0ed178beb7fa00aa28d0fada5710f5649b446a5e7695ca16f,1,,0.027787,0.0072,gauss2,BP06_12MP_NL_HEIC.mat,0,1614.1
IMG_3022.jpg,2016x1512,df7ef9121bc258eec398e343824fdb1acf9acb7a5000381eb570d2a4064c5fa4,1,,0.042063,0.0072,gauss2,BP06_12MP_NL_HEIC.mat,0,1907.7
IMG_3023.jpg,2016x1512,d2c032d682c27154c31bb811dfc27fbcaa304888b9c64e7d296b8081fde80232,1,,0.030504,0.0072,gauss2,BP06_12MP_NL_HEIC.mat,0,1930.5
IMG_3024.jpg,2016x1512,4c11b0ebdcc3163eb70d30304b52fdf6b22322b02be60269ef2f9faab9f7a8d1,1,,0.021838,0.0072,gauss2,BP06_12MP_NL_HEIC.mat,0,1916.6
IMG_3025.jpg,2016x1512,bf5644d6298c959ef607866a97b5802b4248ffacd791688c19afe359f4e94b68,1,,0.027458,0.0072,gauss2,BP06_12MP_NL_HEIC.mat,0,1802.1
IMG_3026.jpg,2016x1512,e9bd20e0ae5902e168a4333b079862d8682c1c75e3c16e9f1656a98f5bd3c646,1,,0.025811,0.0072,gauss2,BP06_12MP_NL_HEIC.mat,0,1757.3
IMG_3027.jpg,2016x1512,946d455f20eaf9d7c416b8ebe2423a7e09d4f2bbf3953835a26f5ee5265ac75e,1,,0.024573,0.0072,gauss2,BP06_12MP_NL_HEIC.mat,0,1699.5
IMG_3028.jpg,2016x1512,3bf6d025f99a5e700b520dc8bc4e3285dafc21c01940292ba7cd62028315af77,1,,0.02681,0.0072,gauss2,BP06_12MP_NL_HEIC.mat,0,1662.4
IMG_3029.jpg,2016x1512,0e3b22b840a1a6ce70e34c3e9e8a8df44ced3a117250d4a4a8f93f4cf9d01ec0,1,,0.034749,0.0072,gauss2,BP06_12MP_NL_HEIC.mat,0,1951.2
IMG_3030.jpg,2016x1512,27bb2b8e30c151fa753b7641c19e01e9e7f2f1fd2aace1c8182933ea4ac59d01,1,,0.02533,0.0072,gauss2,BP06_12MP_NL_HEIC.mat,0,1920.1
IMG_3031.jpg,2016x1512,8b5cbda22ca4b2bb151dd4b6f60b28be28bbd918471048c101eb6d07859bc183,1,,0.02552,0.0072,gauss2,BP06_12MP_NL_HEIC.mat,0,1878.9
IMG_3032.jpg,2016x1512,b2b1fd87514f3265b595ab3c62cc6276a75dffc71c07e7756fcffe7fbd02b311,1,,0.038881,0.0072,gauss2,BP06_12MP_NL_HEIC.mat,0,1790.1
IMG_3033.jpg,2016x1512,b1df895de50e7063e8339b61087c8fc2c9f3ce10e0af481c3a00228375ec2672,1,,0.02988,0.0072,gauss2,BP06_12MP_NL_HEIC.mat,0,1718.6
IMG_3034.jpg,2016x1512,5cbe8af5c99244404fa840695f051b3bcbd7a4a034d0d8abb9c2a3f58b3a1546,1,,0.026732,0.0072,gauss2,BP06_12MP_NL_HEIC.mat,0,1599.8
IMG_3035.jpg,2016x1512,c9a62ad946e5dd1a80984e18aceff36b54857db39bb444c3746bee782342a8f2,1,,0.027069,0.0072,gauss2,BP06_12MP_NL_HEIC.mat,0,1758.6
IMG_3036.jpg,2016x1512,8aea9c7b0976057b07a43ead1a57f0533581c9db47f16750b7a6161b17cda4cc,1,,0.01861,0.0072,gauss2,BP06_12MP_NL_HEIC.mat,0,1850.0
IMG_3037.jpg,2016x1512,fdda18bbd10d4638de8c65c760d78ff2ce744ebde29e2b1e21a2cb2b3fac51b4,1,,0.019247,0.0072,gauss2,BP06_12MP_NL_HEIC.mat,0,1918.3
IMG_3038.jpg,2016x1512,6a4c1d98d00ac5c089a2ff334893c0fd8aaac4a3ca8ac021eae9be4786a30e20,1,,0.022303,0.0072,gauss2,BP06_12MP_NL_HEIC.mat,0,1852.3
IMG_3039.jpg,2016x1512,29c55cafd5af092486b95defafeb62e359f8edcb0818a8140efe219cddabb5bc,1,,0.016506,0.0072,gauss2,BP06_12MP_NL_HEIC.mat,0,1834.2
IMG_3040.jpg,2016x1512,c006a3424daf512015a3d5b1530de78e4badf9e6a301de359c89c2babf93e682,1,,0.051484,0.0072,gauss2,BP06_12MP_NL_HEIC.mat,0,1747.7
IMG_3041.jpg,2016x1512,b9042bfd45c9b42df3f6e1ea6aa6d3602d33c4cde252a82e1adfd69c632b2e30,1,,0.049434,0.0072,gauss2,BP06_12MP_NL_HEIC.mat,0,1674.4
IMG_3042.jpg,2016x1512,1b2d6b601125d322cab8301d46f85ec1f6e67fd3e0e433449f6b60de791e11dc,1,,0.04996,0.0072,gauss2,BP06_12MP_NL_HEIC.mat,0,1590.8
IMG_3043.jpg,2016x1512,88ca44d175a8faac62abd17ede93bad8d2f3ada459485f4f4e2eed361f05314b,1,,0.051254,0.0072,gauss2,BP06_12MP_NL_HEIC.mat,0,1898.9
IMG_3044.jpg,2016x1512,cc038b51fc723f2c026c8d77a47b09a5f0b8a2ce0fdb9f40c534360e42362943,1,,0.048358,0.0072,gauss2,BP06_12MP_NL_HEIC.mat,0,1962.4
IMG_3045.jpg,2016x1512,367d661d7f20302a5762ba8f76d0ff59971aa5bd894ee03273eb7875745ffa40,1,,0.050307,0.0072,gauss2,BP06_12MP_NL_HEIC.mat,0,1929.7
IMG_3046.jpg,2016x1512,c8ea6c6ea7d5db7ce49a93425f8f67981814026bd97da4df23f0029619e4ade3,1,,0.049381,0.0072,gauss2,BP06_12MP_NL_HEIC.mat,0,1827.2
IMG_3047.jpg,2016x1512,b83cafb507031c0170b01ca87dae6fc37ead2d638b426c7486300d31c8fa40d4,1,,0.048244,0.0072,gauss2,BP06_12MP_NL_HEIC.mat,2,1788.3
IMG_3048.jpg,2016x1512,f7b39dd51a61c7d248503ad800aef4a1cb0b6a4f4ac3bbdc9f55d28c0b410235,1,,0.048851,0.0072,gauss2,BP06_12MP_NL_HEIC.mat,2,1747.3
IMG_3049.jpg,2016x1512,100099af2703eb1db440d1dbe4e130af94d8e66b91285d5d63d2cd61bc737e52,1,,0.04951,0.0072,gauss2,BP06_12MP_NL_HEIC.mat,2,1736.0
IMG_3050.jpg,2016x1512,d1cd9afce15590a9a2b699220a260bb615b6abf6dac0a3d3c6713c6112dbf0c4,1,,0.049227,0.0072,gauss2,BP06_12MP_NL_HEIC.mat,2,1684.1
IMG_3051.jpg,2016x1512,9d8ae3f265f9f3d6cf99a9f573a53269c425e42aca873f0927eb8f3737e31ec1,1,,0.054181,0.0072,gauss2,BP06_12MP_NL_HEIC.mat,2,1873.1
IMG_3052.jpg,2016x1512,17942cd4259c18581af7fba92902083d4cf0199e92babaad689ed40a7cb5ea9d,1,,0.045947,0.0072,gauss2,BP06_12MP_NL_HEIC.mat,2,1827.6
IMG_3053.jpg,2016x1512,b88f936fb1642a48c9ce24ee8af1143bf37472f72d35f092fe10affe19a3ab9b,1,,0.049338,0.0072,gauss2,BP06_12MP_NL_HEIC.mat,2,1872.6
IMG_3054.jpg,2016x1512,5d2c29c1591c459cffd527b3140d6e88599b0b6d37a61ff8575187c11bed56dc,1,,0.050885,0.0072,gauss2,BP06_12MP_NL_HEIC.mat,2,1791.9
IMG_3055.jpg,2016x1512,d8cd3d9a3478ae3fe153639b210adc3f223b3a663c4dce712ed470cf830e9ba6,1,,0.052566,0.0072,gauss2,BP06_12MP_NL_HEIC.mat,2,1760.1
IMG_3056.jpg,2016x1512,4385a96e9e63288cc3d7f431dc87ab8fa3983e5741bc057ac20f415ccfa19689,1,,0.052137,0.0072,gauss2,BP06_12MP_NL_HEIC.mat,2,1625.6
IMG_3078.jpg,2016x1512,ab516f28449a81a9ed4e013d9c34fb92e9b9ab59cb005aead7d3aa929867f6df,1,,0.001801,0.0072,gauss2,BP06_12MP_SLM_HEIC.mat,1,1746.0
IMG_3095.jpg,2016x1512,e25869ff4be312ad7e995bde0e1ff709abd9bd4832896f6edde53fd7db08f0ff,1,,0.001716,0.0072,gauss2,BP04_12MP_NL_JPEG.mat,2,1852.8
IMG_3131.jpg,2016x1512,184ebc37ea7ce892bdbc676cc46a4681c61f18d6a19196eec2f1ff2f3108f431,1,,0.124421,0.0072,gauss2,BP06_12MP_NL_HEIC.mat,0,1924.9
IMG_3132.jpg,2016x1512,3432947938028ea3d3732f65d325af49deadf68599f744f9457f31bc5eb8fb84,1,,0.058112,0.0072,gauss2,BP06_12MP_NL_HEIC.mat,0,1853.2
IMG_3136.jpg,2016x1512,4c08eeee61434e4e3d803cf56e6131216bf1a104dc31f8bc0f7e24757de56e45,1,,0.059375,0.0072,gauss2,BP06_12MP_NL_HEIC.mat,0,1820.2
IMG_3137.jpg,2016x1512,a32ff9df3ffb42741e6bb8c486b4ae9591350cb1264552bf4cfab6c1b748e8f0,1,,0.060122,0.0072,gauss2,BP06_12MP_NL_HEIC.mat,0,1765.8
IMG_3138.jpg,2016x1512,ecdcfd9315b6cc14c010ef2ac32f60d39f15d540ec97e9741197f747163dc0a8,1,,0.149988,0.0072,gauss2,BP06_12MP_NL_HEIC.mat,0,1821.6
IMG_3139.jpg,2016x1512,c0ef1442a9f5c0057deb39c00def13e41ece1aedb6cb0fd9e05cf345ae5bf394,1,,0.055656,0.0072,gauss2,BP06_12MP_NL_HEIC.mat,0,1661.1
IMG_3143.jpg,2016x1512,9f40db9bd5d97b0a31208a8bca9cdd4f4f9ab42e90555c0e8d42fac1a4b3eade,1,,0.085557,0.0072,gauss2,BP06_12MP_NL_HEIC.mat,0,2019.4
IMG_3144.jpg,2016x1512,c9117a0896bf13388a8f730a7231a88bce4cd5b59241c980d69afce7b3601dc6,1,,0.057841,0.0072,gauss2,BP06_12MP_NL_HEIC.mat,2,2131.0
IMG_3145.jpg,2016x1512,06f1de742c8875ff636afab392182a5a4e5298e5ade170abefef3ba29fb55e31,1,,0.07848,0.0072,gauss2,BP06_12MP_NL_HEIC.mat,2,1928.6
IMG_3146.jpg,2016x1512,15efcd7defe3ae1bc72d4712167ffa3d0162acbb3ba52e5ebaf239df8396f161,1,,0.09887,0.0072,gauss2,BP06_12MP_NL_HEIC.mat,2,1850.8
IMG_3147.jpg,2016x1512,2937f21d29892495d960a92ffc7014dadd38f2d7241920233adfca7f539ac1f3,1,,0.06464,0.0072,gauss2,BP06_12MP_NL_HEIC.mat,2,1816.8
IMG_3148.jpg,2016x1512,3efdf58a34749aac49e7290533c97b8dd8fd4e651fc0b064432401d4518e41d3,1,,0.065263,0.0072,gauss2,BP06_12MP_NL_HEIC.mat,2,1836.8
IMG_3149.jpg,2016x1512,035a58c6f059a19241b85d83d49503155723895ecca982a571bddb0556400920,1,,0.064484,0.0072,gauss2,BP06_12MP_NL_HEIC.mat,2,1739.4
IMG_3150.jpg,2016x1512,73430dedb270b5243130a986b6634b344ac255316ae86e197e712086d71b989c,1,,0.21447,0.0072,gauss2,BP06_12MP_NL_HEIC.mat,2,1644.5
IMG_3151.jpg,2016x1512,de1560c79a006fdc43719bd85e678e08f4d47154a7e2c66928e34e15514d8610,1,,0.058154,0.0072,gauss2,BP06_12MP_NL_HEIC.mat,2,1619.7
IMG_3152.jpg,2016x1512,db07008f4e4ce7533ff0935c2529c5ce12c20b4e5cc84feb467515d61440ccc2,1,,0.067286,0.0072,gauss2,BP06_12MP_NL_HEIC.mat,2,1878.9
IMG_3201.jpg,2016x1512,7ee86bfcf1ca8cd4735a2886e205e521020e5bf5ce2ee5c704926ae537061764,1,,0.206167,0.0072,gauss2,BP06_12MP_NL_HEIC.mat,0,1921.5
IMG_3202.jpg,2016x1512,a2348ef957688610ef5549231181dfa79d2d1b5f9c13c4e54389a55ab6b05156,1,,0.351067,0.0072,gauss2,BP06_12MP_NL_HEIC.mat,0,1822.6
IMG_3203.jpg,2016x1512,8b6662b9e5fafd4f6e1cc77a4c5f6ea0948c9435a77477e96fdc7eef4aac535e,1,,0.133417,0.0072,gauss2,BP06_12MP_NL_HEIC.mat,0,1734.6
IMG_3222.jpg,2016x1512,8a6a97147ada6841c667a7cb4954910c771a507af29d140201ec869c8d2894db,1,,0.099888,0.0072,gauss2,BP06_12MP_NL_HEIC.mat,2,1750.7
IMG_3475.jpg,2016x1512,d5444ea0472a9f2743b46f3e7d70b4f40ab60e810b5a202c1fc9544f4dd57a95,1,,0.010113,0.0072,gauss2,BP05_12MP_SLM_HEIC.mat,0,1657.4
IMG_3476.jpg,2016x1512,cb71be8a247cd796a379b581b94959c375c7fa0a41688cf23f9735b4319e592b,1,,0.013133,0.0072,gauss2,BP05_12MP_SLM_HEIC.mat,0,1772.5
IMG_3477.jpg,2016x1512,468c5f64f04c6446199830738a089b00dcbc3b23772e81121242a510187f1024,1,,0.011376,0.0072,gauss2,BP05_12MP_SLM_HEIC.mat,0,1919.1
IMG_3478.jpg,2016x1512,9e4f697ba0839d2df2a9058053ac08365ef933de86e7b2f746a398e591834aea,1,,0.014905,0.0072,gauss2,BP05_12MP_SLM_HEIC.mat,0,1836.4
IMG_3479.jpg,2016x1512,2f992aad3a3a1924d3ecb7e08411b8e42d831137c929ae5dd43d89d9a79b3230,1,,0.011546,0.0072,gauss2,BP05_12MP_SLM_HEIC.mat,0,1823.7
IMG_3480.jpg,2016x1512,d370e94a1ee031ed49b8fd6199842e7a59b6afa82a920d95ef1188d7b56c2634,1,,0.014702,0.0072,gauss2,BP05_12MP_SLM_HEIC.mat,0,1794.3
IMG_3481.jpg,2016x1512,43d95e8a67a32e3d4c13750e2311f8198803d0d29841dc314767c0b3ea5c0737,1,,0.013297,0.0072,gauss2,BP05_12MP_SLM_HEIC.mat,0,1699.6
IMG_3482.jpg,2016x1512,0396728a738322ee25acd3bd68a177ecc4a10380d911f9c1e20b6df370a4bd71,1,,0.010428,0.0072,gauss2,BP05_12MP_SLM_HEIC.mat,0,1668.2
IMG_3483.jpg,2016x1512,0ed67b399f781bf72eda6e7bcece603d78bc14b43cf48e415eccee801a2010bc,1,,0.014169,0.0072,gauss2,BP05_12MP_SLM_HEIC.mat,0,1744.1
IMG_3484.jpg,2016x1512,28c44325d6ec48025e9d7a69c6179fdda6fed6e4a7390f64ebea2f1ad65f8dd7,1,,0.012174,0.0072,gauss2,BP05_12MP_SLM_HEIC.mat,0,1886.7
IMG_3485.jpg,2016x1512,90c1ed86ea0cfe20d1b2030564aca2f2f8a5e968c45eec095f32263ca4194ab0,1,,0.01207,0.0072,gauss2,BP05_12MP_SLM_HEIC.mat,2,1928.3
IMG_3486.jpg,2016x1512,4b1fd3c39df4b48ba2436389dae08ce2222da72fb429aa8d77f8174572b5648d,1,,0.01164,0.0072,gauss2,BP05_12MP_SLM_HEIC.mat,2,1877.1
IMG_3487.jpg,2016x1512,de39794b72effdca3299904481a6939625e071a0452727cb4dcc63ae110c64af,1,,0.014617,0.0072,gauss2,BP05_12MP_SLM_HEIC.mat,2,1819.3
IMG_3488.jpg,2016x1512,0b53b0cb06267fa934beda93e393c3774094356c4ac6a25768987afb67fb68fa,1,,0.010183,0.0072,gauss2,BP05_12MP_SLM_HEIC.mat,2,1726.0
IMG_3489.jpg,2016x1512,c44cd5e508fde1efff83d07e0e2f0770f0e67720233c7c0678de766420d221b4,1,,0.010324,0.0072,gauss2,BP05_12MP_SLM_HEIC.mat,2,1619.6
IMG_3490.jpg,2016x1512,1d833b95ffc821c6540eaaadc4353590fa7a299e6aab18669293c402c6ba3232,1,,0.008519,0.0072,gauss2,BP05_12MP_SLM_HEIC.mat,2,1597.0
IMG_3491.jpg,2016x1512,2010013d798f2e73ccca75f7bcb4872073acdfc4f702c9bd548493db5674f9da,1,,0.014833,0.0072,gauss2,BP05_12MP_SLM_HEIC.mat,2,1856.3
IMG_3492.jpg,2016x1512,5d85035a7e4c1119e652338579975ddeda5964086e87ded01ec755052f870216,1,,0.012773,0.0072,gauss2,BP05_12MP_SLM_HEIC.mat,2,1883.5
IMG_3493.jpg,2016x1512,cdad2d1b5b0da78d1f20497e40b67e9c6676423926a114c237fece9fc96594ec,1,,0.013679,0.0072,gauss2,BP05_12MP_SLM_HEIC.mat,2,1946.9
IMG_3494.jpg,2016x1512,34d93f31d11340462efa0a5fc0c816615a25589275bc90f163fb78aedd20d7d8,1,,0.012746,0.0072,gauss2,BP05_12MP_SLM_HEIC.mat,2,1830.0
IMG_3658.jpg,2016x1512,ec8714882fe6d528df235377c0af6b0cfeb043e5e79ed7b3fc87bd1773e6b4a2,1,,0.064984,0.0072,gauss2,BP06_12MP_NL_HEIC.mat,0,1775.8
IMG_3659.jpg,2016x1512,21e98a8629206c9d07a28ea1e51820168de32284e007ddc7c03ea7c4e6373945,1,,0.065491,0.0072,gauss2,BP06_12MP_NL_HEIC.mat,0,1711.4
IMG_3660.jpg,2016x1512,42d46671169619348a9ebbc60768979b56f107f0948a1288f74ca9a3dda3ff31,1,,0.066781,0.0072,gauss2,BP06_12MP_NL_HEIC.mat,0,1633.9
IMG_3661.jpg,2016x1512,5431dd432d64daa7e5f0c504ff81242479820f25d3ae3cdbe57b60024b8fe5a0,1,,0.068334,0.0072,gauss2,BP06_12MP_NL_HEIC.mat,0,1859.5
IMG_3662.jpg,2016x1512,cafd5ffacea31a00fe4ecc96c5b77b245dd7553770f4f8fa9c8a613033a34922,1,,0.067131,0.0072,gauss2,BP06_12MP_NL_HEIC.mat,0,1895.4
IMG_3663.jpg,2016x1512,c1e785545a75ef3497a4aa76246c53b5ff07b1e0d8e6abac30ef44aa77e14e95,1,,0.06821,0.0072,gauss2,BP06_12MP_NL_HEIC.mat,0,1824.1
IMG_3664.jpg,2016x1512,bb2f9653ea028e895d9c900b44740e1e71d67342a95076021a7cf349a6a7b202,1,,0.070162,0.0072,gauss2,BP06_12MP_NL_HEIC.mat,0,1894.8
IMG_3665.jpg,2016x1512,bde6d748598f3c1fa60ca088ea6a0bcd0b30872503d4466d7d6a68601de774a7,1,,0.065868,0.0072,gauss2,BP06_12MP_NL_HEIC.mat,0,1788.6
IMG_3666.jpg,2016x1512,b8f4bd55644b3330a82dc5d984d97847fcb62559b9968c66f2f5ad3f90018a64,1,,0.066032,0.0072,gauss2,BP06_12MP_NL_HEIC.mat,0,1696.1
IMG_3667.jpg,2016x1512,b231106e8e173a0dd6068377e9287e8c9c6339c74cf925c21a9c00c59c38355e,1,,0.068713,0.0072,gauss2,BP06_12MP_NL_HEIC.mat,0,1583.8
IMG_3668.jpg,2016x1512,61eff7cd0700f17765bc656e4c269a4e3ef007e81bc5f945f869c94942048288,1,,0.070279,0.0072,gauss2,BP06_12MP_NL_HEIC.mat,2,1862.0
IMG_3669.jpg,2016x1512,c9864816b0cfefe2741b55d6cf330803437fba93e259fcae02fe6ecbf68e2191,1,,0.070723,0.0072,gauss2,BP06_12MP_NL_HEIC.mat,2,1902.6
IMG_3670.jpg,2016x1512,0a053ba8c03d172d78e0271e3e140e37ae386549bfcfa8ab6fe04f866777a74c,1,,0.071778,0.0072,gauss2,BP06_12MP_NL_HEIC.mat,2,1865.8
IMG_3671.jpg,2016x1512,cec397f69f5f4f362e82fc4b73a8fe301749c5134247643daee556120f33de98,1,,0.068563,0.0072,gauss2,BP06_12MP_NL_HEIC.mat,2,1785.9
IMG_3672.jpg,2016x1512,348f67c5f289302a840d379d44b720a89e90be0ee3504cfff1ff11b4e88be479,1,,0.067986,0.0072,gauss2,BP06_12MP_NL_HEIC.mat,2,1742.2
IMG_3673.jpg,2016x1512,02d026919c54f020558f610a96d219ce1a7de3754ef274fa71b63c048de531bb,1,,0.069362,0.0072,gauss2,BP06_12MP_NL_HEIC.mat,2,1663.4
IMG_3674.jpg,2016x1512,723f5a5145ffc374cefb1c99dbf304c056cadb008652ada95ac7184411279f0e,1,,0.067713,0.0072,gauss2,BP06_12MP_NL_HEIC.mat,2,1748.2
IMG_3675.jpg,2016x1512,a324cc43f337bc9d2c78067135f17d0ebeab5799b375adb35e149c266a4238a1,1,,0.067405,0.0072,gauss2,BP06_12MP_NL_HEIC.mat,2,1877.8
IMG_3676.jpg,2016x1512,0194a52c9adec5af4cd6ba677a464bcdf9c0a926860e1e747646be42f5028c7f,1,,0.066844,0.0072,gauss2,BP06_12MP_NL_HEIC.mat,2,1932.8
IMG_3677.jpg,2016x1512,3d662e8655ca540aa549f3365188aff7fa9258a31450bdab9759677bb4bec9ef,1,,0.070104,0.0072,gauss2,BP06_12MP_NL_HEIC.mat,2,1922.8
IMG_4614.jpg,2016x1512,66554ff9d7445509b6a4a39f5c6c2ac3f4c06079efd61767ed510ef17cf8ae72,1,,0.041142,0.0072,gauss2,BP05_12MP_SLM_HEIC.mat,0,1837.6
IMG_4615.jpg,2016x1512,c4bf15168c209f040a5ffafca6e9893b479cf38dff5c38d0a3b4d0bda8792495,1,,0.042033,0.0072,gauss2,BP05_12MP_SLM_HEIC.mat,0,1766.5
IMG_4616.jpg,2016x1512,10325a42d33a31014dd49c159372786b5e25c4af46f2d3e47efddb0c1b456851,1,,0.04104,0.0072,gauss2,BP05_12MP_SLM_HEIC.mat,0,1812.0
IMG_4617.jpg,2016x1512,a0f299250c0b97d6415360aba6bac01eb3c4baea919e0849fc8dc7016d7145dd,1,,0.043943,0.0072,gauss2,BP05_12MP_SLM_HEIC.mat,0,1657.8
IMG_4618.jpg,2016x1512,cb2c47671a59334aa3ca92901d01783bf0815dda7716ba3b1d08227e2ed76b9a,1,,0.041828,0.0072,gauss2,BP05_12MP_SLM_HEIC.mat,0,1753.9
IMG_4619.jpg,2016x1512,335818512c012855aa101248840bacca99eceaa8cf936fc4f470cc493668a5d2,1,,0.041594,0.0072,gauss2,BP05_12MP_SLM_HEIC.mat,0,1896.8
IMG_4620.jpg,2016x1512,ded29b9d9e523dd150a453a0a52090bf827117a77f414cca3eabab16fdbd14b8,1,,0.04114,0.0072,gauss2,BP05_12MP_SLM_HEIC.mat,0,1855.0
IMG_4621.jpg,2016x1512,89ae62949d29bd03ffb5c17c44b514fb49b8cb3f5bd306833da980c0643360a5,1,,0.04311,0.0072,gauss2,BP05_12MP_SLM_HEIC.mat,0,1811.1
IMG_4622.jpg,2016x1512,ceb066400d26fe3c1c0c6229199a7390b4e2c793e8f6ba2d7b2b8863c297836e,1,,0.042397,0.0072,gauss2,BP05_12MP_SLM_HEIC.mat,0,1884.3
IMG_4623.jpg,2016x1512,72051ec806c8cc890aab68dc395e7d906c16f9d5aecfeed103a157b20492367d,1,,0.043449,0.0072,gauss2,BP05_12MP_SLM_HEIC.mat,0,1765.0
IMG_4624.jpg,2016x1512,3926d64a1031374026268fcc6300d96686f1ee3fc4d76a890dbf56f318d386a9,1,,0.051307,0.0072,gauss2,BP05_12MP_SLM_HEIC.mat,2,1675.0
IMG_4625.jpg,2016x1512,34e9e52b975efffc6872615500433ef3a30fc8003c67850eeb138a43ff9e46dd,1,,0.058278,0.0072,gauss2,BP05_12MP_SLM_HEIC.mat,2,1640.7
IMG_4626.jpg,2016x1512,5ede91157b70ba64b0fcf0b29aad08c4592f0bd8c4ccc40129cf67ad494c8ddb,1,,0.05827,0.0072,gauss2,BP05_12MP_SLM_HEIC.mat,2,1898.6
IMG_4627.jpg,2016x1512,73aaed0ca84ddf2a6f541a6a6b4aa5003d7a6a8cea1f964cedde3a9f864400a1,1,,0.059526,0.0072,gauss2,BP05_12MP_SLM_HEIC.mat,2,1826.0
IMG_4628.jpg,2016x1512,de4e86a3ba3a86a942a764b0287db75fabc83c86cf8039381f44c2ab51f8e35b,1,,0.062069,0.0072,gauss2,BP05_12MP_SLM_HEIC.mat,2,1883.0
IMG_4629.jpg,2016x1512,0af2d34320c952f8507f6f83338bdb9b443081ac7d2dbbf6c6afa8ff93ccc04d,1,,0.05597,0.0072,gauss2,BP05_12MP_SLM_HEIC.mat,2,1785.3
IMG_4630.jpg,2016x1512,5f594ed0c1a7a1dccdfc2d4a2a83e6fb7bb8a3789ab62507cb9e13e30d80c1be,1,,0.055249,0.0072,gauss2,BP05_12MP_SLM_HEIC.mat,2,1829.5
IMG_4631.jpg,2016x1512,cf221e08932117864608e33bcb4752bfbbe0c17b5dd870f253e4e2d9efc8f2ae,1,,0.055456,0.0072,gauss2,BP05_12MP_SLM_HEIC.mat,2,1587.7
IMG_4632.jpg,2016x1512,e91756a153d7f59a1a0e06f4d0ee509867131bb9954c15c876190292e4aad1a6,1,,0.055651,0.0072,gauss2,BP05_12MP_SLM_HEIC.mat,2,1623.2
IMG_4633.jpg,2016x1512,54eebbc8a211e09d354c8ed9c7313e7b598c1a3c954c2f81ba75a001696fa816,1,,0.055742,0.0072,gauss2,BP05_12MP_SLM_HEIC.mat,2,1859.7
IMG_5533.jpg,2016x1512,3a107f7a0dac0ea2222d36810a405b219ebcdd6cdd188e1c08e912cc7f415472,1,,0.021689,0.0072,gauss2,BP05_12MP_SLM_HEIC.mat,0,1935.6
IMG_5534.jpg,2016x1512,afc66efc310f993e40b8c6ab8e578375e558f07eead0fd82e42419d6e69f91ae,1,,0.017552,0.0072,gauss2,BP05_12MP_SLM_HEIC.mat,0,1907.9
IMG_5535.jpg,2016x1512,ad431f066b32e7de18a8c991f6b31a38051e1e6c7eed3ee5a13813370c7d8ef4,1,,0.048644,0.0072,gauss2,BP05_12MP_SLM_HEIC.mat,0,1904.2
IMG_5536.jpg,2016x1512,276ac6fc97fe8c9769a49315b147e9b307f63f2b9a5ab7d8ea247cacf58e2e5c,1,,0.023149,0.0072,gauss2,BP05_12MP_SLM_HEIC.mat,0,1826.6
IMG_5537.jpg,2016x1512,f466783fb3f33568018cdadcc2fdf3a9002c06f0a41ddae1652ae9fa0b1f5504,1,,0.039275,0.0072,gauss2,BP05_12MP_SLM_HEIC.mat,0,1774.5
IMG_5538.jpg,2016x1512,8b8289362fbec38280c4e6492e11dbeff45c9c800f3e3b700ad4f83e71d07faf,1,,0.017825,0.0072,gauss2,BP05_12MP_SLM_HEIC.mat,0,1638.6
IMG_5539.jpg,2016x1512,9067ec5b51a491e76ba44a7db218705dbd4554ff5f12e35fdb49fd3864fa65de,1,,0.026796,0.0072,gauss2,BP05_12MP_SLM_HEIC.mat,0,1796.0
IMG_5540.jpg,2016x1512,45b165272d72ed62694226ed9c8bed4cca58c9ff4f5e84203e268247268b0e7c,1,,0.023643,0.0072,gauss2,BP05_12MP_SLM_HEIC.mat,0,1892.4
IMG_5541.jpg,2016x1512,000c6e2466ce5cad09fa12ca0c7c36e48aab74e0eca944a8673b5c8cedb27997,1,,0.059903,0.0072,gauss2,BP05_12MP_SLM_HEIC.mat,0,1912.8
IMG_5542.jpg,2016x1512,2739944a1532dd225df0d683b733eecfef4f03a94dec7856d116e80a92cbd755,1,,0.020103,0.0072,gauss2,BP05_12MP_SLM_HEIC.mat,0,1826.0
IMG_5543.jpg,2016x1512,d447d9fd4506ff344ad00fa773442b542d50ceba96354dd1bd6f89508c5dbc86,1,,0.028821,0.0072,gauss2,BP05_12MP_SLM_HEIC.mat,0,1842.7
IMG_5544.jpg,2016x1512,06f3d4210b10054b5203be69f9e45015855451d8b26c4295f7ec843a00a84713,1,,0.009538,0.0072,gauss2,BP05_12MP_SLM_HEIC.mat,0,1913.9
IMG_5545.jpg,2016x1512,f4c8d8cf08a0626ba975eea6698f23207f71e97eb3f17b5b9402c14e1d16b6ba,1,,0.017033,0.0072,gauss2,BP05_12MP_SLM_HEIC.mat,0,1844.2
IMG_5546.jpg,2016x1512,036efd18a5e12b85c4d38675b475d2db2f432f10f0736e5b41e9198ea6654264,1,,0.077333,0.0072,gauss2,BP05_12MP_SLM_HEIC.mat,0,1619.1
IMG_5548.jpg,1512x2016,e29191faa1e1f5658d3ed65cac0d79217b7febac56e9b78ad113622c4d6a77b5,1,,0.024892,0.0072,gauss2,BP05_12MP_SLM_HEIC.mat,3,1612.1
IMG_5549.jpg,1512x2016,52c9e309c437a344ffeb6ce3f552a85565f50e8b9ba1fb0362918bf4a7b96bd2,1,,0.064052,0.0072,gauss2,BP05_12MP_SLM_HEIC.mat,3,1809.7
IMG_5550.jpg,1512x2016,b4efc81a8ee9160623f6f697a29dc9069cdda4413dfa9d9df26a1c3e527729e9,1,,0.00962,0.0072,gauss2,BP05_12MP_SLM_HEIC.mat,3,1839.8
IMG_5551.jpg,1512x2016,3a80b4b5ce41a3badef659b4ede08deb8a6be2c55fade418c9815bd858c50fa4,1,,0.007293,0.0072,gauss2,BP05_12MP_SLM_HEIC.mat,3,1848.9
IMG_5552.jpg,2016x1512,7ec5558ca7318e8a96b3993b5dc9d90a2042aaf8b5a4d7b46337cb35b8bba8e8,1,,0.019446,0.0072,gauss2,BP05_12MP_SLM_HEIC.mat,0,1814.2
IMG_5553.jpg,1512x2016,2627fcf915bb6a7ba3be463c21b4fe86ba69c4e4decbc93396c5e5be5a548c03,1,,0.019527,0.0072,gauss2,BP05_12MP_SLM_HEIC.mat,3,1776.4
IMG_5554.jpg,2016x1512,9d319ddceab73b20651259dc3ed43969af5325596b5be2cc125c6c655ead2fa9,1,,0.018949,0.0072,gauss2,BP05_12MP_SLM_HEIC.mat,0,1661.0
IMG_5555.jpg,2016x1512,355aca0b9a1c16afd7398f1a560c42e78ac538bce9ac76503b8df573d4c07626,1,,0.018529,0.0072,gauss2,BP05_12MP_SLM_HEIC.mat,0,1752.1
IMG_5556.jpg,2016x1512,1c6de7f8eb50d0971d78142055d1a69e0e036d5416ba2736be3f2f3313663a0e,1,,0.030182,0.0072,gauss2,BP05_12MP_SLM_HEIC.mat,0,1880.8
IMG_5557.jpg,1512x2016,234546c7fcbbaf4a483e9872b2b0b1ed448fd05052e7a1dbde56e0f37e49804b,1,,0.047388,0.0072,gauss2,BP05_12MP_SLM_HEIC.mat,1,1916.8
IMG_5558.jpg,2016x1512,670f7de0259d669d3515135875b6db3a3d6644fdd6b30d4e7c9be103e2352d0f,1,,0.016133,0.0072,gauss2,BP05_12MP_SLM_HEIC.mat,0,1880.7
IMG_5559.jpg,2016x1512,e6831086d0f10834da4b2897cec5f86525949c4655b5463b4fbd21b0ec17ae26,1,,0.035409,0.0072,gauss2,BP05_12MP_SLM_HEIC.mat,0,1847.2
IMG_5560.jpg,2016x1512,1937918b35d4831258ded3fa0777df981172e336dd2745d85b9ac0cb9e1e93e3,1,,0.016391,0.0072,gauss2,BP05_12MP_SLM_HEIC.mat,0,1852.7
IMG_5561.jpg,2016x1512,f86146974a71b4c74be7e9fde03714755ee732ef10c23ca5716b370ca0b78886,1,,0.041686,0.0072,gauss2,BP05_12MP_SLM_HEIC.mat,0,1769.9
IMG_5562.jpg,2016x1512,720326033bcab793ff250154923953a978a25fe2e8530f8547d95baae627466b,1,,0.030279,0.0072,gauss2,BP05_12MP_SLM_HEIC.mat,0,1678.4
IMG_5563.jpg,2016x1512,c7959b6a9ea3c37dbb5dc17fd6998cd2d6b4a916decc2b6f46a7da0971f01642,1,,0.043282,0.0072,gauss2,BP05_12MP_SLM_HEIC.mat,0,1812.2
IMG_5564.jpg,2016x1512,a3446e705bd104467f9d8cc9a4732d9f40e3b159ba94231f269edf7845b0ccd5,1,,0.039325,0.0072,gauss2,BP05_12MP_SLM_HEIC.mat,0,1827.9
IMG_5565.jpg,2016x1512,bbd3412ff9a5210221e316187ba87dab5b27c65cfddcc25dad147b69a1b5057b,1,,0.019967,0.0072,gauss2,BP05_12MP_SLM_HEIC.mat,0,1901.1
IMG_5566.jpg,2016x1512,f56743f234e2254928da0f10cebb11971e5fb49327de8160c81756cbee9baed7,1,,0.150442,0.0072,gauss2,BP05_12MP_SLM_HEIC.mat,0,1830.3
IMG_5567.jpg,2016x1512,a1e02bc56a78a86c65e5baa674e62288f532101f9a6479be0062969d08e6ce41,1,,0.052438,0.0072,gauss2,BP05_12MP_SLM_HEIC.mat,0,1829.8
IMG_5568.jpg,2016x1512,cbe442ab3f36cbb70804e5607d76a22977544d3200f9d76606904d1d4844d4d1,1,,0.038056,0.0072,gauss2,BP05_12MP_SLM_HEIC.mat,0,1768.5
IMG_5569.jpg,2016x1512,64729cf892b6e501f6ffdacc896c1de7167865a7c9e034e03fc3f194f9aeddc4,1,,0.029458,0.0072,gauss2,BP05_12MP_SLM_HEIC.mat,0,1685.6
IMG_5570.jpg,2016x1512,15a0a1469137d181829b6ed5d6ae3196173bbe2e9f51d81b070c4d2d79f6bf92,1,,0.053038,0.0072,gauss2,BP05_12MP_SLM_HEIC.mat,0,1612.1
IMG_5571.jpg,2016x1512,2f858c7910bec103f9733c8d4930044c7c5e83a3b5b7fbfbe54ab3a8bec26a01,1,,0.041987,0.0072,gauss2,BP05_12MP_SLM_HEIC.mat,0,1809.8
IMG_5572.jpg,2016x1512,70fd66a0f575508199b38b8664ea0274aaf4c1238c27e02f1f95eb649c807041,1,,0.029509,0.0072,gauss2,BP05_12MP_SLM_HEIC.mat,0,1953.1
IMG_5573.jpg,2016x1512,dc021671e2368185e4fe601930134b12d7c9d137f141eaa7462222fbf0d8daae,1,,0.020469,0.0072,gauss2,BP05_12MP_SLM_HEIC.mat,0,1860.0
IMG_5574.jpg,2016x1512,da4933c7ef18227d0a9c673b2fee843123bbb96424f562c4e20ef4920f107d4f,1,,0.057836,0.0072,gauss2,BP05_12MP_SLM_HEIC.mat,0,1785.6
IMG_5575.jpg,2016x1512,bbbf745153e145f1c3bc04d201bd853f5da35122cae9874bd339dc096178be29,1,,0.022009,0.0072,gauss2,BP05_12MP_SLM_HEIC.mat,0,1744.2
IMG_5576.jpg,2016x1512,1ebef2de61b91590c1623912a8f934a2980b53dc7b42778cd23c08ed654e680b,1,,0.014826,0.0072,gauss2,BP05_12MP_SLM_HEIC.mat,0,1708.1
IMG_5577.jpg,2016x1512,82e18b06418b357d1700e8440bfabd59fe0aed6f79cd152feec48160a3410e39,1,,0.011188,0.0072,gauss2,BP05_12MP_SLM_HEIC.mat,0,1761.8
IMG_5578.jpg,2016x1512,61d11a3b7abee729fe005cca96a25aad66532b37ad7bf7082236c56b4cf80239,1,,0.051388,0.0072,gauss2,BP05_12MP_SLM_HEIC.mat,0,1870.4
IMG_5579.jpg,2016x1512,9d623b4acbfadf717b9367cec9b9859211365ad2e89fc80e3a59fb4fb3acc011,1,,0.035874,0.0072,gauss2,BP05_12MP_SLM_HEIC.mat,0,1907.5
IMG_5580.jpg,2016x1512,fb20cbb0370dadefa0ac1ac652c9a3c0173006dbe0475734e9d612915d53d4af,1,,0.010356,0.0072,gauss2,BP05_12MP_SLM_HEIC.mat,0,1952.7
IMG_5581.jpg,2016x1512,5cedd0d13ab8beb09d4c02be72b944b0cdea7b5b1bac0a489ffbcbe33112ca2c,1,,0.016701,0.0072,gauss2,BP05_12MP_SLM_HEIC.mat,0,1783.1
IMG_5582.jpg,2016x1512,6f4fa546a58818fef13d04b9ff71dca8c57466fc3567ea522d854e843515e71a,1,,0.023233,0.0072,gauss2,BP05_12MP_SLM_HEIC.mat,0,1866.2
IMG_5583.jpg,2016x1512,4ed0debd256606c351176ffac0e05f53e134f18e60f4508b55f86380ecb28c54,1,,0.044553,0.0072,gauss2,BP05_12MP_SLM_HEIC.mat,0,1773.9
IMG_6122.jpg,2016x1512,11d6fd017dd1a216e28c06f7d6e7f92e941371d182915baae719baf64026636b,1,,0.044641,0.0072,gauss2,BP06_12MP_NL_HEIC.mat,2,1616.8
IMG_6123.jpg,2016x1512,7c9fe660ba0e62c25f935cb8bcde472166f4fd8575219fecf2204b86d760578b,1,,0.043132,0.0072,gauss2,BP06_12MP_NL_HEIC.mat,2,1751.4
IMG_6125.jpg,2016x1512,89ff8748c5b3cdb29c3b0ecd81668825fb72f6eafcd7ecf04e2d2f9300dffb89,1,,0.042319,0.0072,gauss2,BP06_12MP_NL_HEIC.mat,2,1856.8
IMG_6126.jpg,2016x1512,ee9717cde377790fdb6c2ef9aaffb7d3842d683a0146e3655a8a92f21d7eea72,1,,0.043746,0.0072,gauss2,BP06_12MP_NL_HEIC.mat,2,1931.4
IMG_6127.jpg,2016x1512,291abd531025e9d968a22bd5ce7ae3b48f3bcb77f68ea7cc32b7291f7d527a92,1,,0.040961,0.0072,gauss2,BP06_12MP_NL_HEIC.mat,2,1867.7
IMG_6128.jpg,2016x1512,9005adac79392bceea4880befe5f58dafecbcb8c758506327463f8ba9474afd2,1,,0.045605,0.0072,gauss2,BP06_12MP_NL_HEIC.mat,2,1752.1
IMG_6129.jpg,2016x1512,7e84ddfef066b77c3641524b67aa0f56f1e45d29407baf44f039aaf6dbdc3258,1,,0.044758,0.0072,gauss2,BP06_12MP_NL_HEIC.mat,2,1734.9
IMG_6130.jpg,2016x1512,8ee567e4ce939fc651f1a7bbb10876e4df43b76ddfe1159d376c1347ddd6b594,1,,0.046228,0.0072,gauss2,BP06_12MP_NL_HEIC.mat,2,1667.9
IMG_6131.jpg,2016x1512,c277f89f07fa6ffcda0590afb451e72c28560553626792980b2304e17941c2c9,1,,0.044465,0.0072,gauss2,BP06_12MP_NL_HEIC.mat,2,1801.7
IMG_6132.jpg,2016x1512,76c8894486538507e759de0189810511377808fcb577e2e29e0f09df3777aee8,1,,0.050339,0.0072,gauss2,BP06_12MP_NL_HEIC.mat,2,1878.6
IMG_6134.jpg,2016x1512,606ab4cc32a477be6a64c23c87d9f28c36539ff57c2993d05619ac4964a72667,1,,0.055352,0.0072,gauss2,BP06_12MP_NL_HEIC.mat,0,1903.3
IMG_6135.jpg,2016x1512,6a35019a6175e1a3822ec7aea8d1ea5da7fd905a5672d8dcbd398f619fb50e14,1,,0.054631,0.0072,gauss2,BP06_12MP_NL_HEIC.mat,0,1909.3
IMG_6136.jpg,2016x1512,86c8d1181c9dead4beba65fc031840759b8e6dba2553de4b17516dbf86164963,1,,0.053972,0.0072,gauss2,BP06_12MP_NL_HEIC.mat,0,1746.5
IMG_6137.jpg,2016x1512,bed6eb6bab761eb33320b3126aac640caa650e14cf7e27acfcb5877909a69640,1,,0.052153,0.0072,gauss2,BP06_12MP_NL_HEIC.mat,0,1801.5
IMG_6138.jpg,2016x1512,cd0b03d1e3e079672da23f65892486508a269ebcbd2a7341e547eab6207bd4b6,1,,0.055075,0.0072,gauss2,BP06_12MP_NL_HEIC.mat,0,1603.0
IMG_6139.jpg,2016x1512,1e7dd1a4b9b41f14ba74e5d721038a24c49cd51c1496136c3a776dad562b7c28,1,,0.052353,0.0072,gauss2,BP06_12MP_NL_HEIC.mat,0,1600.4
IMG_6140.jpg,2016x1512,ebe60628d9a7c058081fba474da5fc8c02c39059e2493ab36426c0560b916d6f,1,,0.052675,0.0072,gauss2,BP06_12MP_NL_HEIC.mat,0,1838.7
IMG_6141.jpg,2016x1512,5558db26b75232fff7174fc64b9b65cc499be4c106c8b768abec4e9f8b43b6bf,1,,0.05447,0.0072,gauss2,BP06_12MP_NL_HEIC.mat,0,1915.3
IMG_6142.jpg,2016x1512,729fadd675fdb0214034b9ebe28bcaf76695245780f42ce1b7b2683b2fdfdc30,1,,0.052345,0.0072,gauss2,BP06_12MP_NL_HEIC.mat,0,1903.6
IMG_6143.jpg,2016x1512,2bcae13b3ee631fd110bc002c36188ea8f9863c73899e9b1450d22d6534a12eb,1,,0.052741,0.0072,gauss2,BP06_12MP_NL_HEIC.mat,0,1721.0
IMG_6537.jpg,2016x1512,5e7f3d608e2ab2f5a246e2024f3288884bd3ceebced5160eb345b8ce227febce,1,,0.087643,0.0072,gauss2,BP05_12MP_SLM_HEIC.mat,0,1733.1
IMG_6538.jpg,2016x1512,8b087b6d63152258d73b998dfce8c878a6d3f39b51079b7f227e504f2cb91152,1,,0.060161,0.0072,gauss2,BP05_12MP_SLM_HEIC.mat,0,1669.0
IMG_6544.jpg,2016x1512,6b27ff733690f08743c8d15929385421926bbf46f31ef4f4d6249e04cf484696,1,,0.147619,0.0072,gauss2,BP05_12MP_SLM_HEIC.mat,0,1765.0
IMG_6545.jpg,2016x1512,53fe3a3636bde926fdcac283bce021155b3cea90f60f3e29c7a9c448aa4d8038,1,,0.137583,0.0072,gauss2,BP05_12MP_SLM_HEIC.mat,0,1865.0
IMG_6770.jpg,2016x1512,b1e17c12fc57b84e00a48d7bd42ce093325b658328e490429b3896c2eaa82803,1,,0.288037,0.0072,gauss2,BP06_12MP_NL_HEIC.mat,0,1904.7
IMG_6771.jpg,2016x1512,d03ead4c010b4944a364170058565f3b668a83da10ca73f9ab7a574efeb5a1c6,1,,0.286637,0.0072,gauss2,BP06_12MP_NL_HEIC.mat,0,1862.1
IMG_6772.jpg,2016x1512,c02eb5808372da5b5b258a77294ea96fe9164349cd5866b49f0d55248c91659e,1,,0.283651,0.0072,gauss2,BP06_12MP_NL_HEIC.mat,0,1851.2
IMG_6773.jpg,2016x1512,aaf1643e156357e250c7e93b8f629bbb022448b993053ca5f41b240e89cce116,1,,0.271816,0.0072,gauss2,BP06_12MP_NL_HEIC.mat,0,1687.1
IMG_6774.jpg,2016x1512,f9f7e0cab032630b5c53134b4577d15b533aa0bc754e5c5e4d4d2c98df6ca303,1,,0.296321,0.0072,gauss2,BP06_12MP_NL_HEIC.mat,0,1706.1
IMG_6775.jpg,2016x1512,0123fbc1fcb3c0ab27f0174da3e3ba2fe2f602dd9dc73997c7d11d465a7eb567,1,,0.291069,0.0072,gauss2,BP06_12MP_NL_HEIC.mat,0,1601.8
IMG_6776.jpg,2016x1512,f2e0ef0372cc15e4bc1e4d98b9372811e1e36f3c56db5e0f19a3490395a5782f,1,,0.281177,0.0072,gauss2,BP06_12MP_NL_HEIC.mat,0,1866.2
IMG_6777.jpg,2016x1512,7c55db739a1b8d03b6f6b48b266539dc25f9e9d3c0ec49c053b0b1d42a89b4d1,1,,0.271584,0.0072,gauss2,BP06_12MP_NL_HEIC.mat,0,1875.4
IMG_6778.jpg,2016x1512,79398b2bbf3cd3de1973712d8fa9ed1b6d81f6d73939d8c03ccdf4e81c7fe321,1,,0.26961,0.0072,gauss2,BP06_12MP_NL_HEIC.mat,0,1790.0
IMG_6779.jpg,2016x1512,d56b25198b6fa9e88863b8a18dda84ad836c12eb47c49e4be8505e561cc6b63b,1,,0.275951,0.0072,gauss2,BP06_12MP_NL_HEIC.mat,0,1789.5
IMG_6785.jpg,2016x1512,b7fb537d574f3234c659fbab34e7a11c1b9e49392b0590a22468811ae37b7935,1,,0.127723,0.0072,gauss2,BP06_12MP_NL_HEIC.mat,2,1804.0
IMG_6788.jpg,2016x1512,7f8c5c3f0f0357e5246c029074f3d538ce10c52fde917f2d9268ee2ab779d3ee,1,,0.148932,0.0072,gauss2,BP06_12MP_NL_HEIC.mat,2,1640.5
IMG_6789.jpg,2016x1512,fc12275fc882332fa224996feade70761459850e5948dd4de7121ddcd03bc53a,1,,0.128696,0.0072,gauss2,BP06_12MP_NL_HEIC.mat,2,1760.2
IMG_7740.jpg,2016x1512,fcc373baa5277d815741f022db6eb8dd9546d3eccc14c8dfa9b501cb09794a4c,1,,0.126534,0.0072,gauss2,BP06_12MP_NL_HEIC.mat,0,1882.3
IMG_7741.jpg,2016x1512,ca7b176fe214971fa9c2a530f8a667258966cd1524a8f9d64ad907f314101e07,1,,0.130696,0.0072,gauss2,BP06_12MP_NL_HEIC.mat,0,1835.8
IMG_7742.jpg,2016x1512,8951d78100fd0fe78eb2d1e0d1198329d08542bcdc086bedf42dfe33d2bc3a65,1,,0.136495,0.0072,gauss2,BP06_12MP_NL_HEIC.mat,0,1808.7
IMG_7743.jpg,2016x1512,1e293a4e838a9f7739c6028ed97c3abd13a55066272729d8b8476daa02b972b3,1,,0.133951,0.0072,gauss2,BP06_12MP_NL_HEIC.mat,0,1822.7
IMG_7744.jpg,2016x1512,df239b429f2e82b0d01d65c88d84b0ab4e8546ebf475215d8bdfac864c6ccf8f,1,,0.133644,0.0072,gauss2,BP06_12MP_NL_HEIC.mat,0,1789.6
IMG_7745.jpg,2016x1512,12173c5c891ab787af8f4451f128704c8d87f7f2f581fa4a4b8c3efa86a54ac7,1,,0.131516,0.0072,gauss2,BP06_12MP_NL_HEIC.mat,0,1785.3
IMG_7746.jpg,2016x1512,83bad0dacb987fa735e3287479db56c8fc1280bf11fd7144b0b3fa7cb8c50b3f,1,,0.133027,0.0072,gauss2,BP06_12MP_NL_HEIC.mat,0,1611.3
IMG_7747.jpg,2016x1512,e88369fd7802051f4e1b231532c11a71f779d7b668c6fb54c74663773cf7345f,1,,0.131053,0.0072,gauss2,BP06_12MP_NL_HEIC.mat,0,1922.3
IMG_7748.jpg,2016x1512,4959ab9855cc359317a1e83b71142caef09f31a94033b4cefb0ced14da865004,1,,0.130355,0.0072,gauss2,BP06_12MP_NL_HEIC.mat,0,1926.2
IMG_7749.jpg,2016x1512,539069e7dd52b51a8226c90acf1d7238fb0abb6f9b581c7d77b51bde1e2b7853,1,,0.135611,0.0072,gauss2,BP06_12MP_NL_HEIC.mat,0,1887.0
IMG_7750.jpg,2016x1512,a32b720b91c62e3392524a497eaa275bfe8527c49d53e15095c951a7ee590e3d,1,,0.126814,0.0072,gauss2,BP06_12MP_NL_HEIC.mat,2,1849.7
IMG_7751.jpg,2016x1512,d69fcfbaf679c5864738c413400b7364d7c0228dcb0e25bae0a100cc7f0cd122,1,,0.136624,0.0072,gauss2,BP06_12MP_NL_HEIC.mat,2,1831.4
IMG_7752.jpg,2016x1512,7faf2bda6c4d965b9cf32feb2cc238d548cfed327297c41f05d022e397d060d2,1,,0.131876,0.0072,gauss2,BP06_12MP_NL_HEIC.mat,2,1754.1
IMG_7753.jpg,2016x1512,b20247c244f51586e17f0e66c782af2b8cab2dd12d850984e1223360880bb400,1,,0.121017,0.0072,gauss2,BP06_12MP_NL_HEIC.mat,2,1646.1
IMG_7754.jpg,2016x1512,5d65171bca0da6dd719eaef3f1dcfc1d668209fc10dd732795fd161542a6e30d,1,,0.124463,0.0072,gauss2,BP06_12MP_NL_HEIC.mat,2,1740.2
IMG_7755.jpg,2016x1512,563eeb48cf93dbfff070673f15ae64a1c9e4f675edcc7fb2518cc20e083cbef1,1,,0.128762,0.0072,gauss2,BP06_12MP_NL_HEIC.mat,2,1903.1
IMG_7756.jpg,2016x1512,9fcbbf25af0374ef3c45593907ae6c6fee272c2b4fa6e66e067ea158a3ea49a8,1,,0.123126,0.0072,gauss2,BP06_12MP_NL_HEIC.mat,2,1849.1
IMG_7757.jpg,2016x1512,889c936b4197381ee4246da11de9850a2f077b8cf4495d1f0d69bf6d51d75f32,1,,0.128397,0.0072,gauss2,BP06_12MP_NL_HEIC.mat,2,1837.4
IMG_7758.jpg,2016x1512,f0c7930f3f42a2d5e01ca837bd4b6977d2922c2217fb1bb2a0342916050247ec,1,,0.123708,0.0072,gauss2,BP06_12MP_NL_HEIC.mat,2,1838.9
IMG_7759.jpg,2016x1512,40262cf87630225ee119cc49b8ba93ba964f19ce9803bd46f0af505a01e02c2e,1,,0.123371,0.0072,gauss2,BP06_12MP_NL_HEIC.mat,2,1826.6
IMG_7809.jpg,2016x1512,9c83dcbf4c3b4b3446d1f86ecb23151ad15311e8887861a74380ca172b891869,1,,0.026381,0.0072,gauss2,BP05_12MP_SLM_HEIC.mat,0,1693.9
IMG_7810.jpg,2016x1512,c9dbb2e57e65b766607c51206cc6acd2483cc423946ad7d9a485322f622342ab,1,,0.027115,0.0072,gauss2,BP05_12MP_SLM_HEIC.mat,0,1638.0
IMG_7811.jpg,2016x1512,e8b46d0600d16fe0718cf01a49adb5649373a537df1f979643b80f4acda81ab5,1,,0.029233,0.0072,gauss2,BP05_12MP_SLM_HEIC.mat,0,1967.5
IMG_7812.jpg,2016x1512,46471aebee3415db7ee8c1b37ec4baec240d7c61a5fd2caca17c5f8a9ecf77c6,1,,0.026748,0.0072,gauss2,BP05_12MP_SLM_HEIC.mat,0,1887.4
IMG_7813.jpg,2016x1512,2ffa829143f2a47980721fa891124e466f1437a0127b0ae519ad2b0b7461f497,1,,0.028948,0.0072,gauss2,BP05_12MP_SLM_HEIC.mat,0,1913.5
IMG_7814.jpg,2016x1512,87d35640310142bc7956ce1e1b720cfdd08db862df99696edaa9a731b5fd9c5a,1,,0.030578,0.0072,gauss2,BP05_12MP_SLM_HEIC.mat,0,1791.0
IMG_7815.jpg,2016x1512,12a1739bb781b8904205254c229b8f6f74df49d1cced38a0a671851da0e115cb,1,,0.030549,0.0072,gauss2,BP05_12MP_SLM_HEIC.mat,0,1783.1
IMG_7816.jpg,2016x1512,0749766e199cf49d57c99b7c8ecc587d631019e575154e0b961d1dd4dbe9cd82,1,,0.029225,0.0072,gauss2,BP05_12MP_SLM_HEIC.mat,0,1684.4
IMG_7817.jpg,2016x1512,d035ad41dc7ab22e60645eab3213a1ff07d60b969498da3211d7c07d5b2a4c10,1,,0.032389,0.0072,gauss2,BP05_12MP_SLM_HEIC.mat,0,1622.8
IMG_7818.jpg,2016x1512,51e26effa8ce4d82c8e81ab9505886c9a4ebb3da58407672486347a481c93c92,1,,0.03037,0.0072,gauss2,BP05_12MP_SLM_HEIC.mat,0,1870.2
IMG_7819.jpg,2016x1512,bf72d4d5426d61a1c4ee61567225f0da92b3f3dae301c95c18b678f0bbec6620,1,,0.040691,0.0072,gauss2,BP05_12MP_SLM_HEIC.mat,2,1913.7
IMG_7820.jpg,2016x1512,1ed6e17103ef1eab56f94f366c9a581149d4a626843abf15534158f9e49aefe4,1,,0.038048,0.0072,gauss2,BP05_12MP_SLM_HEIC.mat,2,1872.0
IMG_7821.jpg,2016x1512,873507c0fc7e7073144e36ed0637970e0450bd9e73b3a0af46c4dcbada4e6424,1,,0.042115,0.0072,gauss2,BP05_12MP_SLM_HEIC.mat,2,1775.8
IMG_7822.jpg,2016x1512,31da21a2279df218d8649dbb0914e0a2eebb0f3a4a0432c6ef2988dfb22f71e8,1,,0.038275,0.0072,gauss2,BP05_12MP_SLM_HEIC.mat,2,1773.7
IMG_7823.jpg,2016x1512,41c529255ca72a3020e68850ee6cd7d671d1b0b98371fa775080f4ae7a2514f9,1,,0.036739,0.0072,gauss2,BP05_12MP_SLM_HEIC.mat,2,1662.0
IMG_7824.jpg,2016x1512,e7b547aa9dbe77bd77475eab2084c17cd9cb029dd92fc62c8aca33be729fffe0,1,,0.03748,0.0072,gauss2,BP05_12MP_SLM_HEIC.mat,2,1606.1
IMG_7825.jpg,2016x1512,73e996380edc1205f8f2525b44e8a4115631d4ae62bbcda09ef6cf1f37bd46a9,1,,0.047897,0.0072,gauss2,BP05_12MP_SLM_HEIC.mat,2,1898.0
IMG_7826.jpg,2016x1512,b78f0586a17615ee6528196bff316aa59ac38a31218b231953c9995a5ab8304e,1,,0.046804,0.0072,gauss2,BP05_12MP_SLM_HEIC.mat,2,1982.1
IMG_7827.jpg,2016x1512,77e020343ddbb302ea062b41a1ca954482a2538aadf1569154b4eba4999b77f8,1,,0.047112,0.0072,gauss2,BP05_12MP_SLM_HEIC.mat,2,1889.0
IMG_7828.jpg,2016x1512,d0953dd4c80a85b99ab83df98228aab4c611b623ab330af4855e69a5edfffa27,1,,0.041832,0.0072,gauss2,BP05_12MP_SLM_HEIC.mat,2,1943.8
IMG_8848.jpg,2016x1512,19eef3e6d1f7f5b755dffe04a25aa671e810f353c1089bb9dc24aef5e6756bb9,1,,0.063013,0.0072,gauss2,BP06_12MP_NL_HEIC.mat,0,1764.5
IMG_8849.jpg,2016x1512,141029c57f262ae675957528f27e2616e81f64dbd2d7829ed3f56f07234a8f4d,1,,0.068468,0.0072,gauss2,BP06_12MP_NL_HEIC.mat,0,1718.8
IMG_8850.jpg,2016x1512,082311fe05e67165278d8d008b532c02b4d31584a5de5f7e7428f4f4b694596f,1,,0.068957,0.0072,gauss2,BP06_12MP_NL_HEIC.mat,0,1639.4
IMG_8851.jpg,2016x1512,883057bb51d96501a974230b4b84fa9a73b424567a3f0cfe42648c95fc33e3ac,1,,0.065952,0.0072,gauss2,BP06_12MP_NL_HEIC.mat,0,1770.8
IMG_8852.jpg,2016x1512,bca432ee5c80ff50c11371faf4635cb005d27a659aca2b69a6ba4ebac79bb2ea,1,,0.070879,0.0072,gauss2,BP06_12MP_NL_HEIC.mat,0,1823.0
IMG_8853.jpg,2016x1512,3b31f408ea71627ab2f24f0e6d6521b3c71df4822a8a373179c6d94459588d46,1,,0.06619,0.0072,gauss2,BP06_12MP_NL_HEIC.mat,0,1903.2
IMG_8854.jpg,2016x1512,c08870b20c50aae2f2008fe77da70f54f0580eb2332f2913b4ee68cd6477cd64,1,,0.072532,0.0072,gauss2,BP06_12MP_NL_HEIC.mat,0,1873.7
IMG_8855.jpg,2016x1512,3d806f82181f919dab3e285910f2e1aa6c682a5e13a156e60729bb28e05a41a4,1,,0.071186,0.0072,gauss2,BP06_12MP_NL_HEIC.mat,0,1764.1
IMG_8856.jpg,2016x1512,ae91ae824566ff9978afd2374d683920619924a6ed5f319c8c0c925c9df8993f,1,,0.062046,0.0072,gauss2,BP06_12MP_NL_HEIC.mat,0,1717.3
IMG_8857.jpg,2016x1512,2d912784c74cab375bed77781d018baa9c6ab31a83af657ec2632cff5a2cef9c,1,,0.060192,0.0072,gauss2,BP06_12MP_NL_HEIC.mat,0,1683.3
IMG_8858.jpg,2016x1512,5d0ef687a134a5588ae4a5a64c4eeb6224a4706926b7e2945fb5dea464babc90,1,,0.076527,0.0072,gauss2,BP06_12MP_NL_HEIC.mat,2,1779.4
IMG_8859.jpg,2016x1512,8ddc2832553434c60059c261ddfece0d439d7734a692686e284c2e7ea5d9b0b0,1,,0.073242,0.0072,gauss2,BP06_12MP_NL_HEIC.mat,2,1864.5
IMG_8860.jpg,2016x1512,fa3a215d14a540ceb987d431c538e7f434a3fa4ba8a21965f0b9b39ea092bcee,1,,0.073949,0.0072,gauss2,BP06_12MP_NL_HEIC.mat,2,1906.4
IMG_8861.jpg,2016x1512,0afc385d598064cde537641f70482c3e300df2b7ad616a2f8618a56157266a45,1,,0.071828,0.0072,gauss2,BP06_12MP_NL_HEIC.mat,2,1913.8
IMG_8862.jpg,2016x1512,03e4b86aae174ddd412aa2d04a2e427f45efd7a965b2a3b3e9a449c6dd485c7a,1,,0.077539,0.0072,gauss2,BP06_12MP_NL_HEIC.mat,2,1891.8
IMG_8863.jpg,2016x1512,7ce962f643c61df39146160cfe3c3ee02e8c5fbc11464aade73eda613d9e5165,1,,0.069368,0.0072,gauss2,BP06_12MP_NL_HEIC.mat,2,1855.1
IMG_8864.jpg,2016x1512,acd3f376b64320f9eeb2c0e8d58fedc14bdafdc744900a24b416c9386b72be76,1,,0.075215,0.0072,gauss2,BP06_12MP_NL_HEIC.mat,2,2015.3
IMG_8865.jpg,2016x1512,a84ba105cfe718560e64a325d958412968d4ab6f4af39160513cab83f38b036f,1,,0.076417,0.0072,gauss2,BP06_12MP_NL_HEIC.mat,2,1793.6
IMG_8866.jpg,2016x1512,eb9bf34a2f8c14db9b0f0d8d30a74af5231948eb14652a5d8ebdf69fa7962632,1,,0.081179,0.0072,gauss2,BP06_12MP_NL_HEIC.mat,2,1662.6
IMG_8867.jpg,2016x1512,d1e5184e7b0f5d5834764e5b7ae20a4a237af509be0e9295733b73e3a374e56f,1,,0.08687,0.0072,gauss2,BP06_12MP_NL_HEIC.mat,2,1610.4
IMG_9703.jpg,2016x1512,925f836c5a9eef49184bd057cc77086351cd7259b78e35e7463b0e01d0afc884,1,,0.133693,0.0072,gauss2,BP06_12MP_NL_HEIC.mat,0,1830.0
IMG_9704.jpg,2016x1512,9a7a4136565530ce12eaba95ec6569faaa934fb19ebda385488486ed02535bbd,1,,0.133744,0.0072,gauss2,BP06_12MP_NL_HEIC.mat,0,1835.3
IMG_9705.jpg,2016x1512,55e29666ae2d16464fdebfb52b94b399ccfe343983f8ad3fd669434fd277b9f9,1,,0.127651,0.0072,gauss2,BP06_12MP_NL_HEIC.mat,0,1759.0
IMG_9706.jpg,2016x1512,0853096fd40ed677e8a9505a5615caee2d81117ef01db541ed1f0d591c64ae36,1,,0.119798,0.0072,gauss2,BP06_12MP_NL_HEIC.mat,0,1747.9
IMG_9707.jpg,2016x1512,95ec2e25ff94d61164fdd27715f0c0f8c0377dd7ff50c820940df5a8059b16ba,1,,0.14785,0.0072,gauss2,BP06_12MP_NL_HEIC.mat,0,1615.6
IMG_9708.jpg,2016x1512,bc64386dac383efa723fc01d5ff96fac94d0bfc837a12f05225a22a56793f2d3,1,,0.158143,0.0072,gauss2,BP06_12MP_NL_HEIC.mat,0,1616.3
IMG_9710.jpg,2016x1512,dd525e2bea8309a59e7e7e0273e54cc625fe495923f19158f3e9ac5cce2803f3,1,,0.135316,0.0072,gauss2,BP06_12MP_NL_HEIC.mat,0,1861.8
IMG_9711.jpg,2016x1512,f57074ae13d97104fbf54a9db2ed254be76a7bb9d1bd04dc5c2372ad20007403,1,,0.129657,0.0072,gauss2,BP06_12MP_NL_HEIC.mat,0,1887.4
IMG_9713.jpg,2016x1512,767ad936c49dde8ba22508b99cca150f3fa060ec26b597157f8769db4ece66ae,1,,0.099827,0.0072,gauss2,BP06_12MP_NL_HEIC.mat,2,1800.9
IMG_9714.jpg,2016x1512,7bc319ee1f94b79f8adcf1d61006ece60522cdae986d1f39fdfe80b04dc9c0ab,1,,0.097076,0.0072,gauss2,BP06_12MP_NL_HEIC.mat,2,1838.2
IMG_9716.jpg,2016x1512,610e3a738e63f6a59d986ded2ff2ea884087ed56188870c55d9d474d32050ef6,1,,0.117674,0.0072,gauss2,BP06_12MP_NL_HEIC.mat,2,1717.7
IMG_9719.jpg,2016x1512,99a6432773f87b8b8f2374c3e47680a92a56941fe0002d60d9dbdb90040ec947,1,,0.180004,0.0072,gauss2,BP06_12MP_NL_HEIC.mat,2,1693.3
IMG_9720.jpg,2016x1512,45a3fc47fd10015454bbd4432e0156f65eb8f5b80475e7de05c849e175c4b7a0,1,,0.106415,0.0072,gauss2,BP06_12MP_NL_HEIC.mat,2,1746.1
IMG_9721.jpg,2016x1512,1dc6f0c72f1e0e1433894c9e3c27983553d7089d238ac50c52ba46f888cca747,1,,0.113866,0.0072,gauss2,BP06_12MP_NL_HEIC.mat,2,1930.8
