filename,sha256,label,pred_label,rho,beta,filter_type,bp_ref,rotation_k,latency_ms
D02_iPhone_7_Plus_26007302297.jpg,a6d5fae9fd0cb0fb0d56f19895347ad5373991ddfaf8d9d67ad8919339caed8e,1,1,0.097955,0.0072,gauss2,BP02_12MP_NL_JPEG.mat,0,5416.1
D02_iPhone_7_Plus_26014838817.jpg,d98cdf7ce0524297264fff315da582913c607ec6a5425c5272483f51112caaf8,1,1,0.134977,0.0072,gauss2,BP02_12MP_NL_JPEG.mat,2,6064.9
D02_iPhone_7_Plus_26014961487.jpg,8665addf367e5db3776df4a1a225c0b0756b1016384e5f90ebb84bbf4c7f5bab,1,1,0.16023,0.0072,gauss2,BP02_12MP_NL_JPEG.mat,2,3539.2
D02_iPhone_7_Plus_26014961687.jpg,d5be3bbcd5ed236d5d2256ccb8c563816369dde2c54317a1dfeb95d004daa4bc,1,1,0.158233,0.0072,gauss2,BP02_12MP_NL_JPEG.mat,2,3427.7
D02_iPhone_7_Plus_26014961847.jpg,113673029049cfaf0a0a923ac32be3e14da539d83acf23ea309d3e34f46de5e6,1,1,0.149761,0.0072,gauss2,BP02_12MP_NL_JPEG.mat,2,3079.0
D02_iPhone_7_Plus_26435888907.jpg,687e819d1f0ad0d2bc35f7bb4d3a90e03ce82b2df3516659509f5efb564450e5,1,1,0.172973,0.0072,gauss2,BP02_12MP_NL_JPEG.mat,0,3077.2
D02_iPhone_7_Plus_26435939707.jpg,dd545277033f95bd804d28f73e5863d25b5a0db9970b317f61c3530d5943be13,1,1,0.157414,0.0072,gauss2,BP02_12MP_NL_JPEG.mat,0,2790.4
D02_iPhone_7_Plus_26435985387.jpg,822932a52c5a25e2a3318a41c1013161a153d0a09d299c42668f79b60bc65f92,1,1,0.223927,0.0072,gauss2,BP02_12MP_NL_JPEG.mat,0,2916.6
D02_iPhone_7_Plus_27009346648.jpg,dc4e6e2520fb9ae01bb3894fb07e7abddbae4453f12e6d3ffb336df90c0ea406,1,1,0.089231,0.0072,gauss2,BP02_12MP_NL_JPEG.mat,0,2837.0
D02_iPhone_7_Plus_27016689238.jpg,f9d3aca2bc0b032d8ab740d4630951bdd85fb19d670894888388daef6ea76e29,1,1,0.143652,0.0072,gauss2,BP02_12MP_NL_JPEG.mat,2,3008.0
D02_iPhone_7_Plus_27016689668.jpg,a09f9f167760a0c224adf104226f4f8018abed8aa7c7939688959d3b2dc41af2,1,1,0.138101,0.0072,gauss2,BP02_12MP_NL_JPEG.mat,2,4154.1
D02_iPhone_7_Plus_27016690078.jpg,59fc383e83a4d52f00da0128b36c62661a41a3561383f2e005dcd82af914a5ca,1,1,0.121541,0.0072,gauss2,BP02_12MP_NL_JPEG.mat,2,5450.0
D02_iPhone_7_Plus_27016864138.jpg,f75a8778cd01602fef077262366c2af4768d294b7096cd2d9ad86cc058e12227,1,1,0.17749,0.0072,gauss2,BP02_12MP_NL_JPEG.mat,2,3496.7
D02_iPhone_7_Plus_27016864368.jpg,5ef4a6b6ef2c69ed34b6f6a4245642a57ec1f6591eb28e51d3eadd54fec7c12a,1,1,0.164194,0.0072,gauss2,BP02_12MP_NL_JPEG.mat,2,3311.2
D02_iPhone_7_Plus_27016866638.jpg,75d4bf260a877e87fe2a88153334329c1b0960589dc35524fd9e5da9529b0baf,1,1,0.130895,0.0072,gauss2,BP02_12MP_NL_JPEG.mat,2,3357.0
D02_iPhone_7_Plus_27016897458.jpg,468d242e2b91580c8754a09cecbb64d6b4792efad8776d7ddb33aa68dc2c96b9,1,1,0.298377,0.0072,gauss2,BP02_12MP_NL_JPEG.mat,2,3328.9
D02_iPhone_7_Plus_27016899098.jpg,7c86f379e306fafc770bc6f2e8983b2989dd9856998acd78c984de6b82860be4,1,1,0.129495,0.0072,gauss2,BP02_12MP_NL_JPEG.mat,2,3048.1
D02_iPhone_7_Plus_27016899278.jpg,ffa0520452e96e46fb3ae0b9c3d130be0ba9fab8b6986ea67306d8c0d069904e,1,1,0.131719,0.0072,gauss2,BP02_12MP_NL_JPEG.mat,2,3279.0
D02_iPhone_7_Plus_27016900418.jpg,4300cf59a85099d701d13ba142b42ce4f3c22be37b8b0822e8e5741cd31de17a,1,1,0.126217,0.0072,gauss2,BP02_12MP_NL_JPEG.mat,2,2985.3
D02_iPhone_7_Plus_27017000558.jpg,62044adad4deb0179ea5f171e2860811dff61609ca7dd1520375bf027d8c0a01,1,1,0.18822,0.0072,gauss2,BP02_12MP_NL_JPEG.mat,2,3151.0
D02_iPhone_7_Plus_27017001368.jpg,7611224360a6c0cfcd82debb4feb9e51e2f646de083ae2947eb17116942c23fc,1,1,0.140795,0.0072,gauss2,BP02_12MP_NL_JPEG.mat,2,3385.5
D02_iPhone_7_Plus_27017002208.jpg,aa1b6c1f2f9bd16ca312930861e21cd9bc8c0f3d19e6c8c67e8cea8d39cc0091,1,1,0.12017,0.0072,gauss2,BP02_12MP_NL_JPEG.mat,2,3363.2
D02_iPhone_7_Plus_27017046098.jpg,71cbab5608e0bb142868cedef92c7f64f37450efe9363e5e001335f11b468d97,1,1,0.184314,0.0072,gauss2,BP02_12MP_NL_JPEG.mat,2,3074.8
D02_iPhone_7_Plus_27017047378.jpg,9e9e6c1755e49fdc41f422aa7cae19f79a990dba10d666ef6ef9ff45a5c6b7db,1,1,0.149061,0.0072,gauss2,BP02_12MP_NL_JPEG.mat,2,5312.2
D02_iPhone_7_Plus_27017048598.jpg,9301488974883b863b6f7a4a940a4bed9f7040a26df12289a932d5e421481aef,1,1,0.118382,0.0072,gauss2,BP02_12MP_NL_JPEG.mat,2,4274.6
D02_iPhone_7_Plus_27017048618.jpg,48d497f7347e5940cd85dc219db52902f6862057dd63b2b20c824ee7b68aa6db,1,1,0.121592,0.0072,gauss2,BP02_12MP_NL_JPEG.mat,2,3045.3
D02_iPhone_7_Plus_27017104048.jpg,d29f42130bc7a2cedc2fb4f6918134c7cf7ec54da9d31ec48dba58080f98849b,1,1,0.112285,0.0072,gauss2,BP02_12MP_NL_JPEG.mat,0,2860.0
D02_iPhone_7_Plus_27435596638.jpg,05cf1b4daedec238f9ccd7cef1510920922ef086814957067d8b1977ea5cdeaa,1,1,0.167934,0.0072,gauss2,BP02_12MP_NL_JPEG.mat,0,3066.6
D02_iPhone_7_Plus_27435597078.jpg,b951e316735beec842854c52335fdd2b4850c4c959303a4fc7a62476f50848c8,1,1,0.184677,0.0072,gauss2,BP02_12MP_NL_JPEG.mat,0,2696.6
D02_iPhone_7_Plus_27435597088.jpg,7d4a59931156804cc267ec62815defbf75e73e3a865c8e52d5af39dadc9fcf2d,1,1,0.201451,0.0072,gauss2,BP02_12MP_NL_JPEG.mat,0,2808.6
D02_iPhone_7_Plus_33080745734.jpg,5a22432ec8bef65b875e71049f86697274abf488aa485beb7b4f9d7d361490ab,1,1,0.316658,0.0072,gauss2,BP01_12MP_NL_JPEG.mat,0,3476.8
D02_iPhone_7_Plus_33096526094.jpg,b6290284f154be6618951838c81ea2e8f06a3035e45d3193b8a5bed9724a42e4,1,1,0.06382,0.0072,gauss2,BP01_12MP_NL_JPEG.mat,0,3261.4
D02_iPhone_7_Plus_33096539084.jpg,7eb9869764e4a64e47379a41db97762b500becfd7294ba361fe0a9da1331cd17,1,1,0.458266,0.0072,gauss2,BP01_12MP_NL_JPEG.mat,2,3045.0
D02_iPhone_7_Plus_33096966234.jpg,bea999c8c10e83dbc3163991768a01bad05abff173d1eeffa36ee85c0b715a0f,1,1,0.081128,0.0072,gauss2,BP01_12MP_NL_JPEG.mat,2,3060.7
D02_iPhone_7_Plus_33097972904.jpg,1b08a510a8c384f6f53a8d1b529af1aafbc9d4974af0f802479f33c2dc9e520e,1,1,0.114583,0.0072,gauss2,BP01_12MP_NL_JPEG.mat,2,2916.3
D02_iPhone_7_Plus_33098060534.jpg,b240d12cb9733baba735f004698bf0165366d14efe3ade50df769f4ea6c21caf,1,1,0.038422,0.0072,gauss2,BP01_12MP_NL_JPEG.mat,2,2695.9
D02_iPhone_7_Plus_33100993144.jpg,8893077a4164bffe167a80e660fc5a0d1bd97706e9ba96a89f2c0cf3ba8b6f43,1,1,0.501852,0.0072,gauss2,BP01_12MP_NL_JPEG.mat,0,3124.7
D02_iPhone_7_Plus_33111501063.jpg,cf7558f50c300104ed90516ec32533ad52a38cbafabae0441fde98abdca26ba2,1,1,0.473122,0.0072,gauss2,BP01_12MP_NL_JPEG.mat,0,4806.7
D02_iPhone_7_Plus_33111503513.jpg,008ef50497281f9ce83757510ac6695914b56e2870994a016858ed292aa150a2,1,1,0.483623,0.0072,gauss2,BP01_12MP_NL_JPEG.mat,0,3286.0
D02_iPhone_7_Plus_33111507843.jpg,6e30052c69c397ffea40bf3ba6d897a0770685246678f85e4aed6933323ed508,1,1,0.044044,0.0072,gauss2,BP01_12MP_NL_JPEG.mat,0,3314.3
D02_iPhone_7_Plus_33111515463.jpg,79b15cb2589ca7c13965402aaa9a72f451ff38e95343c6b4a07dabfb3c51030e,1,1,0.325966,0.0072,gauss2,BP01_12MP_NL_JPEG.mat,0,3072.9
D02_iPhone_7_Plus_33111518303.jpg,679289f6d3f6e96cc96a975ea8e22035a988e0a285fb7de71ed69c402fa896ad,1,1,0.075602,0.0072,gauss2,BP01_12MP_NL_JPEG.mat,0,3336.4
D02_iPhone_7_Plus_33111528503.jpg,d0382b786cbf01c42a0d65186feb053c72441a63dc9cffb5716dd0119ed7ed5a,1,1,0.213053,0.0072,gauss2,BP01_12MP_NL_JPEG.mat,0,3010.4
D02_iPhone_7_Plus_33111530793.jpg,651d7c43c860c2329a599a446962fea023d973535728a6dbe0496ca3a52e3dc8,1,1,0.177658,0.0072,gauss2,BP01_12MP_NL_JPEG.mat,0,3295.2
D02_iPhone_7_Plus_33122781944.jpg,ca5600f5aa9b882f36520540976502e6eb673b11fff6ce1dbfe8a75097887c29,1,1,0.110351,0.0072,gauss2,BP01_12MP_NL_JPEG.mat,0,2964.9
D02_iPhone_7_Plus_33126870063.jpg,e24b0b62d668608decf69fe6517fefd7f9ffe8f736c9953a700738a4646bc897,1,1,0.467243,0.0072,gauss2,BP01_12MP_NL_JPEG.mat,2,2905.7
D02_iPhone_7_Plus_33126881123.jpg,1b27d7008cc9ca613db10bbb22bb3194d6bbb9cb83de4103bcdb4265ed96d989,1,1,0.424306,0.0072,gauss2,BP01_12MP_NL_JPEG.mat,2,3112.2
D02_iPhone_7_Plus_33127192133.jpg,4e79b425edbcc8102fb7a6da42a7e51e7993b6f041ade29d2a8dc845564a49a9,1,1,0.196792,0.0072,gauss2,BP01_12MP_NL_JPEG.mat,0,2971.2
D02_iPhone_7_Plus_33128519203.jpg,d3bd5b78583f40ae55fd392cc34817e932cc1f5cdf34ca62e7acefc6ba2f189b,1,1,0.072939,0.0072,gauss2,BP01_12MP_NL_JPEG.mat,2,2897.6
D02_iPhone_7_Plus_33128522103.jpg,6d2c466ce85a2765547bdf8bd62c25cc158553206758c9a13679625934030626,1,1,0.023301,0.0072,gauss2,BP01_12MP_NL_JPEG.mat,2,3208.7
D02_iPhone_7_Plus_33128522653.jpg,27463682bc7e15ff2cd71253de0c2da2da3066872125fb39e31b06cea33d2cae,1,1,0.095828,0.0072,gauss2,BP01_12MP_NL_JPEG.mat,2,2659.0
D02_iPhone_7_Plus_33128522663.jpg,16a5676338f60b18ffe2bf974a905a1b773172c819778c4e3d6ad054d0465c0d,1,1,0.107146,0.0072,gauss2,BP01_12MP_NL_JPEG.mat,2,2870.2
D02_iPhone_7_Plus_33131332473.jpg,524216113448bcd5d5c639f8e678fe0461018e3d5f546c6ebf0cff5a8438e09c,1,1,0.143873,0.0072,gauss2,BP01_12MP_NL_JPEG.mat,0,3417.6
D02_iPhone_7_Plus_33143261453.jpg,c0e4b9eddeb705b3d1ec076aa913dc3fb8f86263be4b780f01ab66bba8c126e6,1,1,0.185624,0.0072,gauss2,BP01_12MP_NL_JPEG.mat,0,3140.5
D02_iPhone_7_Plus_33143262283.jpg,8e0111b2a541322ad90e6f079e09be5d2c6f2a9647b88cc6e1447953981d8305,1,1,0.074515,0.0072,gauss2,BP01_12MP_NL_JPEG.mat,0,3320.1
D02_iPhone_7_Plus_33143295523.jpg,64b202efd6f85b16506457b0fd5131a9663a69fb4228fedccd56043f24aabffa,1,1,0.167191,0.0072,gauss2,BP01_12MP_NL_JPEG.mat,0,3111.2
D02_iPhone_7_Plus_33143297223.jpg,344fe9280c12769432f4fe7dd0e0fb2c9279bfd6a2b6a82b59acbd6de9b53c2a,1,1,0.244182,0.0072,gauss2,BP01_12MP_NL_JPEG.mat,0,3423.0
D02_iPhone_7_Plus_33143297383.jpg,f5185fdba21583a2bef55229ee78ecca7792c5f39ea055b138bc8637bbd377dd,1,1,0.274435,0.0072,gauss2,BP01_12MP_NL_JPEG.mat,0,3324.5
D02_iPhone_7_Plus_33158072044.jpg,ed03014537d15844339549d5469b175c2a01167f6f262bcf19c8fb5977753fc5,1,1,0.064495,0.0072,gauss2,BP01_12MP_NL_JPEG.mat,0,3315.2
D02_iPhone_7_Plus_33158073804.jpg,0070fc58dacacbf2885f3496e4dca3b89c4baaf9b5f7b1d596c824337dea6db3,1,1,0.107486,0.0072,gauss2,BP01_12MP_NL_JPEG.mat,0,3259.2
D02_iPhone_7_Plus_33158073874.jpg,e7deb0ae39b7fdb1a967b99496f8979c7af69702e2533c6339d98596ebb5e142,1,1,0.059355,0.0072,gauss2,BP01_12MP_NL_JPEG.mat,0,3000.3
D02_iPhone_7_Plus_33158074104.jpg,d3b0d85b06fadbf527f50f8eb58062c7052352d06722947011001fe678d1c7ed,1,1,0.064593,0.0072,gauss2,BP01_12MP_NL_JPEG.mat,0,3277.0
D02_iPhone_7_Plus_33182726123.jpg,224be2b2f2abc2af53f86c6fa78673f719a4ba12dbd2ab20ed3ee2318a906c3c,1,1,0.176085,0.0072,gauss2,BP01_12MP_NL_JPEG.mat,0,3188.1
D02_iPhone_7_Plus_33182727063.jpg,6a07e5082f3670cc2a2a84ce4b5e47c222b44c16d46879db4963555c218ca728,1,1,0.010053,0.0072,gauss2,BP01_12MP_NL_JPEG.mat,0,3224.3
D02_iPhone_7_Plus_33188621223.jpg,1ef05b627ac191f3208c5a929fca705e41a03be2a22c14793fcdd5db6fba3142,1,1,0.065761,0.0072,gauss2,BP01_12MP_NL_JPEG.mat,0,2975.4
D02_iPhone_7_Plus_33188647623.jpg,224bacf51693475cbf967c1bea94a94022e197835df5c0ab3397f4bf1efa6ca1,1,1,0.086213,0.0072,gauss2,BP01_12MP_NL_JPEG.mat,0,3227.8
D02_iPhone_7_Plus_33240929814.jpg,4f4115c3672e94f86dc0398a9fb16c7ff3e45110956c975d223cc0fd19075805,1,1,0.265331,0.0072,gauss2,BP01_12MP_NL_JPEG.mat,0,4658.9
D02_iPhone_7_Plus_33241240074.jpg,ec5264b6efc4a54710bbabb91b9202f3827f74635ebc8d68a8f56809d53d1cb0,1,1,0.155593,0.0072,gauss2,BP01_12MP_NL_JPEG.mat,0,3251.5
D02_iPhone_7_Plus_33273734423.jpg,e20208ed38d06c21cc11fa48d1b71989d967eeae67f12b70e110b9ebfb2ed3bf,1,1,0.13639,0.0072,gauss2,BP01_12MP_NL_JPEG.mat,0,3255.9
D02_iPhone_7_Plus_33273742023.jpg,6c2ec6a5d933ff6e7f87194be625edcbc4a1395d17c6434adfb4b033bedb0328,1,1,0.215667,0.0072,gauss2,BP01_12MP_NL_JPEG.mat,0,3031.9
D02_iPhone_7_Plus_33274714013.jpg,9467ad768ed51405dfd4de98d86f334ae4fe1297b8b53bd0591f8da4d7978f68,1,1,0.041769,0.0072,gauss2,BP01_12MP_NL_JPEG.mat,0,3237.6
D02_iPhone_7_Plus_33554760210.jpg,6651c6ce6b32ba8a9422501fb0b09aabe941114a5ebc4f0235c3e189e3b65de7,1,1,0.50468,0.0072,gauss2,BP01_12MP_NL_JPEG.mat,0,4421.1
D02_iPhone_7_Plus_33555253410.jpg,0b330141b18ea707a0b5696bc527bf51ccb39bed0e29118810a3f82383ee070c,1,1,0.070452,0.0072,gauss2,BP01_12MP_NL_JPEG.mat,2,2864.0
D02_iPhone_7_Plus_33556128590.jpg,080c9b913e1718c47d0ebdb06eb17b56be0efb82355b0a61c32a6bcac2c8f631,1,1,0.181057,0.0072,gauss2,BP01_12MP_NL_JPEG.mat,2,2860.4
D02_iPhone_7_Plus_33559244670.jpg,0720b94fd11d17a69b2e02714e9219f473eeee5000053e2f0f84265b7f084929,1,1,0.524299,0.0072,gauss2,BP01_12MP_NL_JPEG.mat,0,3401.1
D02_iPhone_7_Plus_33610151270.jpg,923a80f4a8ded7c01fcf27f2c376fa7d03deb6a7cd87ec5b55aa9ce5da0e43ed,1,1,0.13531,0.0072,gauss2,BP01_12MP_NL_JPEG.mat,0,3261.8
D02_iPhone_7_Plus_33610151760.jpg,72fed17da3ca4a14c41790776134c64246dada7068a8637e2d873a1eb1ad3d61,1,1,0.021393,0.0072,gauss2,BP01_12MP_NL_JPEG.mat,0,3820.8
D02_iPhone_7_Plus_33614787534.jpg,c893b4083bcca2409f891457368d113b794aceeaea364e1e8870dd5822b09570,1,1,0.338509,0.0072,gauss2,BP01_12MP_NL_JPEG.mat,0,3530.7
D02_iPhone_7_Plus_33616024780.jpg,013a092a71cd4dbbc69b2885b52871ed13f6b99775e47fbb6b90b95d72bbba93,1,1,0.05726,0.0072,gauss2,BP01_12MP_NL_JPEG.mat,0,3152.5
D02_iPhone_7_Plus_33616042260.jpg,27227577644b2d435b51d38c00f8714498992be9a7ffea88ad1ee4cee0933f42,1,1,0.069374,0.0072,gauss2,BP01_12MP_NL_JPEG.mat,0,3276.9
D02_iPhone_7_Plus_33616060730.jpg,fecadd44b99c12ceec2f326e4107b544d1cfacfad1c151f327bf1d473a5ae3a6,1,1,0.123726,0.0072,gauss2,BP01_12MP_NL_JPEG.mat,0,3186.0
D02_iPhone_7_Plus_33616504340.jpg,c20956c5d30d8cbab618d67f3e45053716fcac596c5996854db1d98e5b0487d5,1,1,0.106112,0.0072,gauss2,BP01_12MP_NL_JPEG.mat,0,3116.4
D02_iPhone_7_Plus_33695849760.jpg,26d0e2591057708a514a3a3122cbe59339a7e3514313bf735cc4e39eb00fa9b5,1,1,0.275607,0.0072,gauss2,BP01_12MP_NL_JPEG.mat,0,5488.8
D02_iPhone_7_Plus_33700834120.jpg,d8eaf910aeec123c4b7bf72f2bbb3bcc7bfdb6e8b9491fb1e078fd7d04aac341,1,1,0.043952,0.0072,gauss2,BP01_12MP_NL_JPEG.mat,2,3375.7
D02_iPhone_7_Plus_33767232162.jpg,fdb6f84607eb2d50cb7ae3deb7d981c92e33f3a334380d4a4114f34a9007b247,1,1,0.252904,0.0072,gauss2,BP01_12MP_NL_JPEG.mat,0,3298.9
D02_iPhone_7_Plus_33782818362.jpg,cc837df5050413cc50dc1b4cd45d10a1f5863bb660561060082adb6cc4047030,1,1,0.438177,0.0072,gauss2,BP01_12MP_NL_JPEG.mat,0,3408.4
D02_iPhone_7_Plus_33783924302.jpg,fdfc9bf50db926b0d808df093414549c40e130407ebadb1df604cc23ad49ae82,1,1,0.260507,0.0072,gauss2,BP01_12MP_NL_JPEG.mat,2,2954.9
D02_iPhone_7_Plus_33786951022.jpg,7225b5148e506e5ecbf902d2e924aeab87b56ae042ff1eb66b02a949369bc8cf,1,1,0.212803,0.0072,gauss2,BP01_12MP_NL_JPEG.mat,0,3036.9
D02_iPhone_7_Plus_33786953572.jpg,2c78b4ae1cc9931655b1180792f735dd1dbeb5be739e8a0bee965251ff47d662,1,1,0.09633,0.0072,gauss2,BP01_12MP_NL_JPEG.mat,0,3246.9
D02_iPhone_7_Plus_33794557961.jpg,f3b893bec0e8e30b2c5f9d52d05c79cefe02ce9150d61c7296e6029d2899d0fc,1,1,0.346321,0.0072,gauss2,BP01_12MP_NL_JPEG.mat,0,3398.2
D02_iPhone_7_Plus_33794569261.jpg,bddfe45c98cb9c2b689bda55036d39d65550ac4a8b75ea26b14896582452fccc,1,1,0.057335,0.0072,gauss2,BP01_12MP_NL_JPEG.mat,0,3310.1
D02_iPhone_7_Plus_33794570971.jpg,25ed3009788c3b1bd2077d315db7396731357d899ba7291f34de3a61fa6960e5,1,1,0.070085,0.0072,gauss2,BP01_12MP_NL_JPEG.mat,0,2986.6
D02_iPhone_7_Plus_33794572501.jpg,28127b678735bc43fa1f1be0eba7922336fc8a2a00ac519d0dfa981da3714810,1,1,0.122332,0.0072,gauss2,BP01_12MP_NL_JPEG.mat,0,3258.6
D02_iPhone_7_Plus_33794574481.jpg,5784f06c2a3d4aafca0ff0d1d1a9cfe31a7ec9e94cf71b3954ff381b92d14e40,1,1,0.217821,0.0072,gauss2,BP01_12MP_NL_JPEG.mat,0,3443.0
D02_iPhone_7_Plus_33798980302.jpg,14d9566a08bcc7b049675202bf109231f587c0f8ca7eda980175f39f1def10ba,1,1,0.030524,0.0072,gauss2,BP01_12MP_NL_JPEG.mat,0,3356.9
D02_iPhone_7_Plus_33798980472.jpg,cace3319024c0cf8418f3eb324f44838f76358d6661ac3530e4785d057757c0d,1,1,0.064466,0.0072,gauss2,BP01_12MP_NL_JPEG.mat,0,2940.4
D02_iPhone_7_Plus_33798982122.jpg,abcd33cb78c6be5390107fbb49205729413215339efeaf5999e0393fbcfc336d,1,1,0.109363,0.0072,gauss2,BP01_12MP_NL_JPEG.mat,0,3179.8
D02_iPhone_7_Plus_33798983422.jpg,96d436a3013caceb9ac31571d90c8729faed337b3851e727d49a96ff5e1feea3,1,1,0.172995,0.0072,gauss2,BP01_12MP_NL_JPEG.mat,0,3386.6
D02_iPhone_7_Plus_33808680722.jpg,6da03e1d0da8a2237f380bccfcce1d9695fa9d2bacab582868e057f36aa4366f,1,1,0.041983,0.0072,gauss2,BP01_12MP_NL_JPEG.mat,0,3220.2
D02_iPhone_7_Plus_33810026361.jpg,e0a7258196b9922a43bd0a1dab194f14557b9edfb33ee946da8f80163cb0d907,1,1,0.423162,0.0072,gauss2,BP01_12MP_NL_JPEG.mat,0,3007.2
D02_iPhone_7_Plus_33811320681.jpg,60757c2b7316db9ffa7406d19bfac26dfb6362c900fb6a5d3061175dd37b781b,1,1,0.052347,0.0072,gauss2,BP01_12MP_NL_JPEG.mat,2,2799.1
D02_iPhone_7_Plus_33814401431.jpg,fa4af1fdd2aedea6e1652b535505476f85be22ebe93356b98bfcdd9c7e26c163,1,1,0.10693,0.0072,gauss2,BP01_12MP_NL_JPEG.mat,0,5251.6
D02_iPhone_7_Plus_33814402241.jpg,9b807cfded039ebb644a6197849b664a25c3d50c83e5b2ec80440b58da3a1749,1,1,0.52763,0.0072,gauss2,BP01_12MP_NL_JPEG.mat,0,3256.3
D02_iPhone_7_Plus_33826678001.jpg,e2fd63f0d5b63a8d3c9c82b4ba48ce75032897cabb61febb48af5bf1e3bfcb21,1,1,0.031471,0.0072,gauss2,BP01_12MP_NL_JPEG.mat,0,3356.0
D02_iPhone_7_Plus_33836216971.jpg,687abff49cdf63820f424b92dbaad4466d48131f99f35e8cb289d8cbbb85ff28,1,1,0.080834,0.0072,gauss2,BP01_12MP_NL_JPEG.mat,0,3066.0
D02_iPhone_7_Plus_33843985312.jpg,6e9824aa041d393acd88989d0369d962856e06c1cb550b117d9eeb9a3009e119,1,1,0.019231,0.0072,gauss2,BP01_12MP_NL_JPEG.mat,0,3335.3
D02_iPhone_7_Plus_33844005012.jpg,d321e3fb9c50685c99021d4d1da39934f54c00576ac977f1b246e7ec1441f339,1,1,0.083509,0.0072,gauss2,BP01_12MP_NL_JPEG.mat,0,2963.8
D02_iPhone_7_Plus_33871837181.jpg,c9c953749950ee47ef4364661c55f9dd3aea2afc744870e1e91c158897d0429a,1,1,0.040855,0.0072,gauss2,BP01_12MP_NL_JPEG.mat,0,3216.8
D02_iPhone_7_Plus_33882932036.jpg,90faa082aab4acfee3941d831f90156e3dd188312460375a84dde93f2c47d070,1,1,0.179845,0.0072,gauss2,BP01_12MP_NL_JPEG.mat,0,3673.0
D02_iPhone_7_Plus_33898966896.jpg,c5da5bc8ae5ba00a867f7ae1757447569143b2ae896fa9ef61a2ba1148f43d49,1,1,0.129351,0.0072,gauss2,BP01_12MP_NL_JPEG.mat,2,5432.2
D02_iPhone_7_Plus_33899906564.jpg,c3000fe0011973fb21d4ee738d1db49cf846b5d823568194381e6693fbf9ea34,1,1,0.032109,0.0072,gauss2,BP01_12MP_NL_JPEG.mat,0,3212.0
D02_iPhone_7_Plus_33900060544.jpg,616e3a48eed67de67ca8d46a3cbce9e893f119a5952bada253738c0fa6d4f13f,1,1,0.029677,0.0072,gauss2,BP01_12MP_NL_JPEG.mat,0,3408.8
D02_iPhone_7_Plus_33900576116.jpg,a4b94f72ea4798b948eb005d104d65e85225df095cd5634493671c14499d5a0c,1,1,0.068933,0.0072,gauss2,BP01_12MP_NL_JPEG.mat,2,2809.3
D02_iPhone_7_Plus_33900576606.jpg,b6131a491012ccfcba22c40504edcd4a94c3c8de9bd8ef669b3e6e3f8409c633,1,1,0.144031,0.0072,gauss2,BP01_12MP_NL_JPEG.mat,2,2992.4
D02_iPhone_7_Plus_33915743666.jpg,d16715fce5c752b1cc1b688301a2e9025f79c8b7df8d094ec362b19ca05e41db,1,1,0.156427,0.0072,gauss2,BP01_12MP_NL_JPEG.mat,0,3310.9
D02_iPhone_7_Plus_33915744436.jpg,78a4b1c2a3fcb1141ac8bd14406b9bce50e7096ab4005e430558b453679a8819,1,1,0.076,0.0072,gauss2,BP01_12MP_NL_JPEG.mat,0,3221.4
D02_iPhone_7_Plus_33923344202.jpg,380f9374da38fa7291e31c57ddcc121a15406ea69b4d12c7b09b7903f927e4c0,1,1,0.113235,0.0072,gauss2,BP01_12MP_NL_JPEG.mat,0,3254.4
D02_iPhone_7_Plus_33923381012.jpg,4a83ed802ec96f7e91e5bb493d58b931c03a9cebc4fc7b56dedcf05ab50c404f,1,1,0.253589,0.0072,gauss2,BP01_12MP_NL_JPEG.mat,0,6341.1
D02_iPhone_7_Plus_33926606542.jpg,b9d4719fb79fcece0bf7097f983be4e2d56659dd4101abba6cbd5ee60481cdc7,1,1,0.140383,0.0072,gauss2,BP01_12MP_NL_JPEG.mat,0,3644.2
D02_iPhone_7_Plus_33933501913.jpg,251a6d80b99fafffcc46621388624431c21b2ea7e2df7a6b0d306226c7cec06f,1,1,0.035118,0.0072,gauss2,BP01_12MP_NL_JPEG.mat,0,3298.1
D02_iPhone_7_Plus_33934008823.jpg,8ff9cdb9f51cb8e55abf925fd116e48951f86b7c6a7dfa6474505c6c8af00ece,1,1,0.013335,0.0072,gauss2,BP01_12MP_NL_JPEG.mat,0,3218.0
D02_iPhone_7_Plus_33953121431.jpg,5225bb36f0225f33147277129f9ff5f5ffe8360a464469539a44caf8b42aa096,1,1,0.264782,0.0072,gauss2,BP01_12MP_NL_JPEG.mat,0,3359.5
D02_iPhone_7_Plus_33953918506.jpg,0e53a7a761c5a70b69688b86a2187edf66e8531cf3d6973600b6ee6b9687c4d6,1,1,0.014343,0.0072,gauss2,BP01_12MP_NL_JPEG.mat,0,3293.6
D02_iPhone_7_Plus_33955030041.jpg,621bd474de62fdc964f0ba4cdcaca1655f20fb3b99ed6f97a9aaac8de6f96e86,1,1,0.118465,0.0072,gauss2,BP01_12MP_NL_JPEG.mat,0,3025.4
D02_iPhone_7_Plus_33955064531.jpg,8225adea0733cce17c144d012b4e52dc550b8b934de3e87d25b8c71eda120ba4,1,1,0.161185,0.0072,gauss2,BP01_12MP_NL_JPEG.mat,0,3150.2
D02_iPhone_7_Plus_33956561315.jpg,4acb277f96e2f0127eb11060cd1bf7ca4c6c88f0266b956d1a462ffc74b06545,1,1,0.093275,0.0072,gauss2,BP01_12MP_NL_JPEG.mat,0,3271.1
D02_iPhone_7_Plus_33959346094.jpg,152f138a0bcffeeb3aec73bc90c95c879edb974cda34f478d1d8dad2bc8914c1,1,1,0.107564,0.0072,gauss2,BP01_12MP_NL_JPEG.mat,0,3215.6
D02_iPhone_7_Plus_33959988656.jpg,bbd773967f22012a780460f2bdb24c1e0623a62a0b4dc2e83fddd530d1a072c8,1,1,0.037668,0.0072,gauss2,BP01_12MP_NL_JPEG.mat,0,4370.0
D02_iPhone_7_Plus_33959989056.jpg,ab49886a2414169edfc1049c9d3dc71042005972feeedfd2cc783f57bb6733fd,1,1,0.092048,0.0072,gauss2,BP01_12MP_NL_JPEG.mat,0,3156.6
D02_iPhone_7_Plus_34001560455.jpg,8a7059d42119bf1f0c6d9cc85e8e203162c7f238133c92e29ca7793e2d7b03b7,1,1,0.055001,0.0072,gauss2,BP01_12MP_NL_JPEG.mat,0,3276.4
D02_iPhone_7_Plus_34001563195.jpg,7423959790158f232e82abb9d1405431e344709c44f953e7f526a79850042ca0,1,1,0.07084,0.0072,gauss2,BP01_12MP_NL_JPEG.mat,0,2998.3
D02_iPhone_7_Plus_34001598375.jpg,1c336baf0690cf58504a7d54c53b5a203f8e4c6c0305ab6363f682dee5cde17c,1,1,0.042861,0.0072,gauss2,BP01_12MP_NL_JPEG.mat,0,3263.3
D02_iPhone_7_Plus_34039952036.jpg,72deece7cecd5a73adf36e29b4347c1bdaf2631d6090e16ac83031022bd86135,1,1,0.159229,0.0072,gauss2,BP01_12MP_NL_JPEG.mat,0,4306.3
D02_iPhone_7_Plus_34043076666.jpg,24d00139ef6d8d93047406643c546cef1cdde70961b654e3b57bc4d69cd450e3,1,1,0.258067,0.0072,gauss2,BP01_12MP_NL_JPEG.mat,0,3161.0
D02_iPhone_7_Plus_34044760226.jpg,9d54cbc2629c6b11c0f65bbfef59cf527fc37ad95bc3a45fb42a9e255d0ba74e,1,1,0.142252,0.0072,gauss2,BP01_12MP_NL_JPEG.mat,0,3206.1
D02_iPhone_7_Plus_34051086574.jpg,7a21a16610c63b59b3e34a0c441c50a5cc24dcd98182247eaa9fa4e499fea29d,1,1,0.102157,0.0072,gauss2,BP01_12MP_NL_JPEG.mat,0,3010.6
D02_iPhone_7_Plus_34079983615.jpg,14824b71f139ab4db6833f50e46baf1a5b7198698d0de79c75202fc5d8efef4f,1,1,0.094181,0.0072,gauss2,BP01_12MP_NL_JPEG.mat,0,3142.6
D02_iPhone_7_Plus_34083228023.jpg,85b3e935957dd96075aec38cfa6b06a1df5a26c848a7edf4a9ec9fc6f8d8a6ae,1,1,0.098627,0.0072,gauss2,BP01_12MP_NL_JPEG.mat,0,4981.5
D02_iPhone_7_Plus_34083230273.jpg,f21223826d5c29750e9adb926217b19373a105c155aebd2ef89a89d9dd7c20b8,1,1,0.124474,0.0072,gauss2,BP01_12MP_NL_JPEG.mat,0,3279.9
D02_iPhone_7_Plus_34083231413.jpg,a853f7bba032cf581a9d1c7298f79fda79b36ee06d0cbbd319ff4cc8b43eea8b,1,1,0.148274,0.0072,gauss2,BP01_12MP_NL_JPEG.mat,0,4245.4
D02_iPhone_7_Plus_34083234863.jpg,3abd4fe5a9428dca939cb03c5518935ad08b2684c5c2a4d794ca9a26f87be1b2,1,1,0.093639,0.0072,gauss2,BP01_12MP_NL_JPEG.mat,0,3536.2
D02_iPhone_7_Plus_34083346935.jpg,a29858ed894c02ab287a6c3fcc2c89d3f5a799d2a35862c64eb291b328166ec2,1,1,0.292903,0.0072,gauss2,BP01_12MP_NL_JPEG.mat,0,3309.0
D02_iPhone_7_Plus_34297390802.jpg,3c14ada9e5fec2b6b5f5fa65ef67408d49aa8986585e056c611a04d4c3c1039e,1,1,0.39583,0.0072,gauss2,BP01_12MP_NL_JPEG.mat,0,3179.3
D02_iPhone_7_Plus_34326494891.jpg,4b14b9ecff3bd8b358894d632c0148a68bc90331d9ef9a614efa2e30a868f30f,1,1,0.116845,0.0072,gauss2,BP01_12MP_NL_JPEG.mat,0,3191.3
D02_iPhone_7_Plus_34357706450.jpg,c6526c8044f99afa66e4ebfe97075c68b98db0acc92e960691b78e0ee43b59f6,1,1,0.037331,0.0072,gauss2,BP01_12MP_NL_JPEG.mat,0,5057.5
D02_iPhone_7_Plus_34422415620.jpg,ce4b22e33acf96aa2c50d7de170dd5f54b64f890b61b0588d948c9ccc293067b,1,1,0.01432,0.0072,gauss2,BP01_12MP_NL_JPEG.mat,0,3252.6
D02_iPhone_7_Plus_34456935365.jpg,fe33c7fdb9da755c48d61267bfcca7c6a01be2b031968477ea5af0cd6ed6e0b5,1,1,0.171171,0.0072,gauss2,BP01_12MP_NL_JPEG.mat,0,3406.4
D02_iPhone_7_Plus_34507224290.jpg,06add1120576a9e423528f4552f6950a902a224c10248572058ff3641c4c9ea5,1,1,0.112816,0.0072,gauss2,BP01_12MP_NL_JPEG.mat,0,3102.7
D02_iPhone_7_Plus_34580161062.jpg,2f5b33282d057f9949ce8dd3585d39ceb4b463bfa9f7b0756642df1256e05b37,1,1,0.04216,0.0072,gauss2,BP01_12MP_NL_JPEG.mat,0,3259.8
D02_iPhone_7_Plus_34580225962.jpg,456a24a70543e5b25b6e7681d5e27c2dc21e528c42fa31fec489deaa39719966,1,1,0.074216,0.0072,gauss2,BP01_12MP_NL_JPEG.mat,0,3014.4
D02_iPhone_7_Plus_34702071466.jpg,7f4cbc22f7b11f23ef60fe229c2c0a10ee0e59c4cbb5194e40ba1824b38626d1,1,1,0.064473,0.0072,gauss2,BP01_12MP_NL_JPEG.mat,0,3259.9
D02_iPhone_7_Plus_34702209856.jpg,a69e4ab8ac8b746126390465ac01af0bf3bab8651d22036a1ad1a3d4028aa0b7,1,1,0.075319,0.0072,gauss2,BP01_12MP_NL_JPEG.mat,0,3037.9
D02_iPhone_7_Plus_34730582242.jpg,16fc089f1cb6259a01371dd7378d23a118dd9a0af8653efd67ab525c658c65f0,1,1,0.024966,0.0072,gauss2,BP01_12MP_NL_JPEG.mat,0,3267.0
D02_iPhone_7_Plus_34730590822.jpg,a5dad282d00fecb925d6553e9d531be0329b396573f7e092a86c3214d3635a13,1,1,0.068983,0.0072,gauss2,BP01_12MP_NL_JPEG.mat,0,3006.5
D02_iPhone_7_Plus_34730593782.jpg,3716bee2ad597fb7315f7126397551329b3236bf68748b3677c52c312a571cb2,1,1,0.173877,0.0072,gauss2,BP01_12MP_NL_JPEG.mat,0,3190.9
D02_iPhone_7_Plus_34893886585.jpg,d4d7dfeddac36c0a284d1f634771dd869178faf964a923d6d76f06e567fa2b6d,1,1,0.121093,0.0072,gauss2,BP01_12MP_NL_JPEG.mat,0,3386.0
D02_iPhone_7_Plus_34893895485.jpg,93d0058b97f04801ce62ae3daeb2c4c47a5733f90ba62820beb4b35eb8316935,1,1,0.139052,0.0072,gauss2,BP01_12MP_NL_JPEG.mat,0,3364.2
D02_iPhone_7_Plus_34986515104.jpg,017edca50ee80ee9a2aec2024ff96ae75efc3436774f0273ff003f6697f1d8a7,1,1,0.061988,0.0072,gauss2,BP01_12MP_NL_JPEG.mat,0,3048.0
D02_iPhone_7_Plus_34986515374.jpg,3f3cb0c58354e0b69e21a42b32aa41d6c20e336174b6d3cbe82e25c35624be5b,1,1,0.022251,0.0072,gauss2,BP01_12MP_NL_JPEG.mat,0,3217.3
D02_iPhone_7_Plus_35280267714.jpg,400eea00dae9302461c64b4bd6dce70d67ef228044efcc8cb738e321765b9c44,1,1,0.206961,0.0072,gauss2,BP01_12MP_NL_JPEG.mat,0,4676.7
D02_iPhone_7_Plus_35280268594.jpg,c069f8ed188281cec574efec524d6f7e2bd9d998e0e02b4c16dc6bdd894551f9,1,1,0.088391,0.0072,gauss2,BP01_12MP_NL_JPEG.mat,0,3226.6
D02_iPhone_7_Plus_35280269064.jpg,8ecd20138ce5cd91afd4b9da97e4401898e37325208cb4136b1aa939eba15a2d,1,1,0.01614,0.0072,gauss2,BP01_12MP_NL_JPEG.mat,0,3342.4
D02_iPhone_7_Plus_35280279014.jpg,2fe4a62ab48af7e297f1c9a8f08fc363a952852af6614cc8129cb94de950dd09,1,1,0.027777,0.0072,gauss2,BP01_12MP_NL_JPEG.mat,0,3000.1
D02_iPhone_7_Plus_35313104033.jpg,0faa0a189e2df3a9ba676ff876e4db98dd8de6c78567982f411b5804ca34586c,1,1,0.017685,0.0072,gauss2,BP01_12MP_NL_JPEG.mat,0,3253.1
D02_iPhone_7_Plus_35313113253.jpg,07cf47c7e7fac15702c0073a92a0735c619e8149bac633ee520b2d5139534ddf,1,1,0.076876,0.0072,gauss2,BP01_12MP_NL_JPEG.mat,0,2918.5
D02_iPhone_7_Plus_35657661162.jpg,733605b81e533de0bcee9ff59549f7962c142ab0436e9d377c1d85b57d5c7fde,1,1,0.053,0.0072,gauss2,BP01_12MP_NL_JPEG.mat,0,3278.6
D02_iPhone_7_Plus_35730043920.jpg,f1c36d6acf92250061da80152c284ce2b36975b9bff295f6f652fe640e697533,1,1,0.030956,0.0072,gauss2,BP01_12MP_NL_JPEG.mat,0,3306.3
D02_iPhone_7_Plus_35878291040.jpg,075c5857ec977e7eb07556b1b9cba22e5f76599bea544d1df28f849d1afcc980,1,0,0.004529,0.0072,gauss2,,,3197.4
D02_iPhone_7_Plus_35951838852.jpg,3c31bb9b2ced2cc2f8ba483b57e58296368c5cfa74d2aa4ebc91b7bb114a6bee,1,1,0.089523,0.0072,gauss2,BP01_12MP_NL_JPEG.mat,0,2907.0
D02_iPhone_7_Plus_35988028671.jpg,d2ae6e6ff7e5a2d65e7a53723206fc3c5257de4e4501aee0c7716b413025556d,1,1,0.055542,0.0072,gauss2,BP01_12MP_NL_JPEG.mat,2,2797.8
D02_iPhone_7_Plus_35988030351.jpg,97f8f42269125cdb764906722313e2c6f4f9c44864ab11cddc47540c3cf9af2b,1,1,0.143563,0.0072,gauss2,BP01_12MP_NL_JPEG.mat,0,5090.5
D02_iPhone_7_Plus_36041837814.jpg,c5299361713263af53ea7dcb7eeed4ead8170d95b4a02bbafc9cfae48634ea6d,1,1,0.011898,0.0072,gauss2,BP01_12MP_NL_JPEG.mat,0,3181.1
D02_iPhone_7_Plus_36041987364.jpg,ed5ecf2ff9f97d4879f88e5f5e7510970face5bb424d01458fb33e5894e01ff7,1,1,0.030826,0.0072,gauss2,BP01_12MP_NL_JPEG.mat,0,3216.4
D02_iPhone_7_Plus_36041988894.jpg,66cef5a15ac3b49e3419a2e507dd58e78cb7ccafc033a5fa89be31398a79f202,1,1,0.011797,0.0072,gauss2,BP01_12MP_NL_JPEG.mat,0,3030.3
D02_iPhone_7_Plus_36041991754.jpg,99a2c0dfa6b1c4cea091749ad2cce14f3a41f95b0bddc248ea4d4dbdc7a311d7,1,0,0.004758,0.0072,gauss2,,,3302.5
D02_iPhone_7_Plus_36041993484.jpg,58b8a2a45891f8cc52bb931eccf6f1f87528a3dcec7aaf1198154d5ce1a17eee,1,0,0.005386,0.0072,gauss2,,,4645.1
D02_iPhone_7_Plus_36067743933.jpg,4c1e0c4fd43061d951a2ee54ba5d952d3f7baeed9b8ff26c303c582db69582a7,1,1,0.038719,0.0072,gauss2,BP01_12MP_NL_JPEG.mat,0,3180.7
D02_iPhone_7_Plus_36067745813.jpg,f08426b7a4ce643d065678f0c715e38c7f97008577bb0004b0d3ea4008cc95e3,1,1,0.068669,0.0072,gauss2,BP01_12MP_NL_JPEG.mat,0,3323.7
D02_iPhone_7_Plus_36067747193.jpg,2cd3d792663b0275f78d213a450c32eedbc33290f017f3df55135a0301b57097,1,1,0.1518,0.0072,gauss2,BP01_12MP_NL_JPEG.mat,0,3250.7
D02_iPhone_7_Plus_36067748633.jpg,dfdb5bddb9373d8498d9e4def5a3f6811fbb93b02b844352adab090a099b003f,1,1,0.023632,0.0072,gauss2,BP01_12MP_NL_JPEG.mat,0,3282.7
D02_iPhone_7_Plus_36067750143.jpg,bdb6d38fd30414ba1b00089b1630c0c0e4aad0f8786f850f20139aeb06b33032,1,1,0.024223,0.0072,gauss2,BP01_12MP_NL_JPEG.mat,0,2969.1
D02_iPhone_7_Plus_36067751583.jpg,527886773e39dada41d9ab24e971969adb4335a00df4582ccaef1f325074ba64,1,1,0.015291,0.0072,gauss2,BP01_12MP_NL_JPEG.mat,0,3248.0
D02_iPhone_7_Plus_36067753083.jpg,0aafca6f7bcd0f85f001c0b7d59e5106dd54d6aee54335f36274d520c7d6078c,1,1,0.059214,0.0072,gauss2,BP01_12MP_NL_JPEG.mat,0,3300.4
D02_iPhone_7_Plus_36067754513.jpg,ed297c6b85354505dc741a30d79bff69b479addf0db5c7ab862ca5a0b7a17df1,1,1,0.097528,0.0072,gauss2,BP01_12MP_NL_JPEG.mat,0,3304.5
D02_iPhone_7_Plus_36067756993.jpg,11221478aa9887595466d2dec24a8062a4db48c139793b6b2b35cf9ee656f30e,1,1,0.009539,0.0072,gauss2,BP01_12MP_NL_JPEG.mat,0,2934.8
D02_iPhone_7_Plus_36079776936.jpg,3eaecaced29b5c89f6b7d3792795478157c2bc83d9bf4192bc7d7a9f028b0c42,1,1,0.064367,0.0072,gauss2,BP01_12MP_NL_JPEG.mat,0,3226.9
D02_iPhone_7_Plus_36121239575.jpg,5992be77bb4cd67b39b947cd1d22cea170323046af92f460d4ae826cf72d9346,1,1,0.02487,0.0072,gauss2,BP01_12MP_NL_JPEG.mat,0,3308.8
D02_iPhone_7_Plus_36121245975.jpg,5be0d52f7a7a774f2f290e0031c09331ceb43fa264522959b5d817cabfb3dc09,1,1,0.156337,0.0072,gauss2,BP01_12MP_NL_JPEG.mat,0,3149.3
D02_iPhone_7_Plus_36121248975.jpg,9411d04f81e9a14d78f323e7b4565ed62fdaa11208ed0c0adf4ce7500a182311,1,1,0.014053,0.0072,gauss2,BP01_12MP_NL_JPEG.mat,0,3000.2
D02_iPhone_7_Plus_36217053644.jpg,9d7a969c20aa4c86791146f6134a132ccbbe22ede71cf75175ab3e7251e44e1a,1,1,0.007856,0.0072,gauss2,BP01_12MP_NL_JPEG.mat,0,5769.9
D02_iPhone_7_Plus_36244134193.jpg,0e63862981edc5ab54ca24f28496b9b76d0815cd97ba655ef9d006b3b230af5c,1,1,0.015377,0.0072,gauss2,BP01_12MP_NL_JPEG.mat,0,3249.3
D02_iPhone_7_Plus_36272684525.jpg,216e02dc3e645c9e739e0473f731ac1f3404b08d8df97f9369570f373c89177e,1,1,0.008615,0.0072,gauss2,BP01_12MP_NL_JPEG.mat,0,3306.7
D02_iPhone_7_Plus_36316639484.jpg,8ad0d2f3f56cde70fa82b05513f702f58a3778365cdb029c2a410073c1dca174,1,1,0.015742,0.0072,gauss2,BP01_12MP_NL_JPEG.mat,0,2987.0
D02_iPhone_7_Plus_36316640064.jpg,0ffbad39735edfe35c15848ae0b496a0113b5720a60227fb3bc28edb562737d5,1,1,0.026656,0.0072,gauss2,BP01_12MP_NL_JPEG.mat,0,3247.7
D02_iPhone_7_Plus_36316655444.jpg,3ce07eb49c0048d698c993929f2712adac22716033a617a30c9eb54d99e91e18,1,1,0.027265,0.0072,gauss2,BP01_12MP_NL_JPEG.mat,0,3267.6
D02_iPhone_7_Plus_36338976933.jpg,55bb0ece2f57c6f4dee670359022d24521e720e6e09a81f19fdc1d0aa9415083,1,1,0.041432,0.0072,gauss2,BP01_12MP_NL_JPEG.mat,0,3301.5
D02_iPhone_7_Plus_36338985973.jpg,69ecd30b77b38ec08430844c50106b0891521e58b4d53fb227491dc99419dd6d,1,1,0.021228,0.0072,gauss2,BP01_12MP_NL_JPEG.mat,0,2936.3
D02_iPhone_7_Plus_36473336824.jpg,f8f0d4e11880ee1ab2449fbc942f7204e0807d6cc509b87b82addddc11a22645,1,1,0.07948,0.0072,gauss2,BP01_12MP_NL_JPEG.mat,0,3164.1
D02_iPhone_7_Plus_36473343244.jpg,2824dafca55175c5f56c91d953699712d9bc4e225c4dd9eeadcf6da73ffefac3,1,1,0.00896,0.0072,gauss2,BP01_12MP_NL_JPEG.mat,0,3344.1
D02_iPhone_7_Plus_36497386573.jpg,256f2fa20643197f779a121080b1797baac42cb8c5f97bc7c900556583a76a84,1,1,0.011015,0.0072,gauss2,BP01_12MP_NL_JPEG.mat,0,3431.6
D02_iPhone_7_Plus_36497387733.jpg,0aba99cd2acc7cf1ec67605a6e31725ab0b001daf1d4f4656dafd62722f7cc8f,1,1,0.01547,0.0072,gauss2,BP01_12MP_NL_JPEG.mat,0,3100.6
D02_iPhone_7_Plus_36497388173.jpg,f6a0e85f940f3be6c8a3077bc635e4fc6990f16f907948577bdf69a816f31bb8,1,1,0.018096,0.0072,gauss2,BP01_12MP_NL_JPEG.mat,0,3333.2
D02_iPhone_7_Plus_36497394823.jpg,d1f593bb3e04012fdfcb0ead67f3f55e3360a86535e0d45a6620a3edffce23ec,1,1,0.011443,0.0072,gauss2,BP01_12MP_NL_JPEG.mat,0,2944.7
D02_iPhone_7_Plus_36532950406.jpg,bc769415e982ee93f291efe85d9355ce26317ccdb346a39df94129bf1f865775,1,1,0.152263,0.0072,gauss2,BP01_12MP_NL_JPEG.mat,0,3183.1
D02_iPhone_7_Plus_36612130056.jpg,15f4274260b78e9f79bccac18a5afaeb497f97b789e3611d91b8e7957540066b,1,1,0.02246,0.0072,gauss2,BP01_12MP_NL_JPEG.mat,0,3265.8
D02_iPhone_7_Plus_36705131032.jpg,32f36c915009821346779a741613b8a95ad5c6c5fc8cf6f72292921d07ccf0d2,1,1,0.046575,0.0072,gauss2,BP01_12MP_NL_JPEG.mat,0,3214.2
D02_iPhone_7_Plus_36705134422.jpg,87ad40f3d7e2b35892d88cef3a666c44cac2d939f91cea68355c07ec0af1b192,1,1,0.008419,0.0072,gauss2,BP01_12MP_NL_JPEG.mat,0,5062.7
D02_iPhone_7_Plus_36705137962.jpg,41e756763cf37994f30747096a0489c391af379d65c85f2675ca52e6af81accd,1,1,0.007968,0.0072,gauss2,BP01_12MP_NL_JPEG.mat,0,3339.7
D02_iPhone_7_Plus_36736439881.jpg,68b6d6f5dcfd5c91b34e068b1e2288c8578352d62827dfd6227e8cbaca63cb99,1,0,0.00566,0.0072,gauss2,,,2952.6
D02_iPhone_7_Plus_36736522781.jpg,c42de00de15f2dce60f5513ef4daff9b418237647a2f822680d2e3175cb6859d,1,1,0.090436,0.0072,gauss2,BP01_12MP_NL_JPEG.mat,0,3261.1
D02_iPhone_7_Plus_36736523031.jpg,c5ee398493425642dc4b8b92243110092d68779c838c9aa49e0816532c5318a9,1,1,0.137284,0.0072,gauss2,BP01_12MP_NL_JPEG.mat,0,3413.7
D02_iPhone_7_Plus_36736523451.jpg,1da20256e881c0b948cfa0f46f4c8e348c9bb363abc92291473e6cdac2b83f65,1,1,0.128575,0.0072,gauss2,BP01_12MP_NL_JPEG.mat,0,3363.3
D02_iPhone_7_Plus_36736596051.jpg,4f26c20ce1f4cbb26c2a63b0333e0a39bb55b6d5b58c9593430693d49de124a1,1,1,0.049524,0.0072,gauss2,BP01_12MP_NL_JPEG.mat,0,2941.9
D02_iPhone_7_Plus_36736597241.jpg,7c5ff82515e02a71c899ab170a08f283cbed5d6736ddffcab839c2f8677e5c89,1,1,0.038538,0.0072,gauss2,BP01_12MP_NL_JPEG.mat,0,3198.9
D02_iPhone_7_Plus_36736598851.jpg,07658ebd520879cd46b97e8f8a96894ca3c93e654e5d616799457af03b8a8b9b,1,1,0.073884,0.0072,gauss2,BP01_12MP_NL_JPEG.mat,0,4100.8
D02_iPhone_7_Plus_36736600341.jpg,6137e4ef91ce94d8a2d34bd4901764d5bd41b561bf74c30ae298316834e48cb6,1,1,0.029647,0.0072,gauss2,BP01_12MP_NL_JPEG.mat,0,5770.8
D02_iPhone_7_Plus_36736602521.jpg,da2664f72954c51042f1bb8d121f2ad452a093668df0821d21b08905f29cdc74,1,1,0.062383,0.0072,gauss2,BP01_12MP_NL_JPEG.mat,0,3491.2
D02_iPhone_7_Plus_36736603551.jpg,4d3a9b980f26b9bd51de5fea2672cc4c3df7f041ade4e239eed2555af4e678ad,1,1,0.08166,0.0072,gauss2,BP01_12MP_NL_JPEG.mat,0,3053.5
D02_iPhone_7_Plus_36736605421.jpg,b16b3593de1d2bbc68c6720bcd18787bc8c1c9b17a389e9062d087ec177be0ae,1,1,0.030952,0.0072,gauss2,BP01_12MP_NL_JPEG.mat,0,3391.2
D02_iPhone_7_Plus_36736608131.jpg,033d996d0b3012a1090642cec45afa9a51d83b8a760632f776a7e5e62b3da629,1,1,0.018069,0.0072,gauss2,BP01_12MP_NL_JPEG.mat,0,3188.7
D02_iPhone_7_Plus_36755295860.jpg,ae8d1e83e9ee353b3d912e9cb3e66c38e27e8ac91ca38ce7781777fdb01a2b43,1,1,0.362708,0.0072,gauss2,BP01_12MP_NL_JPEG.mat,0,3143.9
D02_iPhone_7_Plus_36755301040.jpg,fba94dd846db7630d3df084657aafe437ee98d13539e9682bfd3035680a0d0ef,1,1,0.021345,0.0072,gauss2,BP01_12MP_NL_JPEG.mat,0,3061.9
D02_iPhone_7_Plus_36755311010.jpg,2ab4551a46c2bb01ef3f49b471eb71438d2314f4d5834e78b4303b966dbfca0b,1,1,0.016103,0.0072,gauss2,BP01_12MP_NL_JPEG.mat,0,3282.6
D02_iPhone_7_Plus_36755871460.jpg,ea76d31233bd46d41bb4ad27f97847ceaf1b533c67988342bcd00804cb59c72c,1,1,0.046459,0.0072,gauss2,BP01_12MP_NL_JPEG.mat,0,4601.4
D02_iPhone_7_Plus_36863673596.jpg,87d606866d75f810115dad12798234a6ddb6f68b210c643fd3a2f8e540944f28,1,1,0.086813,0.0072,gauss2,BP01_12MP_NL_JPEG.mat,0,5027.3
D02_iPhone_7_Plus_36876238155.jpg,a868b8305f8cd37f2b99e73cdd9fab5bb92563c6b194e56132c84144986dd116,1,1,0.127002,0.0072,gauss2,BP01_12MP_NL_JPEG.mat,0,3423.1
D02_iPhone_7_Plus_36876240155.jpg,f4a86c199a5028ff282a85b96220678ad3f917ef441143c048020bf1e08ec1fe,1,1,0.133055,0.0072,gauss2,BP01_12MP_NL_JPEG.mat,0,2929.1
D02_iPhone_7_Plus_36876241915.jpg,45654c4336e40c28198605afa45be9c996015a0df444298cd0fd290fb78b95be,1,1,0.086269,0.0072,gauss2,BP01_12MP_NL_JPEG.mat,0,3186.0
D02_iPhone_7_Plus_36876243955.jpg,f856b1c4fae42826c1e61834edf4927ea260c93ab958b2affa487e422e3ffb88,1,1,0.035773,0.0072,gauss2,BP01_12MP_NL_JPEG.mat,0,3257.7
D02_iPhone_7_Plus_36913152380.jpg,b3bfd3438749345338f0dd27b6a4657b119f3427e002fa4575a3f1f71979c332,1,1,0.014205,0.0072,gauss2,BP01_12MP_NL_JPEG.mat,0,3167.1
D02_iPhone_7_Plus_36963480766.jpg,4025673f9060c8d876849ba104eafa026f1ad5cb060f14be284ae54fe414d61f,1,1,0.046136,0.0072,gauss2,BP01_12MP_NL_JPEG.mat,0,3318.4
D02_iPhone_7_Plus_36963488826.jpg,96c7965ddf6095ccd93f7f2c917baf04837e5ae173094d23241594a8b0671f3b,1,1,0.022304,0.0072,gauss2,BP01_12MP_NL_JPEG.mat,0,3236.3
D02_iPhone_7_Plus_36963935736.jpg,16f16c1417d2838179fa347d844153fc988e34bde4e73ab717233720829ae683,1,1,0.024517,0.0072,gauss2,BP01_12MP_NL_JPEG.mat,0,2867.6
D02_iPhone_7_Plus_36981473502.jpg,8a134b5e611b7bd3849a7e91bdb99a1218615d86264a00b0531fa8ae14ee4325,1,1,0.068754,0.0072,gauss2,BP01_12MP_NL_JPEG.mat,0,3168.6
D02_iPhone_7_Plus_36981480252.jpg,6e17632e0d8e7f0866b1d2e10d73d7e64433aeb8dc9e2aa2df96f34712a75e86,1,1,0.024603,0.0072,gauss2,BP01_12MP_NL_JPEG.mat,0,3242.1
D02_iPhone_7_Plus_36981997932.jpg,0cd286facc4582ec76a9eb31e96d98b0a1ee104afd0109efd1ab750ef8aafaf7,1,1,0.035532,0.0072,gauss2,BP01_12MP_NL_JPEG.mat,0,3203.2
D02_iPhone_7_Plus_36982030742.jpg,6da68dfca05c904a7e0d9b7ba3b9af08713f3b6f21576574bd6e5aae2b04e2b1,1,1,0.023924,0.0072,gauss2,BP01_12MP_NL_JPEG.mat,0,3259.7
D02_iPhone_7_Plus_37010342111.jpg,347e0b11af1cfc7af95e884b9700e9a31162c26920413eb711801e7f270a07b8,1,0,0.006212,0.0072,gauss2,,,3156.0
D02_iPhone_7_Plus_37051639745.jpg,212de331c85cb47f3c85186feed87e6aa6461f09eb7e75817da84afda412b248,1,1,0.017133,0.0072,gauss2,BP01_12MP_NL_JPEG.mat,0,3227.0
D02_iPhone_7_Plus_37137973102.jpg,606af08d16a70696353ee8fa1f6e7dc9c47f39fb3c7337a9b5559b7d7d166066,1,1,0.018733,0.0072,gauss2,BP01_12MP_NL_JPEG.mat,0,3166.9
D02_iPhone_7_Plus_37137981122.jpg,b4787e0c9356375bb9047a9419f1b7ba6290f182aa7aad2818077eee73703661,1,1,0.061519,0.0072,gauss2,BP01_12MP_NL_JPEG.mat,0,3235.2
D02_iPhone_7_Plus_37153282565.jpg,ae915fe797b4802daa46efab956ec900df45298a1c7472f9cbe18a41fb6c7444,1,0,0.004945,0.0072,gauss2,,,5761.3
D02_iPhone_7_Plus_37153285305.jpg,46ecd1d659e8935a3157c8c4680f9d27a5c09f92f5f3d6c8bd940f2b2fb130b1,1,0,0.004421,0.0072,gauss2,,,3178.7
D02_iPhone_7_Plus_37153288245.jpg,267323f1bda29a53c4ac5a5846705ff4efcd7027591754452b0a573c11d93419,1,1,0.040756,0.0072,gauss2,BP01_12MP_NL_JPEG.mat,0,3291.1
D02_iPhone_7_Plus_37168027741.jpg,b63287b64061768235900aa7f859d2946291c7391cf73866c182bd1c0d8a9173,1,1,0.015972,0.0072,gauss2,BP01_12MP_NL_JPEG.mat,0,2937.3
D02_iPhone_7_Plus_37168027761.jpg,7df5dc240bc81d4737e567c237288d69caefac3031343338fbd28e24d63d3a8d,1,1,0.015051,0.0072,gauss2,BP01_12MP_NL_JPEG.mat,0,3226.8
D02_iPhone_7_Plus_37311207675.jpg,3aabfa7d3496c17a7d1ef8de78d64487b1fc2ec7c9450e39c6e374a9aee332c9,1,1,0.039549,0.0072,gauss2,BP01_12MP_NL_JPEG.mat,0,3277.2
D02_iPhone_7_Plus_37311209095.jpg,e6aa154a9e4e310a82b6ca418904f21c1e03b4e124e8cdaad4e27febb09c57d2,1,1,0.013464,0.0072,gauss2,BP01_12MP_NL_JPEG.mat,0,3234.5
D02_iPhone_7_Plus_37311211805.jpg,4b48912592b501683e200da0cf96e136d17ed89c1fa2a3522223dc8a91ef4e3c,1,1,0.024144,0.0072,gauss2,BP01_12MP_NL_JPEG.mat,0,5034.6
D02_iPhone_7_Plus_39069899060.jpg,18b17522881ef1694c509d224c3922981ad71355d56ccf54b95c3315bb24687c,1,1,0.101708,0.0072,gauss2,BP02_12MP_NL_JPEG.mat,0,2932.8
D02_iPhone_7_Plus_39069899200.jpg,c6ba4e5cfc33ee1cdc0bc9426a563a94d75dce3342448a129264d5abd1ec71b4,1,1,0.021104,0.0072,gauss2,BP02_12MP_NL_JPEG.mat,0,2854.9
D02_iPhone_7_Plus_39069899230.jpg,6ca529903a39edf89990fcc20133f637839fdfb1f3ae61c8b095a25f6bf77920,1,1,0.142567,0.0072,gauss2,BP02_12MP_NL_JPEG.mat,0,3108.3
D02_iPhone_7_Plus_39077333850.jpg,4dc22aa612e572af7b14552301f225871c54279b98525b468605fcf7b0ff9266,1,1,0.124208,0.0072,gauss2,BP02_12MP_NL_JPEG.mat,2,3043.7
D02_iPhone_7_Plus_39080249910.jpg,069232e62b87b05db3ae8eb9eb9ee8bb6d6b5a683c26d22f36dfcf8f39b36ee2,1,1,0.129753,0.0072,gauss2,BP02_12MP_NL_JPEG.mat,0,2963.0
D02_iPhone_7_Plus_39498513310.jpg,6d70cb9106dd975a78aaa49f3dfa2cb09002de2ee1412b8b93510d6245a4481b,1,1,0.27503,0.0072,gauss2,BP02_12MP_NL_JPEG.mat,0,3027.5
D02_iPhone_7_Plus_39498513390.jpg,03e5680e10b048f2249379a8ada257fa03517e8188f1f8f202e3d3567fb4e0b7,1,1,0.236294,0.0072,gauss2,BP02_12MP_NL_JPEG.mat,0,2945.6
D02_iPhone_7_Plus_39498557790.jpg,2e9a0bd03c786b36a8d909c9c16a830b69984220bfd9222ed2f94e10d67120ec,1,1,0.157341,0.0072,gauss2,BP02_12MP_NL_JPEG.mat,2,3411.3
D02_iPhone_7_Plus_39498557850.jpg,481fbd6244817771c8b9fdbfe3c86077af07755023b9ef9aaa64e8bcedd6ade0,1,1,0.192283,0.0072,gauss2,BP02_12MP_NL_JPEG.mat,0,2812.4
D02_iPhone_7_Plus_39498563200.jpg,6c913eef5f51c0b8af738357f8f6b95c87008b2bf75f09196943bf7f3cb8b28c,1,1,0.174044,0.0072,gauss2,BP02_12MP_NL_JPEG.mat,0,3095.5
D02_iPhone_7_Plus_39985949865.jpg,7fb2ce0ae8be7b99e92a6797972d72979f46b2e21105c57a14d7ea0d9f38ce4e,1,1,0.131237,0.0072,gauss2,BP02_12MP_NL_JPEG.mat,0,2679.7
D02_iPhone_7_Plus_39993466325.jpg,80a82cf00f7c32cfb1d8616b6dc7c1a889fa41ad8c5361b94627a7c9059d2dbb,1,1,0.107072,0.0072,gauss2,BP02_12MP_NL_JPEG.mat,2,3017.4
D02_iPhone_7_Plus_39993480255.jpg,bb9f8a7486ab13cf2c6fd40eb4aa1ea763d3cc6525fcd319242955885e20b1fb,1,1,0.140127,0.0072,gauss2,BP02_12MP_NL_JPEG.mat,2,3407.4
D02_iPhone_7_Plus_39993565125.jpg,8f352f139e2e004a8d3352e676b09e9244a7c90aad8e35dba2aab3e0efedc17d,1,1,0.161734,0.0072,gauss2,BP02_12MP_NL_JPEG.mat,2,3121.9
D02_iPhone_7_Plus_39993598265.jpg,fd8d275cb2dae81b3fc036905ec30e2c2dc6f558bfc9e95ef206076f438b4ca7,1,1,0.193507,0.0072,gauss2,BP02_12MP_NL_JPEG.mat,2,3344.1
D02_iPhone_7_Plus_39993600715.jpg,045239544687b9c34b2c73b3475eb2de05cc3a2ee20728352acc8b373b346c4b,1,1,0.131116,0.0072,gauss2,BP02_12MP_NL_JPEG.mat,2,3198.3
D02_iPhone_7_Plus_39993600745.jpg,cecef7a500a2f1a8c41d4480a4eb9a75e2e4a42dfcef9ccd2acc80bfbd8b9875,1,1,0.140915,0.0072,gauss2,BP02_12MP_NL_JPEG.mat,2,3510.7
D02_iPhone_7_Plus_39993608355.jpg,f692aa3348797e84c9bb90f6efa21d3f48f1942cd8cb26f3c760680330aa55e4,1,1,0.115001,0.0072,gauss2,BP02_12MP_NL_JPEG.mat,2,3163.7
D02_iPhone_7_Plus_39993657445.jpg,07661b800d2faba647537ff839b8fa8742ac1b01cadd6f4ab90bb83170bf13aa,1,1,0.114065,0.0072,gauss2,BP02_12MP_NL_JPEG.mat,2,3379.7
D02_iPhone_7_Plus_39993658215.jpg,46bbcdf8f639ec183d9e85e5be9f1030157bb86b4466306384268a43394efaa1,1,1,0.144079,0.0072,gauss2,BP02_12MP_NL_JPEG.mat,2,3169.6
D02_iPhone_7_Plus_39993658785.jpg,14bff82f3420252b64f1a75dd6ad2930f11bef52131c327dec0425c3e8d9c085,1,1,0.148859,0.0072,gauss2,BP02_12MP_NL_JPEG.mat,0,5089.3
D02_iPhone_7_Plus_39996075975.jpg,e10aa1181934e12849b902b8c4c25ccf1e2d62e3f4a50aa8e016872278e63d77,1,1,0.119965,0.0072,gauss2,BP02_12MP_NL_JPEG.mat,2,3254.9
D02_iPhone_7_Plus_40179215494.jpg,6aec95f0ea556ce91b4eea1c64f19082fa39563d997a77000fefc0b73135bfe5,1,1,0.131586,0.0072,gauss2,BP02_12MP_NL_JPEG.mat,0,4812.6
D02_iPhone_7_Plus_40179215564.jpg,24691e0d9a42e4de64f5bf79d936ac4387f9a665ab16a2234266e69292313b7f,1,1,0.1665,0.0072,gauss2,BP02_12MP_NL_JPEG.mat,0,3139.5
D02_iPhone_7_Plus_40179269434.jpg,f32f3c15d96b1d68487ae6b5c7a6e492555485bc6cc449cc3f9438742ad844d7,1,1,0.133545,0.0072,gauss2,BP02_12MP_NL_JPEG.mat,2,3307.7
D02_iPhone_7_Plus_40179345494.jpg,c9ee9c27f5bec855d1f243c467563e62ee56a514b56a7357c261486abeacd271,1,1,0.187591,0.0072,gauss2,BP02_12MP_NL_JPEG.mat,2,2971.9
D02_iPhone_7_Plus_40179346604.jpg,0e711865167aa148f315aacd9d2b1207ca4ee9eb2f672194c141924bb8a5ec8e,1,1,0.118649,0.0072,gauss2,BP02_12MP_NL_JPEG.mat,2,3278.2
D02_iPhone_7_Plus_40179483594.jpg,8d6f595403fdf1996902b213c98713d1cfd5f609ede2587680796fdf4426c403,1,1,0.101904,0.0072,gauss2,BP02_12MP_NL_JPEG.mat,2,4423.9
D02_iPhone_7_Plus_40179483764.jpg,5da1443eca87d76ab0444a14113493a0351acf209c9915d7d6bf2b6147fe61c6,1,1,0.111326,0.0072,gauss2,BP02_12MP_NL_JPEG.mat,2,3091.3
D02_iPhone_7_Plus_40179530254.jpg,ecf8b75143179b57479590e9557753c12a35b5920d8223779b29be56f716b476,1,1,0.278939,0.0072,gauss2,BP02_12MP_NL_JPEG.mat,2,3181.4
D02_iPhone_7_Plus_40179530874.jpg,252eda18a7a2f3f69791b45f432a654a120fb7f2154496af521229a99b552310,1,1,0.142967,0.0072,gauss2,BP02_12MP_NL_JPEG.mat,2,3370.0
D02_iPhone_7_Plus_40179531104.jpg,cdd5a2aaa29233625b951038079893f0f2cbfa35a9d616c67af93caee6396f29,1,1,0.105045,0.0072,gauss2,BP02_12MP_NL_JPEG.mat,2,3264.6
D02_iPhone_7_Plus_40412244685.jpg,73a4439ae7dfae8347869ac583c6f49227992e5f154cd11262872a2c74a300d1,1,1,0.259963,0.0072,gauss2,BP02_12MP_NL_JPEG.mat,0,2653.3
D02_iPhone_7_Plus_40412245835.jpg,16806dc1facfba28c57a05eed956d73ca5a29918a2f0a9519c80f2a09faae769,1,1,0.180308,0.0072,gauss2,BP02_12MP_NL_JPEG.mat,0,2817.8
D02_iPhone_7_Plus_40594327814.jpg,3d103029f5cf8f99e491a375e1018fb8dd819ecd0fa9c1f27ce1831734088022,1,1,0.200874,0.0072,gauss2,BP02_12MP_NL_JPEG.mat,0,2952.4
D02_iPhone_7_Plus_40594362374.jpg,d97a737418fdaa24fc160eca62f97381eec7aa9418eaa618a29f7110fd271e53,1,1,0.188704,0.0072,gauss2,BP02_12MP_NL_JPEG.mat,0,3025.5
D02_iPhone_7_Plus_40594371334.jpg,60e4d197cddd4886861085fff306632b6d942c84f02162f763e54d0e2e459af7,1,1,0.135754,0.0072,gauss2,BP02_12MP_NL_JPEG.mat,0,2866.9
D02_iPhone_7_Plus_40838022182.jpg,e17aa29dcf69a606dfd2f4b6cb6b3b26ee394f5d51d7407929ccb3193aecefe0,1,1,0.102075,0.0072,gauss2,BP02_12MP_NL_JPEG.mat,2,3349.0
D02_iPhone_7_Plus_40845150772.jpg,ba1f30c9e15f9297bd7bb3722c9b6e67a259fffcb7609990a33c33d3b337c040,1,1,0.155223,0.0072,gauss2,BP02_12MP_NL_JPEG.mat,2,4638.6
D02_iPhone_7_Plus_40845246212.jpg,2b0ff35a2fc33838ea10efc7be2294b60ba38362b9f2cf9f7fa3e2d7a8cd74cc,1,1,0.122929,0.0072,gauss2,BP02_12MP_NL_JPEG.mat,2,5425.4
D02_iPhone_7_Plus_40845246232.jpg,81ab954cfe31ad80ed7808872a2c342ede86abb697b7484d84c8c1f99a692079,1,1,0.138671,0.0072,gauss2,BP02_12MP_NL_JPEG.mat,2,3451.3
D02_iPhone_7_Plus_40845246372.jpg,48790fe55c3e016ac3a6b2c88cb221226039d1d52370f757d68262d50090b11a,1,1,0.130147,0.0072,gauss2,BP02_12MP_NL_JPEG.mat,2,3220.9
D02_iPhone_7_Plus_40845293792.jpg,88810d74f16193d5939e27a3f2e0b1520d7528d1f26e0a710a765045ee1d3824,1,1,0.153799,0.0072,gauss2,BP02_12MP_NL_JPEG.mat,2,3423.6
D02_iPhone_7_Plus_40845293862.jpg,2b726e81c7cd1b7004bfcfec91874ab25164e78feccbb36913274f19758cffd6,1,1,0.164109,0.0072,gauss2,BP02_12MP_NL_JPEG.mat,2,3341.2
D02_iPhone_7_Plus_40845293912.jpg,ac5f981c6e8fb7c142934243681d66b6b59499a08b3a56213f0a58f08bf3bdd9,1,1,0.150351,0.0072,gauss2,BP02_12MP_NL_JPEG.mat,2,2941.2
D02_iPhone_7_Plus_40845293952.jpg,6dd8b1264788f472bde2c549a49b2e5d63e79b7ba958200da9a96b15d7fe9dc0,1,1,0.18608,0.0072,gauss2,BP02_12MP_NL_JPEG.mat,2,3234.4
D02_iPhone_7_Plus_40845294282.jpg,9d47d130d9e1dd9d66ee7aaaf20fab234d059245cda3c559da6011bb42842344,1,1,0.129528,0.0072,gauss2,BP02_12MP_NL_JPEG.mat,2,3297.7
D02_iPhone_7_Plus_40845294352.jpg,5fee0d2f2dd52b8feca5c9a3f1716ad992649726d96ed0dee31e37f610a743ee,1,1,0.122068,0.0072,gauss2,BP02_12MP_NL_JPEG.mat,2,3256.3
D02_iPhone_7_Plus_40845294392.jpg,e4904faf774587d69f93259a7bc2d1e405040cc629acb1cbb8e0ee15eef83864,1,1,0.134699,0.0072,gauss2,BP02_12MP_NL_JPEG.mat,2,2947.8
D02_iPhone_7_Plus_40845394152.jpg,687ca26fee494c192c67dc9bcaec3d5dbe753048add207ad0a21516ee1329528,1,1,0.109083,0.0072,gauss2,BP02_12MP_NL_JPEG.mat,2,3154.1
D02_iPhone_7_Plus_40845394872.jpg,f796c359d33c8db66034c01bf422df24e75fcf7af2bccd665839529be7d1dafd,1,1,0.114378,0.0072,gauss2,BP02_12MP_NL_JPEG.mat,2,3319.9
D02_iPhone_7_Plus_40879516151.jpg,09a97f24213a12a89fd5ac31957b8c28e0b631114171cf291a4be8c4e39270cf,1,1,0.0942,0.0072,gauss2,BP02_12MP_NL_JPEG.mat,0,2972.4
D02_iPhone_7_Plus_40879517371.jpg,c1400ff1ae90b40b3600a57bc402d7edb3a884237e8122ce51a113e84b4c4707,1,1,0.071561,0.0072,gauss2,BP02_12MP_NL_JPEG.mat,0,4028.9
D02_iPhone_7_Plus_40886799231.jpg,6774c640f2a6c1f8c987f2616be46480f9eecbe90eb9b0ed98c9761d65e73014,1,1,0.128855,0.0072,gauss2,BP02_12MP_NL_JPEG.mat,2,4259.8
D02_iPhone_7_Plus_40886857921.jpg,19512bd09ffc27521291878ec5355b313c26d50183efff71a58958dc1a45960d,1,1,0.126943,0.0072,gauss2,BP02_12MP_NL_JPEG.mat,2,3310.9
D02_iPhone_7_Plus_40886858181.jpg,50997530b4e2cf6ec9fe9add510d0737478da53f8b6cbfdf4d658b63dafd40d7,1,1,0.110466,0.0072,gauss2,BP02_12MP_NL_JPEG.mat,2,3082.4
D02_iPhone_7_Plus_40889675601.jpg,53cc200703846cc4bd7aeb375556fdee7706dd81a4553acb6ec5fb982c33e986,1,1,0.078765,0.0072,gauss2,BP02_12MP_NL_JPEG.mat,0,5652.1
D02_iPhone_7_Plus_41265339962.jpg,49813df5b132959e5795919b7ebd611910d3075e17bd3beb3bf478ec7b55ba2c,1,1,0.170047,0.0072,gauss2,BP02_12MP_NL_JPEG.mat,0,3567.7
D02_iPhone_7_Plus_41307634491.jpg,d8ede248dd4c14621656330c8c8f28e8f7f260b670bcec9cc19970b8b6aa927e,1,1,0.348824,0.0072,gauss2,BP02_12MP_NL_JPEG.mat,0,3042.0
D02_iPhone_7_Plus_41307716931.jpg,bcd5aa357ca2331e17d3aa8d4b04c96d07d67f3351d07267051cd5d0d104f08b,1,1,0.116012,0.0072,gauss2,BP02_12MP_NL_JPEG.mat,0,2872.6
D02_iPhone_7_Plus_42821157632.jpg,c485f8f0f856e70f59579618b2495b03ee1492b329d74ae757313d372e18f475,1,1,0.143505,0.0072,gauss2,BP02_12MP_NL_JPEG.mat,0,3098.0
D02_iPhone_7_Plus_42925428641.jpg,a17f03315738fcc1db2197d09fdd02e87b18a8fc4f1634b0191b5e9ad2f9109c,1,1,0.128277,0.0072,gauss2,BP02_12MP_NL_JPEG.mat,0,2680.4
D03_iPhone_7_Plus_24351158838.jpg,7353ac2c579caacfb7db14bbe40ec758631a408f12774a0ed0015ffc9e4a9f8b,1,1,0.016581,0.0072,gauss2,BP02_12MP_NL_JPEG.mat,0,2830.7
D03_iPhone_7_Plus_24351159808.jpg,09f74b5aabecd52da41611a0d8e8ee6893062b0ed31615d18b58f2c6353ee837,1,1,0.011296,0.0072,gauss2,BP02_12MP_NL_JPEG.mat,2,3390.9
D03_iPhone_7_Plus_24351161648.jpg,dee27d00ef041e89b4833f47ba313e07b1310eb45dd69b742c8191aae7628c40,1,1,0.009322,0.0072,gauss2,BP02_12MP_NL_JPEG.mat,0,2792.8
D03_iPhone_7_Plus_24351392178.jpg,1cee9e9e832335f213287747f8e694eeb0b5236e57420cc3874caf9b3b573ca9,1,1,0.12914,0.0072,gauss2,BP02_12MP_NL_JPEG.mat,0,3027.8
D03_iPhone_7_Plus_24357210388.jpg,b0287f547fe593d5d24a650e7232e8177bb9be7c0060f59e59dd958ca19ce446,1,1,0.156826,0.0072,gauss2,BP02_12MP_NL_JPEG.mat,0,2781.3
D03_iPhone_7_Plus_24357222428.jpg,55edaf023b050b77182e299373b292e873c28a437a875303d3403a3fb9ca2cc8,1,1,0.01941,0.0072,gauss2,BP02_12MP_NL_JPEG.mat,0,2877.2
D03_iPhone_7_Plus_26432991489.jpg,aa502c21cdb90a64d1c19ae7730fad2c3f634d0c08f50402d2bd2a5e6f966693,1,1,0.008521,0.0072,gauss2,BP02_12MP_NL_JPEG.mat,0,3048.9
D03_iPhone_7_Plus_26433018749.jpg,f9014dbb798980cc2a8ca7b7bd1ebbdc6e02a3cbae42008a109dccee1c0701df,1,1,0.192847,0.0072,gauss2,BP02_12MP_NL_JPEG.mat,0,3086.9
D03_iPhone_7_Plus_26433023049.jpg,26d8155adefe0aa6d5e5e8194406afb192e59ef1a87954feb61237ffae431e4a,1,1,0.011251,0.0072,gauss2,BP02_12MP_NL_JPEG.mat,2,5578.6
D03_iPhone_7_Plus_26433334249.jpg,6324e79a94d31770f70e77760ed2e8f05802c2fbe0d755bdc01cf4265353392d,1,1,0.17668,0.0072,gauss2,BP02_12MP_NL_JPEG.mat,0,4343.6
D03_iPhone_7_Plus_26433365049.jpg,d8574ef556d764a1f42a94e824ed9f2ecba73d62f145e106258167d2184a7f1e,1,1,0.14357,0.0072,gauss2,BP02_12MP_NL_JPEG.mat,0,2704.0
D03_iPhone_7_Plus_26433366969.jpg,89a5884d595132863237ddee0c662653076f8308772fae0f0e7939797796cc0a,1,1,0.013171,0.0072,gauss2,BP02_12MP_NL_JPEG.mat,2,3222.3
D03_iPhone_7_Plus_37492961454.jpg,0ac182a45ff4404b739cd24e019179fb8975b24b80ef48f8c86b7b94f29b212f,1,1,0.01229,0.0072,gauss2,BP02_12MP_NL_JPEG.mat,0,2916.4
D03_iPhone_7_Plus_37492972514.jpg,8c607c8b0d73ab1848b2cac4f816f62e638a3979ee3fba18ffc0a685b977c6fe,1,1,0.170527,0.0072,gauss2,BP02_12MP_NL_JPEG.mat,0,3033.7
D03_iPhone_7_Plus_37492973644.jpg,27e208c49f2375514675adf14311043b3d3dd510ed3e65d0f0427e743d5c37e7,1,1,0.011874,0.0072,gauss2,BP02_12MP_NL_JPEG.mat,2,3282.2
D03_iPhone_7_Plus_37496531974.jpg,2b42d1c8082b6090c23a2b2d423dd10c786dc36a586bfbf7818848d13f60cd3e,1,1,0.087019,0.0072,gauss2,BP02_12MP_NL_JPEG.mat,2,2951.8
D03_iPhone_7_Plus_37498450194.jpg,7878488303e99bc57dacc5f759ff9d300bb1073fdd6aadc48ef2caafc38f1f44,1,1,0.014977,0.0072,gauss2,BP02_12MP_NL_JPEG.mat,0,2821.4
D03_iPhone_7_Plus_37498489264.jpg,efe739cc9c4cfb49419a75c932d1ecc0f1f84d54df92a849f855c2ce0056d5b8,1,1,0.013428,0.0072,gauss2,BP02_12MP_NL_JPEG.mat,0,3112.8
D03_iPhone_7_Plus_37498833494.jpg,3f6f0973bfb632c32428bdb33535cded46c3e51fc3c9ce209664554d67761679,1,1,0.007673,0.0072,gauss2,BP02_12MP_NL_JPEG.mat,0,2683.9
D03_iPhone_7_Plus_38147783586.jpg,cbcf64f8a4834e2b1af10706b63dad723f32c788a9587203d445ed73203a4b9e,1,1,0.029523,0.0072,gauss2,BP02_12MP_NL_JPEG.mat,0,2877.3
D03_iPhone_7_Plus_38147921426.jpg,1294aaf530810602a9473d255201c08d51612e141235299d697dd1148b2a51fd,1,1,0.152303,0.0072,gauss2,BP02_12MP_NL_JPEG.mat,0,2964.2
D03_iPhone_7_Plus_38147921846.jpg,9cc5e972e6b219366db2220d92ca9c17fd3561aac1559b2db527d3839c27b68c,1,1,0.12255,0.0072,gauss2,BP02_12MP_NL_JPEG.mat,0,2973.7
D03_iPhone_7_Plus_38153380676.jpg,fe82fcf6b94bdf878da9917ad486ee3306df2d667e0b369f00f6e33d4a1a268f,1,1,0.015407,0.0072,gauss2,BP02_12MP_NL_JPEG.mat,0,2838.6
D03_iPhone_7_Plus_38153408696.jpg,23171bdceeff020f95e6c7cde2dd566785a683b63ebbc1c3b4a116dfb337fb0f,1,1,0.011146,0.0072,gauss2,BP02_12MP_NL_JPEG.mat,0,5769.2
D03_iPhone_7_Plus_38153421936.jpg,790a54ac610cce5bce6d9fc44603f3e5ef195e2f87d1aaa8028d98818c69613c,1,0,0.004747,0.0072,gauss2,,,3650.7
D03_iPhone_7_Plus_38153423836.jpg,947d4f72384991f12e10e19caa26cd65923a0bd7ea25aadb4a20c37fa2541796,1,1,0.012503,0.0072,gauss2,BP02_12MP_NL_JPEG.mat,0,3059.6
D03_iPhone_7_Plus_38153560506.jpg,12d99be6f7d2c8b8eb05b1d9fde11e8494570e3a6df52623b7d2aa9f1e63cb6a,1,1,0.015247,0.0072,gauss2,BP02_12MP_NL_JPEG.mat,0,2918.0
D03_iPhone_7_Plus_38153763406.jpg,c8794a134268defcca807a0a9b70f91d6b1c49b1e36e0e17e39c316c7fe4df79,1,1,0.008437,0.0072,gauss2,BP02_12MP_NL_JPEG.mat,2,3528.1
D03_iPhone_7_Plus_38153767786.jpg,c24a7fec34736d472d4f34b9e08011049d58cede933701eb923829dd0d66fde2,1,1,0.131317,0.0072,gauss2,BP02_12MP_NL_JPEG.mat,0,3079.3
D03_iPhone_7_Plus_38153774256.jpg,52a43b4b31678b7bdd37dc14c116ffe16cca0be6695f9922ec7ad89294550973,1,1,0.163531,0.0072,gauss2,BP02_12MP_NL_JPEG.mat,0,3325.2
D03_iPhone_7_Plus_38153778726.jpg,a3175669e670df3eee81e7958710681ef9b52515fc6c7a1d80dab0cb6d1c51b9,1,0,0.005627,0.0072,gauss2,,,4387.0
D03_iPhone_7_Plus_38172147622.jpg,5c870b84e13abaa351d4c7d1cf60c780f84142771a96c53e90fa04c46f06d53c,1,1,0.125425,0.0072,gauss2,BP02_12MP_NL_JPEG.mat,0,5429.7
D03_iPhone_7_Plus_38172178532.jpg,e5da193e1753b9aba017cbd06a3e5659fbd5a74fb3bb6e7643f31d107b918489,1,1,0.009765,0.0072,gauss2,BP02_12MP_NL_JPEG.mat,2,5523.1
D03_iPhone_7_Plus_38177562242.jpg,0adc7f4dc1a38cfd1f679174ffb498b0c14b3d1e7ed3551c0fe6f0dfbd58e74d,1,1,0.013259,0.0072,gauss2,BP02_12MP_NL_JPEG.mat,2,3480.0
D03_iPhone_7_Plus_38177587772.jpg,31daaa5f9c993da9da26e9bd9d49bd2ed04fa53a0e185b56ffff41fbc04a658e,1,1,0.009275,0.0072,gauss2,BP02_12MP_NL_JPEG.mat,0,5337.4
D03_iPhone_7_Plus_38177913392.jpg,11ed422e2161750b93813d052e8bb0bf3cfdc9e42a23e15d14e215941ac3d08f,1,1,0.024112,0.0072,gauss2,BP02_12MP_NL_JPEG.mat,0,3105.1
D03_iPhone_7_Plus_38177956202.jpg,19fcd963e999b2bce07008ad878513e023c74e159d87f41c953435dc31502263,1,1,0.012013,0.0072,gauss2,BP02_12MP_NL_JPEG.mat,0,3136.9
D03_iPhone_7_Plus_38177961522.jpg,9767f369f77d8115bd7d2a6018e6db0f519f12295f1358a1a77aad5ea22ddffb,1,1,0.182513,0.0072,gauss2,BP02_12MP_NL_JPEG.mat,0,5416.2
D03_iPhone_7_Plus_38204118621.jpg,f40c1d799bf796b5eafdd6a3274265a607dc8acf22a8a692cfdb38324a7bd0aa,1,1,0.12125,0.0072,gauss2,BP02_12MP_NL_JPEG.mat,0,3500.3
D03_iPhone_7_Plus_38209573931.jpg,9f5f92ac15e83646e3cda7ae79c3484db72e6c2a8d5f9c54c2c75c68068ec9c0,1,1,0.171677,0.0072,gauss2,BP02_12MP_NL_JPEG.mat,0,3313.7
D03_iPhone_7_Plus_38209722611.jpg,efb43b201a2dced2f806401ce1868c4fb4b4aa6d6f710b771930fcc30a43e904,1,0,0.001969,0.0072,gauss2,,,3215.6
D03_iPhone_7_Plus_38209974241.jpg,c81f3b09a8c2f175da2d91112b057da9f3b474cbeb6b9fc7ac6ba3b6d118786c,1,1,0.139487,0.0072,gauss2,BP02_12MP_NL_JPEG.mat,2,3423.4
D03_iPhone_7_Plus_38210000511.jpg,c261bdfb0d546c44ffa86909ca424c1afacbb37fdf3edad44322c01e7b9fad45,1,1,0.119388,0.0072,gauss2,BP02_12MP_NL_JPEG.mat,0,3420.6
D03_iPhone_7_Plus_38210001031.jpg,0848760c3ba88bb3e206a73b5e0b989a4ccea4b3426d33863740d98a62a0f226,1,1,0.142301,0.0072,gauss2,BP02_12MP_NL_JPEG.mat,0,3260.5
D03_iPhone_7_Plus_38210001751.jpg,53362439e4fd1ae8fd7518a385a80dd89815fb01c5f5bbf5937d0cc8a96fd557,1,1,0.182969,0.0072,gauss2,BP02_12MP_NL_JPEG.mat,0,2863.4
D03_iPhone_7_Plus_38210009651.jpg,4e1ca57c7e241cfa5b54c95e2c49ae3554a27748438c84de9ce36c96947d406f,1,1,0.013933,0.0072,gauss2,BP02_12MP_NL_JPEG.mat,0,5388.2
D04_iPhone_7_Plus_25157336087.jpg,2cea33a640056c97d54a0a78e64d76f53a7a147d44a0583dbe401e88151981ad,1,1,0.014507,0.0072,gauss2,BP02_12MP_NL_JPEG.mat,0,3843.6
D04_iPhone_7_Plus_33916732263.jpg,5adce8681ce1afceb6fd51ca29f7221d6852f910ccbfea68603a6d2435b191b7,1,1,0.021543,0.0072,gauss2,BP01_12MP_NL_JPEG.mat,0,3101.5
D04_iPhone_7_Plus_33916735823.jpg,053b8ec3ed677115dbb8d909117e819604282d99550eff6dd99008ad6f740af7,1,1,0.192677,0.0072,gauss2,BP01_12MP_NL_JPEG.mat,0,3513.9
D04_iPhone_7_Plus_33916743473.jpg,9322393bdd6a2b816b3f8a81e631a7940b3abce3342dd8d9a73f98d741ef508c,1,1,0.070625,0.0072,gauss2,BP01_12MP_NL_JPEG.mat,0,3766.3
D04_iPhone_7_Plus_34564374602.jpg,fc5f76fed5daf065db173f1572d6a39d5f55fcb3a1101d7b88e5ec5af14a057e,1,1,0.323341,0.0072,gauss2,BP01_12MP_NL_JPEG.mat,0,4242.7
D04_iPhone_7_Plus_34686075736.jpg,709caccb694a472eac6d2e46a9b84e46f5485053275ca5199cd3cf74e6363d28,1,1,0.162671,0.0072,gauss2,BP01_12MP_NL_JPEG.mat,0,5082.2
D04_iPhone_7_Plus_36821606474.jpg,522d6dfa9931a1c5d33d390fd34d66f5c1843d4c91becfc95010877a252192fe,1,1,0.041847,0.0072,gauss2,BP02_12MP_NL_JPEG.mat,2,3279.1
D04_iPhone_7_Plus_36821609274.jpg,a5b2af312d109bd9fbd34a17094712cf638c03a190c335b78833c66ba0e5faef,1,1,0.05547,0.0072,gauss2,BP02_12MP_NL_JPEG.mat,2,5709.5
D04_iPhone_7_Plus_36862182723.jpg,5a69c5d10efc858bc45fb413bdd44d2507b1e8c7664864b134397a1cf6e221ca,1,1,0.132206,0.0072,gauss2,BP02_12MP_NL_JPEG.mat,2,3519.5
D04_iPhone_7_Plus_37821837015.jpg,88039be73ba63d7b578b106b199be6a798c7021fc0531b4161c1a3b9b1817a2d,1,1,0.262444,0.0072,gauss2,BP01_12MP_NL_JPEG.mat,0,3597.5
D04_iPhone_7_Plus_37992059314.jpg,5754f61f8e590f0598534b6cde1faf41412f631552838ce110f5aa116dba732e,1,1,0.498183,0.0072,gauss2,BP01_12MP_NL_JPEG.mat,0,3501.9
D04_iPhone_7_Plus_39318057334.jpg,96caff43a23daa2add69cfc9e3b864eb756f6fba1ceb6940926c4d564adf96b9,1,1,0.016359,0.0072,gauss2,BP02_12MP_NL_JPEG.mat,2,3235.8
D05_iPhone_7_Plus_28163282677.jpg,82cc1b7863db5cb3bba0fd0cd1db74d136d0e4c6d53d853f124e0af396f03c1c,1,1,0.061193,0.0072,gauss2,BP02_12MP_NL_JPEG.mat,2,3895.8
D05_iPhone_7_Plus_29160176698.jpg,4dd20b0a4dac7daaf4bb0c01043f9a3675216d2c87d69979a8c0b6d6cd3d005f,1,1,0.078076,0.0072,gauss2,BP02_12MP_NL_JPEG.mat,0,3680.2
D05_iPhone_7_Plus_29160176918.jpg,ece19ce0c0ee62f4d2b7c67590a5888fe232951c13b8fa2c6db92899470ecb8f,1,1,0.075185,0.0072,gauss2,BP02_12MP_NL_JPEG.mat,2,3389.8
D05_iPhone_7_Plus_30191303957.jpg,80d44e142ace141c1fbbd0dc6733e1930495374af1fd5ee5a73809ee7ab831b3,1,1,0.070023,0.0072,gauss2,BP02_12MP_NL_JPEG.mat,2,3892.5
D05_iPhone_7_Plus_30191307557.jpg,607c31159960c6b42af41652c9da27a86a20b311d8081d0edc425e0f634d3918,1,1,0.074457,0.0072,gauss2,BP02_12MP_NL_JPEG.mat,2,4888.4
D05_iPhone_7_Plus_31255444798.jpg,44e9422765efeee6f8286690d72cae726bfe606e27d712c7e12d36d6f0de40cd,1,1,0.069006,0.0072,gauss2,BP02_12MP_NL_JPEG.mat,2,3762.4
D05_iPhone_7_Plus_41222012130.jpg,7f161caef9a8f3c5d43ef43048f1bb7a91840a9c1bc4487f9212688554991014,1,1,0.045484,0.0072,gauss2,BP02_12MP_NL_JPEG.mat,2,5139.5
D05_iPhone_7_Plus_42982202982.jpg,fe64ccc1fb8cc57525ce5db96406ddb5ee5c11e0a7997658658c56360e448908,1,1,0.055117,0.0072,gauss2,BP02_12MP_NL_JPEG.mat,2,3382.6
D05_iPhone_7_Plus_42982203802.jpg,ce7b17202e5acdb476da890df60baffcae7f26ec40de92d26bce3d531b6dd4d9,1,1,0.08731,0.0072,gauss2,BP02_12MP_NL_JPEG.mat,2,3708.5
D05_iPhone_7_Plus_43315818130.jpg,3d5089884ff478b5549eadefb2495aa481d43013074ab879bda74147ff88e8c5,1,1,0.072247,0.0072,gauss2,BP02_12MP_NL_JPEG.mat,2,3683.3
D05_iPhone_7_Plus_44217328155.jpg,bcb6234e5a64da3bc81283f27e126dd956a306b9953b9ab4700b5b08e0c39a04,1,1,0.114457,0.0072,gauss2,BP02_12MP_NL_JPEG.mat,2,6385.3
D05_iPhone_7_Plus_44408429414.jpg,b211603c6cf17833496f8d82af6b28acb384e869c10a49575398e80ed52af80c,1,1,0.076337,0.0072,gauss2,BP02_12MP_NL_JPEG.mat,2,3357.6
D05_iPhone_7_Plus_45129105141.jpg,b150a23e33a0ae25896065acb4c2c93b657d3cc00dc0b45925be5ff4c29a2c39,1,1,0.066558,0.0072,gauss2,BP02_12MP_NL_JPEG.mat,0,3207.7
D06_iPhone_7_Plus_32296985854.jpg,9f463b389a31009e2bb84e0fe2d0137848e9e962da647587ba220fec2ccac370,1,1,0.051944,0.0072,gauss2,BP01_12MP_NL_JPEG.mat,0,3291.3
D06_iPhone_7_Plus_32296988114.jpg,386047c17383dd8550c6c43852363163f6fdbe846568545503dcff4c79790803,1,1,0.030113,0.0072,gauss2,BP01_12MP_NL_JPEG.mat,0,3454.1
D06_iPhone_7_Plus_32296989344.jpg,60d910f6e18d7ce70f135f2ec17114c962e081ac8c25414bc1f7fb9d3e8f91af,1,0,0.005934,0.0072,gauss2,,,3148.2
D06_iPhone_7_Plus_32297088504.jpg,955a740447183506ff59581dd957a36f3846b96780321143e1e9145fe81e14e3,1,1,0.057068,0.0072,gauss2,BP01_12MP_NL_JPEG.mat,0,3363.6
D06_iPhone_7_Plus_32297326864.jpg,e51b8810a0b3458870907ad382777b187640c707f95571f789d68cba787226b2,1,1,0.013223,0.0072,gauss2,BP01_12MP_NL_JPEG.mat,0,3020.2
D06_iPhone_7_Plus_32297865594.jpg,c541e410f1dd2134168bca21854549d44fc4f9740759e4c1213818ddeaddc72b,1,1,0.070384,0.0072,gauss2,BP01_12MP_NL_JPEG.mat,0,3316.6
D06_iPhone_7_Plus_32326337793.jpg,ca22ffb529f57d2e01411bbdee767feee276f905bcd71e3ba1361dbd46d8fb5d,1,0,0.004143,0.0072,gauss2,,,3001.2
D06_iPhone_7_Plus_32326338543.jpg,cfa320bda1af4f64f4dea39ab3f1e34af1cb1a160e9371a12c822c6444433839,1,1,0.010411,0.0072,gauss2,BP01_12MP_NL_JPEG.mat,0,3289.1
D06_iPhone_7_Plus_32326339953.jpg,a37a4bb968559762962bb15064b9cf3e907bbc100fc18a935bfa514c21d3aab6,1,1,0.008348,0.0072,gauss2,BP01_12MP_NL_JPEG.mat,2,2673.8
D06_iPhone_7_Plus_32327074053.jpg,c097462ab005b72d77078c50665157b587e06550e67d5da2d721477da4596696,1,1,0.007279,0.0072,gauss2,BP01_12MP_NL_JPEG.mat,0,3131.6
D06_iPhone_7_Plus_32327074833.jpg,f771682094ff9f5c1edbe6b3d80e4a6405d147952f2251017d37ef1097f19033,1,1,0.019902,0.0072,gauss2,BP01_12MP_NL_JPEG.mat,0,3562.1
D06_iPhone_7_Plus_32327130013.jpg,422b959dfb61a0457459756c11f1a9794e3905c57b0da8d1785d918515865140,1,1,0.325965,0.0072,gauss2,BP01_12MP_NL_JPEG.mat,0,3296.7
D06_iPhone_7_Plus_32327131533.jpg,d43270be1e69fad5f96d98c420a8e7dfb10d8d40dba3cc9fe40ab8450c0e6296,1,1,0.310553,0.0072,gauss2,BP01_12MP_NL_JPEG.mat,0,2983.2
D06_iPhone_7_Plus_32327313953.jpg,9e5fdd49fb1e709d37e82e746d82612bff14863dd7316a6bdb29a084a5858699,1,1,0.012582,0.0072,gauss2,BP01_12MP_NL_JPEG.mat,0,3193.1
D06_iPhone_7_Plus_32327519723.jpg,677eb337a16248ccbf53524d7e3cc29b30bdecf346b665bf78f7cac4f818bd3a,1,1,0.198364,0.0072,gauss2,BP01_12MP_NL_JPEG.mat,0,3207.8
D06_iPhone_7_Plus_32327521083.jpg,80443754173cd6de152b02682326a19f7d45f1ea54bc34900997f5c4f5c75b27,1,1,0.043361,0.0072,gauss2,BP01_12MP_NL_JPEG.mat,0,3311.6
D06_iPhone_7_Plus_32327522433.jpg,97ef15729b7f96a41b9e0518e620fe08c494c1a5698c1d37cf92aca4d32be3db,1,1,0.086245,0.0072,gauss2,BP01_12MP_NL_JPEG.mat,0,5820.1
D06_iPhone_7_Plus_32327523523.jpg,46d08370755b9fa0fffa6b171d4bfcb9684c83c2d5b7ef0f86a62dfc5482fdf1,1,1,0.036743,0.0072,gauss2,BP01_12MP_NL_JPEG.mat,0,3829.5
D06_iPhone_7_Plus_32517340173.jpg,2a4c8b25694f904e79466db293e4de1ac8fa325ca8c259c15f00f347ca90148b,1,0,0.00291,0.0072,gauss2,,,3368.9
D06_iPhone_7_Plus_32642031204.jpg,a2f96c7db8e50dbf00eac9dfb6196c228d56573d7fa7dc46e6e874c8dd96fed3,1,1,0.008093,0.0072,gauss2,BP01_12MP_NL_JPEG.mat,0,3105.8
D06_iPhone_7_Plus_32739873164.jpg,b9c8de714cf8f308058d1f4f582511dbee9b7be4bec2f9b130bc991d8fb3b908,1,1,0.012001,0.0072,gauss2,BP01_12MP_NL_JPEG.mat,0,3352.2
D06_iPhone_7_Plus_32759870630.jpg,86d704510b68329344b4c542bf8f93d37350ca9bfcf913b34f9ec6ca5de390a2,1,1,0.0404,0.0072,gauss2,BP01_12MP_NL_JPEG.mat,0,3035.3
D06_iPhone_7_Plus_32760378540.jpg,cf40d5634856c00f98d1437cf0235fb27918c74cb4f0a5977d14fec1a76c65ac,1,1,0.007377,0.0072,gauss2,BP01_12MP_NL_JPEG.mat,0,3192.2
D06_iPhone_7_Plus_32807596074.jpg,fc53d8be9ab896b37e114035a66888401491d90c355860186b8908f5e7ded092,1,1,0.321693,0.0072,gauss2,BP01_12MP_NL_JPEG.mat,0,5890.1
D06_iPhone_7_Plus_32866556954.jpg,23f2b6b7bb839b311e5e7cc47a84ec66b88f976898233b0f7885ed2c398b72b1,1,1,0.020707,0.0072,gauss2,BP01_12MP_NL_JPEG.mat,0,3357.6
D06_iPhone_7_Plus_32866561364.jpg,0c0df0489fd9188d729dda15291b35b82546dc3e49619cf2e2aa6cbca866191e,1,0,0.004922,0.0072,gauss2,,,3444.1
D06_iPhone_7_Plus_32866561574.jpg,a88cbe1afcedaa0bf11ac66f2ae3a71e5e14bab6ccb9905ede83115b27b10f2b,1,0,0.003355,0.0072,gauss2,,,3246.0
D06_iPhone_7_Plus_32866564634.jpg,704c620065cc8c89c8cd4579b2ac855e522515201c30b80feca40507108f6841,1,1,0.017208,0.0072,gauss2,BP01_12MP_NL_JPEG.mat,0,3385.5
D06_iPhone_7_Plus_32866565404.jpg,fd90716c87e9cd5e42e317e3f59636f8425bc87b09fc269a5620bee67644714c,1,1,0.007532,0.0072,gauss2,BP01_12MP_NL_JPEG.mat,0,3412.9
D06_iPhone_7_Plus_32866565894.jpg,bc6fd3a9999215d771169fbbf06476fd700ea5487e4123b9176e1ad5ab3b4751,1,0,0.006277,0.0072,gauss2,,,3010.7
D06_iPhone_7_Plus_32866566164.jpg,51f7fd5a5ad143518c83452b096c0269b501a7defcc9cb942f83a4dac47799d0,1,1,0.007784,0.0072,gauss2,BP01_12MP_NL_JPEG.mat,0,3230.8
D06_iPhone_7_Plus_32866567304.jpg,ce0af56fca9510b764b85c73daa6482e8667549ef8db77cc52177cbdd7ae29d6,1,1,0.007448,0.0072,gauss2,BP01_12MP_NL_JPEG.mat,0,4152.7
D06_iPhone_7_Plus_32986098242.jpg,5834dee64d9ffb5b86b7453a0e1432597f7c7b50a3b0713a7a4aa2101b3cf42f,1,1,0.036807,0.0072,gauss2,BP01_12MP_NL_JPEG.mat,0,5784.6
D06_iPhone_7_Plus_32986290352.jpg,fc115a5cac69d1368ae4f3e7130d8c8584d0e9bf93c83519336dda27d1aea612,1,1,0.011496,0.0072,gauss2,BP01_12MP_NL_JPEG.mat,0,3518.8
D06_iPhone_7_Plus_32986291792.jpg,54274f70d99ed231fa4b0a8864006ec2e5f7ec4a015361b9e162b3c2ad53e193,1,0,0.006172,0.0072,gauss2,,,3404.0
D06_iPhone_7_Plus_32986293892.jpg,37435face0780f3c83561c29a777a52c275f91acf53bd3036873c17ca3e6b95e,1,1,0.00855,0.0072,gauss2,BP01_12MP_NL_JPEG.mat,0,3523.7
D06_iPhone_7_Plus_32986295582.jpg,f5fa010e112a0d227fe264513f402f83855dc91f27f2c6328a4c5d5b39ff97dd,1,1,0.008004,0.0072,gauss2,BP01_12MP_NL_JPEG.mat,0,3364.7
D06_iPhone_7_Plus_32986296992.jpg,5780f23d94c3710fa1d2a1a7c6a2cdcc4a7948446945f485ecadf5a9c0d1b430,1,1,0.014781,0.0072,gauss2,BP01_12MP_NL_JPEG.mat,0,3247.9
D06_iPhone_7_Plus_32986297702.jpg,be6fe90124df1a194d1b9dd90f3af725e36cc4883963cf58b7ee3e432dc475a6,1,1,0.012459,0.0072,gauss2,BP01_12MP_NL_JPEG.mat,0,3439.6
D06_iPhone_7_Plus_32986298392.jpg,25225a7c0d7e588b8179bcdb6a8d416dc5b96c5d42b5eb75d809fd773299c5a9,1,1,0.010795,0.0072,gauss2,BP01_12MP_NL_JPEG.mat,0,3293.0
D06_iPhone_7_Plus_32986300512.jpg,05ad04431a58d30940ec81f30cf2cbbbbe793d0a4daa8b8a487115d48d5fcac1,1,1,0.042131,0.0072,gauss2,BP01_12MP_NL_JPEG.mat,0,3548.7
D06_iPhone_7_Plus_32986392732.jpg,7092d542fd55d8cb2a51946d0c0f8bbb5e340d67f5388bb24311baa62a7709f5,1,1,0.013352,0.0072,gauss2,BP01_12MP_NL_JPEG.mat,0,3477.4
D06_iPhone_7_Plus_32986394062.jpg,da804e70b360dc134c65d6707dcf5c7784efb10631d369da094e8b2272d55414,1,1,0.026563,0.0072,gauss2,BP01_12MP_NL_JPEG.mat,0,3622.0
D06_iPhone_7_Plus_32986531422.jpg,a46c7e61a2b9bf24c1aca04a227448506ebba0a16b2d06a8be6764b5f05fca02,1,1,0.138759,0.0072,gauss2,BP01_12MP_NL_JPEG.mat,0,3376.0
D06_iPhone_7_Plus_32986542802.jpg,6ebed7618e039dc4faa19a00b08ba60de9c78bc0ed03f10a770c50fc8c982042,1,0,0.005834,0.0072,gauss2,,,4263.0
D06_iPhone_7_Plus_32986543842.jpg,96d69608b91fbfccdbcae2ecc2c1320186e9f5afb446bb539f98c23360bc55f9,1,1,0.05301,0.0072,gauss2,BP01_12MP_NL_JPEG.mat,0,3578.1
D06_iPhone_7_Plus_32986544302.jpg,67694287d5c58b6cf587e1c7c731d8220a54f4dc30b74f612c57c9102bfe54de,1,1,0.04015,0.0072,gauss2,BP01_12MP_NL_JPEG.mat,0,4962.3
D06_iPhone_7_Plus_32986548212.jpg,cb94a61842e3b07c93ad046aa13acfb0ae86775c732d9883ae0783dd7e8b3d24,1,1,0.045935,0.0072,gauss2,BP01_12MP_NL_JPEG.mat,0,4773.1
D06_iPhone_7_Plus_33015266451.jpg,cb796cbb18e65301e66c9c0dae1e508f96fb753295cfc7aea7ad80af2ab767bb,1,1,0.013685,0.0072,gauss2,BP01_12MP_NL_JPEG.mat,0,5795.6
D06_iPhone_7_Plus_33015669501.jpg,b870dd299230613b211fc3f365267430693be951140f1a6c80eaa6e278556d3e,1,1,0.029959,0.0072,gauss2,BP01_12MP_NL_JPEG.mat,0,3602.2
D06_iPhone_7_Plus_33015670521.jpg,314b18f7a5ff26710a5fcd8290cc919793bfe185da1bda31eab0ed2758599e86,1,1,0.026742,0.0072,gauss2,BP01_12MP_NL_JPEG.mat,0,3667.0
D06_iPhone_7_Plus_33015875471.jpg,b76cacc0d46168f162916ef556ce11de087b5535bfe4b18c94e958bbbdd42d6b,1,1,0.027173,0.0072,gauss2,BP01_12MP_NL_JPEG.mat,0,3422.5
D06_iPhone_7_Plus_33015876711.jpg,73ba4ac526b8ebe42940a8e232f4c0e89b3b944cd2d822aaa5dd1f9a3f93fa82,1,0,0.004984,0.0072,gauss2,,,3712.8
D06_iPhone_7_Plus_33015879951.jpg,2ba96da5bb03d6b112d7644a601fb6cf8996007ba87ec816f746c9eea160c087,1,1,0.072008,0.0072,gauss2,BP01_12MP_NL_JPEG.mat,0,3832.4
D06_iPhone_7_Plus_33015881081.jpg,dfd071dab9b55dfde8fb2ffbf90cfa6b1bef38f96b74c912b2e3196324772112,1,1,0.020562,0.0072,gauss2,BP01_12MP_NL_JPEG.mat,0,3416.7
D06_iPhone_7_Plus_33015882041.jpg,3f7ba92c59292ad85422e17270ddf73c60979adaf82f0fcacb62d2abc6f18fb0,1,1,0.02,0.0072,gauss2,BP01_12MP_NL_JPEG.mat,0,3231.7
D06_iPhone_7_Plus_33015882741.jpg,b7b40e412d67605b2bac87f512611e7ebdc9c3fdb065c7157b6c02d8c580dabd,1,1,0.013556,0.0072,gauss2,BP01_12MP_NL_JPEG.mat,0,3513.2
D06_iPhone_7_Plus_33015883591.jpg,131f1464c8ab3e4a6b1d310db37b25e13faad68bbd94bb4be156bdfce366bd45,1,1,0.011436,0.0072,gauss2,BP01_12MP_NL_JPEG.mat,0,3196.7
D06_iPhone_7_Plus_33015884091.jpg,f028a748a0856f0391fce08b48c34f806d32a3e3063d2a9acbd88ef352358bea,1,1,0.037381,0.0072,gauss2,BP01_12MP_NL_JPEG.mat,0,3380.2
D06_iPhone_7_Plus_33101149986.jpg,c45e427fef3dcee73f736ff621d066ef612863f7cd6fbe4fce33ae7448bbb91b,1,1,0.159719,0.0072,gauss2,BP01_12MP_NL_JPEG.mat,0,3251.9
D06_iPhone_7_Plus_33101208376.jpg,977ec50722620716b48369bf6fca8aa58e0ed192bc74930d40d6cd4ae29c48fd,1,0,0.005578,0.0072,gauss2,,,3466.3
D06_iPhone_7_Plus_33101488726.jpg,78313ee87ea1793fa578cd5f2acd9a7f1de3083d6b3a5dd71d1411d6d19b281f,1,1,0.018762,0.0072,gauss2,BP01_12MP_NL_JPEG.mat,0,3238.0
D06_iPhone_7_Plus_33101489656.jpg,9ad3db59c4674c1b104ea6935934efa576d366935be0c0b3d71e936104628140,1,1,0.008534,0.0072,gauss2,BP01_12MP_NL_JPEG.mat,0,3583.5
D06_iPhone_7_Plus_33101493666.jpg,df39d9234e9b02ecae864f38a0b02096c0e4c6af03481ad5d7d16943f2dfdd37,1,1,0.050732,0.0072,gauss2,BP01_12MP_NL_JPEG.mat,0,3970.4
D06_iPhone_7_Plus_33101495296.jpg,556b8534ab29e6a4e93103cbd96ddff319cd916ec546485ead5229f8e48e41bf,1,1,0.02049,0.0072,gauss2,BP01_12MP_NL_JPEG.mat,0,3795.6
D06_iPhone_7_Plus_33101495756.jpg,1d72f151e008ac305d21c6bb873f918d58df59cade0c5881961b932e8c9a59c8,1,1,0.023285,0.0072,gauss2,BP01_12MP_NL_JPEG.mat,0,5272.3
D06_iPhone_7_Plus_33101504266.jpg,b553c41f3ff13bb2a8a4e58ee58c342d1c6cae60d26081abb308b97a35e67222,1,1,0.013355,0.0072,gauss2,BP01_12MP_NL_JPEG.mat,0,3706.2
D06_iPhone_7_Plus_33101506466.jpg,586329fbf43190939a7f00deb9dd91942f2a4412a141b8422302e39ccf53d34a,1,1,0.021405,0.0072,gauss2,BP01_12MP_NL_JPEG.mat,0,5002.7
D06_iPhone_7_Plus_33101617696.jpg,f044ba2b7c8047d5f003588bdce408108f373967a3d2fbe7e695e27b001c086e,1,1,0.031315,0.0072,gauss2,BP01_12MP_NL_JPEG.mat,0,5075.2
D06_iPhone_7_Plus_33143115345.jpg,15566fb8e83da7a3463193e418ec9343eb671dbd9714593467755cabf508d20f,1,1,0.017729,0.0072,gauss2,BP01_12MP_NL_JPEG.mat,0,3993.5
D06_iPhone_7_Plus_33199550310.jpg,a1fad650df2e7dad4f8955a4db95bf66d2400bbf722a037747a17f5130a20a82,1,1,0.021755,0.0072,gauss2,BP01_12MP_NL_JPEG.mat,2,3788.0
D06_iPhone_7_Plus_33204106911.jpg,b5f50da436945980e1fc4c0d6ec6548397adf9ab610c2d0765294339db28a0ba,1,1,0.009075,0.0072,gauss2,BP01_12MP_NL_JPEG.mat,0,4476.9
D06_iPhone_7_Plus_33267991622.jpg,fa59b4a7daa76cabed871b27147664c081129739386d27b32c2f905397541b33,1,1,0.03204,0.0072,gauss2,BP01_12MP_NL_JPEG.mat,0,5606.5
D06_iPhone_7_Plus_33290786226.jpg,a70d87329325740d251d715a89ca85ecfda738e520dfe5d67f1b57a9b917d295,1,1,0.02151,0.0072,gauss2,BP01_12MP_NL_JPEG.mat,2,3562.6
D06_iPhone_7_Plus_33290796386.jpg,5645439624b25ea2d1bc34bfcb7e02e1907f4d2c94e57cefcf9129399ebb427c,1,1,0.014591,0.0072,gauss2,BP01_12MP_NL_JPEG.mat,0,3387.0
D06_iPhone_7_Plus_33295285051.jpg,cc004b71e077b5afaa353da9410ece40881576319a34adf3ba751bd1203f7f7b,1,1,0.020365,0.0072,gauss2,BP01_12MP_NL_JPEG.mat,0,3258.2
D06_iPhone_7_Plus_33295286061.jpg,5fde002e151ec4c1e72785d8b8ab3da2ee4b49688285c2c1742ad69f84bbbd1d,1,1,0.029184,0.0072,gauss2,BP01_12MP_NL_JPEG.mat,0,3446.4
D06_iPhone_7_Plus_33324883810.jpg,d1bc76d4a90c8a862ed591aa346cb8fc0b7838750a27b5a2c56ce4d0c0daf99f,1,1,0.007557,0.0072,gauss2,BP01_12MP_NL_JPEG.mat,0,3072.4
D06_iPhone_7_Plus_33324884460.jpg,32e97defe5aeeaa41cd765bca7f53e55b76fb8a4ebb631eabc7e14a79209b6dd,1,0,0.001499,0.0072,gauss2,,,3477.7
D06_iPhone_7_Plus_33423730695.jpg,8cd42c049b0921e9f0469e2e5ede694210778360595c068061514eed382165d0,1,1,0.009905,0.0072,gauss2,BP01_12MP_NL_JPEG.mat,0,3157.5
D06_iPhone_7_Plus_33423733055.jpg,94da4660b76241e5d8ecddb1a5f8d63b05c35926b73538cc0337cb47187fdf14,1,0,0.00492,0.0072,gauss2,,,3388.9
D06_iPhone_7_Plus_33423733875.jpg,d7a5fca7bc969856dd4a7e24ab0cb50d57e7fe179980973d2138839a621f6df1,1,1,0.012355,0.0072,gauss2,BP01_12MP_NL_JPEG.mat,0,3165.4
D06_iPhone_7_Plus_33426072112.jpg,64ebe39c3a349aeb93100a77182bbc5db40c043b3243e0446f337b4739587b21,1,1,0.018855,0.0072,gauss2,BP01_12MP_NL_JPEG.mat,0,3557.8
D06_iPhone_7_Plus_33426073512.jpg,d7d36946f6252f716b03cd47a67ecc8f47e80a7ff28ec16c291e34d8758911ec,1,1,0.021554,0.0072,gauss2,BP01_12MP_NL_JPEG.mat,0,3191.3
D06_iPhone_7_Plus_33542216356.jpg,8faa733699811f52fca7c4668644ce0c33a55bec39ed5ba15075b3de000f204d,1,1,0.032724,0.0072,gauss2,BP01_12MP_NL_JPEG.mat,0,3378.2
D06_iPhone_7_Plus_33542217286.jpg,c4ac196af25a67c0db8faca61f34b3137a5e3152d7501ff7b8e67cf2927dcd67,1,1,0.014066,0.0072,gauss2,BP01_12MP_NL_JPEG.mat,0,3132.7
D06_iPhone_7_Plus_33542217776.jpg,70499d2443572ebefd3e9677314b939effd876735ba1029e431465b2b9e47f75,1,1,0.026255,0.0072,gauss2,BP01_12MP_NL_JPEG.mat,0,3378.9
D06_iPhone_7_Plus_33542218626.jpg,f567a85f2124dcd64211506827ea856f5f82f4af230aa09680f80b9a914f2a89,1,1,0.018304,0.0072,gauss2,BP01_12MP_NL_JPEG.mat,0,3094.9
D06_iPhone_7_Plus_33542219506.jpg,2b7f5018a764a1692822ead8c634f92caf8075b03e49f4be8f88f275c5415790,1,1,0.026729,0.0072,gauss2,BP01_12MP_NL_JPEG.mat,0,3478.7
D06_iPhone_7_Plus_33542219896.jpg,40694e0d5dd723b0e14605b8d99259f4daedeba13cdaa7d759db53099e6e8c92,1,1,0.055707,0.0072,gauss2,BP01_12MP_NL_JPEG.mat,2,2834.1
D06_iPhone_7_Plus_33552753292.jpg,03332a721fe55002ea661e90f4145c221b3da2c0229c30501d0618eafccd30e2,1,1,0.014757,0.0072,gauss2,BP01_12MP_NL_JPEG.mat,0,4556.1
D06_iPhone_7_Plus_33690868980.jpg,87c00752474edbcae441b20df8e8cd1c0f96f505cf47669ee953715c9ee71e25,1,1,0.025603,0.0072,gauss2,BP01_12MP_NL_JPEG.mat,0,4330.0
D06_iPhone_7_Plus_33690870820.jpg,06af6a22b70bd9638afdf3ebca64200af2537ce14332fcbba5655a773367d901,1,1,0.015251,0.0072,gauss2,BP01_12MP_NL_JPEG.mat,0,3454.9
D06_iPhone_7_Plus_33709047345.jpg,3b036cf3970ebf0149b0ce8f427857288823a4ca6ec1278b5d025243eb096f81,1,1,0.007499,0.0072,gauss2,BP01_12MP_NL_JPEG.mat,0,4305.3
D06_iPhone_7_Plus_33709050505.jpg,415919bb82da130af56ddb01befbdb7b77a7a07c4b8b98c524700cebf12579e8,1,0,0.002276,0.0072,gauss2,,,5016.9
D06_iPhone_7_Plus_33709052455.jpg,8e3b96468202b16483ed0b8687e15c434a61e9a668373251e850b74e8f462834,1,1,0.007221,0.0072,gauss2,BP01_12MP_NL_JPEG.mat,0,3696.1
D06_iPhone_7_Plus_33709052725.jpg,b6e65836e678d0d317680871243ebcce135fd402eb68f93bdce5380c66467b36,1,0,0.004374,0.0072,gauss2,,,6421.0
D06_iPhone_7_Plus_33709054835.jpg,ca598372fba6aed9cd6df6e4ed2028c8dde0b8a9638a6fd257e495fc8a5efb3b,1,1,0.007552,0.0072,gauss2,BP01_12MP_NL_JPEG.mat,0,3711.7
D06_iPhone_7_Plus_33793029211.jpg,74935e351ccf4e56ebe2a1dafbd49f385a1c8f43a6df0a6d4948effc0e23cbb0,1,1,0.020449,0.0072,gauss2,BP01_12MP_NL_JPEG.mat,2,2976.9
D06_iPhone_7_Plus_33793031291.jpg,067b309cc6567542b7a0cca0d1b28d60b1078ffaa34836be2a52960ca0fea831,1,1,0.055307,0.0072,gauss2,BP01_12MP_NL_JPEG.mat,2,3122.0
D06_iPhone_7_Plus_34034793406.jpg,509d59da2310aaf0463ac78aee3569cb9be166c714c69a8457a64929c4336d7a,1,1,0.015534,0.0072,gauss2,BP01_12MP_NL_JPEG.mat,0,3451.0
D06_iPhone_7_Plus_34034794916.jpg,6932c692c3f123c9a84b6d9b818b61cdcbc120a27ec5ae83a9b5f15fa3d74f09,1,0,0.004706,0.0072,gauss2,,,3491.4
D06_iPhone_7_Plus_34034796526.jpg,a805b2d3ac16a16a7d5cfa7aa5251c22d4121bfa167e974f958cd36635f395cb,1,0,0.005477,0.0072,gauss2,,,3559.8
D06_iPhone_7_Plus_34034799836.jpg,3602b8c36c77ce01eec84883ac0de86bb4f3978b6cf17e40179c2710192640c7,1,1,0.024968,0.0072,gauss2,BP01_12MP_NL_JPEG.mat,0,3388.2
D06_iPhone_7_Plus_34074605675.jpg,fcc28cfca952432b6a892f45efb29a91920f5bd5433f3db1f4e810dc7f051d1a,1,1,0.016344,0.0072,gauss2,BP01_12MP_NL_JPEG.mat,0,3835.1
D06_iPhone_7_Plus_34074606845.jpg,151daa16566fbd0d3c62b5dc526ea8d0c1802b2feea755901714d0a46246952a,1,1,0.008162,0.0072,gauss2,BP01_12MP_NL_JPEG.mat,0,3623.2
D06_iPhone_7_Plus_34074705055.jpg,9cb0e4a382d0c09523b86a2b208f53493c9bcb3d847158c2357652586b799109,1,1,0.015104,0.0072,gauss2,BP01_12MP_NL_JPEG.mat,2,2837.8
D06_iPhone_7_Plus_34710481730.jpg,619c9b9c790456648836018d5182d7d28491fc6b5ff2ec362619d09fc1e23761,1,1,0.027353,0.0072,gauss2,BP01_12MP_NL_JPEG.mat,0,3582.1
D06_iPhone_7_Plus_34874526573.jpg,b4c21e9101c74db8d61d69ccad10495d37be4a3513435fdcffbf2c59fc4afeff,1,1,0.100349,0.0072,gauss2,BP01_12MP_NL_JPEG.mat,2,3020.1
D06_iPhone_7_Plus_34874527063.jpg,841400c1372b66b83b27e932f83b1d96988b5525b30fb98a326d2b82caad615e,1,1,0.014382,0.0072,gauss2,BP01_12MP_NL_JPEG.mat,0,3579.9
D06_iPhone_7_Plus_34874528073.jpg,04bd61a4361e82dfbf9ce6d986275e6ffc1b26ff491561fdce7729a5ec841866,1,1,0.018602,0.0072,gauss2,BP01_12MP_NL_JPEG.mat,0,3263.2
D06_iPhone_7_Plus_34874528723.jpg,fbc28fce668b39c2b3a65edf4b105cb98323ca0de652a6dea60ff28b018b13cb,1,1,0.017172,0.0072,gauss2,BP01_12MP_NL_JPEG.mat,0,6433.1
D06_iPhone_7_Plus_34966749161.jpg,18bbb482c85a226725d014e8475ac77a551d06c097e098807b2df8823434eb07,1,0,0.005242,0.0072,gauss2,,,4104.5
D06_iPhone_7_Plus_34966750231.jpg,79de2c10746b825e268a8d9610e47305fd4c05bb4d62cc6512cea6e67bcf70e5,1,1,0.011572,0.0072,gauss2,BP01_12MP_NL_JPEG.mat,0,3191.2
D06_iPhone_7_Plus_35057420476.jpg,deebb66f049877308da746072e84a2fa320db23a4243697fc9b9eccf087ce3bc,1,0,0.003269,0.0072,gauss2,,,3608.5
D06_iPhone_7_Plus_35644309376.jpg,3b5c7bbbcd0f3ddd4c15c111d4cc442d709ffdec022d2618b2761f3d24c89c9b,1,1,0.018018,0.0072,gauss2,BP01_12MP_NL_JPEG.mat,0,3367.7
D06_iPhone_7_Plus_35683705985.jpg,de7954bda3dc98a364b39588fd2d8d0a415c6a32e91938022187f6ab8847b8b9,1,0,0.003574,0.0072,gauss2,,,3441.5
D06_iPhone_7_Plus_38019556686.jpg,2210f19d9a5e56927002951e3e407125da514358b99598afb4cf95eb2f3cb9c0,1,1,0.020633,0.0072,gauss2,BP01_12MP_NL_JPEG.mat,0,3436.1
D10_iPhone_8_Plus_28124787877.jpg,8cf566eedf042b80e9a8eb1b2345cb4f2b76621cf3b9aa87e38bc4f99f27199d,1,0,0.003513,0.0072,gauss2,,,2698.1
D10_iPhone_8_Plus_28124823417.jpg,6b22925024983fe35714bb1926657b4e2f0bb4f569cf6309ed4824b2924b64d2,1,1,0.041819,0.0072,gauss2,BP03_12MP_NL_JPEG.mat,2,3335.2
D10_iPhone_8_Plus_28124823717.jpg,7113c82abeca597372f7b217b20d4571b58d476a8c32e671c2f35045ef547526,1,1,0.034922,0.0072,gauss2,BP03_12MP_NL_JPEG.mat,2,3686.0
D10_iPhone_8_Plus_28124824037.jpg,887851076a53952f8077f7dc896bd7f6684367a2f0777023971c8df81b38c0bc,1,1,0.02524,0.0072,gauss2,BP03_12MP_NL_JPEG.mat,2,3694.0
D10_iPhone_8_Plus_28417220097.jpg,7a979c88f1ecc047ce525c418b2636d44bdee132e7abdfd60400133adb0ca0f9,1,1,0.066192,0.0072,gauss2,BP03_12MP_NL_JPEG.mat,0,2951.7
D10_iPhone_8_Plus_28417222057.jpg,12174815ab4df9da93cf95f6f8935e721379555b5235a2ef0cc15af6f4ecaf51,1,1,0.045112,0.0072,gauss2,BP03_12MP_NL_JPEG.mat,0,3205.7
D10_iPhone_8_Plus_28500863737.jpg,38111ecbbf4cdbabc284de1202ddc1c8d5b45d2f315835ea61d38af167d0cf7e,1,1,0.047695,0.0072,gauss2,BP03_12MP_NL_JPEG.mat,0,2868.2
D10_iPhone_8_Plus_28500918487.jpg,ee57d1142c9bac5b23fc965f558f8d7db99275d3211ebf49731282c1a850add8,1,1,0.073985,0.0072,gauss2,BP03_12MP_NL_JPEG.mat,0,3057.1
D10_iPhone_8_Plus_29120805638.jpg,2621279791210f999a3f42dbdf649a64cb0c5a3d0c88033653e0fb1137854a4b,1,1,0.04064,0.0072,gauss2,BP03_12MP_NL_JPEG.mat,2,2968.4
D10_iPhone_8_Plus_29120805948.jpg,a304e3872b3bf7ef59ff9b3da7026f871719accf66962698e836b9fbe76b5efd,1,1,0.026107,0.0072,gauss2,BP03_12MP_NL_JPEG.mat,2,3239.5
D10_iPhone_8_Plus_29500160278.jpg,e4ef99b78861a9d9d8d446eba291698a1e98e4fcf3fba8fd85e8ba0ba76c9d25,1,1,0.069413,0.0072,gauss2,BP03_12MP_NL_JPEG.mat,2,3327.7
D10_iPhone_8_Plus_29500161148.jpg,9c0f467408c56a2884dc3ce4daac4144f5ef6914913a76b1a60bc6ef8b1f6024,1,1,0.053744,0.0072,gauss2,BP03_12MP_NL_JPEG.mat,0,3033.1
D10_iPhone_8_Plus_29500161518.jpg,248db181a508281f8bec0c1ef66980cbef9e1eb13cc5ea1bfadd4a1595bbe965,1,1,0.09275,0.0072,gauss2,BP03_12MP_NL_JPEG.mat,2,3382.9
D10_iPhone_8_Plus_41182708700.jpg,21fe477ddca435dd903b6ddea495c64fcd96ad585084cf567627fb6209b1836d,1,0,0.006265,0.0072,gauss2,,,3316.8
D10_iPhone_8_Plus_41476701580.jpg,1dc2cee7f16e7db4e37f101bf8d48eba766a1c71959332d40436f3f4906f8f66,1,1,0.048547,0.0072,gauss2,BP03_12MP_NL_JPEG.mat,0,2746.7
D10_iPhone_8_Plus_41476701660.jpg,dcdfd9f63be70bb82aa8e2d7e7aa2a2c8333b5d04c30b07070c360cdf652c0fc,1,1,0.053361,0.0072,gauss2,BP03_12MP_NL_JPEG.mat,0,2864.3
D10_iPhone_8_Plus_41476701840.jpg,4b87927eeb025d81b2d9f63c9cacf501010ef09d00cfe159cef7fe6915373780,1,1,0.038111,0.0072,gauss2,BP03_12MP_NL_JPEG.mat,0,5724.3
D10_iPhone_8_Plus_41476703180.jpg,5c368da7464628e8e5c2115192e54c720556c5062888f8b055ffdcdcfeb57e84,1,1,0.069157,0.0072,gauss2,BP03_12MP_NL_JPEG.mat,0,3730.8
D10_iPhone_8_Plus_41476708350.jpg,39f88397ba9700b0c7a6bf8281de5eb99b513cc71fb7de12d847946be1ee569e,1,1,0.019168,0.0072,gauss2,BP03_12MP_NL_JPEG.mat,0,2665.5
D10_iPhone_8_Plus_41476708980.jpg,0e43e0b29ff76ca40791a1bd68c8181398a2b8d87734a4cdbe1f9c7d1373f905,1,1,0.063869,0.0072,gauss2,BP03_12MP_NL_JPEG.mat,0,2849.6
D10_iPhone_8_Plus_42274504364.jpg,910054869a465370e1ff785e85ab11b0149a1398a4a8322422f960be87dd719b,1,1,0.007803,0.0072,gauss2,BP03_12MP_NL_JPEG.mat,2,3322.6
D10_iPhone_8_Plus_42382950165.jpg,5d23eff5a237651f2c96e7cb6f417329c7d45d133a348ce323b2df3d6b8d4310,1,1,0.044769,0.0072,gauss2,BP03_12MP_NL_JPEG.mat,0,2675.3
D10_iPhone_8_Plus_42382950385.jpg,a5457215442f69f1f5c52a1e926923249c5f7ee20ba37f9540a3f3cfeab3c909,1,1,0.060326,0.0072,gauss2,BP03_12MP_NL_JPEG.mat,0,2826.1
D10_iPhone_8_Plus_42382950395.jpg,316c0650274dca5631376de4ba372b9a97ce0f62025e0d50b29feebdf5e06c46,1,1,0.061855,0.0072,gauss2,BP03_12MP_NL_JPEG.mat,0,3035.7
D10_iPhone_8_Plus_42382950415.jpg,409d8bb30cebd231ea19b154d0a41a5fb2811ebf9808f3adabee65611e658f82,1,1,0.050198,0.0072,gauss2,BP03_12MP_NL_JPEG.mat,0,2720.1
D10_iPhone_8_Plus_42382950445.jpg,f676d0b42e7b9d7ac4706e7da1704fea68aaf55b3657fc379f1fc787461a0719,1,1,0.035155,0.0072,gauss2,BP03_12MP_NL_JPEG.mat,0,2794.7
D10_iPhone_8_Plus_42382950595.jpg,f3c3272662b34479b105e91ce96306fadbdb93ba18fa1c230316e109f2e15179,1,1,0.048822,0.0072,gauss2,BP03_12MP_NL_JPEG.mat,0,3040.3
D10_iPhone_8_Plus_42382956095.jpg,6a75fac2bc4217569920f0930372a0ec615bcc3710f4867b941efe5d5a4e44cc,1,1,0.056713,0.0072,gauss2,BP03_12MP_NL_JPEG.mat,0,2690.0
D10_iPhone_8_Plus_42382956385.jpg,8adba6e94d8f381e85daafc0bd36d0bc92035e6f42cd9a3fa7e3f91852dd2850,1,1,0.035166,0.0072,gauss2,BP03_12MP_NL_JPEG.mat,0,2860.8
D10_iPhone_8_Plus_42382956485.jpg,cb4368c179c49f4212ab768647910f863871d0272cedc12a04d2089926c19ebf,1,1,0.053227,0.0072,gauss2,BP03_12MP_NL_JPEG.mat,0,3071.8
D10_iPhone_8_Plus_42382957015.jpg,4ba656684f4cb25e75fd1973a5c8ef9a865f2cb77e7a42d1914d44da25c931d5,1,1,0.058714,0.0072,gauss2,BP03_12MP_NL_JPEG.mat,0,2663.1
D10_iPhone_8_Plus_42382962535.jpg,029e43a72dfc76956db582cbd6f623b8aa8221922d2013e8f013b53390309957,1,1,0.022695,0.0072,gauss2,BP03_12MP_NL_JPEG.mat,0,2782.1
D10_iPhone_8_Plus_42382962795.jpg,dcbd3131257cbbdddbc3aa15b193875da284427479783b860d04302b6f938e43,1,1,0.051165,0.0072,gauss2,BP03_12MP_NL_JPEG.mat,2,3352.2
D10_iPhone_8_Plus_42382963285.jpg,00ce0c59782f4ad75d7fc1257152fe12c6e353fe0fd445bf02f2c71c657aa6ed,1,1,0.018245,0.0072,gauss2,BP03_12MP_NL_JPEG.mat,0,2764.0
D10_iPhone_8_Plus_42382963615.jpg,dec40f87727424bd8066598f568f105284c757b061cbca2a8e3367f0c4114355,1,1,0.016429,0.0072,gauss2,BP03_12MP_NL_JPEG.mat,0,2902.5
D10_iPhone_8_Plus_42466171875.jpg,eddda4330a5af469ba455607db21d57cfa796e8cf6332d05de67bdb45c1b2a9a,1,1,0.093701,0.0072,gauss2,BP03_12MP_NL_JPEG.mat,0,3003.2
D10_iPhone_8_Plus_42466171975.jpg,00348821840108e5b0954298c137a4de01679e8a1ca0432ef6f46f1088075a0f,1,1,0.064731,0.0072,gauss2,BP03_12MP_NL_JPEG.mat,2,3076.9
D10_iPhone_8_Plus_42466171995.jpg,71a1ce247a86534ffc9134aa63e4c9f8bc3bfca6cc72117f4eae291e9c01fe5a,1,1,0.062675,0.0072,gauss2,BP03_12MP_NL_JPEG.mat,2,3329.3
D10_iPhone_8_Plus_42466172045.jpg,c142f48e2fcafd62b460694dd460a4e3d1e376ac348ba0ee92b6e2696d5c1b2a,1,1,0.088243,0.0072,gauss2,BP03_12MP_NL_JPEG.mat,0,2737.0
D10_iPhone_8_Plus_42466175205.jpg,865114df512ed34fa49923166937e717a7da596b502e9f01b926db3eba0c7a69,1,1,0.066868,0.0072,gauss2,BP03_12MP_NL_JPEG.mat,2,3262.8
D10_iPhone_8_Plus_42568489884.jpg,2b2a18839aa8e36107881f8c0d84971492e5362f1ade85575624be770b629ced,1,1,0.047481,0.0072,gauss2,BP03_12MP_NL_JPEG.mat,0,3042.0
D10_iPhone_8_Plus_42568490354.jpg,2a0d8ae3de64fb5cf56c2ff8bff744a3d7a4daad2a3e77bb1e506a37e9e05ae9,1,1,0.057526,0.0072,gauss2,BP03_12MP_NL_JPEG.mat,0,2831.9
D10_iPhone_8_Plus_42568491494.jpg,9b587bfffb2165e83e2d38b2231051718c888480bfe2b63c42c02c99e5aae391,1,1,0.069564,0.0072,gauss2,BP03_12MP_NL_JPEG.mat,0,3042.4
D10_iPhone_8_Plus_42568496454.jpg,e5b19a4faed4108264b79d6fa2d9c7570256d2c8785a26431378691a1149115c,1,1,0.081189,0.0072,gauss2,BP03_12MP_NL_JPEG.mat,0,2810.2
D10_iPhone_8_Plus_42653722014.jpg,e0114fbf83ef4d418673968f40b6736ffa5353ccecdae2dbf6dc49340938d7b8,1,1,0.091427,0.0072,gauss2,BP03_12MP_NL_JPEG.mat,0,3032.6
D10_iPhone_8_Plus_42653723424.jpg,0b80ce8de58168e464210814b24592ec107d16375fb8e7f14e4bb2c0e27ba3ca,1,1,0.099215,0.0072,gauss2,BP03_12MP_NL_JPEG.mat,0,3028.8
D10_iPhone_8_Plus_42992887281.jpg,cad19db0e23c042fd60ee97493716273cb6a20fa452d6028b6d981ac3b1ee6cd,1,1,0.03511,0.0072,gauss2,BP03_12MP_NL_JPEG.mat,2,3090.4
D10_iPhone_8_Plus_43237306492.jpg,d2d282f9b4c3641ef024549c2a2b6c80dfcdadd832b2a94b85b90de8b851e699,1,1,0.063396,0.0072,gauss2,BP03_12MP_NL_JPEG.mat,0,3112.0
D10_iPhone_8_Plus_43237306532.jpg,ca47376602f3bc6ecf1d6c547c0993211f1f70bac4a510a31f6e456e60c49186,1,1,0.068742,0.0072,gauss2,BP03_12MP_NL_JPEG.mat,0,2746.7
D10_iPhone_8_Plus_43237307032.jpg,2037149f501ab554fdc45dd85a80af9e16b7417ce11cc309b8bf9cede05e20f3,1,1,0.063928,0.0072,gauss2,BP03_12MP_NL_JPEG.mat,0,2921.1
D10_iPhone_8_Plus_43237311332.jpg,780c9bd923933344182913ddda80e41ed4ffa252eb253fae9b194da97152500d,1,1,0.05561,0.0072,gauss2,BP03_12MP_NL_JPEG.mat,2,3494.4
D10_iPhone_8_Plus_43237311902.jpg,4c3919be494e1b84ec8fb10c63f6a731d9393f039444223991539e4a0b054f91,1,1,0.017967,0.0072,gauss2,BP03_12MP_NL_JPEG.mat,0,2841.5
D10_iPhone_8_Plus_43237312242.jpg,845d7ed65411ca3cd1a6fb6cc8795953afd01a2fdd13cfc57e277d8134b75b9e,1,1,0.015725,0.0072,gauss2,BP03_12MP_NL_JPEG.mat,0,3028.6
D10_iPhone_8_Plus_43286603591.jpg,2282ba9ca6411d70197753829593ed9a991fcac9bbd242f3ed78dfdad23463bf,1,1,0.052155,0.0072,gauss2,BP03_12MP_NL_JPEG.mat,0,2660.3
D10_iPhone_8_Plus_43286604941.jpg,1762986de9ebcbdf2594b7441f33cb3682fb9c04b5c4514ddd1c6838fa3f8627,1,1,0.062502,0.0072,gauss2,BP03_12MP_NL_JPEG.mat,0,2811.4
D10_iPhone_8_Plus_43286608361.jpg,a3debf70011fb236c0c9f5ca71bcf1b73855158e91deb02d253261d64f56514e,1,1,0.054768,0.0072,gauss2,BP03_12MP_NL_JPEG.mat,0,3075.3
D10_iPhone_8_Plus_43286609191.jpg,23204b0d4f49c03a25347c4748605a45faa4ec3db493e2ffb010050e50928b24,1,1,0.062141,0.0072,gauss2,BP03_12MP_NL_JPEG.mat,0,2633.9
D10_iPhone_8_Plus_43286610151.jpg,a5b29057b6d081a7dcd6c313c15183e0fd000d47750d579a73cae3b0bdef1421,1,1,0.016189,0.0072,gauss2,BP03_12MP_NL_JPEG.mat,0,2871.3
D10_iPhone_8_Plus_43286610431.jpg,e0a7fe6b7db348468afbf73a44df3e76425a7ced3c9b88614980581ad66f7ffe,1,1,0.062462,0.0072,gauss2,BP03_12MP_NL_JPEG.mat,0,3173.0
D10_iPhone_8_Plus_43321809692.jpg,cb644cb8fa74763668abd9f8943516ae7a6688245b3b3fbd8f59ef67294fe0f5,1,1,0.056701,0.0072,gauss2,BP03_12MP_NL_JPEG.mat,2,3152.5
D10_iPhone_8_Plus_43370368381.jpg,627d887ce880be63a80c769eacd2397bcc4ff71494ef57cfe48a9aca4397ac39,1,1,0.067014,0.0072,gauss2,BP03_12MP_NL_JPEG.mat,0,3245.3
D11_iPhone_8_Plus_25595287527.jpg,ecfe9c068793ff0f0e7432d6577dd35b8e727ccd304a1fce0183aa4e939062cf,1,1,0.015557,0.0072,gauss2,BP03_12MP_NL_JPEG.mat,0,2821.2
D11_iPhone_8_Plus_25595289547.jpg,bcea69a2d619657ba79814517b9d468cae32e5f23cb4501321c01f6b026f0644,1,0,0.00441,0.0072,gauss2,,,2988.8
D11_iPhone_8_Plus_25595289597.jpg,c4b0c26486e9d0b57b5e54068289a4c82868f2ef0c082c762f19f8104ac5921d,1,0,0.00462,0.0072,gauss2,,,3545.7
D11_iPhone_8_Plus_25595289767.jpg,0ff60a0337b3ea2de3fec1cf1bda9da56569c1c2b832981c739ea20077dd6d1d,1,0,0.00387,0.0072,gauss2,,,3165.8
D11_iPhone_8_Plus_26595593638.jpg,53a1255447e9724afe1dfacfe92edc44b236889c1fc86b1f6783ebd1880d3928,1,0,0.004155,0.0072,gauss2,,,3184.9
D11_iPhone_8_Plus_26595593718.jpg,eaf58fe16c633be8fd6595db72b87d0b8c703cffbb7e2c05f06589c79db33caa,1,0,0.00373,0.0072,gauss2,,,2862.2
D11_iPhone_8_Plus_26595594378.jpg,09b4a29aa72d32a21e6805e3a4f5ef6ffc2eb0fa736efbfc321058cb1e8090cd,1,0,0.004053,0.0072,gauss2,,,3253.9
D11_iPhone_8_Plus_26597793248.jpg,0cfd2b5ffbddd7737d60af7b4732bdaf56b7799ad0de8d6a287eaf8d2737d1a2,1,0,0.001212,0.0072,gauss2,,,2702.8
D11_iPhone_8_Plus_26597793748.jpg,9b96608bc7ec501e9f1c12df654d66d0819f18055ba07108c47991f7f4e662b2,1,1,0.00968,0.0072,gauss2,BP03_12MP_NL_JPEG.mat,0,2878.7
D11_iPhone_8_Plus_38655943590.jpg,7ef4fde6435976bced04f62f9ef026e18352dbc8a7ba09d61f6e9264b2e77ba5,1,0,0.002816,0.0072,gauss2,,,3081.2
D11_iPhone_8_Plus_38658105280.jpg,5f552c9735097b5c975f6912e3aa7d4c4da9af40e5684fef629a60c2d3b95037,1,0,0.004182,0.0072,gauss2,,,2783.0
D11_iPhone_8_Plus_38658108310.jpg,bafbe6e59027a03d1a51e3ea1ac0c8cdf9a33ee4efe8e64f080dc57fc6fda59b,1,0,0.003228,0.0072,gauss2,,,2852.3
D11_iPhone_8_Plus_38658110770.jpg,3ebce21a75b76798a7fe09dfd3e222f3e499052f5355af290de699abdcf157b1,1,0,0.001359,0.0072,gauss2,,,3103.4
D11_iPhone_8_Plus_39570494505.jpg,e79bcbf877602fbb06b30f29dfd190d8da7173c8e51c9e5285ca96b7d0f60d64,1,0,0.005379,0.0072,gauss2,,,2779.8
D11_iPhone_8_Plus_39570494905.jpg,965745722946534dd736c03ffca360bb100d675c6d9510516ffb555c04cb62ea,1,1,0.007613,0.0072,gauss2,BP03_12MP_NL_JPEG.mat,0,2922.5
D11_iPhone_8_Plus_40424967512.jpg,6719d8a431ca87094b5a6382de39c45c752fb4ab7ce0c9228da5d077fe875375,1,0,0.002718,0.0072,gauss2,,,3067.6
D11_iPhone_8_Plus_40466258391.jpg,fb2f91a81c817a68491529b333a0551ae1bbfdd012f20383e258ee54074e6739,1,0,0.001471,0.0072,gauss2,,,2651.3
D17_iPhone_X_28643913787.jpg,6215160c84a54b74fb927f03f6da3c43e1f2c2b768802dc8e8532ead865a6720,1,1,0.256858,0.0072,gauss2,BP08_12MP_NL_JPEG.mat,0,3178.6
D17_iPhone_X_28643985937.jpg,56fb7b200a7f9d1c47a2fb6931b72bd5e995604d3d758201f0507f8c2dc80731,1,1,0.306288,0.0072,gauss2,BP08_12MP_NL_JPEG.mat,0,3165.1
D17_iPhone_X_28643991617.jpg,15f21a04c5b1509c764989bf4312333bb9dc242a6a4ebf632a731ed309afe1b2,1,1,0.354131,0.0072,gauss2,BP08_12MP_NL_JPEG.mat,0,2812.5
D17_iPhone_X_28644378137.jpg,b7f65de92f3bec318fb9b8c57c1a793e3630409cefac7d6285036052820ba347,1,1,0.013746,0.0072,gauss2,BP03_12MP_NL_JPEG.mat,2,3331.8
D17_iPhone_X_28644378417.jpg,b1ab121858e5c861139d5bbf2a1d88377f320db11572a9dc148cafd498dd039d,1,1,0.008886,0.0072,gauss2,BP03_12MP_NL_JPEG.mat,2,3023.3
D17_iPhone_X_29660046088.jpg,e08eba8db2cee4f81746ca4a0d8bfe77764e49c308f1fa65804b0a4c2549814d,1,1,0.025472,0.0072,gauss2,BP03_12MP_NL_JPEG.mat,0,3016.9
D17_iPhone_X_29660047018.jpg,e18c5f0bb003be6b3eb77e5f532a84ba801a112b3d9b6d38da73e4208b306faa,1,1,0.007578,0.0072,gauss2,BP03_12MP_NL_JPEG.mat,0,3062.5
D17_iPhone_X_29775534008.jpg,e91ed8a96e827187918268962814667189201ae65e2beb519fe4da467e8a8a7c,1,1,0.081539,0.0072,gauss2,BP03_12MP_NL_JPEG.mat,0,3171.3
D17_iPhone_X_41722992700.jpg,28f9a2777f7054c8c7d75fa298d000cbb6cc55a24f8f1c4d8892dd908624e22a,1,1,0.246381,0.0072,gauss2,BP08_12MP_NL_JPEG.mat,0,6358.0
D17_iPhone_X_41723293220.jpg,e63e7ec39d61388d0e22bd3ed061d088bcee64725e595a369b9983f428cec6bd,1,1,0.032372,0.0072,gauss2,BP03_12MP_NL_JPEG.mat,0,3552.9
D17_iPhone_X_41723441030.jpg,f26775544c44fe0c1bafe8b85cd9a5ebf8c108937ca6564203749cbd1924acde,1,1,0.008939,0.0072,gauss2,BP03_12MP_NL_JPEG.mat,0,3129.9
D17_iPhone_X_41723492620.jpg,80f4f6db52ab6cab44ba563aa929021e5e5e624a27122e840d7fd5e529a4ab6e,1,1,0.008713,0.0072,gauss2,BP03_12MP_NL_JPEG.mat,0,3303.2
D17_iPhone_X_42626822215.jpg,40eb09276dca0cca4f9f5f13c8555fb50e9aa353ed94e8ade8118ddba3c160b6,1,1,0.247442,0.0072,gauss2,BP08_12MP_NL_JPEG.mat,0,3061.5
D17_iPhone_X_42627075685.jpg,0415826171a8d94802a14c685e768f8399009b0cc1d9f25ef008279968369aea,1,1,0.024731,0.0072,gauss2,BP03_12MP_NL_JPEG.mat,0,5509.2
D17_iPhone_X_42814343844.jpg,90db95a044b1cfac079333ed95ad61a1c1a0b05e631d0d121e66976640662926,1,1,0.325387,0.0072,gauss2,BP08_12MP_NL_JPEG.mat,0,3109.4
D17_iPhone_X_42814448804.jpg,5a34ac2694cd79ea3a9d49610259b2fc89e29d0f49abaf042b66f9dcb5ad5f0b,1,1,0.268306,0.0072,gauss2,BP08_12MP_NL_JPEG.mat,0,2928.9
D17_iPhone_X_42814596094.jpg,5868ef0c2f61f6e199e8101be09e45a0ec25dd734759a788835ddc2e25841afe,1,1,0.025455,0.0072,gauss2,BP03_12MP_NL_JPEG.mat,0,3080.5
D17_iPhone_X_43484018162.jpg,65324457b1dd2a1e36087b8b3f5f0ea0608e74139f7a9fce01bb0d2f63a2253a,1,1,0.336928,0.0072,gauss2,BP08_12MP_NL_JPEG.mat,0,2891.8
D17_iPhone_X_43484074592.jpg,586abdd675540015dc44a5288e533c343d1932ded2af53c4aa3bed776ac02081,1,1,0.37512,0.0072,gauss2,BP08_12MP_NL_JPEG.mat,0,3105.9
D17_iPhone_X_43531445621.jpg,c6780dcc9ebc48f6b12c09c2f034d08181639d998733666cb7552d1c98d9837d,1,1,0.30481,0.0072,gauss2,BP08_12MP_NL_JPEG.mat,0,2712.8
D17_iPhone_X_43531837951.jpg,3566f1f028600b532697b8f6d004a49e5837ff7803cfe6db18d4b9f97706351d,1,1,0.011147,0.0072,gauss2,BP03_12MP_NL_JPEG.mat,0,2861.2
D17_iPhone_X_43531918701.jpg,e63cc4965b04169eab407ad001588aeb0eb536b71dddc609063ddfe5c4bd3959,1,0,0.005888,0.0072,gauss2,,,3387.8
D18_iPhone_X_28320466008.jpg,b81c2a6f1b6fd7eca212f421a57b2837ab1b7700694a5efe420b1310054ec40a,1,0,0.002524,0.0072,gauss2,,,3244.2
D18_iPhone_X_28320466678.jpg,d0e681014eadcb5829682d38b9514a872ba6ce4bae8fbed89db06588a7701b1f,1,0,0.003327,0.0072,gauss2,,,5699.2
D18_iPhone_X_40385940160.jpg,1692679ad8b7606288adce0e045d4861a83b5eb0938fda4f869568cfe1bbb135,1,0,0.000975,0.0072,gauss2,,,3396.9
D18_iPhone_X_41291792955.jpg,8f0c955d77a346ba9bb34cef06adec1c25ffced55867483858442ccbd0a22618,1,0,0.001673,0.0072,gauss2,,,2752.0
D18_iPhone_X_41291795015.jpg,1a5231b82e741a275cdfd93dc7fad766a7629d9a823dc8f55e042e0b72651ced,1,0,0.001829,0.0072,gauss2,,,2950.4
D18_iPhone_X_41292591665.jpg,d51f98409fb9a1375cfd2637b744afb73f8cf9b83962fe52ba23c1245c2d7de1,1,0,0.003061,0.0072,gauss2,,,3522.1
D18_iPhone_X_41292593465.jpg,2595008cdf40d1325cb7b1b63890fa84929e70dad57ae33881e44ad52070f980,1,0,0.002559,0.0072,gauss2,,,3845.5
D18_iPhone_X_42192912951.jpg,218cdbd9fb0ddad12475b603e53dab9bfd979a7734eda7076433e877f46c8c45,1,0,0.001464,0.0072,gauss2,,,4697.9
D19_iPhone_X_27632433907.jpg,13fbd17b184b2028e1da006a44bb008ceb7d63b3a8b95939c64bb919663826ab,1,1,0.016824,0.0072,gauss2,BP03_12MP_NL_JPEG.mat,0,3234.6
D19_iPhone_X_27632434347.jpg,d470056bb9e75342030851d141d5b923dfd83b5434c4a36da1af88ffe75e2834,1,1,0.008077,0.0072,gauss2,BP03_12MP_NL_JPEG.mat,0,3556.9
D19_iPhone_X_27632435167.jpg,055d9c11674ae7f502d395afbad9e295a1385268a324461ecd75a2b40e0a24fc,1,1,0.013807,0.0072,gauss2,BP03_12MP_NL_JPEG.mat,0,3420.7
D19_iPhone_X_27632436277.jpg,10d17ee78f65a8934084a80aa2ba1d44ce611b217c0738546a58a3452f0fad35,1,1,0.014225,0.0072,gauss2,BP03_12MP_NL_JPEG.mat,2,3386.3
D19_iPhone_X_27632505557.jpg,5b68608068e9b1f6a38839e97734fd169bb5fb843e8dc32b17f3b5bf22b5721e,1,1,0.007293,0.0072,gauss2,BP03_12MP_NL_JPEG.mat,2,3813.1
D19_iPhone_X_27647789047.jpg,94e2411dfcd3cd118df011fc44e02c5dc9761b57f398713319f45d0a2bc08a9e,1,1,0.013669,0.0072,gauss2,BP03_12MP_NL_JPEG.mat,2,4747.6
D19_iPhone_X_28630363778.jpg,60559e7fdd9cf4b615bb53c1ca5f737463469c5dcdb3837edbb996cde7fdb35a,1,0,0.001703,0.0072,gauss2,,,3481.7
D19_iPhone_X_40695239740.jpg,2efd82193352a611be9d722977e8f023a34d15094a6eb1ff74f5c14dd2b58ccf,1,1,0.036321,0.0072,gauss2,BP03_12MP_NL_JPEG.mat,0,2990.5
D19_iPhone_X_40695248600.jpg,f17f48e3cab7d2e0fe00f6ff06d2fb8cd393d78ee1918d19b65cd37d16783b6e,1,1,0.012613,0.0072,gauss2,BP03_12MP_NL_JPEG.mat,0,4969.4
D19_iPhone_X_40695308750.jpg,e53ea9358c416f637ef91bba84b7de8a153f09c5cb755760d031af22a63e003f,1,1,0.019821,0.0072,gauss2,BP03_12MP_NL_JPEG.mat,0,4913.1
D19_iPhone_X_41596835755.jpg,7a1e8f6190c54374668d336b98c160e08ff86918ccffb16305a84d77c16e05be,1,1,0.011274,0.0072,gauss2,BP03_12MP_NL_JPEG.mat,0,2897.3
D19_iPhone_X_41596836155.jpg,0c045c87807e3146a0518dd799e36132f98a6c59319bcd64538150f76ee67b57,1,1,0.013493,0.0072,gauss2,BP08_12MP_NL_JPEG.mat,2,5553.3
D19_iPhone_X_41596845995.jpg,fa9920a18d78a9cfe8c129aaaa0d6a3b2db85b51266263713296097f18ad998f,1,1,0.009027,0.0072,gauss2,BP03_12MP_NL_JPEG.mat,0,3507.1
D19_iPhone_X_41777147664.jpg,d11c41a50d8115e6bf16f4473c36921ccc7c07abccdf4b89b9d08c7892888d2e,1,1,0.107091,0.0072,gauss2,BP03_12MP_NL_JPEG.mat,0,3132.1
D19_iPhone_X_41780743784.jpg,e74cf59f0d07815fafcd88517fe87332c4477ce5d827b274331973a24aa33d3f,1,1,0.009268,0.0072,gauss2,BP03_12MP_NL_JPEG.mat,2,3102.4
D19_iPhone_X_41780746014.jpg,82ec8506a71cb99bf0c5968e1d10316b51083a494ab0c118e179de9c6181a285,1,1,0.007932,0.0072,gauss2,BP03_12MP_NL_JPEG.mat,2,3382.9
D19_iPhone_X_41780746974.jpg,f5a65c6afc4e7f8c645fc73a1895e8be9fd29f3577770f7355497500a1b39e81,1,1,0.012396,0.0072,gauss2,BP03_12MP_NL_JPEG.mat,0,2692.1
D19_iPhone_X_41780747524.jpg,2ec595c62a5e500c049f43badd1f712a43795d887c6e6a91903dfb54cac06f5c,1,1,0.01121,0.0072,gauss2,BP03_12MP_NL_JPEG.mat,2,3210.1
D19_iPhone_X_41780747924.jpg,89886ad3b270152036cb6c8f0456d06505841c4cf2b519415c577e2034cbc7f8,1,1,0.011062,0.0072,gauss2,BP03_12MP_NL_JPEG.mat,2,5258.9
D19_iPhone_X_42451462012.jpg,626ebae1d92b49aa46ef6d239d446e08956a9665aa100ce69e7fc646959467bd,1,0,0.00468,0.0072,gauss2,,,3159.2
D19_iPhone_X_42499823181.jpg,e3895f8506fc416bc9bf26bdaa1187b210c2b517a5caab39327b6f449847b69c,1,0,0.003534,0.0072,gauss2,,,3008.6
D19_iPhone_X_42499940951.jpg,1fb03b0812e8dad7c4eee02b5df5665441dad58989ab690cfe46150b33ede769,1,1,0.008692,0.0072,gauss2,BP03_12MP_NL_JPEG.mat,0,3208.0
D19_iPhone_X_42499942881.jpg,cb0cc6f8924ed4aaf008a5b8b4680ed6b3287edaa753bad3d8c912e64d214984,1,1,0.007312,0.0072,gauss2,BP03_12MP_NL_JPEG.mat,0,2951.7
D64_iPhone_13_Pro_53123486377.jpg,48740c64f3db90a177e2b9aa7035ee4516b3efe84e569503b0516c37e59f0f3e,1,1,0.057392,0.0072,gauss2,BP06_12MP_NL_HEIC.mat,2,3266.6
D64_iPhone_13_Pro_53123519002.jpg,fc40170212d35ae92ffb6fdd010625c616749c95f0a3189748be3eb0881f0b81,1,1,0.038998,0.0072,gauss2,BP06_12MP_NL_HEIC.mat,2,3139.4
D64_iPhone_13_Pro_53123530602.jpg,86dccccec3d854c53efb9e9d5f66b4e0dd6ee290ebdef0c075e37f8e08b5381d,1,1,0.031179,0.0072,gauss2,BP06_12MP_NL_HEIC.mat,2,3443.3
D64_iPhone_13_Pro_53123534022.jpg,e5e6b7351ce1849bf57edd6885eb34b585a480f8b478e77c14f7ecd6c44917cf,1,1,0.057409,0.0072,gauss2,BP06_12MP_NL_HEIC.mat,2,3236.9
D64_iPhone_13_Pro_53124088311.jpg,684c4f9facb64a61607a25a0712c9c74945f038887cebf2ad7d180ce85daa69e,1,1,0.059816,0.0072,gauss2,BP06_12MP_NL_HEIC.mat,2,4690.9
D64_iPhone_13_Pro_53124127566.jpg,cdfe105ffe7e0f863185b5ef0e209119dae04cf49345c23a3311dfec600280f2,1,1,0.068071,0.0072,gauss2,BP06_12MP_NL_HEIC.mat,2,4344.6
D64_iPhone_13_Pro_53124136756.jpg,7dec8dc86b2600713195ae723b569af59a03368cd004fb63b2d76225532f224b,1,1,0.060726,0.0072,gauss2,BP06_12MP_NL_HEIC.mat,2,2970.0
D64_iPhone_13_Pro_53124291359.jpg,0b594dbdc24950e6f4eea80a18277698bfd734dcec73bfcf984917f3add0c9e2,1,1,0.17741,0.0072,gauss2,BP06_12MP_NL_HEIC.mat,2,3254.0
D64_iPhone_13_Pro_53124291459.jpg,21115a9413a44022973277c5f0ccc7fef94af1c6eb494402ac6fdf66b3c5ceb0,1,1,0.053906,0.0072,gauss2,BP06_12MP_NL_HEIC.mat,2,3394.5
D64_iPhone_13_Pro_53124297749.jpg,14ac706110577c26e199bbeac93022af3b71f9bd538255533e1088f8fe8c008d,1,1,0.03654,0.0072,gauss2,BP06_12MP_NL_HEIC.mat,2,3330.6
D64_iPhone_13_Pro_53124324714.jpg,3083972c0f34ef447c49b48ff08af3c8ab144f34e667838bbd818098a13949ee,1,1,0.044051,0.0072,gauss2,BP06_12MP_NL_HEIC.mat,2,3083.0
D64_iPhone_13_Pro_53124326879.jpg,e01578ae460901c17be2f37b9382c14b49986fd2861c87a7825bbf54c22905f6,1,1,0.03375,0.0072,gauss2,BP06_12MP_NL_HEIC.mat,2,3115.6
D64_iPhone_13_Pro_53124335974.jpg,b0ed0cb7d3d6f89525beeafd0c7f6518c806a58ae0a92f395758d84055156c01,1,1,0.052287,0.0072,gauss2,BP06_12MP_NL_HEIC.mat,2,5273.4
D64_iPhone_13_Pro_53124339229.jpg,001e61906c6caf5337f350302b368793490bee43c0846ae97edfb2767b58ddbf,1,1,0.031988,0.0072,gauss2,BP06_12MP_NL_HEIC.mat,2,3331.6
D64_iPhone_13_Pro_53124339239.jpg,b2f03465e0a08013543f7c2c59e12a56151859c3f859d004270b7d0f49c53d06,1,1,0.057502,0.0072,gauss2,BP06_12MP_NL_HEIC.mat,2,3031.6
D64_iPhone_13_Pro_53124489585.jpg,e7818b73009387e59131fa6a88b2d7e8eb7f8190482521bb8c5f0e7db3dc85e2,1,1,0.060558,0.0072,gauss2,BP06_12MP_NL_HEIC.mat,2,3260.6
D64_iPhone_13_Pro_53124500290.jpg,450b7c33977f335163de85e3628af152435dd399cb4dce0226ae93d4d88d3c1f,1,1,0.072248,0.0072,gauss2,BP06_12MP_NL_HEIC.mat,2,3427.7
D64_iPhone_13_Pro_53124500300.jpg,cde3e048f62ea942680bf74ee9e7189fb79001fe260680d50835436ef4cf4c1f,1,1,0.046433,0.0072,gauss2,BP06_12MP_NL_HEIC.mat,2,3386.0
D64_iPhone_13_Pro_53124520085.jpg,663cd4449f0d86cdacfc74cb950157dba9d1a6b7b6505f6adcd21d0fae10cfdf,1,1,0.033591,0.0072,gauss2,BP06_12MP_NL_HEIC.mat,2,2983.4
D64_iPhone_13_Pro_53124521095.jpg,34fb55813033a381a28d477b82ff85e59e0d0b37aaa654ff0996be348be84445,1,1,0.12382,0.0072,gauss2,BP06_12MP_NL_HEIC.mat,2,3277.0
D64_iPhone_13_Pro_53124532730.jpg,223b6d7127cb939913463ad4aef1c643867a8143806335dfd70a99ac13213bcc,1,1,0.052355,0.0072,gauss2,BP06_12MP_NL_HEIC.mat,2,3232.1
D64_iPhone_13_Pro_53124582328.jpg,43e4e701a5d226fe7fbcb0548755e00588a6c6e3d563f2254fcf6488c8de3e55,1,1,0.041339,0.0072,gauss2,BP06_12MP_NL_HEIC.mat,2,6105.6
D64_iPhone_13_Pro_53124603723.jpg,ea3b367d6241cd91d4f02cf6567fef791587a456ee39a765b19ee33481aecdf0,1,1,0.045819,0.0072,gauss2,BP06_12MP_NL_HEIC.mat,2,3458.7
D64_iPhone_13_Pro_53124603728.jpg,4d9aaad4dd72db2e59a1540c587b1dda55e002924b040c4e50aa689cee70804f,1,1,0.053039,0.0072,gauss2,BP06_12MP_NL_HEIC.mat,2,3434.6
D64_iPhone_13_Pro_53124611528.jpg,6f1d33f036bc81eff9e07eed5d6cbeea25485eca5ad69772de9b3f7014553d68,1,1,0.124085,0.0072,gauss2,BP06_12MP_NL_HEIC.mat,2,3261.1
D64_iPhone_13_Pro_53124617208.jpg,81493c35a3eba310c9aa0e75aade51de88c47a40f60247a743d18a5ca2abf11c,1,1,0.198787,0.0072,gauss2,BP06_12MP_NL_HEIC.mat,2,3406.4
D64_iPhone_13_Pro_53124617248.jpg,e9d636a9275c75a0359e996c719ff393a22459a8229d98c6bfebc91075bfdfc7,1,1,0.066363,0.0072,gauss2,BP06_12MP_NL_HEIC.mat,2,3363.0
D64_iPhone_13_Pro_53148982637.jpg,82f174d45ed508909afa43da2a24eba7bbc4fbff92d0b9e357a88fad90b4d940,1,1,0.223824,0.0072,gauss2,BP06_12MP_NL_HEIC.mat,2,2975.5
D64_iPhone_13_Pro_53148984602.jpg,dafb04c7bc718ff4e19d5b968ffda8c5c353e2cb78a79b6f57ea2cd15cc2fbc7,1,1,0.303018,0.0072,gauss2,BP06_12MP_NL_HEIC.mat,2,3155.8
D64_iPhone_13_Pro_53148984612.jpg,f5599c7c3bbbd0569c6ff82eba6571e79c6174ff7ecf55a1cc514aae6a921a80,1,1,0.156322,0.0072,gauss2,BP06_12MP_NL_HEIC.mat,2,4626.9
D64_iPhone_13_Pro_53148987277.jpg,bbc2fb6a7504b29420c7e22f00199640006bad982a5e2910225eb35cc7d213d0,1,1,0.155717,0.0072,gauss2,BP06_12MP_NL_HEIC.mat,2,3106.6
D64_iPhone_13_Pro_53148991047.jpg,abb235b1c2794cf37ba0791393ff09d34507e0b32b67b01c1a55578c8ca304f5,1,1,0.124519,0.0072,gauss2,BP06_12MP_NL_HEIC.mat,2,3219.4
D64_iPhone_13_Pro_53148991052.jpg,72be9b8d3d859507f58d1188a0770f5a685050ecb951454b102dfe4c9ef07f05,1,1,0.125164,0.0072,gauss2,BP06_12MP_NL_HEIC.mat,2,2916.7
D64_iPhone_13_Pro_53148991057.jpg,cc5814b19c2158c60a1de076e0024ca4bc063e57b174e057ec1a539dfa2b7fe0,1,1,0.160877,0.0072,gauss2,BP06_12MP_NL_HEIC.mat,2,3289.3
D64_iPhone_13_Pro_53148991062.jpg,b6d824dd8ec44ce12ef92dbf08234511500551640da835592fe2bf4abe09689e,1,1,0.179728,0.0072,gauss2,BP06_12MP_NL_HEIC.mat,2,4532.3
D64_iPhone_13_Pro_53148991067.jpg,dd8259d91e86c85e0eb8433e5e202c29239a85d3f9fc02ab655351e3d75df466,1,1,0.157912,0.0072,gauss2,BP06_12MP_NL_HEIC.mat,2,3023.4
D64_iPhone_13_Pro_53149566566.jpg,3f6eebcd766c62bff34453d8306a0e647a114ce1add11c4629620f3d49463a27,1,1,0.261278,0.0072,gauss2,BP06_12MP_NL_HEIC.mat,2,3209.3
D64_iPhone_13_Pro_53149570256.jpg,1ea67c5540feee54911c8de92d84d90f56edd085a38358b3bcf60cf411c94045,1,1,0.119954,0.0072,gauss2,BP06_12MP_NL_HEIC.mat,2,3299.8
D64_iPhone_13_Pro_53149570316.jpg,7ec134128a3d10d4fb00bd6315bf9a3d5e6bb5a15791713002b7d48fbff8e493,1,1,0.201382,0.0072,gauss2,BP06_12MP_NL_HEIC.mat,2,5897.8
D64_iPhone_13_Pro_53149766414.jpg,97e918ff47c0575138838d0ef07f2639c3b49191cbfb210e038627749ea10a7c,1,1,0.187837,0.0072,gauss2,BP06_12MP_NL_HEIC.mat,2,3527.8
D64_iPhone_13_Pro_53149766434.jpg,40113c0e85f1ef63b6356a17b3b0c025826cde53d826bca09d96756794fb7fd8,1,1,0.189413,0.0072,gauss2,BP06_12MP_NL_HEIC.mat,2,3684.2
D64_iPhone_13_Pro_53149766704.jpg,524861ea74951ef86446ae15d2ad2c84bb9c01ac77d9ba4a8e0116003a7b5c59,1,1,0.129127,0.0072,gauss2,BP06_12MP_NL_HEIC.mat,2,3665.6
D64_iPhone_13_Pro_53149774714.jpg,81c314ba7dd5559a69f0afc7c42af7feeaf48bc4e7882def0cb6ad6b1f0a78b0,1,1,0.260784,0.0072,gauss2,BP06_12MP_NL_HEIC.mat,2,3160.2
D64_iPhone_13_Pro_53149992490.jpg,39c393cf84d43187c1581b3fa17b2d3840e81e9649a04ddc519cc1c16e0a64bc,1,1,0.084763,0.0072,gauss2,BP06_12MP_NL_HEIC.mat,2,3527.4
D64_iPhone_13_Pro_53149992575.jpg,8483776117118c41ac984072f95063331fd3a729894dd78aca6edcdb02659a46,1,1,0.219167,0.0072,gauss2,BP06_12MP_NL_HEIC.mat,2,3052.1
D64_iPhone_13_Pro_53149992770.jpg,67857adb629bb94f2aa589bd855871032c1797050f3356de24e6ffc80aa2fc99,1,1,0.200147,0.0072,gauss2,BP06_12MP_NL_HEIC.mat,2,3398.9
D64_iPhone_13_Pro_53150055988.jpg,cd3fe561c03d3eeec40e2be48b340312b801670446f8ca1fe1d36dea930702c6,1,1,0.158673,0.0072,gauss2,BP06_12MP_NL_HEIC.mat,2,3214.8
D64_iPhone_13_Pro_53150055993.jpg,275ee4a556c640ac6510c1ccddb82afca90f347f2b0f7b76b9af2f680282c6e3,1,1,0.18658,0.0072,gauss2,BP06_12MP_NL_HEIC.mat,2,6551.2
D64_iPhone_13_Pro_53150057573.jpg,ed5e5c50ed6b2d5e7579bc5298a5ad52ee6f399f11ca70ecfbb83ce0914c7a7e,1,1,0.273195,0.0072,gauss2,BP06_12MP_NL_HEIC.mat,2,4006.8
D64_iPhone_13_Pro_53150057578.jpg,3580e238b8bb8bc913732bf8ab8f57c5866f9d257667886f6cda9d57cbd17f82,1,1,0.284656,0.0072,gauss2,BP06_12MP_NL_HEIC.mat,2,3484.6
D64_iPhone_13_Pro_53150060118.jpg,f58b72f73e69844baf02400caea188a5f440fca8814944e00b5e9ded42ffe34d,1,1,0.160213,0.0072,gauss2,BP06_12MP_NL_HEIC.mat,2,3450.4
D64_iPhone_13_Pro_53150064128.jpg,b1fd189ae117d6598fa1219b4f510b773a65432b5be747cdd18bc859cc3c83b1,1,1,0.164449,0.0072,gauss2,BP06_12MP_NL_HEIC.mat,2,3630.5
D64_iPhone_13_Pro_53178347237.jpg,d718223ee79e4deb40c86481de85adfe37b44f4fb410b7f069a1843a8b99267c,1,1,0.043473,0.0072,gauss2,BP06_12MP_NL_HEIC.mat,2,3333.7
D64_iPhone_13_Pro_53178347242.jpg,a4d705f12b3eec077e1ad53f8365ee7e4aa9bc69038054e665d86a8728f6577d,1,1,0.066957,0.0072,gauss2,BP06_12MP_NL_HEIC.mat,2,5326.3
D64_iPhone_13_Pro_53178347687.jpg,c4fe51e86a4f7212ad70dbf58082305c945330253e50b0575ab61767c7388edb,1,1,0.021769,0.0072,gauss2,BP06_12MP_NL_HEIC.mat,2,3300.4
D64_iPhone_13_Pro_53178349132.jpg,5e02c458f6d8e94876e58b6ace442c93f2456de005b70522bbebf1168618d123,1,1,0.066811,0.0072,gauss2,BP06_12MP_NL_HEIC.mat,2,6507.5
D64_iPhone_13_Pro_53178349137.jpg,f64d3c2ae01365a95b8cbc377f71bcb1afd392a736889e29c2609952cb04b2dd,1,1,0.036874,0.0072,gauss2,BP06_12MP_NL_HEIC.mat,2,3584.2
D64_iPhone_13_Pro_53178350142.jpg,68dea55214c38a2ab94f7ac6a68ab21a9fe09492d261bb27e915fa6a726ff11b,1,1,0.040831,0.0072,gauss2,BP06_12MP_NL_HEIC.mat,2,3550.9
D64_iPhone_13_Pro_53178350547.jpg,40705d6d913b7b063ab328e85bd29bd647cc22e49e999b82afae9511a2ee9c8a,1,1,0.017213,0.0072,gauss2,BP06_12MP_NL_HEIC.mat,2,3468.8
D64_iPhone_13_Pro_53178351832.jpg,204112a08836686974445db0f478882bfc33eb2c26609fd487b5ad3d808d2312,1,1,0.129726,0.0072,gauss2,BP06_12MP_NL_HEIC.mat,2,3045.8
D64_iPhone_13_Pro_53178352557.jpg,e82d4f80908015d78986e300d87600b37be325705834a5abb0d388c0001f8cf5,1,1,0.026984,0.0072,gauss2,BP06_12MP_NL_HEIC.mat,2,3198.4
D64_iPhone_13_Pro_53178353277.jpg,79f4f5237c656edae77d7952764012d5e0da44ef4675473ee0ec3fa1a746a58b,1,1,0.060288,0.0072,gauss2,BP06_12MP_NL_HEIC.mat,2,5960.0
D64_iPhone_13_Pro_53178939846.jpg,b373744ec76fa1a57fd0ffc08c3b5d95bef4c56352af3e49fe35e2069b64bf05,1,1,0.048601,0.0072,gauss2,BP06_12MP_NL_HEIC.mat,2,3818.6
D64_iPhone_13_Pro_53178941306.jpg,729844ebe63bebbf97020800d9d7788cad4334a1fca3106a3a176ad49eb1bcf8,1,1,0.03202,0.0072,gauss2,BP06_12MP_NL_HEIC.mat,2,4597.3
D64_iPhone_13_Pro_53178942421.jpg,22dfd5d8d746caea9bd0dc0cde2018d39ee0c2513d5a65bdd8631703232d7887,1,1,0.104969,0.0072,gauss2,BP06_12MP_NL_HEIC.mat,2,5210.9
D64_iPhone_13_Pro_53178942926.jpg,84ae57dd0d8a354f270e2b0afa7f4477e533c9ad2a5cec8390f5de4f63c4ccc2,1,1,0.091182,0.0072,gauss2,BP06_12MP_NL_HEIC.mat,2,3431.2
D64_iPhone_13_Pro_53179137069.jpg,3412d18f6c5698ab17c9160a2da9da9fb7bb6408295c34542adca7303f7af802,1,1,0.069395,0.0072,gauss2,BP06_12MP_NL_HEIC.mat,2,3015.3
D64_iPhone_13_Pro_53179137394.jpg,2d49a1706facffcb36bdbb9c2e94fc3b5a16a3d7bfcf286c1ef6623ac6dab110,1,1,0.026442,0.0072,gauss2,BP06_12MP_NL_HEIC.mat,2,3241.7
D64_iPhone_13_Pro_53179139574.jpg,70ba795831b9d19bf6a6c1456ab65b146c0fd2d64449bc086ae394d771290d89,1,1,0.04462,0.0072,gauss2,BP06_12MP_NL_HEIC.mat,2,3433.6
D64_iPhone_13_Pro_53179380705.jpg,c9d75b044d384eb43571013ff41e79e6599311333fbefb067f254a5fda89205d,1,1,0.045553,0.0072,gauss2,BP06_12MP_NL_HEIC.mat,2,3381.6
D64_iPhone_13_Pro_53179381720.jpg,a52f1e347d66df39b104b543009c66d32ce5fc0bf183e033bb2d8b67c2ca5e05,1,1,0.03096,0.0072,gauss2,BP06_12MP_NL_HEIC.mat,2,2972.5
D64_iPhone_13_Pro_53179381745.jpg,0bce593af4e1773bed658a1b0fd6d236d52479c6911e4e5a13309d67f509b23b,1,1,0.041489,0.0072,gauss2,BP06_12MP_NL_HEIC.mat,2,3259.8
D64_iPhone_13_Pro_53179382745.jpg,4b8762ee8af884601bcb99706aab8d7f2e954edb4c765339a93b8bc1bf0c4135,1,1,0.06768,0.0072,gauss2,BP06_12MP_NL_HEIC.mat,2,5368.9
D64_iPhone_13_Pro_53179383390.jpg,d6872047569a3ade72a3b6335250c8f2a8220d317e77b86f77c5493811951b85,1,1,0.039276,0.0072,gauss2,BP06_12MP_NL_HEIC.mat,2,3368.4
D64_iPhone_13_Pro_53179384085.jpg,a83c201be5f0730cfbac565a15cf3b00f8d791c64972d81c6dd254460dd09bda,1,1,0.026752,0.0072,gauss2,BP06_12MP_NL_HEIC.mat,2,2983.6
D64_iPhone_13_Pro_53179440168.jpg,b1451d3ac10e50d086c8904d2826452ddb21cdb32998b3c711713c46db634c5c,1,1,0.033324,0.0072,gauss2,BP06_12MP_NL_HEIC.mat,2,3237.1
D65_iPhone_13_Pro_53181951192.jpg,e94f6cf22faf38e8fb6b8d3085fbd4fd14b686ff2162858d5d929ab22f320f4f,1,1,0.027802,0.0072,gauss2,BP06_12MP_NL_HEIC.mat,2,3377.1
D65_iPhone_13_Pro_53181951572.jpg,e16c481048eeb6daddc9b035a4648b1a8272439ca2ae3f5c12c459a077a9b52c,1,1,0.019456,0.0072,gauss2,BP06_12MP_NL_HEIC.mat,2,3273.9
D65_iPhone_13_Pro_53182544126.jpg,2445eae434217c9e681cb1f3eba48d75eec01ef05a9b73cb1b4bdc53bab147b9,1,1,0.020228,0.0072,gauss2,BP06_12MP_NL_HEIC.mat,2,2945.5
D65_iPhone_13_Pro_53182544166.jpg,592ac85f8a2eb620b3b2467da73e2031c58235a4dea648d218b6b179ec1fe211,1,1,0.020069,0.0072,gauss2,BP06_12MP_NL_HEIC.mat,2,3188.6
D65_iPhone_13_Pro_53182544211.jpg,4e39e4956f2d822174f6096d700b26316094b5f92f09f83707bd9763a065c33e,1,1,0.023634,0.0072,gauss2,BP06_12MP_NL_HEIC.mat,2,3380.1
D65_iPhone_13_Pro_53182544366.jpg,fe0542fb5ec6690c886c2bcfd28248f482ca4c40c89515a6ceb6b0b46139e4a3,1,1,0.017831,0.0072,gauss2,BP06_12MP_NL_HEIC.mat,2,3313.3
D65_iPhone_13_Pro_53182732449.jpg,8b7d49ddfbe52a9f80baccb48ed86f6e07aaac5201dee72ba45e78e311ea29b1,1,1,0.08298,0.0072,gauss2,BP06_12MP_NL_HEIC.mat,2,3095.2
D65_iPhone_13_Pro_53183042283.jpg,84f54ffbce20947dbc3c38aed02a78113a9fca03dd47c8eaf24987cfe8870d47,1,1,0.008534,0.0072,gauss2,BP06_12MP_NL_HEIC.mat,2,3260.0
D65_iPhone_13_Pro_53183042983.jpg,f7c44580509a81fbdef20e82718cd8b9168edfee01ecd0b7a8ec0dd274f6020f,1,0,0.00437,0.0072,gauss2,,,2991.2
D65_iPhone_13_Pro_53183043133.jpg,6760324e959e952474106832647264cf8757d37d0622dbab04dfdc58aa3115ba,1,1,0.033468,0.0072,gauss2,BP06_12MP_NL_HEIC.mat,2,3256.2
IMG_0003.jpg,c5ba5bc67e7de432dfc66ee7e00c2418a4d2bb9d7b98f0a5513a43bc887bf858,1,1,0.045585,0.0072,gauss2,BP07_12MP_SLM_HEIC.mat,0,2713.8
IMG_0004.jpg,5da3db69267644d2179d9efc33820ef591a263eefe8693900fef693125259a28,1,1,0.048584,0.0072,gauss2,BP07_12MP_SLM_HEIC.mat,0,2875.9
IMG_0005.jpg,616f426d9be603b481afa5c228e2d5a75c20290beb96e4bc01f7220487002a74,1,1,0.033599,0.0072,gauss2,BP07_12MP_SLM_HEIC.mat,0,2901.9
IMG_0006.jpg,e559db644a5a01227d76c08f97ff940683768ccd579d08e5c234d781dd4e81ca,1,1,0.150243,0.0072,gauss2,BP07_12MP_SLM_HEIC.mat,0,2667.1
IMG_0007.jpg,72caccc9f4cabade39bda48b1917ede5d6d4dc993758604c838db2c6ca911288,1,1,0.34578,0.0072,gauss2,BP07_12MP_SLM_HEIC.mat,0,2820.5
IMG_0011.jpg,230731ea011ed17f762c252d61cf9d1ecaed42d052665714e24468e6eaa69fa9,1,1,0.140082,0.0072,gauss2,BP07_12MP_SLM_HEIC.mat,0,3949.4
IMG_0012.jpg,c4615f934ed16fc45a3fa6ef3b493e578cd92a01032f6442201ae14633ad11a2,1,1,0.046242,0.0072,gauss2,BP07_12MP_SLM_HEIC.mat,0,5263.8
IMG_0013.jpg,1d6bfbdce82c5a1838acfd7179e4769a240fdae862e6db1580af2305f7172230,1,1,0.383322,0.0072,gauss2,BP07_12MP_SLM_HEIC.mat,0,3155.3
IMG_0014.jpg,42b812d2399c4ba3bbe091ab016956377bd11bb2f100b08bca075c00d08bb954,1,1,0.129576,0.0072,gauss2,BP07_12MP_SLM_HEIC.mat,0,2682.2
IMG_0015.jpg,f9d1439fa6dab89c5c01fa4f0d82cf59ad2cb3c508832ffbc947511875121e0c,1,1,0.12299,0.0072,gauss2,BP07_12MP_SLM_HEIC.mat,0,2848.0
IMG_0017.jpg,36cad3cf8ab7931ebbba87a1d1716553fdb4a7678be1ff278f18f2478d4e1e32,1,1,0.175707,0.0072,gauss2,BP07_12MP_SLM_HEIC.mat,0,3012.7
IMG_0018.jpg,39b6d5f0c31be0111f9ed996874c3bb6e9903a8edd08e599669b914bcb13fdff,1,1,0.282847,0.0072,gauss2,BP07_12MP_SLM_HEIC.mat,0,2670.5
IMG_0019.jpg,c81c46bc97a6d9a60b080e148fdd7e164a1dd5db23bf992150f034bb46292338,1,1,0.313318,0.0072,gauss2,BP07_12MP_SLM_HEIC.mat,0,2879.0
IMG_0020.jpg,e4cac39e27f7b15161befd6c0b3f37cf43744770ac4d49ab9b4b248e39c9f57e,1,1,0.160439,0.0072,gauss2,BP07_12MP_SLM_HEIC.mat,0,3131.5
IMG_0021.jpg,532d90a099cc9dee1b5150516b987a9257c0566f9dae69b382ce01f8ae861300,1,1,0.22765,0.0072,gauss2,BP07_12MP_SLM_HEIC.mat,0,2794.5
IMG_0022.jpg,2352297c4e418f2cb70ed08809e524db3d4f815a2fd552a39aa6fdc99b365416,1,1,0.229253,0.0072,gauss2,BP07_12MP_SLM_HEIC.mat,0,3095.8
IMG_0023.jpg,f2ab3f6860231286f2a968001d266385d6bf45e4e84ee0882886002d0c8d1c11,1,1,0.328909,0.0072,gauss2,BP07_12MP_SLM_HEIC.mat,0,3747.3
IMG_0024.jpg,a742bfef3c74719706ea6ecd84afbc4fb10081aa81a2c2a6832e5093d3351922,1,1,0.008548,0.0072,gauss2,BP07_12MP_SLM_HEIC.mat,0,3208.9
IMG_0025.jpg,df5a7af587ef354a49689813dc0a097413db0b8e89282d6876b8105a03f3d9e4,1,1,0.333847,0.0072,gauss2,BP07_12MP_SLM_HEIC.mat,0,2784.6
IMG_0026.jpg,8424291309edd53b3813577903735c368605888387f740e0cd6ed9fb2e574517,1,1,0.237664,0.0072,gauss2,BP07_12MP_SLM_HEIC.mat,0,3002.4
IMG_0027.jpg,2e7bb971ef17d4845e302ed100e1f6ec284c3af57f758db87a0f0d8b8a2c724a,1,1,0.348428,0.0072,gauss2,BP07_12MP_SLM_HEIC.mat,0,3480.0
IMG_0028.jpg,ecc602d632410d7c039262ec3ee932aab19b85331219cdde0b2d39e9c982d77a,1,1,0.176823,0.0072,gauss2,BP07_12MP_SLM_HEIC.mat,0,2918.7
IMG_0029.jpg,b77eed78cb6e0ad1b05f1b4259683b5bdac4e478ae8ded1e8ada90785166a8ef,1,1,0.143117,0.0072,gauss2,BP07_12MP_SLM_HEIC.mat,0,5975.4
IMG_0030.jpg,b38b17e2341186ce629a26cdebc3e43c78ecc6f61c4885b69e7f77e233be0e18,1,1,0.041144,0.0072,gauss2,BP07_12MP_SLM_HEIC.mat,0,3831.7
IMG_0031.jpg,e346033e8516b9cae8f579b8207a76de3a5cb050b941c937879948eb197e90f9,1,1,0.054891,0.0072,gauss2,BP07_12MP_SLM_HEIC.mat,0,2840.5
IMG_0032.jpg,ed39fe266ceb760381d3ae3c0389f5cdcdb3fe25abd88f8856958481462db6ee,1,1,0.076583,0.0072,gauss2,BP07_12MP_SLM_HEIC.mat,0,2946.5
IMG_0033.jpg,9fba29e4d0d8c8c728dd5f8938608107ee7cbd4278799dfd4fd85113b39a7b44,1,1,0.047247,0.0072,gauss2,BP07_12MP_SLM_HEIC.mat,0,3429.2
IMG_0034.jpg,a95280eebc7542a61d207c944ee23debad80558fa42fc486f554d0d60a19b3b4,1,1,0.049289,0.0072,gauss2,BP07_12MP_SLM_HEIC.mat,0,3007.0
IMG_0035.jpg,d9ad4ca8adf2508fa85eaacd96ffbe2fd7b6ae63d7a92dbc029efa0ae261d193,1,1,0.03347,0.0072,gauss2,BP07_12MP_SLM_HEIC.mat,0,3408.7
IMG_0036.jpg,f1cdcdb259a84bd008998d7955e47bf8bfaff2bfd8d8c1f0b38aa162a24d944a,1,0,0.001176,0.0072,gauss2,,,2879.7
IMG_0037.jpg,53a8fd1095fab83aa8981ae363b472ef5433568415bad1849a73e57f89b47dd6,1,1,0.17898,0.0072,gauss2,BP07_12MP_SLM_HEIC.mat,0,2889.8
IMG_0038.jpg,c6510bbdfc879e1ba5038e1d9bd12c8d711c0e942603de3c50e3f21854ce6ead,1,1,0.169009,0.0072,gauss2,BP07_12MP_SLM_HEIC.mat,0,2729.3
IMG_0039.jpg,235501b92ef5aa1d9c166cc4da9df48844b6a97d152b4d76a332e57797e0a179,1,1,0.132902,0.0072,gauss2,BP07_12MP_SLM_HEIC.mat,0,3020.3
IMG_0040.jpg,cccb940ccf632249632f47d4bada351b3e3a3d292f8d1cdf697c014935d499b6,1,1,0.161441,0.0072,gauss2,BP07_12MP_SLM_HEIC.mat,0,5981.4
IMG_0041.jpg,6a2c295d4fed0914e53d16abb112e10528a07adb4a36a97294c6173b797dd255,1,1,0.171352,0.0072,gauss2,BP07_12MP_SLM_HEIC.mat,0,3648.3
IMG_0098.jpg,113a12ac190f2aedd7fe66bda9f67d6bc4050fe69ed74307ede9fdd70f6d1ba6,1,1,0.064651,0.0072,gauss2,BP06_12MP_NL_HEIC.mat,0,2732.4
IMG_0099.jpg,9372921dc81e03c2554a26528ab7233cb5ccfc4f61934edd233d95ba225444f1,1,1,0.068243,0.0072,gauss2,BP06_12MP_NL_HEIC.mat,0,2826.4
IMG_0100.jpg,02bbffefe2a2357abdaff6c7a24291306bd46e50a2f4b87c2e506b29e51b81a9,1,1,0.064249,0.0072,gauss2,BP06_12MP_NL_HEIC.mat,0,3059.9
IMG_0101.jpg,3a1f3a726713c07f8b5ebbbd14eb2cffde673514200a81a3766a3469c7a47bd3,1,1,0.067337,0.0072,gauss2,BP06_12MP_NL_HEIC.mat,0,2686.9
IMG_0102.jpg,02e9555845093d2b8f354ead1d81e09f6c48190d8e134426716fe148e48a7021,1,1,0.058337,0.0072,gauss2,BP06_12MP_NL_HEIC.mat,0,2852.6
IMG_0103.jpg,954c9972d9069ad231e72c68f8fa06578f057a22a01eda896ee1efced55eef5a,1,1,0.060077,0.0072,gauss2,BP06_12MP_NL_HEIC.mat,0,3072.2
IMG_0104.jpg,c011c29d702a904b7bd9e9fdc1e9cc9431f6dda9805269ca146d752996a2be87,1,1,0.069357,0.0072,gauss2,BP06_12MP_NL_HEIC.mat,0,2663.2
IMG_0105.jpg,2dfdec8e5119ee991f95f2932d88990e6032360bd0e98718f3a13670952674bb,1,1,0.069326,0.0072,gauss2,BP06_12MP_NL_HEIC.mat,0,2811.7
IMG_0112.jpg,28defb6b92eccd4b5dcae861fb18d77fbe9b82c83b4ddddc3e29aae5619efd11,1,1,0.030726,0.0072,gauss2,BP06_12MP_NL_HEIC.mat,2,3049.0
IMG_0113.jpg,d2b6f2cafe1ee54fb6e872b560c16a12654cc88faf61c4d12be555f589eac052,1,1,0.031464,0.0072,gauss2,BP06_12MP_NL_HEIC.mat,2,2696.1
IMG_0114.jpg,578cfd0af2e0915aa0f5734c3b8f682799bf03d93b6590a2719f7f07c75bab75,1,1,0.033085,0.0072,gauss2,BP06_12MP_NL_HEIC.mat,2,2888.0
IMG_0115.jpg,85f26d581c8f1216439c1fedec9270b6ed642ec9596e0a3de1c314b51f7008f6,1,1,0.034841,0.0072,gauss2,BP06_12MP_NL_HEIC.mat,2,3033.4
IMG_0116.jpg,006b2d02c165e609e139f6eba10dd93333a6aba543f769d40e98e7e6f13276cf,1,1,0.034749,0.0072,gauss2,BP06_12MP_NL_HEIC.mat,2,2687.4
IMG_0117.jpg,79b88751370ef13fd310727f419d59fbb0ee568870a502ca6ffa8457f3a20d77,1,1,0.041481,0.0072,gauss2,BP06_12MP_NL_HEIC.mat,2,2820.3
IMG_0118.jpg,f28b77fe7d281eadcc82491b6a14e4aa9b033a346c32263f13d13f639368dc24,1,1,0.047556,0.0072,gauss2,BP06_12MP_NL_HEIC.mat,2,3043.4
IMG_0119.jpg,c1791d56c9d5bd534796cb03614fe5e97e64730cb7fc4d9b21bb33473f3250e6,1,1,0.039966,0.0072,gauss2,BP06_12MP_NL_HEIC.mat,2,2683.9
IMG_0120.jpg,9995b7b4b16af743bdc5a5b5385642f892a20a5f38e8181bff3a4253d6f622c0,1,1,0.039925,0.0072,gauss2,BP06_12MP_NL_HEIC.mat,2,2793.1
IMG_0121.jpg,9863598fa9d898d4507d5d3fc1dfc06a61a3ffd89c076903ed720241fca2743f,1,1,0.040268,0.0072,gauss2,BP06_12MP_NL_HEIC.mat,2,2936.4
IMG_0122.jpg,30a790c4dcf3eeab976b1d810b89e7f4f6dbb62552e4f54dec21b4fd32228dd0,1,1,0.052399,0.0072,gauss2,BP06_12MP_NL_HEIC.mat,0,3040.1
IMG_0123.jpg,1d07cd67bef0c792470c6aa41074aa973077a3c11a41bf0c9b1cbd13e0088642,1,1,0.042748,0.0072,gauss2,BP06_12MP_NL_HEIC.mat,0,2882.8
IMG_1277.jpg,8bf379ad0becdfa5e50277e865aeb72f66917861463be759a2fae51d9a6e320f,1,1,0.016085,0.0072,gauss2,BP06_12MP_NL_HEIC.mat,0,3064.1
IMG_1286.jpg,8f8e9d2aa239a3f87722ab931b9eaa7623f5312c2cc55931564a1b8f5fc00fa1,1,1,0.016757,0.0072,gauss2,BP06_12MP_NL_HEIC.mat,0,2686.3
IMG_1342.jpg,44574fb7e4ba8daccbf15fec3e970875f8e19bd3fcd3b13474e3ebc1ee835804,1,1,0.205246,0.0072,gauss2,BP06_12MP_NL_HEIC.mat,0,2839.6
IMG_1344.jpg,416453d06befa0eeef939ebbdcf4e4d642d014cd6e898ffaacb486cbd1792a1a,1,1,0.233127,0.0072,gauss2,BP06_12MP_NL_HEIC.mat,0,3049.9
IMG_1345.jpg,f1daa674a1018b869647b74b8bfa2fd4c55f99d42b954db5f7d33c15325acded,1,1,0.22742,0.0072,gauss2,BP06_12MP_NL_HEIC.mat,0,2654.3
IMG_1346.jpg,02adb1416c625c6cae812637c33b3ecf7882f556e205bc21f314340bed392e23,1,1,0.217703,0.0072,gauss2,BP06_12MP_NL_HEIC.mat,0,2895.5
IMG_1347.jpg,1e97d9150d5288d99f6e92e6586073225de79a77c0da8c04b060d50e0a822e5f,1,1,0.233007,0.0072,gauss2,BP06_12MP_NL_HEIC.mat,0,3040.3
IMG_1348.jpg,d895865fd21d7baba6d0f8c9ab20320f232e3842955cd18a974771c88daf8d0f,1,1,0.23572,0.0072,gauss2,BP06_12MP_NL_HEIC.mat,0,2648.9
IMG_1349.jpg,49aefae0a6158f35ceefbbf2359060c7dde15b17c522ce1babeaaa58e8d8de67,1,1,0.2432,0.0072,gauss2,BP06_12MP_NL_HEIC.mat,0,2840.4
IMG_1350.jpg,44d7e5b7b5ba30ad21b814b0900b4233de0f4632bafe59a3f3a9c8308266b314,1,1,0.210561,0.0072,gauss2,BP06_12MP_NL_HEIC.mat,0,3040.7
IMG_1361.jpg,8015fe29175858d60c70e318d041736c99a70d71b040a0e19247ed81920fbd75,1,1,0.019557,0.0072,gauss2,BP05_12MP_SLM_HEIC.mat,0,2694.6
IMG_1364.jpg,1d8e86bd86178c0c06f4e62959c36a2b9dfad18deb08fc5749e6bb328d7b2ab3,1,1,0.287204,0.0072,gauss2,BP06_12MP_NL_HEIC.mat,2,2790.6
IMG_1365.jpg,e6612835e50822639324dcf0c9af8e55ad05a61e27a930155b723ec49ae56b91,1,1,0.274805,0.0072,gauss2,BP06_12MP_NL_HEIC.mat,2,2896.4
IMG_1366.jpg,c4986145042c7a9fcc1b4477ea21c722d5e664fc09682131c1f15ff4d86cfa5d,1,1,0.283253,0.0072,gauss2,BP06_12MP_NL_HEIC.mat,2,5487.7
IMG_1367.jpg,8067cc35a5a2fcac79fc1532844b24d25c600ea371da97bf4f9f9d589cd28529,1,1,0.273293,0.0072,gauss2,BP06_12MP_NL_HEIC.mat,2,3257.0
IMG_1368.jpg,5879a41c784de48ba420016813708c88ca2ecee809fa8eabd1756b437d329535,1,1,0.280221,0.0072,gauss2,BP06_12MP_NL_HEIC.mat,2,3098.5
IMG_1369.jpg,f9117340b4f32c162f7a667b232c02aa5a230a51f24c935102bcc8e2636d1233,1,1,0.289783,0.0072,gauss2,BP06_12MP_NL_HEIC.mat,2,2651.8
IMG_1370.jpg,be3af6b90faf8004162c146a948f7869ba71e408f08fb38b8c9f92bc1ec0e837,1,1,0.281341,0.0072,gauss2,BP06_12MP_NL_HEIC.mat,2,2828.6
IMG_1371.jpg,1e503f729a76524789fa199d93fb750f5d9954de8a8f398641b663ea6178ab16,1,1,0.277057,0.0072,gauss2,BP06_12MP_NL_HEIC.mat,2,3078.4
IMG_1372.jpg,eb8f19fca5dcc7a70f22e482314c4bf657ce223d5dc6ee3472869c2b858b19c3,1,1,0.274356,0.0072,gauss2,BP06_12MP_NL_HEIC.mat,2,2676.8
IMG_1373.jpg,1ecca4516ed6fae60fb4934204f2c37509f5a06f1d6d33868561e5f53d3497bb,1,1,0.275801,0.0072,gauss2,BP06_12MP_NL_HEIC.mat,2,2878.4
IMG_1798.jpg,2d6f58deb9be69058d961e92b81a68226193d777fd022de8ebf43bebb83e3c72,1,1,0.094001,0.0072,gauss2,BP06_12MP_NL_HEIC.mat,0,2959.2
IMG_1799.jpg,787ac75a6de01dffce524768f5064143dca7f364ced44f7aa29569d6e6480b6d,1,1,0.126274,0.0072,gauss2,BP06_12MP_NL_HEIC.mat,0,2692.7
IMG_1800.jpg,75d25a25009e1ff4c51a758bf26cfc0d2386c003b854412a06863c26026092b5,1,1,0.08924,0.0072,gauss2,BP06_12MP_NL_HEIC.mat,0,2833.7
IMG_1801.jpg,bbba7dbf7aa0a9d786f18f12e60359a3872b7feadd1278c77e1d32b06876c8a6,1,1,0.089465,0.0072,gauss2,BP06_12MP_NL_HEIC.mat,0,3001.6
IMG_1803.jpg,a2f85271f1fd937f4f4a943170f310a2281d62399cb18187005bc82266e8f10b,1,1,0.092841,0.0072,gauss2,BP06_12MP_NL_HEIC.mat,0,2675.4
IMG_1804.jpg,361789745799abb80a5ef569d133eb26af18e6ab0f13f4b88ad55c75f1366aba,1,1,0.102879,0.0072,gauss2,BP06_12MP_NL_HEIC.mat,0,2844.9
IMG_1805.jpg,ebcef8101c5bd91fcc511cd95c16aadffcd30c8556e6cde001d20b90d54a111a,1,1,0.092252,0.0072,gauss2,BP06_12MP_NL_HEIC.mat,0,2937.2
IMG_1806.jpg,4918c895a4ed74a1396590a53e993fe3c340788c6e84e1331ff752e32bb3f7d1,1,1,0.088356,0.0072,gauss2,BP06_12MP_NL_HEIC.mat,0,2615.0
IMG_1807.jpg,78afedd1d43c8e3b3451d71ba0196896c8e78a275cb9c6308d26bed79d431fee,1,1,0.093591,0.0072,gauss2,BP06_12MP_NL_HEIC.mat,0,2845.9
IMG_1808.jpg,365ac6258541717cfdbf898dc78a0ba29f5481547155e1735dd8930637394665,1,1,0.110738,0.0072,gauss2,BP06_12MP_NL_HEIC.mat,0,2979.7
IMG_1830.jpg,cd953e0c1affbbc23ccb232026a2c5677105fccd9a4acc9d13e8f22f3beab7d8,1,1,0.10568,0.0072,gauss2,BP06_12MP_NL_HEIC.mat,2,2664.3
IMG_1831.jpg,2332650a3f659db127efd15bbf2c2e1291f1a95485f17215cb39fa89c4ea951a,1,1,0.06729,0.0072,gauss2,BP06_12MP_NL_HEIC.mat,2,2876.5
IMG_1832.jpg,f19a49914a831431e08208049f74beec8d3118d7846617854ba8f6b45c677b7e,1,1,0.06616,0.0072,gauss2,BP06_12MP_NL_HEIC.mat,2,2997.0
IMG_1833.jpg,033922e086881a8a3251585a7d2e758bc179e8f4e6352cf387e98beaddfc4eab,1,1,0.107795,0.0072,gauss2,BP06_12MP_NL_HEIC.mat,2,2686.5
IMG_1834.jpg,4a1150f504c50929e58585639829b6a44de40219112c6d0c7c3db0b5a2f1c4fb,1,1,0.070104,0.0072,gauss2,BP06_12MP_NL_HEIC.mat,2,2803.7
IMG_1835.jpg,cf58f7b1482c653e3bf90255a3744150331594288de4b9f62b16b023ca3a1783,1,1,0.065624,0.0072,gauss2,BP06_12MP_NL_HEIC.mat,2,2956.1
IMG_1836.jpg,4ff62c17e13d93813199f320f9548b41a6b4a168801ec3d534a06280aca52c57,1,1,0.071264,0.0072,gauss2,BP06_12MP_NL_HEIC.mat,2,2664.1
IMG_1837.jpg,2bda084fdcfd1c717f928c0d07261e373bd199cc676ed122cb6d9430030b95b6,1,1,0.070314,0.0072,gauss2,BP06_12MP_NL_HEIC.mat,2,2854.5
IMG_1838.jpg,a64b1641588cb96af933881257908d4685ad50eec7614922e5a49a2d79596c6f,1,1,0.061999,0.0072,gauss2,BP06_12MP_NL_HEIC.mat,2,5565.4
IMG_1839.jpg,04b41985f514e4ed63b638e404cc3fa085c55461551166e1cece40a9dce3fc76,1,1,0.06428,0.0072,gauss2,BP06_12MP_NL_HEIC.mat,2,3202.4
IMG_1904.jpg,e4bdce3de357ea4eb62bdac70b890f6596700837bc41c920e0223e35e8221c0d,1,1,0.009575,0.0072,gauss2,BP05_12MP_SLM_HEIC.mat,0,3106.9
IMG_2007.jpg,1d03d151e64526c1733d486a4b7d916f04fd39acbc198a2a9d80cffb2ab0d85c,1,1,0.029104,0.0072,gauss2,BP05_12MP_SLM_HEIC.mat,0,2695.8
IMG_2008.jpg,6abecdb6079d802e8f19caae2bbb9cec19e24c21fe1bdac2f983f9c2d2e673fb,1,1,0.051608,0.0072,gauss2,BP05_12MP_SLM_HEIC.mat,2,3072.9
IMG_2009.jpg,16496b54a9c968814b92b851d2c09120e0bc762b579f58ecc7b4288a87d1ecfb,1,1,0.016265,0.0072,gauss2,BP05_12MP_SLM_HEIC.mat,0,3043.5
IMG_2010.jpg,660c0dcbd5e8b33dad18f89bf85cf3adf137aba0c98d119b78ec31f6510b6361,1,0,0.002864,0.0072,gauss2,,,2684.1
IMG_2011.jpg,9a8e0beed3d95f0f06ce0bab05d62697acd7b4521c811cfd988e7d1d20ba71a4,1,1,0.011081,0.0072,gauss2,BP05_12MP_SLM_HEIC.mat,0,2771.2
IMG_2015.jpg,ff514131b5215021979560d277447a2886f8687b521fa687e84055c60e1a1919,1,1,0.02249,0.0072,gauss2,BP05_12MP_SLM_HEIC.mat,0,2958.4
IMG_2016.jpg,03d49b574ae47af3975104c6d955c8f8852314f3484cc6c46acc04df58d0d88c,1,1,0.053704,0.0072,gauss2,BP05_12MP_SLM_HEIC.mat,0,3120.8
IMG_2017.jpg,6da4408e8a8727ff742619962bfa784f1e0413675255d83ab633f138f2bd1d9d,1,1,0.008861,0.0072,gauss2,BP05_12MP_SLM_HEIC.mat,0,2923.3
IMG_2018.jpg,58136062df3bf05542248b75d30f8828cf93f4a8a93d9342d582eb2eba7655b8,1,1,0.101506,0.0072,gauss2,BP05_12MP_SLM_HEIC.mat,2,4981.7
IMG_2019.jpg,a30083f38933c98c07dc48d699d65cabc31b4600724e6d6e2208fde66c0b327c,1,1,0.04035,0.0072,gauss2,BP05_12MP_SLM_HEIC.mat,0,2808.2
IMG_2020.jpg,c9efc802534b1e77d4bcbc38cecb0da6fc54f46b49590b181398cfdda9123d48,1,1,0.03476,0.0072,gauss2,BP05_12MP_SLM_HEIC.mat,0,2869.7
IMG_2032.jpg,5b474d913c263279e86a7f762a58583250f47bba77e751bbf431c604c439bb7b,1,0,0.004075,0.0072,gauss2,,,3279.9
IMG_2083.jpg,e2c2f25421efd71b53ec6106bf0d91b6b3362d3b4b715e05e769b09f58081c10,1,1,0.046747,0.0072,gauss2,BP04_12MP_NL_JPEG.mat,0,2855.3
IMG_2085.jpg,779d25aee9dcab61ddd6ae059f98ff98ab1de98a1ccebfefe2d914bfa9218536,1,1,0.042777,0.0072,gauss2,BP04_12MP_NL_JPEG.mat,0,3018.6
IMG_2086.jpg,3533a2b90e8d507d34e7f9b8d9db787aba9e7f25046b11dd42a9d68dcb72d963,1,1,0.034214,0.0072,gauss2,BP04_12MP_NL_JPEG.mat,0,2633.6
IMG_2088.jpg,9d95b5f4f82ebb08b2ec931834b0b3263458a5b2d226b5436a3f4ea0b0b73948,1,1,0.036599,0.0072,gauss2,BP04_12MP_NL_JPEG.mat,0,2861.8
IMG_2089.jpg,9e97d6f75dd33e1129eaf797f25e042890db693967f23adf59b482936be7e20f,1,1,0.04044,0.0072,gauss2,BP04_12MP_NL_JPEG.mat,0,3041.2
IMG_2090.jpg,fe310c8e66326d503e4a8433ad0e659653ce46a142feaf7fca18754203bd193d,1,1,0.037148,0.0072,gauss2,BP04_12MP_NL_JPEG.mat,0,2777.5
IMG_2091.jpg,a8eef6020093c410ab4f715dea62b039f47b8c3139f081b05e4d5f6f205ad387,1,1,0.040535,0.0072,gauss2,BP04_12MP_NL_JPEG.mat,0,2933.1
IMG_2092.jpg,cba79bc591e008e103bff6ca0904fe2b1c4a7262ebd2ed61f5c8701887df065d,1,1,0.037949,0.0072,gauss2,BP04_12MP_NL_JPEG.mat,0,3072.3
IMG_2093.jpg,85c352d78c3c30873ae833cd77fb43f90eef3d2f86de43af83a4eef0a3319394,1,1,0.091127,0.0072,gauss2,BP04_12MP_NL_JPEG.mat,2,2661.0
IMG_2094.jpg,2ce62195fa43d153c3b011fff602a8cee61e0b39968a2b32aa635851389625a9,1,1,0.025736,0.0072,gauss2,BP04_12MP_NL_JPEG.mat,2,2862.5
IMG_2095.jpg,0ab7a5bfbe222dff7b60173cc283eedaf5d29eadb97ca828ec085a76bd0da75d,1,1,0.022381,0.0072,gauss2,BP04_12MP_NL_JPEG.mat,2,3039.7
IMG_2096.jpg,13590c99103d44026a0ae37843bece3445bede0d5f969532c9eddf1996c67226,1,1,0.027374,0.0072,gauss2,BP04_12MP_NL_JPEG.mat,2,2661.8
IMG_2097.jpg,4b662fc71efe16490bc4fdbc14a2f6a64d392e9358cd08815d01d1475dbac090,1,1,0.022313,0.0072,gauss2,BP04_12MP_NL_JPEG.mat,2,2786.0
IMG_2098.jpg,d15f31c30b2ee59e387103ccc9067d0fcfabbabb4c9234f521b759fdb83bb5ed,1,1,0.024246,0.0072,gauss2,BP04_12MP_NL_JPEG.mat,2,2983.6
IMG_2099.jpg,8176f7a9d864c0c0173b748645d52e5249623c6f542fa2cacee17934d79fe3e3,1,1,0.026029,0.0072,gauss2,BP04_12MP_NL_JPEG.mat,2,3091.9
IMG_2100.jpg,1a1c5a6977d1d5c94389e78c09d6b2edd41c9ef1439332716cc24a5e6843ba2e,1,1,0.02605,0.0072,gauss2,BP04_12MP_NL_JPEG.mat,2,2929.5
IMG_2101.jpg,a3bb0d78680025b29fa49147ad83e0de61051321972cacce51b2235ea9b400fd,1,1,0.027803,0.0072,gauss2,BP04_12MP_NL_JPEG.mat,2,3140.5
IMG_2102.jpg,8b571609026cab174cbf84201fd1544e2c80f0df4b0d4b070bccb79f440d6737,1,1,0.027114,0.0072,gauss2,BP04_12MP_NL_JPEG.mat,2,2715.0
IMG_2430.jpg,d583cb7d1ddd1f6d215b5f4912c44ae66474111c94422e6b193457049cad31cf,1,1,0.041822,0.0072,gauss2,BP04_12MP_NL_JPEG.mat,0,2893.1
IMG_2431.jpg,c78abf9f1c82b61aa1c92974bb936b47727d6f08eec57bca5f41ef7713b19bf2,1,1,0.046247,0.0072,gauss2,BP04_12MP_NL_JPEG.mat,0,3073.6
IMG_2432.jpg,830d6fbde159bfc43da3bea8e62d1bffa27584dc76abb67c2f376c1c14841a52,1,1,0.049244,0.0072,gauss2,BP04_12MP_NL_JPEG.mat,0,2781.1
IMG_2433.jpg,79af1a3f62e2ac5e0f0cd69ecebd88cf31f1586a212859c318449865b1532efe,1,1,0.044305,0.0072,gauss2,BP04_12MP_NL_JPEG.mat,0,2800.2
IMG_2434.jpg,ca77e703dc9e8c4d2f33965ca687ded7c6a51948b7951ca23332f3715aae64eb,1,1,0.046325,0.0072,gauss2,BP04_12MP_NL_JPEG.mat,0,4598.2
IMG_2435.jpg,7b373b8242e477b0109b53e5da73dfae9c03abde3dd0f3e3e1e081d2451b0729,1,1,0.041585,0.0072,gauss2,BP04_12MP_NL_JPEG.mat,0,3138.2
IMG_2436.jpg,2ba38c4c8321bb56a404a669f26474a9e5d477e31a78cf5f9224bb1628573276,1,1,0.043071,0.0072,gauss2,BP04_12MP_NL_JPEG.mat,0,2829.5
IMG_2437.jpg,9ba117312e35b2d589267bdaef70f83b030002b4206d1a16f461d13b967ab439,1,1,0.041454,0.0072,gauss2,BP04_12MP_NL_JPEG.mat,0,3264.8
IMG_2438.jpg,8702955c7f34b17dd3df5ddd3d7727df706d3bdcb5e7b4a84de3f00dd6088cca,1,1,0.048145,0.0072,gauss2,BP04_12MP_NL_JPEG.mat,0,2811.3
IMG_2439.jpg,9df74a3231d4cbda27315f617785a83ecb692fae3ea9e6bd6b85f3a995a10071,1,1,0.049092,0.0072,gauss2,BP04_12MP_NL_JPEG.mat,0,3002.4
IMG_2440.jpg,7f1ef9544ce656f847e2cb1c40936cd71b0b9777cca06bc82972b385afb5cb50,1,1,0.044778,0.0072,gauss2,BP04_12MP_NL_JPEG.mat,0,3082.5
IMG_2451.jpg,524d5c3fed51df962812516ce4e4c8fe9810ae1880cff97060e92e3bb496129b,1,1,0.043905,0.0072,gauss2,BP04_12MP_NL_JPEG.mat,2,2904.7
IMG_2452.jpg,cbb6ef0b6afed839af6fe8be89b8e35d5053ec14e12f5d98b8a7c8e7a439b0f1,1,1,0.043085,0.0072,gauss2,BP04_12MP_NL_JPEG.mat,2,3208.8
IMG_2453.jpg,19f127602c1277fe74f5a0e6e22ee51805cb12f47cc4b6122ab37279a6808776,1,1,0.045752,0.0072,gauss2,BP04_12MP_NL_JPEG.mat,2,2826.7
IMG_2454.jpg,c8c660aeb4e24c53d0f57ac895d031a8976e2b6fd55feb925f400f93afc23636,1,1,0.046268,0.0072,gauss2,BP04_12MP_NL_JPEG.mat,2,2982.1
IMG_2455.jpg,8f82277807ad23da84ec45f4425dd848bdd8b0e3a8f5333c27ad4fd353d7ab49,1,1,0.043175,0.0072,gauss2,BP04_12MP_NL_JPEG.mat,2,2666.6
IMG_2456.jpg,0716b33fef183633b81102e28228c120691ba6fc47ab522d2af349c607817d24,1,1,0.050332,0.0072,gauss2,BP04_12MP_NL_JPEG.mat,2,2804.5
IMG_2458.jpg,e0573f18428e1f9089f0a6d44dad58792890c272e7dce17ec6459335bd58815d,1,1,0.037211,0.0072,gauss2,BP04_12MP_NL_JPEG.mat,2,4935.8
IMG_2459.jpg,a8214f5de763400c3e2af86ac7b87c052fab4ffdb1cbbaf5ce6b4b2287f692bc,1,1,0.041624,0.0072,gauss2,BP04_12MP_NL_JPEG.mat,2,3193.7
IMG_2460.jpg,8f5a85a51efbd0fb222058889dced1d4804409a7dcd426cec262bd578b28547c,1,1,0.046322,0.0072,gauss2,BP04_12MP_NL_JPEG.mat,2,2867.3
IMG_2461.jpg,05017426315e679ebd25bbb3dba35bee88b807e385a4055bcfa540989aa64994,1,1,0.043729,0.0072,gauss2,BP04_12MP_NL_JPEG.mat,2,3112.8
IMG_2463.jpg,36ad9aa8fb6c85c0d301b2ff667ad2615bc92771689da56ba0fd7480cb230c16,1,1,0.04599,0.0072,gauss2,BP04_12MP_NL_JPEG.mat,2,2711.5
IMG_2464.jpg,57d0df116226161415a350c9d43c36dfbed15b1e75062726ae2684be8dfedc28,1,1,0.045905,0.0072,gauss2,BP04_12MP_NL_JPEG.mat,2,2844.3
IMG_2465.jpg,16e684bf70e281e8d7d2181408f2ba5420371f5a774e2a3aeffd0a7fe3206ac7,1,1,0.045882,0.0072,gauss2,BP04_12MP_NL_JPEG.mat,2,3010.5
IMG_2815.jpg,144143f38ea258c97980c3dc3bc39d9a4fac998505b2fab1bd31cf32ae1cbe02,1,1,0.020801,0.0072,gauss2,BP06_12MP_NL_HEIC.mat,0,2665.7
IMG_2816.jpg,473940a84fff6bdc7ada8addbaadff87373b1b458f1a57c6571f7d5f78c6db5a,1,1,0.02397,0.0072,gauss2,BP06_12MP_NL_HEIC.mat,0,2913.1
IMG_2817.jpg,8f427d27becb62e0ddbeb30263b6b27206e0ffe17b0b3f0bbe43b8f1c68105a0,1,1,0.020333,0.0072,gauss2,BP06_12MP_NL_HEIC.mat,0,2981.4
IMG_2818.jpg,f8f9222524ca47f78baa12b3a6260ae4c8bb03e875147eff42ce03668e60c707,1,1,0.021421,0.0072,gauss2,BP06_12MP_NL_HEIC.mat,0,2702.4
IMG_2819.jpg,e5abc0c200c8f922472b41b2d5b3c852c33afcfabbf076279aacd23216211af4,1,1,0.02038,0.0072,gauss2,BP06_12MP_NL_HEIC.mat,0,2837.5
IMG_2820.jpg,d4b79b0050b7f04d15747d7f3d0d92de8a95563bc23333a76ef85cf4a241a4e5,1,1,0.01849,0.0072,gauss2,BP06_12MP_NL_HEIC.mat,0,3051.6
IMG_2821.jpg,97bdc3d5b3ae6aac5c73db5f96b6e724cdaeb1c9177c926e869bfc5fa6e89a25,1,1,0.017492,0.0072,gauss2,BP06_12MP_NL_HEIC.mat,0,2699.6
IMG_2822.jpg,2aa515f825bd6938db6b1c94756b383e31fcbe37e0459d5ea89160b8ca1230a1,1,1,0.017104,0.0072,gauss2,BP06_12MP_NL_HEIC.mat,0,2759.8
IMG_2824.jpg,c58bada56c01cd0b986c29a89be8919449f0c745307ed2be3f14dbb48b73c4e6,1,1,0.024317,0.0072,gauss2,BP06_12MP_NL_HEIC.mat,0,2933.4
IMG_2825.jpg,1f61b9bf4479a771aa5a60e0642d94c8e193f58487113ffa4e01fbef07f7ff85,1,1,0.023456,0.0072,gauss2,BP06_12MP_NL_HEIC.mat,0,3010.3
IMG_2826.jpg,e4a720b73d7ecdab76a38cf63ab6505429cef991b8d4146aaa4159706d945aa5,1,1,0.026243,0.0072,gauss2,BP06_12MP_NL_HEIC.mat,2,4498.6
IMG_2827.jpg,bf555512c0cb746bba7c431e472e498d32e9f9a3f6a25f3823df4f1bd7a161c4,1,1,0.023035,0.0072,gauss2,BP06_12MP_NL_HEIC.mat,2,4511.3
IMG_2828.jpg,b4819556d27b9d82766e5ac69906c84c19cd4568c810f5014853b19bb8dd069b,1,1,0.031325,0.0072,gauss2,BP06_12MP_NL_HEIC.mat,2,2944.0
IMG_2829.jpg,6bcb85b12dcdad69d4591cd7299a205fdc4611c66c9f41b70144e8b79350b6eb,1,1,0.024371,0.0072,gauss2,BP06_12MP_NL_HEIC.mat,2,3075.3
IMG_2830.jpg,ea2b11178d531711145fda5b4f8e09e1db92a913aca826dcf888e749ce1849db,1,1,0.026704,0.0072,gauss2,BP06_12MP_NL_HEIC.mat,2,2632.5
IMG_2831.jpg,097cbc01df5a3f1dc71beaf5bd54c4c075375e36a8ec578cf77af02c1d59a14e,1,1,0.027534,0.0072,gauss2,BP06_12MP_NL_HEIC.mat,2,2854.5
IMG_2832.jpg,dc6bca9302f3e80f14a10db6b0762d4d2523319f8c649abd7734a1ffeb0cff47,1,1,0.024877,0.0072,gauss2,BP06_12MP_NL_HEIC.mat,2,3002.5
IMG_2833.jpg,573b1135f0c7058fe1d5f7ba0a7d15784d7b489d5069e2b84278e9d13440050b,1,1,0.020377,0.0072,gauss2,BP06_12MP_NL_HEIC.mat,2,3076.7
IMG_2834.jpg,8ef3af35d3eef6b9488873faf8780ffe039f69c6f49c299105c0ae4158c05992,1,1,0.022107,0.0072,gauss2,BP06_12MP_NL_HEIC.mat,2,2759.8
IMG_2835.jpg,21a662f336bbc8202eb4d881217e42e1e933e86a2d00a41dd3fcef3accafb138,1,1,0.026547,0.0072,gauss2,BP06_12MP_NL_HEIC.mat,2,5067.7
IMG_2872.jpg,0c9b489a2f2786436cfd91dbd70c419f14b4027dd805e0f6ab7407da9d29af8e,1,1,0.045627,0.0072,gauss2,BP06_12MP_NL_HEIC.mat,0,3890.3
IMG_2873.jpg,990bd63c35256e622601a4f64d19f70cd46eb9bd2731d100ee98200967332e9b,1,1,0.021243,0.0072,gauss2,BP06_12MP_NL_HEIC.mat,0,3181.6
IMG_2874.jpg,bcf25adec2610f95d5470d7cf276a060d61a94bed7e3093015043ea08b66ffa1,1,1,0.01816,0.0072,gauss2,BP06_12MP_NL_HEIC.mat,0,2939.0
IMG_2925.jpg,345a31a8c90f26ba2d0a422a2950bbf743b39ea510f138397acc98e7bf2e7303,1,1,0.022713,0.0072,gauss2,BP06_12MP_NL_HEIC.mat,0,3109.9
IMG_2926.jpg,6d21e1d4d54210d0e0bf74538f29858e55d169691cf125722bff7224d5fbfc8b,1,1,0.018133,0.0072,gauss2,BP06_12MP_NL_HEIC.mat,0,2684.1
IMG_2927.jpg,627a283d28bd9e413c791c692831cf360207b0f7c22f20f02a57cdcd3be47bba,1,1,0.020095,0.0072,gauss2,BP06_12MP_NL_HEIC.mat,0,2796.5
IMG_2928.jpg,06f61484a63d3c53851eea358f569bcf3e472b3520aca97ae493beccf6b4ff5a,1,1,0.014621,0.0072,gauss2,BP06_12MP_NL_HEIC.mat,0,3650.9
IMG_2930.jpg,9df0f1937de1c30a3604f280e279e5d688e3d1db437e0010b7f58678c4c6a331,1,1,0.050698,0.0072,gauss2,BP06_12MP_NL_HEIC.mat,0,5247.8
IMG_2931.jpg,14353e62e88a0f17d67521d51aa6d81af877b95ada95d6e0f9f9ae131a4ad0a1,1,1,0.022174,0.0072,gauss2,BP06_12MP_NL_HEIC.mat,0,3175.9
IMG_2932.jpg,f03d6b2235758f306334d6601bae5a13ab9bfe16d04af68178b13406f8207683,1,1,0.023948,0.0072,gauss2,BP06_12MP_NL_HEIC.mat,0,2806.7
IMG_2933.jpg,7a18960bf52468b04fd3390ada7e2b13f4947f8d0a2c070d368bd92c5e23401a,1,1,0.027555,0.0072,gauss2,BP06_12MP_NL_HEIC.mat,0,2888.0
IMG_2935.jpg,f6126ac10de269e41fba4b9ea15cee122db66e864248f4fb26a3e0ebf145ad6b,1,1,0.018393,0.0072,gauss2,BP06_12MP_NL_HEIC.mat,0,3233.4
IMG_2936.jpg,9b3ac4aebff42243519928c725e8196ad2a4a713b9fad0beead0261d297f8b49,1,1,0.015941,0.0072,gauss2,BP06_12MP_NL_HEIC.mat,0,2893.2
IMG_2937.jpg,a8d875e665b7a1ca5699266bf81db2729df1c004eeaf3771e6d5b0079b2f87e8,1,1,0.023337,0.0072,gauss2,BP06_12MP_NL_HEIC.mat,0,3201.1
IMG_2938.jpg,00289f2924cd507eb7904691308d6f56e1535c9d5875f3b791daae889a5bfa17,1,1,0.071727,0.0072,gauss2,BP06_12MP_NL_HEIC.mat,0,2788.8
IMG_2939.jpg,0925606f5d5b88eb38efc78f71c1c449f7f9c8efea099300c82e2f837a1b3886,1,1,0.020531,0.0072,gauss2,BP06_12MP_NL_HEIC.mat,0,2881.5
IMG_2940.jpg,8e25cb4591efb7def270c0e195e63ac993dbd045fa982585c8582958ff8b2cd6,1,1,0.08979,0.0072,gauss2,BP06_12MP_NL_HEIC.mat,0,3190.6
IMG_2941.jpg,e57ff7b1a2bf8a2adf53f224923ba8056ed74e65b6971860a944327792f1b9e5,1,1,0.085005,0.0072,gauss2,BP06_12MP_NL_HEIC.mat,0,2664.0
IMG_2942.jpg,75b4da60fdfe4fb234db72c140586dbaf8a11b0cd92a15de7899da77a25a57a7,1,1,0.075119,0.0072,gauss2,BP06_12MP_NL_HEIC.mat,0,2834.8
IMG_2943.jpg,d015954a65bd63e50a53d8f6f5cc8613fe1bcf7946c3ba6967474b55e83aeaab,1,1,0.013967,0.0072,gauss2,BP06_12MP_NL_HEIC.mat,0,3119.0
IMG_2944.jpg,d4dc5715d8b6025a7552d566db2d2bdd2054dce95604ddfb807e34d07c816863,1,1,0.027478,0.0072,gauss2,BP06_12MP_NL_HEIC.mat,0,2875.7
IMG_2945.jpg,b024ce982157391ef7b0bfac83caf5da72d33bf76e5743e4df97fd1b8ecfdfed,1,1,0.029148,0.0072,gauss2,BP06_12MP_NL_HEIC.mat,0,2958.3
IMG_2946.jpg,2808b090ddccb0e40d0b752800638afebfdbebdf805b45687a6936d14cfa4c55,1,1,0.032774,0.0072,gauss2,BP06_12MP_NL_HEIC.mat,0,3204.6
IMG_2947.jpg,ef9b818757530376b74547914d70cb0d9d978775e699dd28c16f2d387dafffc7,1,1,0.0098,0.0072,gauss2,BP06_12MP_NL_HEIC.mat,0,2827.6
IMG_2948.jpg,b13c8a6c6396cee4ba3e4615df3538672bcbdea30d617bb0ce3cbf50fc0743af,1,1,0.018188,0.0072,gauss2,BP06_12MP_NL_HEIC.mat,0,3784.1
IMG_2949.jpg,738fbb92b2a9308ae96199486b683c8320edfe4dcb27214d44c2ff54c86c8185,1,1,0.042625,0.0072,gauss2,BP06_12MP_NL_HEIC.mat,0,4807.8
IMG_2950.jpg,921407cc6091daed3c6c5ca3df4e7eb1b68bc2d356137f08954d49cfb16e072f,1,1,0.027542,0.0072,gauss2,BP06_12MP_NL_HEIC.mat,0,2991.7
IMG_2951.jpg,375b97ecd763e0c1ce9a03c643a76fd34195bbd1229634ffd19b75ecf5c30073,1,1,0.014526,0.0072,gauss2,BP06_12MP_NL_HEIC.mat,0,3070.9
IMG_2952.jpg,84944c5fd8aee4a7f66ec971c6152adfb9931680388d9e0c63eea4a354f9dc96,1,1,0.012225,0.0072,gauss2,BP06_12MP_NL_HEIC.mat,0,2664.5
IMG_2953.jpg,5c5d02884080fa8313026f48b85f928417b36ea224458986c9b49e7178b49b3a,1,1,0.01841,0.0072,gauss2,BP06_12MP_NL_HEIC.mat,0,2863.6
IMG_2954.jpg,73ddb5c0ed4519e306e9d9f58f9fff41dd570fb36ee9b203681c91be6c692826,1,1,0.030116,0.0072,gauss2,BP06_12MP_NL_HEIC.mat,0,5572.5
IMG_2955.jpg,520a8ca8377b0d68999ed5951a7e53e4c14e6ce225da5884aa4ceabd03d4f629,1,1,0.010704,0.0072,gauss2,BP06_12MP_NL_HEIC.mat,0,3424.4
IMG_2956.jpg,f3c8b40667b339327da15f21afb32f127d08e0e476ea59644c56ec17747fbaff,1,1,0.014415,0.0072,gauss2,BP06_12MP_NL_HEIC.mat,0,3192.0
IMG_2957.jpg,1e73b19767419e68743112b28518a05a7838a0f9871b40c98a41f4f00c764745,1,1,0.024432,0.0072,gauss2,BP06_12MP_NL_HEIC.mat,0,2665.9
IMG_2958.jpg,24f601119d0402dbaf92fc60fab26ba4394b45a7b3fc0894bf056b1ea51c5872,1,1,0.022379,0.0072,gauss2,BP06_12MP_NL_HEIC.mat,0,2810.5
IMG_2959.jpg,d9fcd5f1618b33265d7f7635f8798e988d627cc663be87de90d0677ed3a25a4e,1,1,0.014553,0.0072,gauss2,BP06_12MP_NL_HEIC.mat,0,3025.6
IMG_2960.jpg,c0147e8829c80a3f6a5d0e85ada1b54549e61b78cef9c5dce8c53e35246fb92c,1,1,0.026027,0.0072,gauss2,BP06_12MP_NL_HEIC.mat,0,2669.8
IMG_2961.jpg,1639e4b525a14b57f1a3ae064aa688d0b4859829a2919d4a9a6986a9311fb970,1,1,0.025807,0.0072,gauss2,BP06_12MP_NL_HEIC.mat,0,2929.8
IMG_2962.jpg,1ef1a7f170bc12912927c34cb14d0f279a8b399c9b439c1ff45a75e5aa250366,1,1,0.014078,0.0072,gauss2,BP06_12MP_NL_HEIC.mat,0,3327.8
IMG_2963.jpg,a295e3d8733bc64f2021cd6dc781e74dcc67af36b17cd16d16b1c4eb21f61789,1,1,0.014806,0.0072,gauss2,BP06_12MP_NL_HEIC.mat,0,2677.7
IMG_2964.jpg,dea2e84bfb4f84c10449394fe2e03560266eb46b47f69438123705d2f1689432,1,1,0.041274,0.0072,gauss2,BP06_12MP_NL_HEIC.mat,0,2894.7
IMG_2965.jpg,5ed897d3356181656937826f56d99809a9f1fdaab2defa39c11ac50ec31ade8d,1,1,0.020861,0.0072,gauss2,BP06_12MP_NL_HEIC.mat,0,4782.8
IMG_2966.jpg,9afe4fdeedbf7949fbb888431ea69d41651c097465bef10d857d8fcfbf72633f,1,1,0.03016,0.0072,gauss2,BP06_12MP_NL_HEIC.mat,0,3150.0
IMG_2967.jpg,3c6d590ba4292ac2b083cc3417acfe31f7da7c4c2d6a08d408098e9595200604,1,1,0.040571,0.0072,gauss2,BP06_12MP_NL_HEIC.mat,0,2824.1
IMG_2968.jpg,6bacfff4e60cb214f2fbf62fceca278ffeebf13ed2073982157a030b32b6ebae,1,1,0.017048,0.0072,gauss2,BP06_12MP_NL_HEIC.mat,0,3025.3
IMG_2969.jpg,49b3a156c9ca4dece6a691826dc52c07cde90c7dc3055132a2b181865b71f037,1,1,0.083073,0.0072,gauss2,BP06_12MP_NL_HEIC.mat,0,2689.8
IMG_2970.jpg,0041d8d820265369e00b0376eeb817bbe588a1cdf2ae9b6f7ee01e7d92349448,1,1,0.190317,0.0072,gauss2,BP06_12MP_NL_HEIC.mat,0,2749.7
IMG_2971.jpg,e608601b4c5e1d7d772070d572b1beb976c1c6334f9d865e77ac8f3de215097c,1,1,0.036917,0.0072,gauss2,BP06_12MP_NL_HEIC.mat,0,3606.8
IMG_2972.jpg,a26e4a8e3c2abb1930c2fa37490130342f129a2de57869682b56c37c75fb77db,1,1,0.084522,0.0072,gauss2,BP06_12MP_NL_HEIC.mat,0,5282.6
IMG_2973.jpg,5e998874afb6c56e416b557862c427b13c74de006fbc975f41d2d59c29b69212,1,1,0.043105,0.0072,gauss2,BP06_12MP_NL_HEIC.mat,0,3120.3
IMG_2974.jpg,b93a71da45c8b5b8411c171ac116eac6639ed64f94da3ceff83d808495ac8b3c,1,1,0.091978,0.0072,gauss2,BP06_12MP_NL_HEIC.mat,0,2652.4
IMG_2975.jpg,a801d5bf01bd5f111a1eae2a9407a4e283f58e4bcd0e6a614976d417cb53ad43,1,1,0.065366,0.0072,gauss2,BP06_12MP_NL_HEIC.mat,0,2835.9
IMG_2976.jpg,cad950e5757569cabdbffccbcb12527a08d7242cdcce18d4694761f6787acb17,1,1,0.036165,0.0072,gauss2,BP06_12MP_NL_HEIC.mat,0,3050.6
IMG_2977.jpg,b9fbfebcbf6d6fe44ade59b17760dbc076ab14d86b602471704e159c1520b235,1,1,0.029706,0.0072,gauss2,BP06_12MP_NL_HEIC.mat,0,2648.2
IMG_2978.jpg,b4a93fbd2333f8ef2a499197b6719499d7f268fc01c49d47ea2cdc3054b51646,1,1,0.04507,0.0072,gauss2,BP06_12MP_NL_HEIC.mat,0,2747.0
IMG_2979.jpg,98a777c93f65ccd3d14d42b3793d465d46439789ca08f4f73b9fabb69a8785d4,1,0,0.006883,0.0072,gauss2,,,2963.7
IMG_2983.jpg,8bd22ab70a50aaf11f1c1c33735c1803dc49e41d4cf161ecc1fc731c7bdab69f,1,0,0.0069,0.0072,gauss2,,,2992.2
IMG_2984.jpg,114572f6a015b1dc9df4da610a816805089ef8415beea10725c35e22038fae23,1,0,0.006539,0.0072,gauss2,,,2845.8
IMG_2985.jpg,897e34741f4aefc78a5f02be3fdb099695193716e8d8f53be6c4619ed325f8a9,1,0,0.005518,0.0072,gauss2,,,3108.2
IMG_2986.jpg,3aa141fd2af993ff132ddc1f4cc0cc041e458942fc216382ad3a51e824ab86dd,1,0,0.00699,0.0072,gauss2,,,2662.7
IMG_2987.jpg,6060fc6869253602028fd8db03480f39303674daa60f2437f8092f41003cfda4,1,1,0.015687,0.0072,gauss2,BP06_12MP_NL_HEIC.mat,0,2841.0
IMG_2988.jpg,b0d39e690d2e65898aaca1346e832763565a6f51c66277d273d645af7c4c86a9,1,1,0.012072,0.0072,gauss2,BP06_12MP_NL_HEIC.mat,0,3033.0
IMG_2989.jpg,f6eddc368fdd0bbe050151ea8e2d86f7a03e0cab22b619ed47bbf1f029b9aa24,1,1,0.011582,0.0072,gauss2,BP06_12MP_NL_HEIC.mat,0,2696.3
IMG_2990.jpg,6396589c49c7b60ed26c794da5373527b375e493724c9cf28469a34148f79edc,1,1,0.014939,0.0072,gauss2,BP06_12MP_NL_HEIC.mat,0,2889.9
IMG_2991.jpg,85bdf915ef1fdc263a33b1253454ebcc1723de9a3777f53a1b5a1eea78343773,1,1,0.007415,0.0072,gauss2,BP06_12MP_NL_HEIC.mat,0,2973.0
IMG_2992.jpg,4ad87dc534954df41369206d874df2ac79037bdb468c668b15e7ce2c2051bad9,1,1,0.008854,0.0072,gauss2,BP06_12MP_NL_HEIC.mat,0,2648.8
IMG_2993.jpg,9a2131f13ea908b18e5d82e62c93127590874f6a86942019c95ad2c938db5b6e,1,1,0.013493,0.0072,gauss2,BP06_12MP_NL_HEIC.mat,0,2818.0
IMG_2994.jpg,2dbb1c0d4a00c8908d7bfe74b07ce384f215497009e3786008f58382299f0624,1,1,0.014228,0.0072,gauss2,BP06_12MP_NL_HEIC.mat,0,2994.1
IMG_2995.jpg,9d7d757c29d63c884597948edb33683cd1d3165397ac6f4e4131f58827d73307,1,1,0.009524,0.0072,gauss2,BP06_12MP_NL_HEIC.mat,0,2643.2
IMG_2996.jpg,695ccf00f1f31ebe504fe1f0e4242180dc40fe9328bea37aa9e27d09d2dcf04e,1,1,0.008373,0.0072,gauss2,BP06_12MP_NL_HEIC.mat,0,2804.1
IMG_2997.jpg,cbea3fb4b085e689b3e336521d36def29b8da60e52dc9c3e23898b76fb63c740,1,1,0.008676,0.0072,gauss2,BP06_12MP_NL_HEIC.mat,0,2923.7
IMG_2998.jpg,201908beb8ac8c626e32856566a39c404896ff49d978f28a4aa6794e5b52e8dd,1,1,0.009269,0.0072,gauss2,BP06_12MP_NL_HEIC.mat,0,3024.3
IMG_2999.jpg,a36c6c60326196062c0a884257cb3134059d5374dfec31133bc243aa1432f028,1,1,0.023205,0.0072,gauss2,BP06_12MP_NL_HEIC.mat,0,2848.8
IMG_3001.jpg,7806b4255e48e44aeeaa24a8948d9c36dfc95a622d8e9ca82d96fd7a132f94a7,1,1,0.010612,0.0072,gauss2,BP06_12MP_NL_HEIC.mat,0,3073.3
IMG_3002.jpg,f807fff31d2c6f907e3849d3cab979b8428e322f38028f2c2bcad8eedde5a83e,1,1,0.010815,0.0072,gauss2,BP06_12MP_NL_HEIC.mat,0,2660.6
IMG_3003.jpg,60b09f0d7140d09c24ea06fa77936320aaa6bc43841b2d50e51403f55e008386,1,1,0.012453,0.0072,gauss2,BP06_12MP_NL_HEIC.mat,0,2759.8
IMG_3004.jpg,63080795038e47077d186135436fed4d1a10e598974af04e0f090a142d52d083,1,1,0.009518,0.0072,gauss2,BP06_12MP_NL_HEIC.mat,0,2990.8
IMG_3005.jpg,0a39c37e848e26741624b9a17350af9b52baee1c4646407b5f2a5f32ad61abc6,1,1,0.010451,0.0072,gauss2,BP06_12MP_NL_HEIC.mat,0,2860.4
IMG_3006.jpg,0fb6de8890931d9328c1d9eba7e42424f66bc8fbb9eece27d136968ebb40ee72,1,1,0.013849,0.0072,gauss2,BP06_12MP_NL_HEIC.mat,0,4464.7
IMG_3007.jpg,25d304e539d925e8e14a4bf72bd7629fb4eb5baaa762b1868d99e22d6fc4e4c9,1,1,0.015311,0.0072,gauss2,BP06_12MP_NL_HEIC.mat,0,5119.0
IMG_3008.jpg,31fe9f542a8bfb3f68ead64069993b508cfaed21195f8aa8bbb0067c0afbbbb7,1,0,0.004768,0.0072,gauss2,,,3326.8
IMG_3009.jpg,0a1d5688454b6ad102cc2620ebadd4c780370cec1f3701922b73399887923487,1,1,0.010828,0.0072,gauss2,BP06_12MP_NL_HEIC.mat,0,2731.5
IMG_3010.jpg,66f7b8a893d7c37e06d8b68aff8faebe2c9fa2c66634aa540cc4ff33648701c1,1,1,0.009711,0.0072,gauss2,BP06_12MP_NL_HEIC.mat,0,2951.0
IMG_3011.jpg,38b7ef94ba60e2bd4ac872d728f45b50344fb4128909c4298f744ac6a4c2617f,1,1,0.012194,0.0072,gauss2,BP06_12MP_NL_HEIC.mat,0,3409.6
IMG_3012.jpg,b1d831603bf0d72287172596bf904ee588610ef6ee39dc2622367de18684dec7,1,1,0.010578,0.0072,gauss2,BP06_12MP_NL_HEIC.mat,0,2765.8
IMG_3013.jpg,eb2b568dfdfe02e7da292473bb4a7f313d118c267fad2c863d8b6a659127e4f4,1,1,0.012124,0.0072,gauss2,BP06_12MP_NL_HEIC.mat,0,2988.4
IMG_3014.jpg,f1b34d30e8ca6d23c6be310326fdc202e2690e529ffe09b42d31dbfcce038bca,1,0,0.004812,0.0072,gauss2,,,4102.4
IMG_3015.jpg,b6c4275d42d0ce8743363ad1bfb19c97df35f58e0ecf6ab93ae80022fbaea2b1,1,1,0.010833,0.0072,gauss2,BP06_12MP_NL_HEIC.mat,0,4615.2
IMG_3016.jpg,eba150dc56cc4467096e412e073d0bf79531313914e5d8edea3ee77c9bd771bd,1,1,0.011765,0.0072,gauss2,BP06_12MP_NL_HEIC.mat,0,3368.1
IMG_3017.jpg,0361e9887737dcd5cb7f1d414f5343142840152d841c7304cd789658490c81b4,1,1,0.00853,0.0072,gauss2,BP06_12MP_NL_HEIC.mat,0,2970.7
IMG_3018.jpg,439dc95e469b9b9180dd6fbca4ed82e975dcdced68555e696d8385a37ff0a583,1,1,0.012544,0.0072,gauss2,BP06_12MP_NL_HEIC.mat,0,3427.1
IMG_3019.jpg,02ef93ce147e42c86860a1d6b73b250fba67f957b88565ff0e87a117953b0abb,1,1,0.009834,0.0072,gauss2,BP06_12MP_NL_HEIC.mat,0,2925.6
IMG_3020.jpg,1cf1a78e9090ea6ec630bef85db4f5b4bf4df6b33cb8d4834fee8993990f16cb,1,1,0.013859,0.0072,gauss2,BP06_12MP_NL_HEIC.mat,0,3212.2
IMG_3021.jpg,51d88eba1bb8bc39f945da4370e1c156cce7247a92c008c07bbe8e5a7b7a8b64,1,1,0.013611,0.0072,gauss2,BP06_12MP_NL_HEIC.mat,0,2917.5
IMG_3022.jpg,60c70870efc95cc9d5d4ee285674ee13e95310af05520f8242cd3ce0ca919b49,1,1,0.018273,0.0072,gauss2,BP06_12MP_NL_HEIC.mat,0,3077.8
IMG_3023.jpg,520b103e7e97cdce5678127714d9a0e1fe2298c0b5248341d03c10ebd2fedc7b,1,1,0.013144,0.0072,gauss2,BP06_12MP_NL_HEIC.mat,0,3166.5
IMG_3024.jpg,212fa88a2b4fdbf955d829c3deb74cfcce03d4b01aa84ec2f2e6ad7e9d1ce1ab,1,1,0.010533,0.0072,gauss2,BP06_12MP_NL_HEIC.mat,0,2946.5
IMG_3025.jpg,54d8f38161107621ffc2801c03a459e8994484ae5d2747b2220cae3099c6b4b4,1,1,0.012044,0.0072,gauss2,BP06_12MP_NL_HEIC.mat,0,3382.5
IMG_3026.jpg,2e94f6b20ecaa8b6af7cd9d482d12c5ce7b29f2c1b3e2cbe5c856a490d36ce53,1,1,0.009457,0.0072,gauss2,BP06_12MP_NL_HEIC.mat,0,3001.3
IMG_3027.jpg,2f7b655e219ba41bfa8256b6da5befbafe9458b0a065ab917f9e1ab84db342c9,1,1,0.009777,0.0072,gauss2,BP06_12MP_NL_HEIC.mat,0,4657.8
IMG_3028.jpg,e1a38144b566016d7fd916f92ec91fc31c77e1ede7c949ef6ad24a2123a00274,1,1,0.011638,0.0072,gauss2,BP06_12MP_NL_HEIC.mat,0,3170.2
IMG_3029.jpg,489ea540e57b198546d24d450b42f541eecc1860673be6054526e7f7a91c4191,1,1,0.012519,0.0072,gauss2,BP06_12MP_NL_HEIC.mat,0,2875.5
IMG_3030.jpg,68aa13c2f5a7ce52a4d21e15a7220b7973aa1de1774cc3a54a6bec780d1432b4,1,1,0.009485,0.0072,gauss2,BP06_12MP_NL_HEIC.mat,0,3141.0
IMG_3031.jpg,12ddccc7007a676f228a9d134f9104c2d1d97b569edc81fb60b749abe191e765,1,1,0.011447,0.0072,gauss2,BP06_12MP_NL_HEIC.mat,0,2687.5
IMG_3032.jpg,577af32d2888a844ac10235d731e000286028570fbdae8b9655686b5d4bcca5a,1,1,0.018146,0.0072,gauss2,BP06_12MP_NL_HEIC.mat,0,2799.2
IMG_3033.jpg,6d3f2d91db4822446672016299e59e65e54c11a2e92e1b1c53abfe463672c9a9,1,1,0.014534,0.0072,gauss2,BP06_12MP_NL_HEIC.mat,0,2995.7
IMG_3034.jpg,7fed10e82013e5feca496ee0f06faf8f4b40a9f9c9ac9aadf30f078b05fdabd0,1,1,0.012552,0.0072,gauss2,BP06_12MP_NL_HEIC.mat,0,3087.5
IMG_3035.jpg,c88206b08b682454e4b6b2245ace08328273602b4c083a3ada89400ae1d82b99,1,1,0.011875,0.0072,gauss2,BP06_12MP_NL_HEIC.mat,0,2937.5
IMG_3036.jpg,7585936d6a50fd5ae815c2ef7da1a9d93c1a40bd6191f5a28d08973f147e2000,1,1,0.007514,0.0072,gauss2,BP06_12MP_NL_HEIC.mat,0,3151.2
IMG_3037.jpg,82df7649ff5380f29d62b591af1ba77ffa3f6303abbc8f76156b5c4dfe8efb1a,1,1,0.007398,0.0072,gauss2,BP06_12MP_NL_HEIC.mat,0,2718.3
IMG_3038.jpg,dc89f95a420c97b729e4f53788be952715a0df4852e0255ddae6584306af516f,1,1,0.008769,0.0072,gauss2,BP06_12MP_NL_HEIC.mat,0,2904.2
IMG_3039.jpg,3c8a2af3a698379daa364c7381b9a63284dd8ea8c2e58e9f5def648560f2914a,1,0,0.006164,0.0072,gauss2,,,2990.1
IMG_3040.jpg,829699e58bcfd566fbbb22e79c7b1a9fc3fc3d7ccd12e8563fe5489b1c218faa,1,1,0.022393,0.0072,gauss2,BP06_12MP_NL_HEIC.mat,0,2639.4
IMG_3041.jpg,d50c4aaa4cf0277c457ad8fa716598b205f873a35c33d36d36262827bcf01f49,1,1,0.020804,0.0072,gauss2,BP06_12MP_NL_HEIC.mat,0,2861.5
IMG_3042.jpg,bb8a5a76ea54f01ed8cdbf4972d56a2cc152a721c40932a234150abea5c0c4b5,1,1,0.021692,0.0072,gauss2,BP06_12MP_NL_HEIC.mat,0,3013.7
IMG_3043.jpg,4df57e007aaaf22086b1ea7c7aec767571f0b3a020eb747d3fc75522b3df49fd,1,1,0.022194,0.0072,gauss2,BP06_12MP_NL_HEIC.mat,0,2639.5
IMG_3044.jpg,b07f3b4ccc25719d1cd02101f8a4692321686d3310d3c35c269c0896e2970b3a,1,1,0.020279,0.0072,gauss2,BP06_12MP_NL_HEIC.mat,0,2824.2
IMG_3045.jpg,8df9b1db062b6f4c8b2a037c174a5f26aeadff24e3c83219dfd7325bea1ed693,1,1,0.021385,0.0072,gauss2,BP06_12MP_NL_HEIC.mat,0,2947.9
IMG_3046.jpg,44b73af5c16f5b55911f599b84cd17545e27fc3931199a8a643cdf54cacf2c3e,1,1,0.020903,0.0072,gauss2,BP06_12MP_NL_HEIC.mat,0,5362.4
IMG_3047.jpg,46f4349a0552405c7b8ef3d1ebe614b7b9046d3f877712165839440edaefcb7e,1,1,0.018501,0.0072,gauss2,BP06_12MP_NL_HEIC.mat,2,3396.5
IMG_3048.jpg,a4ff31a6d05bd386fc27f40015c24ce15baca9aa751256489baf457ff951b2c1,1,1,0.018836,0.0072,gauss2,BP06_12MP_NL_HEIC.mat,2,3070.4
IMG_3049.jpg,fef9817ff6c5724a52b2978f54e06b03bc68a07078b58f1542581a0b88b2bb29,1,1,0.019539,0.0072,gauss2,BP06_12MP_NL_HEIC.mat,2,2686.7
IMG_3050.jpg,1b42140f269414146d57ab7871e0b9272a93eda63147c509927882bd9a9f906a,1,1,0.019639,0.0072,gauss2,BP06_12MP_NL_HEIC.mat,2,2791.8
IMG_3051.jpg,62bfb2841316bd0ac8e6fd41ddcaec76bc195a4737c36da69bae3e6bb689dc27,1,1,0.022685,0.0072,gauss2,BP06_12MP_NL_HEIC.mat,2,3008.4
IMG_3052.jpg,ff0fb44e8a0d5934e2aca8ed5474be482d820ac17f49d96b01bf7c0c2bfb97b1,1,1,0.017299,0.0072,gauss2,BP06_12MP_NL_HEIC.mat,2,2675.0
IMG_3053.jpg,01415cfa4ec499bce0758aa58ad7350ec12d5f2ddb6308dc4a07fc0bf47d2fa7,1,1,0.019671,0.0072,gauss2,BP06_12MP_NL_HEIC.mat,2,2866.9
IMG_3054.jpg,d8d84f67444cf5dfb8c4486c2a386c00ac026ad74ca6754970c9e411973f673f,1,1,0.020653,0.0072,gauss2,BP06_12MP_NL_HEIC.mat,2,3025.3
IMG_3055.jpg,51c5f9e05e83eeb6445d70e0979e4340ed7e0b1e07e7d991b25b7b986cf4079f,1,1,0.021302,0.0072,gauss2,BP06_12MP_NL_HEIC.mat,2,2642.9
IMG_3056.jpg,06681855aab6e692eac399515948e0488717b59e406d9d895c7f49964a938570,1,1,0.021406,0.0072,gauss2,BP06_12MP_NL_HEIC.mat,2,2835.1
IMG_3078.jpg,eb84f87d6789248bab0e593f88a4ef79bc2e2227d916b6d9c3a4b08aed5e2929,1,0,0.001462,0.0072,gauss2,,,3006.2
IMG_3095.jpg,8a851064a388d1fad7c3c796c4cecdb9f47f3a716428def5156212730cb47b7c,1,0,0.001141,0.0072,gauss2,,,2665.7
IMG_3131.jpg,5068d80eb1d87ad7eb419235fa40f5c424c8989f0f4d27d234c7ef672f3d1d09,1,1,0.089826,0.0072,gauss2,BP06_12MP_NL_HEIC.mat,0,2924.1
IMG_3132.jpg,ab5296ff10adc01f7077f7a05409fd559673ee618f1a89fcf8bc3809b8ab2c3b,1,1,0.012994,0.0072,gauss2,BP06_12MP_NL_HEIC.mat,0,2955.3
IMG_3136.jpg,8cab419f6626edb75e7d14c5e7b45ab04730e1dbcd4f6560dfd9483493923885,1,1,0.015254,0.0072,gauss2,BP06_12MP_NL_HEIC.mat,0,2672.0
IMG_3137.jpg,4f4599f4aa6402e0371dd60bc5b446e44f70d6bf3b15aa53302859f64945e4db,1,1,0.013754,0.0072,gauss2,BP06_12MP_NL_HEIC.mat,0,2789.3
IMG_3138.jpg,542e362a81ca536c1c78a5ff7739adae3a1d96de6da5197941a397e7f020b81e,1,1,0.051502,0.0072,gauss2,BP06_12MP_NL_HEIC.mat,0,3712.1
IMG_3139.jpg,aac1ed2090cd4753175ec3bdf2039d74b3b5350214388e640eb86f061a514d29,1,1,0.013707,0.0072,gauss2,BP06_12MP_NL_HEIC.mat,0,5013.9
IMG_3143.jpg,ed7ffb85d21756b56c44684c7de686548f15dc2f1b2a334736c73728dfa6ed16,1,1,0.018079,0.0072,gauss2,BP06_12MP_NL_HEIC.mat,0,3139.3
IMG_3144.jpg,058414f6328aa44cb09208167139579b550f8e8f82613f8bdacbff65c69c8957,1,1,0.01264,0.0072,gauss2,BP06_12MP_NL_HEIC.mat,2,3106.4
IMG_3145.jpg,83755892cee8850fbe68580e9e8fcc08098c0a957535cc1b75f0397841ea0677,1,1,0.026934,0.0072,gauss2,BP06_12MP_NL_HEIC.mat,2,2924.9
IMG_3146.jpg,5f1384635f5e153d0a06b2522fe263d2c07e99508dc80386828a602637fd986e,1,1,0.027486,0.0072,gauss2,BP06_12MP_NL_HEIC.mat,2,2906.2
IMG_3147.jpg,b56b283f9591642dd7c97b99b7c98a01f70ef892d7e3ee3aae67a40142a7e3b0,1,1,0.018652,0.0072,gauss2,BP06_12MP_NL_HEIC.mat,2,2622.3
IMG_3148.jpg,1ea8cf41c63f84d429ac59b3ae30f46dc5e54942ba3341771d7c6b37b21a3233,1,1,0.017363,0.0072,gauss2,BP06_12MP_NL_HEIC.mat,2,2826.2
IMG_3149.jpg,e734c1962fa5888e685f7b85fbcc3484faef725b6d67be5b46af75fdfb9833a6,1,1,0.016737,0.0072,gauss2,BP06_12MP_NL_HEIC.mat,2,2979.2
IMG_3150.jpg,04ab501b6ee12fd274541b3e234608c181f72a4bbc7c7dd4576cdcad2b0117fc,1,1,0.097539,0.0072,gauss2,BP06_12MP_NL_HEIC.mat,2,2666.6
IMG_3151.jpg,11cb79c61aafac8c5d1c4fbd1bb1420b6c6b6401df28238618b0a988528b2ae6,1,1,0.011212,0.0072,gauss2,BP06_12MP_NL_HEIC.mat,2,2809.2
IMG_3152.jpg,fcae43405a33e24747ab6d849ca7f400b44d58f697120533097452a5d1eb721e,1,1,0.016746,0.0072,gauss2,BP06_12MP_NL_HEIC.mat,2,2980.6
IMG_3201.jpg,230f587009c677cd0d0fd22aa9bcb1d8d0db8316429c2591efc757e27cab2bd5,1,1,0.057952,0.0072,gauss2,BP06_12MP_NL_HEIC.mat,0,3041.1
IMG_3202.jpg,e0d11f5f8dd7e30f1908dc19e275587d343d0ad57a0ef190f668203c4ab85005,1,1,0.087464,0.0072,gauss2,BP06_12MP_NL_HEIC.mat,0,2914.4
IMG_3203.jpg,632605414ee859ee8b2da5d91db8e760d6a91a831dc4ea2bb5660d52b4220d62,1,1,0.034773,0.0072,gauss2,BP06_12MP_NL_HEIC.mat,0,4307.7
IMG_3222.jpg,414b1ecd6274fbf6d77260ddd106510e3b83f5892688759fe92e5d087e925b39,1,1,0.035721,0.0072,gauss2,BP06_12MP_NL_HEIC.mat,2,3239.6
IMG_3475.jpg,43df4c5dae275f367bfa4012e30441c482d074937974b6650a378b34cd43799c,1,0,0.002212,0.0072,gauss2,,,2729.0
IMG_3476.jpg,a1ebd97aa9a2efe2d769dbe37a67299cbd662d9db1d2a6bc108b087553bf5a0d,1,0,0.003908,0.0072,gauss2,,,2931.5
IMG_3477.jpg,073f782d5eac151ce9c613f0ff4893655cc07bbfbc5958af25ab4bed419ff2cf,1,0,0.00301,0.0072,gauss2,,,3044.6
IMG_3478.jpg,3bf575fb3a27eabc843493b66e4bace54f2695a80618156ebf99a76aff0cf238,1,0,0.004311,0.0072,gauss2,,,2701.7
IMG_3479.jpg,ce08f3febb02ebfa4f86e08b2d37d2ce6a1023deb3771425501afb697f519785,1,0,0.003363,0.0072,gauss2,,,2877.6
IMG_3480.jpg,d8efd1498c57a72ec795533e30bc59c14966b7b3de127977221daa962a6ee075,1,0,0.004246,0.0072,gauss2,,,5484.4
IMG_3481.jpg,0d8634befd34ef5ddcda9e24c61455d7c624e6ac92f167fc47dbb0e540b99130,1,0,0.003819,0.0072,gauss2,,,3495.9
IMG_3482.jpg,16cb26d0b4232382c0e90bc37a1485b68a9605dc93371ad4b3a64bc66591d49d,1,0,0.002876,0.0072,gauss2,,,2918.7
IMG_3483.jpg,e6139c9e0859be9bbda6a25f173e8d8ae0fdda365e2c154e7bbfc49e52cc12fc,1,0,0.003779,0.0072,gauss2,,,2639.6
IMG_3484.jpg,7b86f90a7e7c7f7213e9cb32564c48ef4bb85d0d03d887aa02bb737032f1eb02,1,0,0.003345,0.0072,gauss2,,,2827.2
IMG_3485.jpg,cd3a427db45332c57b1e2f843eff4fb1294d320aa8e4d9c68cf672564f25478e,1,0,0.002713,0.0072,gauss2,,,3021.9
IMG_3486.jpg,e42642fac2d406061b58cb7fb7123782d5d41bb69f4ab3c95d8eae5b54dafb14,1,0,0.003399,0.0072,gauss2,,,3038.8
IMG_3487.jpg,afa4876bae7347a3cbcf2e11da47fb4addedb834454200cb742160959c60583b,1,0,0.004397,0.0072,gauss2,,,2910.5
IMG_3488.jpg,b2965a8cc43d7d9cc5492f300ee5413a97245a94863e289f9ea15065e420768e,1,0,0.002499,0.0072,gauss2,,,3064.9
IMG_3489.jpg,4ba8f0f7d51989b6510c4bab43f32f0d6b3c1eb73bab2b2dbab13fc752ef7ffc,1,0,0.002593,0.0072,gauss2,,,2687.4
IMG_3490.jpg,a37b5fc94a768d352180860e1501117f700eba471f6ffc9c27842f2776f426fc,1,0,0.001612,0.0072,gauss2,,,2850.2
IMG_3491.jpg,0c3fefed742adcc4152a25bb66f54a9af3d37df4cb1d5070ed6b0dc36189d432,1,0,0.004356,0.0072,gauss2,,,2972.8
IMG_3492.jpg,91becb0cdfb18ecd834344f7d04bffa6aaa9c3c0f9b8e98ca4e7e99ebaa11e59,1,0,0.003449,0.0072,gauss2,,,2628.9
IMG_3493.jpg,795e34b92ad75e45c3dab1a925d91cb21f91f61cda4648286c5f41fd429e18a5,1,0,0.003003,0.0072,gauss2,,,2812.7
IMG_3494.jpg,cab833742a20517869b97e72329f7b82ecab1c719dfd7bd13be8fa775faabe78,1,0,0.002795,0.0072,gauss2,,,3025.0
IMG_3658.jpg,4cb351698137db4592b7680e76ea0f474ee76635c6cafd7e9472bf1f259d582a,1,1,0.018955,0.0072,gauss2,BP06_12MP_NL_HEIC.mat,0,3070.7
IMG_3659.jpg,d834bfa07f5e712cac0d417997f19eabf6b3bb6a68fe4bae1a002618d98eb012,1,1,0.017573,0.0072,gauss2,BP06_12MP_NL_HEIC.mat,0,2914.2
IMG_3660.jpg,9372f23bca88872a1edc676f8763c1d7068df321feed0bec8ae3846585aea536,1,1,0.018843,0.0072,gauss2,BP06_12MP_NL_HEIC.mat,0,2941.4
IMG_3661.jpg,c9de586b7bc7ed0a6c407213b20f76d4ca0a12b70bb81a111da5d49bd6d2920d,1,1,0.019898,0.0072,gauss2,BP06_12MP_NL_HEIC.mat,0,5693.1
IMG_3662.jpg,51654cc0f47c5ec561bb896586f577fd00803696059ea9517a2fffb7f745efa7,1,1,0.01921,0.0072,gauss2,BP06_12MP_NL_HEIC.mat,0,3366.9
IMG_3663.jpg,8efb4e8c9bf9542a1239d01738d5eb2dac232dbc68d9fc8bff0eacf5dcb5429c,1,1,0.018632,0.0072,gauss2,BP06_12MP_NL_HEIC.mat,0,2836.9
IMG_3664.jpg,86dca17231ec4c3d23c086ca5c17a138d81a9a46efed82de0d15e6cbd28000fc,1,1,0.020641,0.0072,gauss2,BP06_12MP_NL_HEIC.mat,0,3023.8
IMG_3665.jpg,fa856a0d177817764e98dd82dfe5f3fbb036cde45c0a57879aeb3effdefa3b12,1,1,0.017408,0.0072,gauss2,BP06_12MP_NL_HEIC.mat,0,2631.8
IMG_3666.jpg,5325e383b96cdd469fc6ddae1cad2746d78dbb25a7446328ba471ed217a8a83a,1,1,0.018547,0.0072,gauss2,BP06_12MP_NL_HEIC.mat,0,2823.9
IMG_3667.jpg,49cec0deee2404139bdc6f2e2932d8e42758f746d70d27c3e5aef8388a5460c6,1,1,0.019872,0.0072,gauss2,BP06_12MP_NL_HEIC.mat,0,2971.0
IMG_3668.jpg,494d1d2ef4f51634eb18051ed5b0e305ea2727481668d807d5ed60a16213aa39,1,1,0.020769,0.0072,gauss2,BP06_12MP_NL_HEIC.mat,2,3045.2
IMG_3669.jpg,d3fcae2b03cb6ce92d736149e127a8577400cf30ea31cab06c008e436cb587ff,1,1,0.021524,0.0072,gauss2,BP06_12MP_NL_HEIC.mat,2,2789.4
IMG_3670.jpg,468c79aa8e2e134a0fe1363599f3b78b7f9722a232beedacd79dfb96c5abeac4,1,1,0.021738,0.0072,gauss2,BP06_12MP_NL_HEIC.mat,2,3069.0
IMG_3671.jpg,c816acde04bb7df5262f8108e6dcec691ad71006337fb1ada4b7d4d9c25d3d93,1,1,0.020822,0.0072,gauss2,BP06_12MP_NL_HEIC.mat,2,2718.9
IMG_3672.jpg,3c888a74704c8fe4c2cededea8a851cdfe5d0aad31a041ba54cc899f2d352786,1,1,0.020112,0.0072,gauss2,BP06_12MP_NL_HEIC.mat,2,2911.2
IMG_3673.jpg,698fecd7bf58540da99173f4d3983d253d38cf061a22ea4f3ca8637abf99704b,1,1,0.020135,0.0072,gauss2,BP06_12MP_NL_HEIC.mat,2,2914.0
IMG_3674.jpg,71279496d16df49df03e68dc7035d78179bbeb24fdd01d203f0a3596801baee8,1,1,0.019743,0.0072,gauss2,BP06_12MP_NL_HEIC.mat,2,2751.6
IMG_3675.jpg,84fd29b17b156e914484c5edb0736a6b3a09c753f0ab060ee5381b16bd0cabf2,1,1,0.020425,0.0072,gauss2,BP06_12MP_NL_HEIC.mat,2,2864.9
IMG_3676.jpg,26ac970b832b6a8213f1c97e3c74c54167d1aa12548db0509a209b581d7289ef,1,1,0.01937,0.0072,gauss2,BP06_12MP_NL_HEIC.mat,2,3105.2
IMG_3677.jpg,6fc255d3b90023e41bd16363b99fa49f7461b175a1870fc92d6c4511e7c9ff03,1,1,0.021157,0.0072,gauss2,BP06_12MP_NL_HEIC.mat,2,2693.2
IMG_4614.jpg,74b995b2b7a283202a4cf682a6137a66ea980cc31de3d3de73b9c4ee14168329,1,0,0.006725,0.0072,gauss2,,,2786.8
IMG_4615.jpg,8f2db420628991edfcf77e9aac8bbfc551a76e418e92b28e6bf4702193180bd6,1,1,0.007235,0.0072,gauss2,BP05_12MP_SLM_HEIC.mat,0,3032.8
IMG_4616.jpg,dbadd98e35a44e9177ddbf272de7a5574aa3088a506b06ed6699c7b03c8a49b9,1,0,0.006366,0.0072,gauss2,,,2725.0
IMG_4617.jpg,44749d85069c195e560e84c114af8f0c9e7a82d2a7d3fd1f03f35204d4116c4f,1,1,0.008564,0.0072,gauss2,BP05_12MP_SLM_HEIC.mat,0,2843.8
IMG_4618.jpg,fe9ff4b84d7d6ffa09b4e3a7b7fc541255aefa07a71380b6a708a9f8453fc1ac,1,0,0.00698,0.0072,gauss2,,,3035.7
IMG_4619.jpg,ea3e057b82e3428020cf84ad4a2ba637b9db427e01443d44f61d7cea40cbf7b6,1,1,0.007258,0.0072,gauss2,BP05_12MP_SLM_HEIC.mat,0,2643.7
IMG_4620.jpg,31ef4bbc3e3d97aa7f6435d632c723648b4d4d53d61cd0da156d0f3bd34a570b,1,0,0.007127,0.0072,gauss2,,,2873.6
IMG_4621.jpg,48b30c3d07e60f12c97b4ad6f645483544dcbb414bf6e6c92c558ffc2c8f2006,1,1,0.007852,0.0072,gauss2,BP05_12MP_SLM_HEIC.mat,0,3028.7
IMG_4622.jpg,22a45eb307c0735c464f12a644534b127c36c20bc606f3f663dcb415ff737aba,1,1,0.00764,0.0072,gauss2,BP05_12MP_SLM_HEIC.mat,0,2663.0
IMG_4623.jpg,27d0e241642a378634bf95c5fbff9d21994427669871d4e9acbc472abae1768d,1,1,0.008565,0.0072,gauss2,BP05_12MP_SLM_HEIC.mat,0,2899.5
IMG_4624.jpg,67fd175c6abe6ebca7dd657673d80ddd83622d72c0e710e2d8fecd66308c3305,1,1,0.009792,0.0072,gauss2,BP05_12MP_SLM_HEIC.mat,2,3014.0
IMG_4625.jpg,7a04fe3a94e928e71f0fdb09e302bca33ccd640a24c49d6e9c8682a11ca46121,1,1,0.013706,0.0072,gauss2,BP05_12MP_SLM_HEIC.mat,2,2618.8
IMG_4626.jpg,9ab6b843e09504796f9d1962a091a31b55749e5d3a9da3445fb55d504372f81c,1,1,0.012869,0.0072,gauss2,BP05_12MP_SLM_HEIC.mat,2,2817.9
IMG_4627.jpg,98ada2bec50fa7d823419cf10ff95da579d28bd3e611f1d829d132997e196649,1,1,0.013977,0.0072,gauss2,BP05_12MP_SLM_HEIC.mat,2,2986.6
IMG_4628.jpg,2931cee46c6834265a82e4fd417961305cdfbb76192c34410f0f9fb2a7edc641,1,1,0.014771,0.0072,gauss2,BP05_12MP_SLM_HEIC.mat,2,4436.1
IMG_4629.jpg,bb9d77f84416c5ed9cb541c3004f6aa70f3d184b0e02c858bc6cc2b72bdf2346,1,1,0.012905,0.0072,gauss2,BP05_12MP_SLM_HEIC.mat,2,2758.0
IMG_4630.jpg,752f2695a63a91d8bc91e001e158a64ebe3ca70fd594a3c80877fae22c99a024,1,1,0.01241,0.0072,gauss2,BP05_12MP_SLM_HEIC.mat,2,2834.9
IMG_4631.jpg,d32ccdb0450354003e7e8be7f94be269d3395c9685942841e81bf97b39f876c4,1,1,0.011791,0.0072,gauss2,BP05_12MP_SLM_HEIC.mat,2,3099.6
IMG_4632.jpg,7b59f3e422b183041274a57e7b01ea470cadedebc64170e80c2654aa40570dd4,1,1,0.01258,0.0072,gauss2,BP05_12MP_SLM_HEIC.mat,2,2650.3
IMG_4633.jpg,83b1257ca4de8ab2a8a8f4fe8d4c8613d528abab89f986cec0c504029c7b0c58,1,1,0.012426,0.0072,gauss2,BP05_12MP_SLM_HEIC.mat,2,2776.1
IMG_5533.jpg,6b3dc9d88a7716ff3367e618b126e599cef256392367a42341d7a268b73b27f4,1,0,0.006884,0.0072,gauss2,,,2980.6
IMG_5534.jpg,0cb8082176b44fd46138aa99e256c78e0d1853d508298b6386acd75fa972e505,1,0,0.00493,0.0072,gauss2,,,3061.3
IMG_5535.jpg,d80d16eb03a4cb52e195dea9cff508529c8b5410b0798530a3c07417fdda8bbf,1,1,0.015226,0.0072,gauss2,BP05_12MP_SLM_HEIC.mat,0,2908.0
IMG_5536.jpg,319416797420d260557d5a27f21dddd1771ebba4ff718f83b6f76551e6a7538c,1,1,0.011251,0.0072,gauss2,BP05_12MP_SLM_HEIC.mat,0,5072.2
IMG_5537.jpg,57ef06fb59572b5d83722125c97ccea68c7860aa8c3f81b7b0e92b74f82e18b8,1,1,0.011561,0.0072,gauss2,BP05_12MP_SLM_HEIC.mat,0,2895.2
IMG_5538.jpg,179eb1536dc7e326e6c912a3605cfc0a1dfc0f9a5176d8175fd4376469eddac5,1,0,0.006129,0.0072,gauss2,,,2911.3
IMG_5539.jpg,753a6853fdc903200b64c4d6428e49b34064abab8e859992d47445830c2c426d,1,1,0.00855,0.0072,gauss2,BP05_12MP_SLM_HEIC.mat,0,3326.9
IMG_5540.jpg,bef5e4803c37e5f227de99b4c8d982e9e9d59d385f737f6958cfdc007f46aa80,1,1,0.008883,0.0072,gauss2,BP05_12MP_SLM_HEIC.mat,0,2632.4
IMG_5541.jpg,9b753b14ff993f66256d90d39def11db2bf3cd22d7c597883d3bc0e5db37a5e8,1,1,0.035321,0.0072,gauss2,BP05_12MP_SLM_HEIC.mat,0,2821.2
IMG_5542.jpg,26f7f5344a8ceeb8232a84ff2d33c4d78e9ea86a09a92d6737f6910ae37b9fcf,1,0,0.003708,0.0072,gauss2,,,3016.2
IMG_5543.jpg,9ed9ba4d5daf73689640a5dde80139657725ae94b1b3c45eade38eda53c83135,1,1,0.013548,0.0072,gauss2,BP05_12MP_SLM_HEIC.mat,0,2701.4
IMG_5544.jpg,b64215fa5f38dfc5d6bbfc9750b47016545b18b9d4f24d266e3bf9d2b310daea,1,0,0.002796,0.0072,gauss2,,,2764.5
IMG_5545.jpg,1b687d04c5f1efe52338ab773e79f30ee0211828c7be4b36fd5ffc7a7a0f4850,1,1,0.010394,0.0072,gauss2,BP05_12MP_SLM_HEIC.mat,0,3037.5
IMG_5546.jpg,97a6c2aada514c87f0ada464aaec83635de3e67d066ce909490411df202e200f,1,1,0.033601,0.0072,gauss2,BP05_12MP_SLM_HEIC.mat,0,2655.7
IMG_5548.jpg,01ed33e55f7821f976cc932c84a19435bb0ef6fa7c82a578924b4b61164489f6,1,1,0.016691,0.0072,gauss2,BP05_12MP_SLM_HEIC.mat,0,3106.7
IMG_5549.jpg,04d64df202cb6b7fbaff0146037faa4053699f3df24a7ad39954483dffcb80c5,1,1,0.032447,0.0072,gauss2,BP05_12MP_SLM_HEIC.mat,0,5279.3
IMG_5550.jpg,d2a3ad0280c03b98c64266fa5cc307c9fb03937a83e7f21a0e33800bae0027d7,1,0,0.002429,0.0072,gauss2,,,3221.0
IMG_5551.jpg,c4b65c863700a27bf1177666f83a832f21243d1a2bf9efc62b01e87edba367ab,1,0,0.002441,0.0072,gauss2,,,3369.6
IMG_5552.jpg,dc11de42646bc4a228788e8234e4909d35313d10ba1d49d6e5d21417bf84cdec,1,1,0.007973,0.0072,gauss2,BP05_12MP_SLM_HEIC.mat,0,2641.5
IMG_5553.jpg,1d906d361c985df7a517ca67650ef98db6d27894c7441e2ef0c745ce27168781,1,1,0.007497,0.0072,gauss2,BP05_12MP_SLM_HEIC.mat,0,3068.7
IMG_5554.jpg,98c13d828fad83cf001f221973f2922eccc6406e84a1f22bd6a798c9e9ffeff0,1,0,0.005977,0.0072,gauss2,,,3056.8
IMG_5555.jpg,e00f18d843b1f5ece1bab86639a6c90a10c5d0b05a85fbe9cc6a873cf0391db7,1,0,0.00714,0.0072,gauss2,,,2628.0
IMG_5556.jpg,998b7e1e622dbf31887a831adaa68e39b8346b0354d34e0a22e8a4eb23a9024f,1,1,0.013956,0.0072,gauss2,BP05_12MP_SLM_HEIC.mat,0,2749.5
IMG_5557.jpg,2b2aab875259ff2fb507332595d008a1aed94351dd07bb7335e3254875f9475c,1,1,0.022051,0.0072,gauss2,BP05_12MP_SLM_HEIC.mat,2,3310.8
IMG_5558.jpg,6b354e8cbc956d0f5de97f7298a3a310a3caeacc2834ed0ad77f493b4c2f53da,1,1,0.008587,0.0072,gauss2,BP05_12MP_SLM_HEIC.mat,0,2635.2
IMG_5559.jpg,a1a888f037a0f4de8c5ae905ec694a289bce142a79ca268cff7a61ed7a904a08,1,1,0.019037,0.0072,gauss2,BP05_12MP_SLM_HEIC.mat,0,2842.7
IMG_5560.jpg,46d7268784b740bed4d673852daf7efd6e50c8b8bb8e191c9a96676494b42af1,1,0,0.006597,0.0072,gauss2,,,5017.3
IMG_5561.jpg,a228da183c324d48edeebd515aee2a967b4a9f04ed48ccc1ab723f8fa1f78ca0,1,1,0.018318,0.0072,gauss2,BP05_12MP_SLM_HEIC.mat,0,3211.2
IMG_5562.jpg,d20ff9d4a7abf3d9b1d7c5eed4347e4cbca48b74c414c76b2afe6783e98600ba,1,1,0.015634,0.0072,gauss2,BP05_12MP_SLM_HEIC.mat,0,2938.2
IMG_5563.jpg,acb990e4ed8dbfd0e81b217c6758af048b78dc7a6d7593c2889ca557af63e37c,1,1,0.022272,0.0072,gauss2,BP05_12MP_SLM_HEIC.mat,0,3029.1
IMG_5564.jpg,060301c7e6ff02886037dcac71706ef3d14a2f87a099d1f55bbfad926bcd7d17,1,1,0.015181,0.0072,gauss2,BP05_12MP_SLM_HEIC.mat,0,2858.0
IMG_5565.jpg,5d1b8cb1ddd2b7d765af0da1cbb020b7c4cbd567782865319265b9c4a20af0ed,1,0,0.006543,0.0072,gauss2,,,2999.2
IMG_5566.jpg,45dcc6e939e158412ebe1f8ddc63aa468037d1d05f0ceefb0316bc9f4fba520a,1,1,0.106261,0.0072,gauss2,BP05_12MP_SLM_HEIC.mat,0,2640.6
IMG_5567.jpg,b1da77d794e83d8681b44d181be760731ec00643aeb95c82267053068f4ac776,1,1,0.028073,0.0072,gauss2,BP05_12MP_SLM_HEIC.mat,0,2810.9
IMG_5568.jpg,32417b7d7686e5862aeb31c3c4d846ceb5d695c5177c02357cf09baea84d9b66,1,1,0.021479,0.0072,gauss2,BP05_12MP_SLM_HEIC.mat,0,4014.2
IMG_5569.jpg,165dfc346699d67476d6d5d8618ab5e82e2996bb3e506eebce23cf4da1344b14,1,1,0.013692,0.0072,gauss2,BP05_12MP_SLM_HEIC.mat,0,5066.5
IMG_5570.jpg,60c7b52fa8b784baab0db4831cf4b9287b7bd343134a9d2e797469949551fc29,1,1,0.030701,0.0072,gauss2,BP05_12MP_SLM_HEIC.mat,0,3066.0
IMG_5571.jpg,677ce3a8d649d58dce2211a7f7150f15cd0f370111fa7c381c7b43ba5ea96920,1,1,0.025837,0.0072,gauss2,BP05_12MP_SLM_HEIC.mat,0,2647.4
IMG_5572.jpg,a99a2ce39541ad24234f6a8984b439985fca5f7078434d0c91a8ac06cad9d0f6,1,1,0.011256,0.0072,gauss2,BP05_12MP_SLM_HEIC.mat,0,2909.0
IMG_5573.jpg,848c6f649208b5e34bc252660ae212fc1c5f8d7a59c4c16eca6973cdb3c7db45,1,1,0.007776,0.0072,gauss2,BP05_12MP_SLM_HEIC.mat,0,2957.7
IMG_5574.jpg,59fc6c4ca427d605f391d1fd698bc73c83c7f470b129862296f640267568765f,1,1,0.036666,0.0072,gauss2,BP05_12MP_SLM_HEIC.mat,0,2656.4
IMG_5575.jpg,d3b09a7cec271bea238fb1df4a2440dabe77ba9d38563cd58b1ad5863a9f5ef9,1,1,0.008077,0.0072,gauss2,BP05_12MP_SLM_HEIC.mat,0,2817.6
IMG_5576.jpg,fee30867bf3e44b898cf7f9b489377e7395deed0d2068f2150534c448644c9df,1,1,0.008958,0.0072,gauss2,BP05_12MP_SLM_HEIC.mat,0,3145.1
IMG_5577.jpg,d5c3ef639f3d9730e8054e14c0d000556950c1547dc17041bdc4bf6f9725f79d,1,0,0.003697,0.0072,gauss2,,,2701.7
IMG_5578.jpg,9e76aec069c297ad1777bb15fe2176656fda04c7a0b7bed569823f6887b0f99d,1,1,0.025025,0.0072,gauss2,BP05_12MP_SLM_HEIC.mat,0,2793.0
IMG_5579.jpg,bba3ff8ae3a6b7f318649f28a42c8ea8e43309af557d04ea846976ed770495b2,1,1,0.012388,0.0072,gauss2,BP05_12MP_SLM_HEIC.mat,0,3051.7
IMG_5580.jpg,c5082fdda02ee399a6a1f74f5bd4b67fb5fd0c3bccc8127b5e73e22a352a2798,1,0,0.00189,0.0072,gauss2,,,2674.7
IMG_5581.jpg,dacb593f14a04a42dbcb35c69ff6fe96dbebf50d202b9a77d7ef55bad48535c9,1,0,0.007185,0.0072,gauss2,,,2794.9
IMG_5582.jpg,79945772d96b36e3dca57995b26e83bebfe0f470e4c7243f6bfe114f0fdd7bed,1,1,0.009244,0.0072,gauss2,BP05_12MP_SLM_HEIC.mat,0,3002.6
IMG_5583.jpg,76ff44dcb6a02b1c4dcc0e16403a31e0d110deac9598d6c7577de5cc375a8c09,1,1,0.01238,0.0072,gauss2,BP05_12MP_SLM_HEIC.mat,0,3015.9
IMG_6122.jpg,e917b5c6a6794dae0601f614551b1a2a941ac2792511dc3deab2b2c5c1af57e8,1,1,0.017198,0.0072,gauss2,BP06_12MP_NL_HEIC.mat,2,2832.8
IMG_6123.jpg,4a558d25a51cc5e3039cc601b9bb2155cb4d037acc223808c74db25a8da9cf0a,1,1,0.015694,0.0072,gauss2,BP06_12MP_NL_HEIC.mat,2,2984.1
IMG_6125.jpg,562b1acf146268837d25b7bcbb7a3b5f85e23d08771f0e62095e78c0eb455a5a,1,1,0.016035,0.0072,gauss2,BP06_12MP_NL_HEIC.mat,2,2652.4
IMG_6126.jpg,90ff2dd5054271741b365562ca43ed7aa13d7ba67a58800ab735991d31f0d1b2,1,1,0.016225,0.0072,gauss2,BP06_12MP_NL_HEIC.mat,2,2910.0
IMG_6127.jpg,38f5f83092cfc5af443f112b374254666d0705876f57abd1e4e591bf8c2d6dcc,1,1,0.016346,0.0072,gauss2,BP06_12MP_NL_HEIC.mat,2,3725.0
IMG_6128.jpg,0aa7a1f87778c4a7d342473c9ae0d28102e01a0dc51d9aa0cbfc7b43bae274a2,1,1,0.017638,0.0072,gauss2,BP06_12MP_NL_HEIC.mat,2,5063.7
IMG_6129.jpg,53fb0cbd9267645ceae82e1cf0fb0c98efb95d95f632e2c6c64de58bbe116f08,1,1,0.016508,0.0072,gauss2,BP06_12MP_NL_HEIC.mat,2,3037.6
IMG_6130.jpg,a8a67451557abb0e135f1be7b95d6cba1a3af8d5ecc930ec5e2a21fb7151df65,1,1,0.018179,0.0072,gauss2,BP06_12MP_NL_HEIC.mat,2,3002.2
IMG_6131.jpg,ac29c78b75f76e5caff9ae297abb5e23e28b30e5f208a98ea676bb3b50b27999,1,1,0.017157,0.0072,gauss2,BP06_12MP_NL_HEIC.mat,2,2853.0
IMG_6132.jpg,88d1066ebec8858aa0041eb1537ab192b1a691f6e3af054e821cbbd02af022e1,1,1,0.018742,0.0072,gauss2,BP06_12MP_NL_HEIC.mat,2,3083.3
IMG_6134.jpg,8fa35a62d9571ac819b0e7ef49beac07c65d9c2ecdf43dcb00360ed7bfcb216c,1,1,0.021147,0.0072,gauss2,BP06_12MP_NL_HEIC.mat,0,2634.4
IMG_6135.jpg,31e307215e4ae224b2438621eb94541093189305c1a8b68009e368b8779e580d,1,1,0.020911,0.0072,gauss2,BP06_12MP_NL_HEIC.mat,0,2808.1
IMG_6136.jpg,c6f9f8a3f4fcb3a225408cde1b06e2a402b7fa83287c6038a80a9fd6007be047,1,1,0.020096,0.0072,gauss2,BP06_12MP_NL_HEIC.mat,0,3031.2
IMG_6137.jpg,8615b4ef5915c224d304103fc89e914aa1fbafceaf216ef3181fc7a698508005,1,1,0.019091,0.0072,gauss2,BP06_12MP_NL_HEIC.mat,0,2637.6
IMG_6138.jpg,d5c5b24d7f072e92ef0ddd5a78880b99ac5eac6ac908d445ad28877ec21d7339,1,1,0.021344,0.0072,gauss2,BP06_12MP_NL_HEIC.mat,0,2857.1
IMG_6139.jpg,029c5d72a3d3894c30e3377fc6d6d71b0cf7daafb7e9c5989c03b2b5630f916d,1,1,0.019204,0.0072,gauss2,BP06_12MP_NL_HEIC.mat,0,3057.8
IMG_6140.jpg,3b5b2ef07eeab4f626bdb8ac64635f266e848c75d335c0f829992c87b21af4b4,1,1,0.019773,0.0072,gauss2,BP06_12MP_NL_HEIC.mat,0,2702.8
IMG_6141.jpg,38890036cbc21fafe1e26b722e2c81bcd77a92da250fe311b1e1942bc9c3baa6,1,1,0.020211,0.0072,gauss2,BP06_12MP_NL_HEIC.mat,0,2795.8
IMG_6142.jpg,2c1e1950b40b466bddc9da36006da6aee39214e9ff74bddc0641f4531f04b762,1,1,0.019025,0.0072,gauss2,BP06_12MP_NL_HEIC.mat,0,3018.1
IMG_6143.jpg,ecec86b2c28edbd24f30f8b9598470fa3bf9a47fe43d2c5f37c529bff3ba279e,1,1,0.019395,0.0072,gauss2,BP06_12MP_NL_HEIC.mat,0,2601.6
IMG_6537.jpg,b7c1288367ff62295724a6d7978d3f02c250a2366b20259adac824e28f85f107,1,1,0.030249,0.0072,gauss2,BP05_12MP_SLM_HEIC.mat,0,2852.8
IMG_6538.jpg,25ae0da546ab5dafc786b93b8fa67a7d2152f76e8f17159a028dac911734676a,1,1,0.018604,0.0072,gauss2,BP05_12MP_SLM_HEIC.mat,0,2957.3
IMG_6544.jpg,113f5d88140932667dfcbe5ed724f88056f2b8267660f07e0d3519c21d99a510,1,1,0.133767,0.0072,gauss2,BP05_12MP_SLM_HEIC.mat,0,2808.4
IMG_6545.jpg,da22b6506217b6a03849afb028994cba13ed738a5fab12f1da7d382e65b28115,1,1,0.125953,0.0072,gauss2,BP05_12MP_SLM_HEIC.mat,0,2794.3
IMG_6770.jpg,d90ac4988508ea744c5b5a8c0571e61ed10cd3740b43cf0c74e1172900bfc704,1,1,0.126476,0.0072,gauss2,BP06_12MP_NL_HEIC.mat,0,4810.5
IMG_6771.jpg,61c2651c4d8c53cc9b19bb1d1f92425f0c90d3bfc3a38dd8f054ca4793f4e582,1,1,0.124083,0.0072,gauss2,BP06_12MP_NL_HEIC.mat,0,4390.7
IMG_6772.jpg,c048dd28de3d2cdeb619e81a5f315bc80e1b492f2824c858d6dcc9713aca0f41,1,1,0.122698,0.0072,gauss2,BP06_12MP_NL_HEIC.mat,0,2821.2
IMG_6773.jpg,57bf22f1f131c931b850331d8129c320779104650bf35b1f3a0f9ea0c81b1628,1,1,0.119041,0.0072,gauss2,BP06_12MP_NL_HEIC.mat,0,3024.3
IMG_6774.jpg,c676c6edb41844723cd7cd94c8c7403227650bd3426f6859489695132ffd7edf,1,1,0.129119,0.0072,gauss2,BP06_12MP_NL_HEIC.mat,0,2706.1
IMG_6775.jpg,62a4287b9d1872a5040c1001482c5b9e5b09d7104867eae12e7458a6439cc87c,1,1,0.128032,0.0072,gauss2,BP06_12MP_NL_HEIC.mat,0,2864.7
IMG_6776.jpg,fa770b1c4aa7ee0e2eba3e5a23bf538dfa26fc9e1efd6d2b2274de20f41fffa6,1,1,0.121829,0.0072,gauss2,BP06_12MP_NL_HEIC.mat,0,2948.9
IMG_6777.jpg,aaedd03d90fa58153c723bbfa17bc19e0ce87f7ba995465795490504961eee7d,1,1,0.119024,0.0072,gauss2,BP06_12MP_NL_HEIC.mat,0,2636.1
IMG_6778.jpg,7a5f0be567d684daca889947df4878a5bb3436f078b29965fc46422afe9932dd,1,1,0.12069,0.0072,gauss2,BP06_12MP_NL_HEIC.mat,0,2865.8
IMG_6779.jpg,c20b9f16cf2309f1bee55c928a34a52d24d89c00ad7e3b5dbc02c3304d374939,1,1,0.118615,0.0072,gauss2,BP06_12MP_NL_HEIC.mat,0,2979.4
IMG_6785.jpg,c3071ec6cf87063440c3b18a4bee3269188c9111933b4c9fddbef58d3146d449,1,1,0.051428,0.0072,gauss2,BP06_12MP_NL_HEIC.mat,2,3062.8
IMG_6788.jpg,b868eb684961ca1885e11602de3af5514013c7551f8ff48aa993ca1e41f5ed4c,1,1,0.0638,0.0072,gauss2,BP06_12MP_NL_HEIC.mat,2,2945.9
IMG_6789.jpg,7329bd4c1859050e943941faad11bdca6c91ee942a399c3907bd2f830ccfe6e6,1,1,0.053739,0.0072,gauss2,BP06_12MP_NL_HEIC.mat,2,3076.4
IMG_7740.jpg,ea2fb4f12a5b75249bf6da69374d0379ced1196bc07486118e6af1ffb9c37331,1,1,0.056285,0.0072,gauss2,BP06_12MP_NL_HEIC.mat,0,2710.9
IMG_7741.jpg,87e3072c3606485a1bc41b72134262bf56a042951f4b537efed458c2eb4a033f,1,1,0.060376,0.0072,gauss2,BP06_12MP_NL_HEIC.mat,0,2896.2
IMG_7742.jpg,aae089a1dae1048af8540a1ac509721ccea55d202b881151967c0e0d2b2d8f01,1,1,0.063958,0.0072,gauss2,BP06_12MP_NL_HEIC.mat,0,3103.6
IMG_7743.jpg,178dc1f238547b6f6e008ae23e1ba1ac881504ab882166f9374b94d7a0169b50,1,1,0.062496,0.0072,gauss2,BP06_12MP_NL_HEIC.mat,0,2631.1
IMG_7744.jpg,fe498aa6c6e55af21ccbfb60ff4d341016a92f28b109fc17524941cd098223f7,1,1,0.062375,0.0072,gauss2,BP06_12MP_NL_HEIC.mat,0,2783.9
IMG_7745.jpg,13b84f1cac8aae5ea04dffa50a54d8e10ac9f5140ed394b957c962c16687e99b,1,1,0.060521,0.0072,gauss2,BP06_12MP_NL_HEIC.mat,0,4901.9
IMG_7746.jpg,2b19c9088ba61c379db517ce44b14717baa22ad77c22c4c74d87efd4809767f2,1,1,0.060493,0.0072,gauss2,BP06_12MP_NL_HEIC.mat,0,4244.5
IMG_7747.jpg,ad20a317f97c05812cd5f530f96961f9e8ac6811c390478a9b3ad24a3f49effc,1,1,0.059156,0.0072,gauss2,BP06_12MP_NL_HEIC.mat,0,2955.1
IMG_7748.jpg,2a4b8b815c06583701e35bd086158c06fe2b9e367285ecd7b3e42407b16bb669,1,1,0.058343,0.0072,gauss2,BP06_12MP_NL_HEIC.mat,0,2725.0
IMG_7749.jpg,9e68f5a3988b5cadf1c247e199d084e71302be22c3ed81ac7b1b65a822e8a9d1,1,1,0.062272,0.0072,gauss2,BP06_12MP_NL_HEIC.mat,0,2789.2
IMG_7750.jpg,f0d3f5ec018e9d08bcac8ddf4328f22bde62dd7700b677bc8748b0762317769a,1,1,0.053791,0.0072,gauss2,BP06_12MP_NL_HEIC.mat,2,3026.5
IMG_7751.jpg,fb03a75a8f137ac1a9df3b05d9850efaf4dea20ffcf593729c10cd3a072cbd53,1,1,0.062082,0.0072,gauss2,BP06_12MP_NL_HEIC.mat,2,2677.3
IMG_7752.jpg,0229f68e378afaf75631b471afe67d60c2a2d0dcee75603c987569bdfcd79e82,1,1,0.059363,0.0072,gauss2,BP06_12MP_NL_HEIC.mat,2,2875.1
IMG_7753.jpg,afc85c520f426faaf3331d4a2b7360793446d3fc34a9adca489ac2b9be6ce172,1,1,0.049452,0.0072,gauss2,BP06_12MP_NL_HEIC.mat,2,5359.3
IMG_7754.jpg,c63c13945d058523a6668acbe8eab760707a5d744e1be343a7f51d42a43b6cca,1,1,0.052558,0.0072,gauss2,BP06_12MP_NL_HEIC.mat,2,4012.1
IMG_7755.jpg,554cacb153f9ce73927b1c7bf36153b1a3e667c1b846f1ce43300cb7611163c1,1,1,0.056162,0.0072,gauss2,BP06_12MP_NL_HEIC.mat,2,2705.8
IMG_7756.jpg,6b46679ff41204c6e043d4126270fc59d5d2993a47f74c50cab697de7dd3be81,1,1,0.052182,0.0072,gauss2,BP06_12MP_NL_HEIC.mat,2,2855.8
IMG_7757.jpg,eebae3d676735f640c35fcdf7d34165c59f84d2ab2b08b0af38305ba86389241,1,1,0.05708,0.0072,gauss2,BP06_12MP_NL_HEIC.mat,2,3067.7
IMG_7758.jpg,c27006380aae2d6e59c7f4ac9bdcbf56b94deff3aac22d03695d517ac46a1a6b,1,1,0.054901,0.0072,gauss2,BP06_12MP_NL_HEIC.mat,2,2684.2
IMG_7759.jpg,38353345116d0b22eb9e5e85934e2c15a87e62fe0c6565a189a1d1c344245a3d,1,1,0.053944,0.0072,gauss2,BP06_12MP_NL_HEIC.mat,2,2804.5
IMG_7809.jpg,63b53fce611d60d81445bdac6c83f65393305d30decb6dff5bd05e21f3e59aba,1,0,0.007015,0.0072,gauss2,,,3086.9
IMG_7810.jpg,7149643aef790c13b7a1a46dd5c46e98085f5eec20ced851b358aa9ccb598ed2,1,1,0.007992,0.0072,gauss2,BP05_12MP_SLM_HEIC.mat,0,2656.9
IMG_7811.jpg,48d21952d017ed793c37c8a71a326057044c452f34f973e594f9393bf3510c2e,1,1,0.008902,0.0072,gauss2,BP05_12MP_SLM_HEIC.mat,0,2950.2
IMG_7812.jpg,2d3f67407fcc95e045d79984da034968d38d841d56fafae65ec874bd657b8e7b,1,0,0.007058,0.0072,gauss2,,,3077.0
IMG_7813.jpg,f0504bd24ee6cba74233a4c4f0dc98a600362b2a5c256db16dc9ef3eca353637,1,1,0.008578,0.0072,gauss2,BP05_12MP_SLM_HEIC.mat,0,2671.5
IMG_7814.jpg,19b465e54d2d560252e0925f40028f6e50f7aa5e10f021c95938d7322766c997,1,1,0.009218,0.0072,gauss2,BP05_12MP_SLM_HEIC.mat,0,2826.1
IMG_7815.jpg,d5d1edd9c4efeca28291d462fd04f9797fdb6d6fa18715f55239bf51f77ab4f0,1,1,0.008948,0.0072,gauss2,BP05_12MP_SLM_HEIC.mat,0,3033.0
IMG_7816.jpg,d099e9c4da812c86c6aa3eff0344164ba8eee2ff11a99becdc72a5cb45a2c54d,1,1,0.008376,0.0072,gauss2,BP05_12MP_SLM_HEIC.mat,0,2718.2
IMG_7817.jpg,b30d5aa776cd85b5d08cb84aa441d42119f8bc6af15160730c26c5c7fd07b56c,1,1,0.00942,0.0072,gauss2,BP05_12MP_SLM_HEIC.mat,0,2819.8
IMG_7818.jpg,1687bb52f7d35d63135c28e1ca2bb034c9d4f6deacbff8962ce1829394804328,1,1,0.009551,0.0072,gauss2,BP05_12MP_SLM_HEIC.mat,0,3019.9
IMG_7819.jpg,276ebde1074a66a04a6b2e47da9f2e8b3d7e0a1415fc9c80f5cb60e430dd54b7,1,1,0.011296,0.0072,gauss2,BP05_12MP_SLM_HEIC.mat,2,2753.7
IMG_7820.jpg,2c57c87b46edf20fcf0fac87fb1848e9317457331d67435fc49c50d60a249ee4,1,1,0.010059,0.0072,gauss2,BP05_12MP_SLM_HEIC.mat,2,2837.1
IMG_7821.jpg,ddd12e68c5ac41f3dd1cb73108422c3c74f08f4f7a54750d1d170ccb6b2181f3,1,1,0.011306,0.0072,gauss2,BP05_12MP_SLM_HEIC.mat,2,3054.1
IMG_7822.jpg,9b9f117aa5ee0b6e5889807ed141d70114f7ea692bf38e06d8b51fcc968e9f23,1,1,0.009784,0.0072,gauss2,BP05_12MP_SLM_HEIC.mat,2,2677.4
IMG_7823.jpg,b1e0b77fd6337a229bee4d6afddba36bef5d559d71a2799a89c0e3c065fae40b,1,1,0.009695,0.0072,gauss2,BP05_12MP_SLM_HEIC.mat,2,2806.4
IMG_7824.jpg,986b6e995d2eba88a0d0234377f8ecaabc9bed363106274bf03c3f850fde5765,1,1,0.009691,0.0072,gauss2,BP05_12MP_SLM_HEIC.mat,2,3796.6
IMG_7825.jpg,8a2fd530b990b59d6e839103e71aa47f85aa1ae577d1463b2a51e36de3808803,1,1,0.014764,0.0072,gauss2,BP05_12MP_SLM_HEIC.mat,2,5142.0
IMG_7826.jpg,3e01901d9a887f76b522fa04843fbf2ecd035633be34f1e812d099e78d0bc474,1,1,0.014043,0.0072,gauss2,BP05_12MP_SLM_HEIC.mat,2,3196.5
IMG_7827.jpg,99fab3af89b5a9f3f586b6d4b83cf16b16297eb1653a7705d7b68321a1037487,1,1,0.013715,0.0072,gauss2,BP05_12MP_SLM_HEIC.mat,2,2679.5
IMG_7828.jpg,58f01db141cc6f6a53d39a89002e83b23a4938a536882cadba17a73d05463027,1,1,0.011245,0.0072,gauss2,BP05_12MP_SLM_HEIC.mat,2,2861.7
IMG_8848.jpg,cc4f16ef5533d6d3f94f4c8c841911b4e2031bd3ba0ea8ed74a60f728d661efd,1,1,0.010192,0.0072,gauss2,BP06_12MP_NL_HEIC.mat,0,2938.2
IMG_8849.jpg,cb4f539ba7a3cd2f9e9548117e3964912b2e3d13a61c3a9d928b6baa3660339b,1,1,0.012716,0.0072,gauss2,BP06_12MP_NL_HEIC.mat,0,2667.9
IMG_8850.jpg,f1b928bcf9854292f2f1f6dde4c281b358b78c95763181f99eeb506939876ad2,1,1,0.012791,0.0072,gauss2,BP06_12MP_NL_HEIC.mat,0,2818.6
IMG_8851.jpg,e0cf5cf08f8254f21975e67aa0eaf5fe21ca3049b32f8d7475788d3a3b4cd7f8,1,1,0.0121,0.0072,gauss2,BP06_12MP_NL_HEIC.mat,0,3031.2
IMG_8852.jpg,a2135d2c208d9dfa3fc8384fefa42d783307059581dbc901dbae2cd9041c7ae4,1,1,0.012855,0.0072,gauss2,BP06_12MP_NL_HEIC.mat,0,2682.2
IMG_8853.jpg,c3a2151d73800b62ca97a0d8c0b3e2c5f8968b31afb7224856004c5990dc651b,1,1,0.011742,0.0072,gauss2,BP06_12MP_NL_HEIC.mat,0,2915.0
IMG_8854.jpg,32262998d0412d3a339dd210ac2157aa08ecd5a48e6359b63c46fb7ce9269ac1,1,1,0.014095,0.0072,gauss2,BP06_12MP_NL_HEIC.mat,0,3049.1
IMG_8855.jpg,b202a5202f70986ff12f56e31c2fc112b880391719f6763a8a3e6a51dea4baf7,1,1,0.013985,0.0072,gauss2,BP06_12MP_NL_HEIC.mat,0,2697.5
IMG_8856.jpg,3c68e76aeee76ca32c09cfafb4fe7d06394fe981a5b808fcc6182fb0f53dfe4f,1,1,0.010281,0.0072,gauss2,BP06_12MP_NL_HEIC.mat,0,2870.3
IMG_8857.jpg,4cc684945a41a97081e2a37277e76d76766411ce75803a563f252cda96e0c938,1,1,0.009458,0.0072,gauss2,BP06_12MP_NL_HEIC.mat,0,3053.1
IMG_8858.jpg,06e032eac6b0399686c3f80288226c10ba8e4150047c3a66a314855c795a85e6,1,1,0.014773,0.0072,gauss2,BP06_12MP_NL_HEIC.mat,2,2669.2
IMG_8859.jpg,81113b1662d4c3bb88d413b8ca1bf85b0d6bfab48a098d9a0ac228e42d88ff63,1,1,0.013071,0.0072,gauss2,BP06_12MP_NL_HEIC.mat,2,2790.1
IMG_8860.jpg,2536a7e3e9e20fef36db866021dc03f0e996a70e49a6d28d2764bf8871e4de9c,1,1,0.013374,0.0072,gauss2,BP06_12MP_NL_HEIC.mat,2,2940.2
IMG_8861.jpg,e9dd50c68401b80010554c6281e9481c34fee4f85b16049fcb56e6b6c311db3a,1,1,0.013297,0.0072,gauss2,BP06_12MP_NL_HEIC.mat,2,3012.7
IMG_8862.jpg,a9ec7ec78cb6599ebaf6a563af109ef3a470a15b47e63bbe84c3503e71455306,1,1,0.016352,0.0072,gauss2,BP06_12MP_NL_HEIC.mat,2,2899.7
IMG_8863.jpg,d635a9a4cdc32e39422b1c4dd5c353bebe800d53a791f87b3b01fcc836f64c01,1,1,0.011717,0.0072,gauss2,BP06_12MP_NL_HEIC.mat,2,3048.2
IMG_8864.jpg,072149392a47e9dcb383b1ea31b08840d5b078b412d7f8ec4cbc7940c944dc93,1,1,0.013956,0.0072,gauss2,BP06_12MP_NL_HEIC.mat,2,2654.5
IMG_8865.jpg,03caa1aa388b0396a3bab20d7ce7a2cecf55df00f200166be77d54dae0b87fa8,1,1,0.014192,0.0072,gauss2,BP06_12MP_NL_HEIC.mat,2,2998.2
IMG_8866.jpg,d94e808e59ecea05e10fc6f819072d241cd36b5e5073d70be5cdc4f50ce78a3d,1,1,0.015692,0.0072,gauss2,BP06_12MP_NL_HEIC.mat,2,3009.6
IMG_8867.jpg,7a09016cf412d563acd5d828d3d496dc74ced7963a6d8d05ecd52e2ccf5f19b9,1,1,0.01558,0.0072,gauss2,BP06_12MP_NL_HEIC.mat,2,2701.8
IMG_9703.jpg,00452739915b740fe69891f60b44fc0aefead431c24b20462f2ef55a26864e3b,1,1,0.029314,0.0072,gauss2,BP06_12MP_NL_HEIC.mat,0,2805.9
IMG_9704.jpg,82dc0c96474cd7127bef00b61b75bef7dc9fd5872de36e252a04627f34ec2369,1,1,0.027955,0.0072,gauss2,BP06_12MP_NL_HEIC.mat,0,3054.5
IMG_9705.jpg,0cce60e0a6355b4acb2f6ae3779c88f562ed7202966970091a6ffe7d1195b28b,1,1,0.027462,0.0072,gauss2,BP06_12MP_NL_HEIC.mat,0,2642.1
IMG_9706.jpg,0fd4fea014481172c9c869db923f670d625a8bcd3d17e1ecb0afcaa603e85c1c,1,1,0.030664,0.0072,gauss2,BP06_12MP_NL_HEIC.mat,0,2856.8
IMG_9707.jpg,0a28fd8dbe868578954fd7884b6cbdba222b8514f9c5c5ab8a4ffcc3c5f11bff,1,1,0.034093,0.0072,gauss2,BP06_12MP_NL_HEIC.mat,0,3004.5
IMG_9708.jpg,9b5fcef75ec660445158fa1fa5f67788a68d853c963e2c850b6805fceb5ff979,1,1,0.035042,0.0072,gauss2,BP06_12MP_NL_HEIC.mat,0,2642.7
IMG_9710.jpg,785a3c38ab5252b62ed689f1a21cf2c19eba2625317953e127366c1e4731e0c6,1,1,0.029973,0.0072,gauss2,BP06_12MP_NL_HEIC.mat,0,2795.1
IMG_9711.jpg,700c2df8ed80b97170d47a4738639e208fe36f1814198ef6eed2aa57c5daa231,1,1,0.027243,0.0072,gauss2,BP06_12MP_NL_HEIC.mat,0,3004.0
IMG_9713.jpg,96f0814bf3a39b8f8e4f3d844e066eae02c1648cb5d6e4ead9f40a5fed816841,1,1,0.022619,0.0072,gauss2,BP06_12MP_NL_HEIC.mat,2,2630.6
IMG_9714.jpg,64d49087921cb9e665adc293a712d3bbdc8a617682a43b85da1a617c4dafb931,1,1,0.020247,0.0072,gauss2,BP06_12MP_NL_HEIC.mat,2,2832.6
IMG_9716.jpg,822deedd65cb01cdbfd9fa66524354c791b9c19bf96a28ad078e15ffff18556d,1,1,0.028,0.0072,gauss2,BP06_12MP_NL_HEIC.mat,2,5078.8
IMG_9719.jpg,5927803b6af47d2deee8a17bc69e381be2ec3154497cd8174a5ea14fb480916c,1,1,0.044206,0.0072,gauss2,BP06_12MP_NL_HEIC.mat,2,3996.4
IMG_9720.jpg,20c9d6576d0422d9557644a933e8dac44d3dc06ca2720938e5ba05a50653b080,1,1,0.020044,0.0072,gauss2,BP06_12MP_NL_HEIC.mat,2,2630.6
IMG_9721.jpg,57e01c0ee794fa1ea13583b13038a524e8c67c25d0d97d8827824bf1c4b86ffd,1,1,0.026308,0.0072,gauss2,BP06_12MP_NL_HEIC.mat,2,2782.7
