filename,label,source,notes
extracted/D21_iPhone_X/IMG_2430.jpg,1,Official Apple SDNP ZIP - direct released image,Device: D21_iPhone_X | Confirmed by dvazquezpadin/apple-sdnp README Image Dataset ZIP
extracted/D21_iPhone_X/IMG_2431.jpg,1,Official Apple SDNP ZIP - direct released image,Device: D21_iPhone_X | Confirmed by dvazquezpadin/apple-sdnp README Image Dataset ZIP
extracted/D21_iPhone_X/IMG_2432.jpg,1,Official Apple SDNP ZIP - direct released image,Device: D21_iPhone_X | Confirmed by dvazquezpadin/apple-sdnp README Image Dataset ZIP
extracted/D21_iPhone_X/IMG_2433.jpg,1,Official Apple SDNP ZIP - direct released image,Device: D21_iPhone_X | Confirmed by dvazquezpadin/apple-sdnp README Image Dataset ZIP
extracted/D21_iPhone_X/IMG_2434.jpg,1,Official Apple SDNP ZIP - direct released image,Device: D21_iPhone_X | Confirmed by dvazquezpadin/apple-sdnp README Image Dataset ZIP
extracted/D21_iPhone_X/IMG_2435.jpg,1,Official Apple SDNP ZIP - direct released image,Device: D21_iPhone_X | Confirmed by dvazquezpadin/apple-sdnp README Image Dataset ZIP
extracted/D21_iPhone_X/IMG_2436.jpg,1,Official Apple SDNP ZIP - direct released image,Device: D21_iPhone_X | Confirmed by dvazquezpadin/apple-sdnp README Image Dataset ZIP
extracted/D21_iPhone_X/IMG_2437.jpg,1,Official Apple SDNP ZIP - direct released image,Device: D21_iPhone_X | Confirmed by dvazquezpadin/apple-sdnp README Image Dataset ZIP
extracted/D21_iPhone_X/IMG_2438.jpg,1,Official Apple SDNP ZIP - direct released image,Device: D21_iPhone_X | Confirmed by dvazquezpadin/apple-sdnp README Image Dataset ZIP
extracted/D21_iPhone_X/IMG_2439.jpg,1,Official Apple SDNP ZIP - direct released image,Device: D21_iPhone_X | Confirmed by dvazquezpadin/apple-sdnp README Image Dataset ZIP
extracted/D21_iPhone_X/IMG_2440.jpg,1,Official Apple SDNP ZIP - direct released image,Device: D21_iPhone_X | Confirmed by dvazquezpadin/apple-sdnp README Image Dataset ZIP
extracted/D21_iPhone_X/IMG_2451.jpg,1,Official Apple SDNP ZIP - direct released image,Device: D21_iPhone_X | Confirmed by dvazquezpadin/apple-sdnp README Image Dataset ZIP
extracted/D21_iPhone_X/IMG_2452.jpg,1,Official Apple SDNP ZIP - direct released image,Device: D21_iPhone_X | Confirmed by dvazquezpadin/apple-sdnp README Image Dataset ZIP
extracted/D21_iPhone_X/IMG_2453.jpg,1,Official Apple SDNP ZIP - direct released image,Device: D21_iPhone_X | Confirmed by dvazquezpadin/apple-sdnp README Image Dataset ZIP
extracted/D21_iPhone_X/IMG_2454.jpg,1,Official Apple SDNP ZIP - direct released image,Device: D21_iPhone_X | Confirmed by dvazquezpadin/apple-sdnp README Image Dataset ZIP
extracted/D21_iPhone_X/IMG_2455.jpg,1,Official Apple SDNP ZIP - direct released image,Device: D21_iPhone_X | Confirmed by dvazquezpadin/apple-sdnp README Image Dataset ZIP
extracted/D21_iPhone_X/IMG_2456.jpg,1,Official Apple SDNP ZIP - direct released image,Device: D21_iPhone_X | Confirmed by dvazquezpadin/apple-sdnp README Image Dataset ZIP
extracted/D21_iPhone_X/IMG_2458.jpg,1,Official Apple SDNP ZIP - direct released image,Device: D21_iPhone_X | Confirmed by dvazquezpadin/apple-sdnp README Image Dataset ZIP
extracted/D21_iPhone_X/IMG_2459.jpg,1,Official Apple SDNP ZIP - direct released image,Device: D21_iPhone_X | Confirmed by dvazquezpadin/apple-sdnp README Image Dataset ZIP
extracted/D21_iPhone_X/IMG_2460.jpg,1,Official Apple SDNP ZIP - direct released image,Device: D21_iPhone_X | Confirmed by dvazquezpadin/apple-sdnp README Image Dataset ZIP
extracted/D21_iPhone_X/IMG_2461.jpg,1,Official Apple SDNP ZIP - direct released image,Device: D21_iPhone_X | Confirmed by dvazquezpadin/apple-sdnp README Image Dataset ZIP
extracted/D21_iPhone_X/IMG_2463.jpg,1,Official Apple SDNP ZIP - direct released image,Device: D21_iPhone_X | Confirmed by dvazquezpadin/apple-sdnp README Image Dataset ZIP
extracted/D21_iPhone_X/IMG_2464.jpg,1,Official Apple SDNP ZIP - direct released image,Device: D21_iPhone_X | Confirmed by dvazquezpadin/apple-sdnp README Image Dataset ZIP
extracted/D21_iPhone_X/IMG_2465.jpg,1,Official Apple SDNP ZIP - direct released image,Device: D21_iPhone_X | Confirmed by dvazquezpadin/apple-sdnp README Image Dataset ZIP
extracted/D34_iPhone_11/IMG_4614.HEIC,1,Official Apple SDNP ZIP - direct released image,Device: D34_iPhone_11 | Confirmed by dvazquezpadin/apple-sdnp README Image Dataset ZIP
extracted/D34_iPhone_11/IMG_4615.HEIC,1,Official Apple SDNP ZIP - direct released image,Device: D34_iPhone_11 | Confirmed by dvazquezpadin/apple-sdnp README Image Dataset ZIP
extracted/D34_iPhone_11/IMG_4616.HEIC,1,Official Apple SDNP ZIP - direct released image,Device: D34_iPhone_11 | Confirmed by dvazquezpadin/apple-sdnp README Image Dataset ZIP
extracted/D34_iPhone_11/IMG_4617.HEIC,1,Official Apple SDNP ZIP - direct released image,Device: D34_iPhone_11 | Confirmed by dvazquezpadin/apple-sdnp README Image Dataset ZIP
extracted/D34_iPhone_11/IMG_4618.HEIC,1,Official Apple SDNP ZIP - direct released image,Device: D34_iPhone_11 | Confirmed by dvazquezpadin/apple-sdnp README Image Dataset ZIP
extracted/D34_iPhone_11/IMG_4619.HEIC,1,Official Apple SDNP ZIP - direct released image,Device: D34_iPhone_11 | Confirmed by dvazquezpadin/apple-sdnp README Image Dataset ZIP
extracted/D34_iPhone_11/IMG_4620.HEIC,1,Official Apple SDNP ZIP - direct released image,Device: D34_iPhone_11 | Confirmed by dvazquezpadin/apple-sdnp README Image Dataset ZIP
extracted/D34_iPhone_11/IMG_4621.HEIC,1,Official Apple SDNP ZIP - direct released image,Device: D34_iPhone_11 | Confirmed by dvazquezpadin/apple-sdnp README Image Dataset ZIP
extracted/D34_iPhone_11/IMG_4622.HEIC,1,Official Apple SDNP ZIP - direct released image,Device: D34_iPhone_11 | Confirmed by dvazquezpadin/apple-sdnp README Image Dataset ZIP
extracted/D34_iPhone_11/IMG_4623.HEIC,1,Official Apple SDNP ZIP - direct released image,Device: D34_iPhone_11 | Confirmed by dvazquezpadin/apple-sdnp README Image Dataset ZIP
extracted/D34_iPhone_11/IMG_4624.HEIC,1,Official Apple SDNP ZIP - direct released image,Device: D34_iPhone_11 | Confirmed by dvazquezpadin/apple-sdnp README Image Dataset ZIP
extracted/D34_iPhone_11/IMG_4625.HEIC,1,Official Apple SDNP ZIP - direct released image,Device: D34_iPhone_11 | Confirmed by dvazquezpadin/apple-sdnp README Image Dataset ZIP
extracted/D34_iPhone_11/IMG_4626.HEIC,1,Official Apple SDNP ZIP - direct released image,Device: D34_iPhone_11 | Confirmed by dvazquezpadin/apple-sdnp README Image Dataset ZIP
extracted/D34_iPhone_11/IMG_4627.HEIC,1,Official Apple SDNP ZIP - direct released image,Device: D34_iPhone_11 | Confirmed by dvazquezpadin/apple-sdnp README Image Dataset ZIP
extracted/D34_iPhone_11/IMG_4628.HEIC,1,Official Apple SDNP ZIP - direct released image,Device: D34_iPhone_11 | Confirmed by dvazquezpadin/apple-sdnp README Image Dataset ZIP
extracted/D34_iPhone_11/IMG_4629.HEIC,1,Official Apple SDNP ZIP - direct released image,Device: D34_iPhone_11 | Confirmed by dvazquezpadin/apple-sdnp README Image Dataset ZIP
extracted/D34_iPhone_11/IMG_4630.HEIC,1,Official Apple SDNP ZIP - direct released image,Device: D34_iPhone_11 | Confirmed by dvazquezpadin/apple-sdnp README Image Dataset ZIP
extracted/D34_iPhone_11/IMG_4631.HEIC,1,Official Apple SDNP ZIP - direct released image,Device: D34_iPhone_11 | Confirmed by dvazquezpadin/apple-sdnp README Image Dataset ZIP
extracted/D34_iPhone_11/IMG_4632.HEIC,1,Official Apple SDNP ZIP - direct released image,Device: D34_iPhone_11 | Confirmed by dvazquezpadin/apple-sdnp README Image Dataset ZIP
extracted/D34_iPhone_11/IMG_4633.HEIC,1,Official Apple SDNP ZIP - direct released image,Device: D34_iPhone_11 | Confirmed by dvazquezpadin/apple-sdnp README Image Dataset ZIP
extracted/D38_iPhone_11_Pro/IMG_6537.heic,1,Official Apple SDNP ZIP - direct released image,Device: D38_iPhone_11_Pro | Confirmed by dvazquezpadin/apple-sdnp README Image Dataset ZIP
extracted/D38_iPhone_11_Pro/IMG_6538.heic,1,Official Apple SDNP ZIP - direct released image,Device: D38_iPhone_11_Pro | Confirmed by dvazquezpadin/apple-sdnp README Image Dataset ZIP
extracted/D38_iPhone_11_Pro/IMG_6544.heic,1,Official Apple SDNP ZIP - direct released image,Device: D38_iPhone_11_Pro | Confirmed by dvazquezpadin/apple-sdnp README Image Dataset ZIP
extracted/D38_iPhone_11_Pro/IMG_6545.heic,1,Official Apple SDNP ZIP - direct released image,Device: D38_iPhone_11_Pro | Confirmed by dvazquezpadin/apple-sdnp README Image Dataset ZIP
extracted/D41_iPhone_11_Pro_Max/IMG_7809.jpeg,1,Official Apple SDNP ZIP - direct released image,Device: D41_iPhone_11_Pro_Max | Confirmed by dvazquezpadin/apple-sdnp README Image Dataset ZIP
extracted/D41_iPhone_11_Pro_Max/IMG_7810.jpeg,1,Official Apple SDNP ZIP - direct released image,Device: D41_iPhone_11_Pro_Max | Confirmed by dvazquezpadin/apple-sdnp README Image Dataset ZIP
extracted/D41_iPhone_11_Pro_Max/IMG_7811.jpeg,1,Official Apple SDNP ZIP - direct released image,Device: D41_iPhone_11_Pro_Max | Confirmed by dvazquezpadin/apple-sdnp README Image Dataset ZIP
extracted/D41_iPhone_11_Pro_Max/IMG_7812.jpeg,1,Official Apple SDNP ZIP - direct released image,Device: D41_iPhone_11_Pro_Max | Confirmed by dvazquezpadin/apple-sdnp README Image Dataset ZIP
extracted/D41_iPhone_11_Pro_Max/IMG_7813.jpeg,1,Official Apple SDNP ZIP - direct released image,Device: D41_iPhone_11_Pro_Max | Confirmed by dvazquezpadin/apple-sdnp README Image Dataset ZIP
extracted/D41_iPhone_11_Pro_Max/IMG_7814.jpeg,1,Official Apple SDNP ZIP - direct released image,Device: D41_iPhone_11_Pro_Max | Confirmed by dvazquezpadin/apple-sdnp README Image Dataset ZIP
extracted/D41_iPhone_11_Pro_Max/IMG_7815.jpeg,1,Official Apple SDNP ZIP - direct released image,Device: D41_iPhone_11_Pro_Max | Confirmed by dvazquezpadin/apple-sdnp README Image Dataset ZIP
extracted/D41_iPhone_11_Pro_Max/IMG_7816.jpeg,1,Official Apple SDNP ZIP - direct released image,Device: D41_iPhone_11_Pro_Max | Confirmed by dvazquezpadin/apple-sdnp README Image Dataset ZIP
extracted/D41_iPhone_11_Pro_Max/IMG_7817.jpeg,1,Official Apple SDNP ZIP - direct released image,Device: D41_iPhone_11_Pro_Max | Confirmed by dvazquezpadin/apple-sdnp README Image Dataset ZIP
extracted/D41_iPhone_11_Pro_Max/IMG_7818.jpeg,1,Official Apple SDNP ZIP - direct released image,Device: D41_iPhone_11_Pro_Max | Confirmed by dvazquezpadin/apple-sdnp README Image Dataset ZIP
extracted/D41_iPhone_11_Pro_Max/IMG_7819.jpeg,1,Official Apple SDNP ZIP - direct released image,Device: D41_iPhone_11_Pro_Max | Confirmed by dvazquezpadin/apple-sdnp README Image Dataset ZIP
extracted/D41_iPhone_11_Pro_Max/IMG_7820.jpeg,1,Official Apple SDNP ZIP - direct released image,Device: D41_iPhone_11_Pro_Max | Confirmed by dvazquezpadin/apple-sdnp README Image Dataset ZIP
extracted/D41_iPhone_11_Pro_Max/IMG_7821.jpeg,1,Official Apple SDNP ZIP - direct released image,Device: D41_iPhone_11_Pro_Max | Confirmed by dvazquezpadin/apple-sdnp README Image Dataset ZIP
extracted/D41_iPhone_11_Pro_Max/IMG_7822.jpeg,1,Official Apple SDNP ZIP - direct released image,Device: D41_iPhone_11_Pro_Max | Confirmed by dvazquezpadin/apple-sdnp README Image Dataset ZIP
extracted/D41_iPhone_11_Pro_Max/IMG_7823.jpeg,1,Official Apple SDNP ZIP - direct released image,Device: D41_iPhone_11_Pro_Max | Confirmed by dvazquezpadin/apple-sdnp README Image Dataset ZIP
extracted/D41_iPhone_11_Pro_Max/IMG_7824.jpeg,1,Official Apple SDNP ZIP - direct released image,Device: D41_iPhone_11_Pro_Max | Confirmed by dvazquezpadin/apple-sdnp README Image Dataset ZIP
extracted/D41_iPhone_11_Pro_Max/IMG_7825.jpeg,1,Official Apple SDNP ZIP - direct released image,Device: D41_iPhone_11_Pro_Max | Confirmed by dvazquezpadin/apple-sdnp README Image Dataset ZIP
extracted/D41_iPhone_11_Pro_Max/IMG_7826.jpeg,1,Official Apple SDNP ZIP - direct released image,Device: D41_iPhone_11_Pro_Max | Confirmed by dvazquezpadin/apple-sdnp README Image Dataset ZIP
extracted/D41_iPhone_11_Pro_Max/IMG_7827.jpeg,1,Official Apple SDNP ZIP - direct released image,Device: D41_iPhone_11_Pro_Max | Confirmed by dvazquezpadin/apple-sdnp README Image Dataset ZIP
extracted/D41_iPhone_11_Pro_Max/IMG_7828.jpeg,1,Official Apple SDNP ZIP - direct released image,Device: D41_iPhone_11_Pro_Max | Confirmed by dvazquezpadin/apple-sdnp README Image Dataset ZIP
extracted/D43_iPhone_SE_2nd/IMG_2083.jpg,1,Official Apple SDNP ZIP - direct released image,Device: D43_iPhone_SE_2nd | Confirmed by dvazquezpadin/apple-sdnp README Image Dataset ZIP
extracted/D43_iPhone_SE_2nd/IMG_2085.jpg,1,Official Apple SDNP ZIP - direct released image,Device: D43_iPhone_SE_2nd | Confirmed by dvazquezpadin/apple-sdnp README Image Dataset ZIP
extracted/D43_iPhone_SE_2nd/IMG_2086.jpg,1,Official Apple SDNP ZIP - direct released image,Device: D43_iPhone_SE_2nd | Confirmed by dvazquezpadin/apple-sdnp README Image Dataset ZIP
extracted/D43_iPhone_SE_2nd/IMG_2088.jpg,1,Official Apple SDNP ZIP - direct released image,Device: D43_iPhone_SE_2nd | Confirmed by dvazquezpadin/apple-sdnp README Image Dataset ZIP
extracted/D43_iPhone_SE_2nd/IMG_2089.jpg,1,Official Apple SDNP ZIP - direct released image,Device: D43_iPhone_SE_2nd | Confirmed by dvazquezpadin/apple-sdnp README Image Dataset ZIP
extracted/D43_iPhone_SE_2nd/IMG_2090.jpg,1,Official Apple SDNP ZIP - direct released image,Device: D43_iPhone_SE_2nd | Confirmed by dvazquezpadin/apple-sdnp README Image Dataset ZIP
extracted/D43_iPhone_SE_2nd/IMG_2091.jpg,1,Official Apple SDNP ZIP - direct released image,Device: D43_iPhone_SE_2nd | Confirmed by dvazquezpadin/apple-sdnp README Image Dataset ZIP
extracted/D43_iPhone_SE_2nd/IMG_2092.jpg,1,Official Apple SDNP ZIP - direct released image,Device: D43_iPhone_SE_2nd | Confirmed by dvazquezpadin/apple-sdnp README Image Dataset ZIP
extracted/D43_iPhone_SE_2nd/IMG_2093.jpg,1,Official Apple SDNP ZIP - direct released image,Device: D43_iPhone_SE_2nd | Confirmed by dvazquezpadin/apple-sdnp README Image Dataset ZIP
extracted/D43_iPhone_SE_2nd/IMG_2094.jpg,1,Official Apple SDNP ZIP - direct released image,Device: D43_iPhone_SE_2nd | Confirmed by dvazquezpadin/apple-sdnp README Image Dataset ZIP
extracted/D43_iPhone_SE_2nd/IMG_2095.jpg,1,Official Apple SDNP ZIP - direct released image,Device: D43_iPhone_SE_2nd | Confirmed by dvazquezpadin/apple-sdnp README Image Dataset ZIP
extracted/D43_iPhone_SE_2nd/IMG_2096.jpg,1,Official Apple SDNP ZIP - direct released image,Device: D43_iPhone_SE_2nd | Confirmed by dvazquezpadin/apple-sdnp README Image Dataset ZIP
extracted/D43_iPhone_SE_2nd/IMG_2097.jpg,1,Official Apple SDNP ZIP - direct released image,Device: D43_iPhone_SE_2nd | Confirmed by dvazquezpadin/apple-sdnp README Image Dataset ZIP
extracted/D43_iPhone_SE_2nd/IMG_2098.jpg,1,Official Apple SDNP ZIP - direct released image,Device: D43_iPhone_SE_2nd | Confirmed by dvazquezpadin/apple-sdnp README Image Dataset ZIP
extracted/D43_iPhone_SE_2nd/IMG_2099.jpg,1,Official Apple SDNP ZIP - direct released image,Device: D43_iPhone_SE_2nd | Confirmed by dvazquezpadin/apple-sdnp README Image Dataset ZIP
extracted/D43_iPhone_SE_2nd/IMG_2100.jpg,1,Official Apple SDNP ZIP - direct released image,Device: D43_iPhone_SE_2nd | Confirmed by dvazquezpadin/apple-sdnp README Image Dataset ZIP
extracted/D43_iPhone_SE_2nd/IMG_2101.jpg,1,Official Apple SDNP ZIP - direct released image,Device: D43_iPhone_SE_2nd | Confirmed by dvazquezpadin/apple-sdnp README Image Dataset ZIP
extracted/D43_iPhone_SE_2nd/IMG_2102.jpg,1,Official Apple SDNP ZIP - direct released image,Device: D43_iPhone_SE_2nd | Confirmed by dvazquezpadin/apple-sdnp README Image Dataset ZIP
extracted/D51_iPhone_12_mini/IMG_0112.HEIC,1,Official Apple SDNP ZIP - direct released image,Device: D51_iPhone_12_mini | Confirmed by dvazquezpadin/apple-sdnp README Image Dataset ZIP
extracted/D51_iPhone_12_mini/IMG_1361.HEIC,1,Official Apple SDNP ZIP - direct released image,Device: D51_iPhone_12_mini | Confirmed by dvazquezpadin/apple-sdnp README Image Dataset ZIP
extracted/D51_iPhone_12_mini/IMG_1904.HEIC,1,Official Apple SDNP ZIP - direct released image,Device: D51_iPhone_12_mini | Confirmed by dvazquezpadin/apple-sdnp README Image Dataset ZIP
extracted/D51_iPhone_12_mini/IMG_2007.HEIC,1,Official Apple SDNP ZIP - direct released image,Device: D51_iPhone_12_mini | Confirmed by dvazquezpadin/apple-sdnp README Image Dataset ZIP
extracted/D51_iPhone_12_mini/IMG_2008.HEIC,1,Official Apple SDNP ZIP - direct released image,Device: D51_iPhone_12_mini | Confirmed by dvazquezpadin/apple-sdnp README Image Dataset ZIP
extracted/D51_iPhone_12_mini/IMG_2009.HEIC,1,Official Apple SDNP ZIP - direct released image,Device: D51_iPhone_12_mini | Confirmed by dvazquezpadin/apple-sdnp README Image Dataset ZIP
extracted/D51_iPhone_12_mini/IMG_2010.HEIC,1,Official Apple SDNP ZIP - direct released image,Device: D51_iPhone_12_mini | Confirmed by dvazquezpadin/apple-sdnp README Image Dataset ZIP
extracted/D51_iPhone_12_mini/IMG_2011.HEIC,1,Official Apple SDNP ZIP - direct released image,Device: D51_iPhone_12_mini | Confirmed by dvazquezpadin/apple-sdnp README Image Dataset ZIP
extracted/D51_iPhone_12_mini/IMG_2015.HEIC,1,Official Apple SDNP ZIP - direct released image,Device: D51_iPhone_12_mini | Confirmed by dvazquezpadin/apple-sdnp README Image Dataset ZIP
extracted/D51_iPhone_12_mini/IMG_2016.HEIC,1,Official Apple SDNP ZIP - direct released image,Device: D51_iPhone_12_mini | Confirmed by dvazquezpadin/apple-sdnp README Image Dataset ZIP
extracted/D51_iPhone_12_mini/IMG_2017.HEIC,1,Official Apple SDNP ZIP - direct released image,Device: D51_iPhone_12_mini | Confirmed by dvazquezpadin/apple-sdnp README Image Dataset ZIP
extracted/D51_iPhone_12_mini/IMG_2018.HEIC,1,Official Apple SDNP ZIP - direct released image,Device: D51_iPhone_12_mini | Confirmed by dvazquezpadin/apple-sdnp README Image Dataset ZIP
extracted/D51_iPhone_12_mini/IMG_2019.HEIC,1,Official Apple SDNP ZIP - direct released image,Device: D51_iPhone_12_mini | Confirmed by dvazquezpadin/apple-sdnp README Image Dataset ZIP
extracted/D51_iPhone_12_mini/IMG_2020.HEIC,1,Official Apple SDNP ZIP - direct released image,Device: D51_iPhone_12_mini | Confirmed by dvazquezpadin/apple-sdnp README Image Dataset ZIP
extracted/D51_iPhone_12_mini/IMG_2032.HEIC,1,Official Apple SDNP ZIP - direct released image,Device: D51_iPhone_12_mini | Confirmed by dvazquezpadin/apple-sdnp README Image Dataset ZIP
extracted/D51_iPhone_12_mini/IMG_3078.HEIC,1,Official Apple SDNP ZIP - direct released image,Device: D51_iPhone_12_mini | Confirmed by dvazquezpadin/apple-sdnp README Image Dataset ZIP
extracted/D51_iPhone_12_mini/IMG_3095.HEIC,1,Official Apple SDNP ZIP - direct released image,Device: D51_iPhone_12_mini | Confirmed by dvazquezpadin/apple-sdnp README Image Dataset ZIP
extracted/D51_iPhone_12_mini/IMG_5533.HEIC,1,Official Apple SDNP ZIP - direct released image,Device: D51_iPhone_12_mini | Confirmed by dvazquezpadin/apple-sdnp README Image Dataset ZIP
extracted/D51_iPhone_12_mini/IMG_5534.HEIC,1,Official Apple SDNP ZIP - direct released image,Device: D51_iPhone_12_mini | Confirmed by dvazquezpadin/apple-sdnp README Image Dataset ZIP
extracted/D51_iPhone_12_mini/IMG_5535.HEIC,1,Official Apple SDNP ZIP - direct released image,Device: D51_iPhone_12_mini | Confirmed by dvazquezpadin/apple-sdnp README Image Dataset ZIP
extracted/D51_iPhone_12_mini/IMG_5536.HEIC,1,Official Apple SDNP ZIP - direct released image,Device: D51_iPhone_12_mini | Confirmed by dvazquezpadin/apple-sdnp README Image Dataset ZIP
extracted/D51_iPhone_12_mini/IMG_5537.HEIC,1,Official Apple SDNP ZIP - direct released image,Device: D51_iPhone_12_mini | Confirmed by dvazquezpadin/apple-sdnp README Image Dataset ZIP
extracted/D51_iPhone_12_mini/IMG_5538.HEIC,1,Official Apple SDNP ZIP - direct released image,Device: D51_iPhone_12_mini | Confirmed by dvazquezpadin/apple-sdnp README Image Dataset ZIP
extracted/D51_iPhone_12_mini/IMG_5539.HEIC,1,Official Apple SDNP ZIP - direct released image,Device: D51_iPhone_12_mini | Confirmed by dvazquezpadin/apple-sdnp README Image Dataset ZIP
extracted/D51_iPhone_12_mini/IMG_5540.HEIC,1,Official Apple SDNP ZIP - direct released image,Device: D51_iPhone_12_mini | Confirmed by dvazquezpadin/apple-sdnp README Image Dataset ZIP
extracted/D51_iPhone_12_mini/IMG_5541.HEIC,1,Official Apple SDNP ZIP - direct released image,Device: D51_iPhone_12_mini | Confirmed by dvazquezpadin/apple-sdnp README Image Dataset ZIP
extracted/D51_iPhone_12_mini/IMG_5542.HEIC,1,Official Apple SDNP ZIP - direct released image,Device: D51_iPhone_12_mini | Confirmed by dvazquezpadin/apple-sdnp README Image Dataset ZIP
extracted/D51_iPhone_12_mini/IMG_5543.HEIC,1,Official Apple SDNP ZIP - direct released image,Device: D51_iPhone_12_mini | Confirmed by dvazquezpadin/apple-sdnp README Image Dataset ZIP
extracted/D51_iPhone_12_mini/IMG_5544.HEIC,1,Official Apple SDNP ZIP - direct released image,Device: D51_iPhone_12_mini | Confirmed by dvazquezpadin/apple-sdnp README Image Dataset ZIP
extracted/D51_iPhone_12_mini/IMG_5545.HEIC,1,Official Apple SDNP ZIP - direct released image,Device: D51_iPhone_12_mini | Confirmed by dvazquezpadin/apple-sdnp README Image Dataset ZIP
extracted/D51_iPhone_12_mini/IMG_5546.HEIC,1,Official Apple SDNP ZIP - direct released image,Device: D51_iPhone_12_mini | Confirmed by dvazquezpadin/apple-sdnp README Image Dataset ZIP
extracted/D51_iPhone_12_mini/IMG_5548.HEIC,1,Official Apple SDNP ZIP - direct released image,Device: D51_iPhone_12_mini | Confirmed by dvazquezpadin/apple-sdnp README Image Dataset ZIP
extracted/D51_iPhone_12_mini/IMG_5549.HEIC,1,Official Apple SDNP ZIP - direct released image,Device: D51_iPhone_12_mini | Confirmed by dvazquezpadin/apple-sdnp README Image Dataset ZIP
extracted/D51_iPhone_12_mini/IMG_5550.HEIC,1,Official Apple SDNP ZIP - direct released image,Device: D51_iPhone_12_mini | Confirmed by dvazquezpadin/apple-sdnp README Image Dataset ZIP
extracted/D51_iPhone_12_mini/IMG_5551.HEIC,1,Official Apple SDNP ZIP - direct released image,Device: D51_iPhone_12_mini | Confirmed by dvazquezpadin/apple-sdnp README Image Dataset ZIP
extracted/D51_iPhone_12_mini/IMG_5552.HEIC,1,Official Apple SDNP ZIP - direct released image,Device: D51_iPhone_12_mini | Confirmed by dvazquezpadin/apple-sdnp README Image Dataset ZIP
extracted/D51_iPhone_12_mini/IMG_5553.HEIC,1,Official Apple SDNP ZIP - direct released image,Device: D51_iPhone_12_mini | Confirmed by dvazquezpadin/apple-sdnp README Image Dataset ZIP
extracted/D51_iPhone_12_mini/IMG_5554.HEIC,1,Official Apple SDNP ZIP - direct released image,Device: D51_iPhone_12_mini | Confirmed by dvazquezpadin/apple-sdnp README Image Dataset ZIP
extracted/D51_iPhone_12_mini/IMG_5555.HEIC,1,Official Apple SDNP ZIP - direct released image,Device: D51_iPhone_12_mini | Confirmed by dvazquezpadin/apple-sdnp README Image Dataset ZIP
extracted/D51_iPhone_12_mini/IMG_5556.HEIC,1,Official Apple SDNP ZIP - direct released image,Device: D51_iPhone_12_mini | Confirmed by dvazquezpadin/apple-sdnp README Image Dataset ZIP
extracted/D51_iPhone_12_mini/IMG_5557.HEIC,1,Official Apple SDNP ZIP - direct released image,Device: D51_iPhone_12_mini | Confirmed by dvazquezpadin/apple-sdnp README Image Dataset ZIP
extracted/D51_iPhone_12_mini/IMG_5558.HEIC,1,Official Apple SDNP ZIP - direct released image,Device: D51_iPhone_12_mini | Confirmed by dvazquezpadin/apple-sdnp README Image Dataset ZIP
extracted/D51_iPhone_12_mini/IMG_5559.HEIC,1,Official Apple SDNP ZIP - direct released image,Device: D51_iPhone_12_mini | Confirmed by dvazquezpadin/apple-sdnp README Image Dataset ZIP
extracted/D51_iPhone_12_mini/IMG_5560.HEIC,1,Official Apple SDNP ZIP - direct released image,Device: D51_iPhone_12_mini | Confirmed by dvazquezpadin/apple-sdnp README Image Dataset ZIP
extracted/D51_iPhone_12_mini/IMG_5561.HEIC,1,Official Apple SDNP ZIP - direct released image,Device: D51_iPhone_12_mini | Confirmed by dvazquezpadin/apple-sdnp README Image Dataset ZIP
extracted/D51_iPhone_12_mini/IMG_5562.HEIC,1,Official Apple SDNP ZIP - direct released image,Device: D51_iPhone_12_mini | Confirmed by dvazquezpadin/apple-sdnp README Image Dataset ZIP
extracted/D51_iPhone_12_mini/IMG_5563.HEIC,1,Official Apple SDNP ZIP - direct released image,Device: D51_iPhone_12_mini | Confirmed by dvazquezpadin/apple-sdnp README Image Dataset ZIP
extracted/D51_iPhone_12_mini/IMG_5564.HEIC,1,Official Apple SDNP ZIP - direct released image,Device: D51_iPhone_12_mini | Confirmed by dvazquezpadin/apple-sdnp README Image Dataset ZIP
extracted/D51_iPhone_12_mini/IMG_5565.HEIC,1,Official Apple SDNP ZIP - direct released image,Device: D51_iPhone_12_mini | Confirmed by dvazquezpadin/apple-sdnp README Image Dataset ZIP
extracted/D51_iPhone_12_mini/IMG_5566.HEIC,1,Official Apple SDNP ZIP - direct released image,Device: D51_iPhone_12_mini | Confirmed by dvazquezpadin/apple-sdnp README Image Dataset ZIP
extracted/D51_iPhone_12_mini/IMG_5567.HEIC,1,Official Apple SDNP ZIP - direct released image,Device: D51_iPhone_12_mini | Confirmed by dvazquezpadin/apple-sdnp README Image Dataset ZIP
extracted/D51_iPhone_12_mini/IMG_5568.HEIC,1,Official Apple SDNP ZIP - direct released image,Device: D51_iPhone_12_mini | Confirmed by dvazquezpadin/apple-sdnp README Image Dataset ZIP
extracted/D51_iPhone_12_mini/IMG_5569.HEIC,1,Official Apple SDNP ZIP - direct released image,Device: D51_iPhone_12_mini | Confirmed by dvazquezpadin/apple-sdnp README Image Dataset ZIP
extracted/D51_iPhone_12_mini/IMG_5570.HEIC,1,Official Apple SDNP ZIP - direct released image,Device: D51_iPhone_12_mini | Confirmed by dvazquezpadin/apple-sdnp README Image Dataset ZIP
extracted/D51_iPhone_12_mini/IMG_5571.HEIC,1,Official Apple SDNP ZIP - direct released image,Device: D51_iPhone_12_mini | Confirmed by dvazquezpadin/apple-sdnp README Image Dataset ZIP
extracted/D51_iPhone_12_mini/IMG_5572.HEIC,1,Official Apple SDNP ZIP - direct released image,Device: D51_iPhone_12_mini | Confirmed by dvazquezpadin/apple-sdnp README Image Dataset ZIP
extracted/D51_iPhone_12_mini/IMG_5573.HEIC,1,Official Apple SDNP ZIP - direct released image,Device: D51_iPhone_12_mini | Confirmed by dvazquezpadin/apple-sdnp README Image Dataset ZIP
extracted/D51_iPhone_12_mini/IMG_5574.HEIC,1,Official Apple SDNP ZIP - direct released image,Device: D51_iPhone_12_mini | Confirmed by dvazquezpadin/apple-sdnp README Image Dataset ZIP
extracted/D51_iPhone_12_mini/IMG_5575.HEIC,1,Official Apple SDNP ZIP - direct released image,Device: D51_iPhone_12_mini | Confirmed by dvazquezpadin/apple-sdnp README Image Dataset ZIP
extracted/D51_iPhone_12_mini/IMG_5576.HEIC,1,Official Apple SDNP ZIP - direct released image,Device: D51_iPhone_12_mini | Confirmed by dvazquezpadin/apple-sdnp README Image Dataset ZIP
extracted/D51_iPhone_12_mini/IMG_5577.HEIC,1,Official Apple SDNP ZIP - direct released image,Device: D51_iPhone_12_mini | Confirmed by dvazquezpadin/apple-sdnp README Image Dataset ZIP
extracted/D51_iPhone_12_mini/IMG_5578.HEIC,1,Official Apple SDNP ZIP - direct released image,Device: D51_iPhone_12_mini | Confirmed by dvazquezpadin/apple-sdnp README Image Dataset ZIP
extracted/D51_iPhone_12_mini/IMG_5579.HEIC,1,Official Apple SDNP ZIP - direct released image,Device: D51_iPhone_12_mini | Confirmed by dvazquezpadin/apple-sdnp README Image Dataset ZIP
extracted/D51_iPhone_12_mini/IMG_5580.HEIC,1,Official Apple SDNP ZIP - direct released image,Device: D51_iPhone_12_mini | Confirmed by dvazquezpadin/apple-sdnp README Image Dataset ZIP
extracted/D51_iPhone_12_mini/IMG_5581.HEIC,1,Official Apple SDNP ZIP - direct released image,Device: D51_iPhone_12_mini | Confirmed by dvazquezpadin/apple-sdnp README Image Dataset ZIP
extracted/D51_iPhone_12_mini/IMG_5582.HEIC,1,Official Apple SDNP ZIP - direct released image,Device: D51_iPhone_12_mini | Confirmed by dvazquezpadin/apple-sdnp README Image Dataset ZIP
extracted/D51_iPhone_12_mini/IMG_5583.HEIC,1,Official Apple SDNP ZIP - direct released image,Device: D51_iPhone_12_mini | Confirmed by dvazquezpadin/apple-sdnp README Image Dataset ZIP
extracted/D53_iPhone_12_Pro/IMG_3475.jpeg,1,Official Apple SDNP ZIP - direct released image,Device: D53_iPhone_12_Pro | Confirmed by dvazquezpadin/apple-sdnp README Image Dataset ZIP
extracted/D53_iPhone_12_Pro/IMG_3476.jpeg,1,Official Apple SDNP ZIP - direct released image,Device: D53_iPhone_12_Pro | Confirmed by dvazquezpadin/apple-sdnp README Image Dataset ZIP
extracted/D53_iPhone_12_Pro/IMG_3477.jpeg,1,Official Apple SDNP ZIP - direct released image,Device: D53_iPhone_12_Pro | Confirmed by dvazquezpadin/apple-sdnp README Image Dataset ZIP
extracted/D53_iPhone_12_Pro/IMG_3478.jpeg,1,Official Apple SDNP ZIP - direct released image,Device: D53_iPhone_12_Pro | Confirmed by dvazquezpadin/apple-sdnp README Image Dataset ZIP
extracted/D53_iPhone_12_Pro/IMG_3479.jpeg,1,Official Apple SDNP ZIP - direct released image,Device: D53_iPhone_12_Pro | Confirmed by dvazquezpadin/apple-sdnp README Image Dataset ZIP
extracted/D53_iPhone_12_Pro/IMG_3480.jpeg,1,Official Apple SDNP ZIP - direct released image,Device: D53_iPhone_12_Pro | Confirmed by dvazquezpadin/apple-sdnp README Image Dataset ZIP
extracted/D53_iPhone_12_Pro/IMG_3481.jpeg,1,Official Apple SDNP ZIP - direct released image,Device: D53_iPhone_12_Pro | Confirmed by dvazquezpadin/apple-sdnp README Image Dataset ZIP
extracted/D53_iPhone_12_Pro/IMG_3482.jpeg,1,Official Apple SDNP ZIP - direct released image,Device: D53_iPhone_12_Pro | Confirmed by dvazquezpadin/apple-sdnp README Image Dataset ZIP
extracted/D53_iPhone_12_Pro/IMG_3483.jpeg,1,Official Apple SDNP ZIP - direct released image,Device: D53_iPhone_12_Pro | Confirmed by dvazquezpadin/apple-sdnp README Image Dataset ZIP
extracted/D53_iPhone_12_Pro/IMG_3484.jpeg,1,Official Apple SDNP ZIP - direct released image,Device: D53_iPhone_12_Pro | Confirmed by dvazquezpadin/apple-sdnp README Image Dataset ZIP
extracted/D53_iPhone_12_Pro/IMG_3485.jpeg,1,Official Apple SDNP ZIP - direct released image,Device: D53_iPhone_12_Pro | Confirmed by dvazquezpadin/apple-sdnp README Image Dataset ZIP
extracted/D53_iPhone_12_Pro/IMG_3486.jpeg,1,Official Apple SDNP ZIP - direct released image,Device: D53_iPhone_12_Pro | Confirmed by dvazquezpadin/apple-sdnp README Image Dataset ZIP
extracted/D53_iPhone_12_Pro/IMG_3487.jpeg,1,Official Apple SDNP ZIP - direct released image,Device: D53_iPhone_12_Pro | Confirmed by dvazquezpadin/apple-sdnp README Image Dataset ZIP
extracted/D53_iPhone_12_Pro/IMG_3488.jpeg,1,Official Apple SDNP ZIP - direct released image,Device: D53_iPhone_12_Pro | Confirmed by dvazquezpadin/apple-sdnp README Image Dataset ZIP
extracted/D53_iPhone_12_Pro/IMG_3489.jpeg,1,Official Apple SDNP ZIP - direct released image,Device: D53_iPhone_12_Pro | Confirmed by dvazquezpadin/apple-sdnp README Image Dataset ZIP
extracted/D53_iPhone_12_Pro/IMG_3490.jpeg,1,Official Apple SDNP ZIP - direct released image,Device: D53_iPhone_12_Pro | Confirmed by dvazquezpadin/apple-sdnp README Image Dataset ZIP
extracted/D53_iPhone_12_Pro/IMG_3491.jpeg,1,Official Apple SDNP ZIP - direct released image,Device: D53_iPhone_12_Pro | Confirmed by dvazquezpadin/apple-sdnp README Image Dataset ZIP
extracted/D53_iPhone_12_Pro/IMG_3492.jpeg,1,Official Apple SDNP ZIP - direct released image,Device: D53_iPhone_12_Pro | Confirmed by dvazquezpadin/apple-sdnp README Image Dataset ZIP
extracted/D53_iPhone_12_Pro/IMG_3493.jpeg,1,Official Apple SDNP ZIP - direct released image,Device: D53_iPhone_12_Pro | Confirmed by dvazquezpadin/apple-sdnp README Image Dataset ZIP
extracted/D53_iPhone_12_Pro/IMG_3494.jpeg,1,Official Apple SDNP ZIP - direct released image,Device: D53_iPhone_12_Pro | Confirmed by dvazquezpadin/apple-sdnp README Image Dataset ZIP
extracted/D57_iPhone_13/IMG_2815.HEIC,1,Official Apple SDNP ZIP - direct released image,Device: D57_iPhone_13 | Confirmed by dvazquezpadin/apple-sdnp README Image Dataset ZIP
extracted/D57_iPhone_13/IMG_2816.HEIC,1,Official Apple SDNP ZIP - direct released image,Device: D57_iPhone_13 | Confirmed by dvazquezpadin/apple-sdnp README Image Dataset ZIP
extracted/D57_iPhone_13/IMG_2817.HEIC,1,Official Apple SDNP ZIP - direct released image,Device: D57_iPhone_13 | Confirmed by dvazquezpadin/apple-sdnp README Image Dataset ZIP
extracted/D57_iPhone_13/IMG_2818.HEIC,1,Official Apple SDNP ZIP - direct released image,Device: D57_iPhone_13 | Confirmed by dvazquezpadin/apple-sdnp README Image Dataset ZIP
extracted/D57_iPhone_13/IMG_2819.HEIC,1,Official Apple SDNP ZIP - direct released image,Device: D57_iPhone_13 | Confirmed by dvazquezpadin/apple-sdnp README Image Dataset ZIP
extracted/D57_iPhone_13/IMG_2820.HEIC,1,Official Apple SDNP ZIP - direct released image,Device: D57_iPhone_13 | Confirmed by dvazquezpadin/apple-sdnp README Image Dataset ZIP
extracted/D57_iPhone_13/IMG_2821.HEIC,1,Official Apple SDNP ZIP - direct released image,Device: D57_iPhone_13 | Confirmed by dvazquezpadin/apple-sdnp README Image Dataset ZIP
extracted/D57_iPhone_13/IMG_2822.HEIC,1,Official Apple SDNP ZIP - direct released image,Device: D57_iPhone_13 | Confirmed by dvazquezpadin/apple-sdnp README Image Dataset ZIP
extracted/D57_iPhone_13/IMG_2824.HEIC,1,Official Apple SDNP ZIP - direct released image,Device: D57_iPhone_13 | Confirmed by dvazquezpadin/apple-sdnp README Image Dataset ZIP
extracted/D57_iPhone_13/IMG_2825.HEIC,1,Official Apple SDNP ZIP - direct released image,Device: D57_iPhone_13 | Confirmed by dvazquezpadin/apple-sdnp README Image Dataset ZIP
extracted/D57_iPhone_13/IMG_2826.HEIC,1,Official Apple SDNP ZIP - direct released image,Device: D57_iPhone_13 | Confirmed by dvazquezpadin/apple-sdnp README Image Dataset ZIP
extracted/D57_iPhone_13/IMG_2827.HEIC,1,Official Apple SDNP ZIP - direct released image,Device: D57_iPhone_13 | Confirmed by dvazquezpadin/apple-sdnp README Image Dataset ZIP
extracted/D57_iPhone_13/IMG_2828.HEIC,1,Official Apple SDNP ZIP - direct released image,Device: D57_iPhone_13 | Confirmed by dvazquezpadin/apple-sdnp README Image Dataset ZIP
extracted/D57_iPhone_13/IMG_2829.HEIC,1,Official Apple SDNP ZIP - direct released image,Device: D57_iPhone_13 | Confirmed by dvazquezpadin/apple-sdnp README Image Dataset ZIP
extracted/D57_iPhone_13/IMG_2830.HEIC,1,Official Apple SDNP ZIP - direct released image,Device: D57_iPhone_13 | Confirmed by dvazquezpadin/apple-sdnp README Image Dataset ZIP
extracted/D57_iPhone_13/IMG_2831.HEIC,1,Official Apple SDNP ZIP - direct released image,Device: D57_iPhone_13 | Confirmed by dvazquezpadin/apple-sdnp README Image Dataset ZIP
extracted/D57_iPhone_13/IMG_2832.HEIC,1,Official Apple SDNP ZIP - direct released image,Device: D57_iPhone_13 | Confirmed by dvazquezpadin/apple-sdnp README Image Dataset ZIP
extracted/D57_iPhone_13/IMG_2833.HEIC,1,Official Apple SDNP ZIP - direct released image,Device: D57_iPhone_13 | Confirmed by dvazquezpadin/apple-sdnp README Image Dataset ZIP
extracted/D57_iPhone_13/IMG_2834.HEIC,1,Official Apple SDNP ZIP - direct released image,Device: D57_iPhone_13 | Confirmed by dvazquezpadin/apple-sdnp README Image Dataset ZIP
extracted/D57_iPhone_13/IMG_2835.HEIC,1,Official Apple SDNP ZIP - direct released image,Device: D57_iPhone_13 | Confirmed by dvazquezpadin/apple-sdnp README Image Dataset ZIP
extracted/D58_iPhone_13/IMG_3131.heic,1,Official Apple SDNP ZIP - direct released image,Device: D58_iPhone_13 | Confirmed by dvazquezpadin/apple-sdnp README Image Dataset ZIP
extracted/D58_iPhone_13/IMG_3132.heic,1,Official Apple SDNP ZIP - direct released image,Device: D58_iPhone_13 | Confirmed by dvazquezpadin/apple-sdnp README Image Dataset ZIP
extracted/D58_iPhone_13/IMG_3136.heic,1,Official Apple SDNP ZIP - direct released image,Device: D58_iPhone_13 | Confirmed by dvazquezpadin/apple-sdnp README Image Dataset ZIP
extracted/D58_iPhone_13/IMG_3137.heic,1,Official Apple SDNP ZIP - direct released image,Device: D58_iPhone_13 | Confirmed by dvazquezpadin/apple-sdnp README Image Dataset ZIP
extracted/D58_iPhone_13/IMG_3138.heic,1,Official Apple SDNP ZIP - direct released image,Device: D58_iPhone_13 | Confirmed by dvazquezpadin/apple-sdnp README Image Dataset ZIP
extracted/D58_iPhone_13/IMG_3139.heic,1,Official Apple SDNP ZIP - direct released image,Device: D58_iPhone_13 | Confirmed by dvazquezpadin/apple-sdnp README Image Dataset ZIP
extracted/D58_iPhone_13/IMG_3143.heic,1,Official Apple SDNP ZIP - direct released image,Device: D58_iPhone_13 | Confirmed by dvazquezpadin/apple-sdnp README Image Dataset ZIP
extracted/D58_iPhone_13/IMG_3144.heic,1,Official Apple SDNP ZIP - direct released image,Device: D58_iPhone_13 | Confirmed by dvazquezpadin/apple-sdnp README Image Dataset ZIP
extracted/D58_iPhone_13/IMG_3145.heic,1,Official Apple SDNP ZIP - direct released image,Device: D58_iPhone_13 | Confirmed by dvazquezpadin/apple-sdnp README Image Dataset ZIP
extracted/D58_iPhone_13/IMG_3146.heic,1,Official Apple SDNP ZIP - direct released image,Device: D58_iPhone_13 | Confirmed by dvazquezpadin/apple-sdnp README Image Dataset ZIP
extracted/D58_iPhone_13/IMG_3147.heic,1,Official Apple SDNP ZIP - direct released image,Device: D58_iPhone_13 | Confirmed by dvazquezpadin/apple-sdnp README Image Dataset ZIP
extracted/D58_iPhone_13/IMG_3148.heic,1,Official Apple SDNP ZIP - direct released image,Device: D58_iPhone_13 | Confirmed by dvazquezpadin/apple-sdnp README Image Dataset ZIP
extracted/D58_iPhone_13/IMG_3149.heic,1,Official Apple SDNP ZIP - direct released image,Device: D58_iPhone_13 | Confirmed by dvazquezpadin/apple-sdnp README Image Dataset ZIP
extracted/D58_iPhone_13/IMG_3150.heic,1,Official Apple SDNP ZIP - direct released image,Device: D58_iPhone_13 | Confirmed by dvazquezpadin/apple-sdnp README Image Dataset ZIP
extracted/D58_iPhone_13/IMG_3151.heic,1,Official Apple SDNP ZIP - direct released image,Device: D58_iPhone_13 | Confirmed by dvazquezpadin/apple-sdnp README Image Dataset ZIP
extracted/D58_iPhone_13/IMG_3152.heic,1,Official Apple SDNP ZIP - direct released image,Device: D58_iPhone_13 | Confirmed by dvazquezpadin/apple-sdnp README Image Dataset ZIP
extracted/D58_iPhone_13/IMG_3201.heic,1,Official Apple SDNP ZIP - direct released image,Device: D58_iPhone_13 | Confirmed by dvazquezpadin/apple-sdnp README Image Dataset ZIP
extracted/D58_iPhone_13/IMG_3202.heic,1,Official Apple SDNP ZIP - direct released image,Device: D58_iPhone_13 | Confirmed by dvazquezpadin/apple-sdnp README Image Dataset ZIP
extracted/D58_iPhone_13/IMG_3203.heic,1,Official Apple SDNP ZIP - direct released image,Device: D58_iPhone_13 | Confirmed by dvazquezpadin/apple-sdnp README Image Dataset ZIP
extracted/D58_iPhone_13/IMG_3222.heic,1,Official Apple SDNP ZIP - direct released image,Device: D58_iPhone_13 | Confirmed by dvazquezpadin/apple-sdnp README Image Dataset ZIP
extracted/D59_iPhone_13/IMG_3037.jpeg,1,Official Apple SDNP ZIP - direct released image,Device: D59_iPhone_13 | Confirmed by dvazquezpadin/apple-sdnp README Image Dataset ZIP
extracted/D59_iPhone_13/IMG_3038.jpeg,1,Official Apple SDNP ZIP - direct released image,Device: D59_iPhone_13 | Confirmed by dvazquezpadin/apple-sdnp README Image Dataset ZIP
extracted/D59_iPhone_13/IMG_3039.jpeg,1,Official Apple SDNP ZIP - direct released image,Device: D59_iPhone_13 | Confirmed by dvazquezpadin/apple-sdnp README Image Dataset ZIP
extracted/D59_iPhone_13/IMG_3040.jpeg,1,Official Apple SDNP ZIP - direct released image,Device: D59_iPhone_13 | Confirmed by dvazquezpadin/apple-sdnp README Image Dataset ZIP
extracted/D59_iPhone_13/IMG_3041.jpeg,1,Official Apple SDNP ZIP - direct released image,Device: D59_iPhone_13 | Confirmed by dvazquezpadin/apple-sdnp README Image Dataset ZIP
extracted/D59_iPhone_13/IMG_3042.jpeg,1,Official Apple SDNP ZIP - direct released image,Device: D59_iPhone_13 | Confirmed by dvazquezpadin/apple-sdnp README Image Dataset ZIP
extracted/D59_iPhone_13/IMG_3043.jpeg,1,Official Apple SDNP ZIP - direct released image,Device: D59_iPhone_13 | Confirmed by dvazquezpadin/apple-sdnp README Image Dataset ZIP
extracted/D59_iPhone_13/IMG_3044.jpeg,1,Official Apple SDNP ZIP - direct released image,Device: D59_iPhone_13 | Confirmed by dvazquezpadin/apple-sdnp README Image Dataset ZIP
extracted/D59_iPhone_13/IMG_3045.jpeg,1,Official Apple SDNP ZIP - direct released image,Device: D59_iPhone_13 | Confirmed by dvazquezpadin/apple-sdnp README Image Dataset ZIP
extracted/D59_iPhone_13/IMG_3046.jpeg,1,Official Apple SDNP ZIP - direct released image,Device: D59_iPhone_13 | Confirmed by dvazquezpadin/apple-sdnp README Image Dataset ZIP
extracted/D59_iPhone_13/IMG_3047.jpeg,1,Official Apple SDNP ZIP - direct released image,Device: D59_iPhone_13 | Confirmed by dvazquezpadin/apple-sdnp README Image Dataset ZIP
extracted/D59_iPhone_13/IMG_3048.jpeg,1,Official Apple SDNP ZIP - direct released image,Device: D59_iPhone_13 | Confirmed by dvazquezpadin/apple-sdnp README Image Dataset ZIP
extracted/D59_iPhone_13/IMG_3049.jpeg,1,Official Apple SDNP ZIP - direct released image,Device: D59_iPhone_13 | Confirmed by dvazquezpadin/apple-sdnp README Image Dataset ZIP
extracted/D59_iPhone_13/IMG_3050.jpeg,1,Official Apple SDNP ZIP - direct released image,Device: D59_iPhone_13 | Confirmed by dvazquezpadin/apple-sdnp README Image Dataset ZIP
extracted/D59_iPhone_13/IMG_3051.jpeg,1,Official Apple SDNP ZIP - direct released image,Device: D59_iPhone_13 | Confirmed by dvazquezpadin/apple-sdnp README Image Dataset ZIP
extracted/D59_iPhone_13/IMG_3052.jpeg,1,Official Apple SDNP ZIP - direct released image,Device: D59_iPhone_13 | Confirmed by dvazquezpadin/apple-sdnp README Image Dataset ZIP
extracted/D59_iPhone_13/IMG_3053.jpeg,1,Official Apple SDNP ZIP - direct released image,Device: D59_iPhone_13 | Confirmed by dvazquezpadin/apple-sdnp README Image Dataset ZIP
extracted/D59_iPhone_13/IMG_3054.jpeg,1,Official Apple SDNP ZIP - direct released image,Device: D59_iPhone_13 | Confirmed by dvazquezpadin/apple-sdnp README Image Dataset ZIP
extracted/D59_iPhone_13/IMG_3055.jpeg,1,Official Apple SDNP ZIP - direct released image,Device: D59_iPhone_13 | Confirmed by dvazquezpadin/apple-sdnp README Image Dataset ZIP
extracted/D59_iPhone_13/IMG_3056.jpeg,1,Official Apple SDNP ZIP - direct released image,Device: D59_iPhone_13 | Confirmed by dvazquezpadin/apple-sdnp README Image Dataset ZIP
extracted/D60_iPhone_13/IMG_1342.heic,1,Official Apple SDNP ZIP - direct released image,Device: D60_iPhone_13 | Confirmed by dvazquezpadin/apple-sdnp README Image Dataset ZIP
extracted/D60_iPhone_13/IMG_1344.heic,1,Official Apple SDNP ZIP - direct released image,Device: D60_iPhone_13 | Confirmed by dvazquezpadin/apple-sdnp README Image Dataset ZIP
extracted/D60_iPhone_13/IMG_1345.heic,1,Official Apple SDNP ZIP - direct released image,Device: D60_iPhone_13 | Confirmed by dvazquezpadin/apple-sdnp README Image Dataset ZIP
extracted/D60_iPhone_13/IMG_1346.heic,1,Official Apple SDNP ZIP - direct released image,Device: D60_iPhone_13 | Confirmed by dvazquezpadin/apple-sdnp README Image Dataset ZIP
extracted/D60_iPhone_13/IMG_1347.heic,1,Official Apple SDNP ZIP - direct released image,Device: D60_iPhone_13 | Confirmed by dvazquezpadin/apple-sdnp README Image Dataset ZIP
extracted/D60_iPhone_13/IMG_1348.heic,1,Official Apple SDNP ZIP - direct released image,Device: D60_iPhone_13 | Confirmed by dvazquezpadin/apple-sdnp README Image Dataset ZIP
extracted/D60_iPhone_13/IMG_1349.heic,1,Official Apple SDNP ZIP - direct released image,Device: D60_iPhone_13 | Confirmed by dvazquezpadin/apple-sdnp README Image Dataset ZIP
extracted/D60_iPhone_13/IMG_1350.heic,1,Official Apple SDNP ZIP - direct released image,Device: D60_iPhone_13 | Confirmed by dvazquezpadin/apple-sdnp README Image Dataset ZIP
extracted/D60_iPhone_13/IMG_1364.heic,1,Official Apple SDNP ZIP - direct released image,Device: D60_iPhone_13 | Confirmed by dvazquezpadin/apple-sdnp README Image Dataset ZIP
extracted/D60_iPhone_13/IMG_1365.heic,1,Official Apple SDNP ZIP - direct released image,Device: D60_iPhone_13 | Confirmed by dvazquezpadin/apple-sdnp README Image Dataset ZIP
extracted/D60_iPhone_13/IMG_1366.heic,1,Official Apple SDNP ZIP - direct released image,Device: D60_iPhone_13 | Confirmed by dvazquezpadin/apple-sdnp README Image Dataset ZIP
extracted/D60_iPhone_13/IMG_1367.heic,1,Official Apple SDNP ZIP - direct released image,Device: D60_iPhone_13 | Confirmed by dvazquezpadin/apple-sdnp README Image Dataset ZIP
extracted/D60_iPhone_13/IMG_1368.heic,1,Official Apple SDNP ZIP - direct released image,Device: D60_iPhone_13 | Confirmed by dvazquezpadin/apple-sdnp README Image Dataset ZIP
extracted/D60_iPhone_13/IMG_1369.heic,1,Official Apple SDNP ZIP - direct released image,Device: D60_iPhone_13 | Confirmed by dvazquezpadin/apple-sdnp README Image Dataset ZIP
extracted/D60_iPhone_13/IMG_1370.heic,1,Official Apple SDNP ZIP - direct released image,Device: D60_iPhone_13 | Confirmed by dvazquezpadin/apple-sdnp README Image Dataset ZIP
extracted/D60_iPhone_13/IMG_1371.heic,1,Official Apple SDNP ZIP - direct released image,Device: D60_iPhone_13 | Confirmed by dvazquezpadin/apple-sdnp README Image Dataset ZIP
extracted/D60_iPhone_13/IMG_1372.heic,1,Official Apple SDNP ZIP - direct released image,Device: D60_iPhone_13 | Confirmed by dvazquezpadin/apple-sdnp README Image Dataset ZIP
extracted/D60_iPhone_13/IMG_1373.heic,1,Official Apple SDNP ZIP - direct released image,Device: D60_iPhone_13 | Confirmed by dvazquezpadin/apple-sdnp README Image Dataset ZIP
extracted/D61_iPhone_13/IMG_8848.heic,1,Official Apple SDNP ZIP - direct released image,Device: D61_iPhone_13 | Confirmed by dvazquezpadin/apple-sdnp README Image Dataset ZIP
extracted/D61_iPhone_13/IMG_8849.heic,1,Official Apple SDNP ZIP - direct released image,Device: D61_iPhone_13 | Confirmed by dvazquezpadin/apple-sdnp README Image Dataset ZIP
extracted/D61_iPhone_13/IMG_8850.heic,1,Official Apple SDNP ZIP - direct released image,Device: D61_iPhone_13 | Confirmed by dvazquezpadin/apple-sdnp README Image Dataset ZIP
extracted/D61_iPhone_13/IMG_8851.heic,1,Official Apple SDNP ZIP - direct released image,Device: D61_iPhone_13 | Confirmed by dvazquezpadin/apple-sdnp README Image Dataset ZIP
extracted/D61_iPhone_13/IMG_8852.heic,1,Official Apple SDNP ZIP - direct released image,Device: D61_iPhone_13 | Confirmed by dvazquezpadin/apple-sdnp README Image Dataset ZIP
extracted/D61_iPhone_13/IMG_8853.heic,1,Official Apple SDNP ZIP - direct released image,Device: D61_iPhone_13 | Confirmed by dvazquezpadin/apple-sdnp README Image Dataset ZIP
extracted/D61_iPhone_13/IMG_8854.heic,1,Official Apple SDNP ZIP - direct released image,Device: D61_iPhone_13 | Confirmed by dvazquezpadin/apple-sdnp README Image Dataset ZIP
extracted/D61_iPhone_13/IMG_8855.heic,1,Official Apple SDNP ZIP - direct released image,Device: D61_iPhone_13 | Confirmed by dvazquezpadin/apple-sdnp README Image Dataset ZIP
extracted/D61_iPhone_13/IMG_8856.heic,1,Official Apple SDNP ZIP - direct released image,Device: D61_iPhone_13 | Confirmed by dvazquezpadin/apple-sdnp README Image Dataset ZIP
extracted/D61_iPhone_13/IMG_8857.heic,1,Official Apple SDNP ZIP - direct released image,Device: D61_iPhone_13 | Confirmed by dvazquezpadin/apple-sdnp README Image Dataset ZIP
extracted/D61_iPhone_13/IMG_8858.heic,1,Official Apple SDNP ZIP - direct released image,Device: D61_iPhone_13 | Confirmed by dvazquezpadin/apple-sdnp README Image Dataset ZIP
extracted/D61_iPhone_13/IMG_8859.heic,1,Official Apple SDNP ZIP - direct released image,Device: D61_iPhone_13 | Confirmed by dvazquezpadin/apple-sdnp README Image Dataset ZIP
extracted/D61_iPhone_13/IMG_8860.heic,1,Official Apple SDNP ZIP - direct released image,Device: D61_iPhone_13 | Confirmed by dvazquezpadin/apple-sdnp README Image Dataset ZIP
extracted/D61_iPhone_13/IMG_8861.heic,1,Official Apple SDNP ZIP - direct released image,Device: D61_iPhone_13 | Confirmed by dvazquezpadin/apple-sdnp README Image Dataset ZIP
extracted/D61_iPhone_13/IMG_8862.heic,1,Official Apple SDNP ZIP - direct released image,Device: D61_iPhone_13 | Confirmed by dvazquezpadin/apple-sdnp README Image Dataset ZIP
extracted/D61_iPhone_13/IMG_8863.heic,1,Official Apple SDNP ZIP - direct released image,Device: D61_iPhone_13 | Confirmed by dvazquezpadin/apple-sdnp README Image Dataset ZIP
extracted/D61_iPhone_13/IMG_8864.heic,1,Official Apple SDNP ZIP - direct released image,Device: D61_iPhone_13 | Confirmed by dvazquezpadin/apple-sdnp README Image Dataset ZIP
extracted/D61_iPhone_13/IMG_8865.heic,1,Official Apple SDNP ZIP - direct released image,Device: D61_iPhone_13 | Confirmed by dvazquezpadin/apple-sdnp README Image Dataset ZIP
extracted/D61_iPhone_13/IMG_8866.heic,1,Official Apple SDNP ZIP - direct released image,Device: D61_iPhone_13 | Confirmed by dvazquezpadin/apple-sdnp README Image Dataset ZIP
extracted/D61_iPhone_13/IMG_8867.heic,1,Official Apple SDNP ZIP - direct released image,Device: D61_iPhone_13 | Confirmed by dvazquezpadin/apple-sdnp README Image Dataset ZIP
extracted/D63_iPhone_13_mini/IMG_0098.HEIC,1,Official Apple SDNP ZIP - direct released image,Device: D63_iPhone_13_mini | Confirmed by dvazquezpadin/apple-sdnp README Image Dataset ZIP
extracted/D63_iPhone_13_mini/IMG_0099.HEIC,1,Official Apple SDNP ZIP - direct released image,Device: D63_iPhone_13_mini | Confirmed by dvazquezpadin/apple-sdnp README Image Dataset ZIP
extracted/D63_iPhone_13_mini/IMG_0100.HEIC,1,Official Apple SDNP ZIP - direct released image,Device: D63_iPhone_13_mini | Confirmed by dvazquezpadin/apple-sdnp README Image Dataset ZIP
extracted/D63_iPhone_13_mini/IMG_0101.HEIC,1,Official Apple SDNP ZIP - direct released image,Device: D63_iPhone_13_mini | Confirmed by dvazquezpadin/apple-sdnp README Image Dataset ZIP
extracted/D63_iPhone_13_mini/IMG_0102.HEIC,1,Official Apple SDNP ZIP - direct released image,Device: D63_iPhone_13_mini | Confirmed by dvazquezpadin/apple-sdnp README Image Dataset ZIP
extracted/D63_iPhone_13_mini/IMG_0103.HEIC,1,Official Apple SDNP ZIP - direct released image,Device: D63_iPhone_13_mini | Confirmed by dvazquezpadin/apple-sdnp README Image Dataset ZIP
extracted/D63_iPhone_13_mini/IMG_0104.HEIC,1,Official Apple SDNP ZIP - direct released image,Device: D63_iPhone_13_mini | Confirmed by dvazquezpadin/apple-sdnp README Image Dataset ZIP
extracted/D63_iPhone_13_mini/IMG_0105.HEIC,1,Official Apple SDNP ZIP - direct released image,Device: D63_iPhone_13_mini | Confirmed by dvazquezpadin/apple-sdnp README Image Dataset ZIP
extracted/D63_iPhone_13_mini/IMG_0112.HEIC,1,Official Apple SDNP ZIP - direct released image,Device: D63_iPhone_13_mini | Confirmed by dvazquezpadin/apple-sdnp README Image Dataset ZIP
extracted/D63_iPhone_13_mini/IMG_0113.HEIC,1,Official Apple SDNP ZIP - direct released image,Device: D63_iPhone_13_mini | Confirmed by dvazquezpadin/apple-sdnp README Image Dataset ZIP
extracted/D63_iPhone_13_mini/IMG_0114.HEIC,1,Official Apple SDNP ZIP - direct released image,Device: D63_iPhone_13_mini | Confirmed by dvazquezpadin/apple-sdnp README Image Dataset ZIP
extracted/D63_iPhone_13_mini/IMG_0115.HEIC,1,Official Apple SDNP ZIP - direct released image,Device: D63_iPhone_13_mini | Confirmed by dvazquezpadin/apple-sdnp README Image Dataset ZIP
extracted/D63_iPhone_13_mini/IMG_0116.HEIC,1,Official Apple SDNP ZIP - direct released image,Device: D63_iPhone_13_mini | Confirmed by dvazquezpadin/apple-sdnp README Image Dataset ZIP
extracted/D63_iPhone_13_mini/IMG_0117.HEIC,1,Official Apple SDNP ZIP - direct released image,Device: D63_iPhone_13_mini | Confirmed by dvazquezpadin/apple-sdnp README Image Dataset ZIP
extracted/D63_iPhone_13_mini/IMG_0118.HEIC,1,Official Apple SDNP ZIP - direct released image,Device: D63_iPhone_13_mini | Confirmed by dvazquezpadin/apple-sdnp README Image Dataset ZIP
extracted/D63_iPhone_13_mini/IMG_0119.HEIC,1,Official Apple SDNP ZIP - direct released image,Device: D63_iPhone_13_mini | Confirmed by dvazquezpadin/apple-sdnp README Image Dataset ZIP
extracted/D63_iPhone_13_mini/IMG_0120.HEIC,1,Official Apple SDNP ZIP - direct released image,Device: D63_iPhone_13_mini | Confirmed by dvazquezpadin/apple-sdnp README Image Dataset ZIP
extracted/D63_iPhone_13_mini/IMG_0121.HEIC,1,Official Apple SDNP ZIP - direct released image,Device: D63_iPhone_13_mini | Confirmed by dvazquezpadin/apple-sdnp README Image Dataset ZIP
extracted/D63_iPhone_13_mini/IMG_0122.HEIC,1,Official Apple SDNP ZIP - direct released image,Device: D63_iPhone_13_mini | Confirmed by dvazquezpadin/apple-sdnp README Image Dataset ZIP
extracted/D63_iPhone_13_mini/IMG_0123.HEIC,1,Official Apple SDNP ZIP - direct released image,Device: D63_iPhone_13_mini | Confirmed by dvazquezpadin/apple-sdnp README Image Dataset ZIP
extracted/D68_iPhone13_Pro_Max/IMG_3658.jpeg,1,Official Apple SDNP ZIP - direct released image,Device: D68_iPhone13_Pro_Max | Confirmed by dvazquezpadin/apple-sdnp README Image Dataset ZIP
extracted/D68_iPhone13_Pro_Max/IMG_3659.jpeg,1,Official Apple SDNP ZIP - direct released image,Device: D68_iPhone13_Pro_Max | Confirmed by dvazquezpadin/apple-sdnp README Image Dataset ZIP
extracted/D68_iPhone13_Pro_Max/IMG_3660.jpeg,1,Official Apple SDNP ZIP - direct released image,Device: D68_iPhone13_Pro_Max | Confirmed by dvazquezpadin/apple-sdnp README Image Dataset ZIP
extracted/D68_iPhone13_Pro_Max/IMG_3661.jpeg,1,Official Apple SDNP ZIP - direct released image,Device: D68_iPhone13_Pro_Max | Confirmed by dvazquezpadin/apple-sdnp README Image Dataset ZIP
extracted/D68_iPhone13_Pro_Max/IMG_3662.jpeg,1,Official Apple SDNP ZIP - direct released image,Device: D68_iPhone13_Pro_Max | Confirmed by dvazquezpadin/apple-sdnp README Image Dataset ZIP
extracted/D68_iPhone13_Pro_Max/IMG_3663.jpeg,1,Official Apple SDNP ZIP - direct released image,Device: D68_iPhone13_Pro_Max | Confirmed by dvazquezpadin/apple-sdnp README Image Dataset ZIP
extracted/D68_iPhone13_Pro_Max/IMG_3664.jpeg,1,Official Apple SDNP ZIP - direct released image,Device: D68_iPhone13_Pro_Max | Confirmed by dvazquezpadin/apple-sdnp README Image Dataset ZIP
extracted/D68_iPhone13_Pro_Max/IMG_3665.jpeg,1,Official Apple SDNP ZIP - direct released image,Device: D68_iPhone13_Pro_Max | Confirmed by dvazquezpadin/apple-sdnp README Image Dataset ZIP
extracted/D68_iPhone13_Pro_Max/IMG_3666.jpeg,1,Official Apple SDNP ZIP - direct released image,Device: D68_iPhone13_Pro_Max | Confirmed by dvazquezpadin/apple-sdnp README Image Dataset ZIP
extracted/D68_iPhone13_Pro_Max/IMG_3667.jpeg,1,Official Apple SDNP ZIP - direct released image,Device: D68_iPhone13_Pro_Max | Confirmed by dvazquezpadin/apple-sdnp README Image Dataset ZIP
extracted/D68_iPhone13_Pro_Max/IMG_3668.jpeg,1,Official Apple SDNP ZIP - direct released image,Device: D68_iPhone13_Pro_Max | Confirmed by dvazquezpadin/apple-sdnp README Image Dataset ZIP
extracted/D68_iPhone13_Pro_Max/IMG_3669.jpeg,1,Official Apple SDNP ZIP - direct released image,Device: D68_iPhone13_Pro_Max | Confirmed by dvazquezpadin/apple-sdnp README Image Dataset ZIP
extracted/D68_iPhone13_Pro_Max/IMG_3670.jpeg,1,Official Apple SDNP ZIP - direct released image,Device: D68_iPhone13_Pro_Max | Confirmed by dvazquezpadin/apple-sdnp README Image Dataset ZIP
extracted/D68_iPhone13_Pro_Max/IMG_3671.jpeg,1,Official Apple SDNP ZIP - direct released image,Device: D68_iPhone13_Pro_Max | Confirmed by dvazquezpadin/apple-sdnp README Image Dataset ZIP
extracted/D68_iPhone13_Pro_Max/IMG_3672.jpeg,1,Official Apple SDNP ZIP - direct released image,Device: D68_iPhone13_Pro_Max | Confirmed by dvazquezpadin/apple-sdnp README Image Dataset ZIP
extracted/D68_iPhone13_Pro_Max/IMG_3673.jpeg,1,Official Apple SDNP ZIP - direct released image,Device: D68_iPhone13_Pro_Max | Confirmed by dvazquezpadin/apple-sdnp README Image Dataset ZIP
extracted/D68_iPhone13_Pro_Max/IMG_3674.jpeg,1,Official Apple SDNP ZIP - direct released image,Device: D68_iPhone13_Pro_Max | Confirmed by dvazquezpadin/apple-sdnp README Image Dataset ZIP
extracted/D68_iPhone13_Pro_Max/IMG_3675.jpeg,1,Official Apple SDNP ZIP - direct released image,Device: D68_iPhone13_Pro_Max | Confirmed by dvazquezpadin/apple-sdnp README Image Dataset ZIP
extracted/D68_iPhone13_Pro_Max/IMG_3676.jpeg,1,Official Apple SDNP ZIP - direct released image,Device: D68_iPhone13_Pro_Max | Confirmed by dvazquezpadin/apple-sdnp README Image Dataset ZIP
extracted/D68_iPhone13_Pro_Max/IMG_3677.jpeg,1,Official Apple SDNP ZIP - direct released image,Device: D68_iPhone13_Pro_Max | Confirmed by dvazquezpadin/apple-sdnp README Image Dataset ZIP
extracted/D69_iPhone_13_pro_Max/IMG_6770.jpeg,1,Official Apple SDNP ZIP - direct released image,Device: D69_iPhone_13_pro_Max | Confirmed by dvazquezpadin/apple-sdnp README Image Dataset ZIP
extracted/D69_iPhone_13_pro_Max/IMG_6771.jpeg,1,Official Apple SDNP ZIP - direct released image,Device: D69_iPhone_13_pro_Max | Confirmed by dvazquezpadin/apple-sdnp README Image Dataset ZIP
extracted/D69_iPhone_13_pro_Max/IMG_6772.jpeg,1,Official Apple SDNP ZIP - direct released image,Device: D69_iPhone_13_pro_Max | Confirmed by dvazquezpadin/apple-sdnp README Image Dataset ZIP
extracted/D69_iPhone_13_pro_Max/IMG_6773.jpeg,1,Official Apple SDNP ZIP - direct released image,Device: D69_iPhone_13_pro_Max | Confirmed by dvazquezpadin/apple-sdnp README Image Dataset ZIP
extracted/D69_iPhone_13_pro_Max/IMG_6774.jpeg,1,Official Apple SDNP ZIP - direct released image,Device: D69_iPhone_13_pro_Max | Confirmed by dvazquezpadin/apple-sdnp README Image Dataset ZIP
extracted/D69_iPhone_13_pro_Max/IMG_6775.jpeg,1,Official Apple SDNP ZIP - direct released image,Device: D69_iPhone_13_pro_Max | Confirmed by dvazquezpadin/apple-sdnp README Image Dataset ZIP
extracted/D69_iPhone_13_pro_Max/IMG_6776.jpeg,1,Official Apple SDNP ZIP - direct released image,Device: D69_iPhone_13_pro_Max | Confirmed by dvazquezpadin/apple-sdnp README Image Dataset ZIP
extracted/D69_iPhone_13_pro_Max/IMG_6777.jpeg,1,Official Apple SDNP ZIP - direct released image,Device: D69_iPhone_13_pro_Max | Confirmed by dvazquezpadin/apple-sdnp README Image Dataset ZIP
extracted/D69_iPhone_13_pro_Max/IMG_6778.jpeg,1,Official Apple SDNP ZIP - direct released image,Device: D69_iPhone_13_pro_Max | Confirmed by dvazquezpadin/apple-sdnp README Image Dataset ZIP
extracted/D69_iPhone_13_pro_Max/IMG_6779.jpeg,1,Official Apple SDNP ZIP - direct released image,Device: D69_iPhone_13_pro_Max | Confirmed by dvazquezpadin/apple-sdnp README Image Dataset ZIP
extracted/D69_iPhone_13_pro_Max/IMG_6785.jpeg,1,Official Apple SDNP ZIP - direct released image,Device: D69_iPhone_13_pro_Max | Confirmed by dvazquezpadin/apple-sdnp README Image Dataset ZIP
extracted/D69_iPhone_13_pro_Max/IMG_6788.jpeg,1,Official Apple SDNP ZIP - direct released image,Device: D69_iPhone_13_pro_Max | Confirmed by dvazquezpadin/apple-sdnp README Image Dataset ZIP
extracted/D69_iPhone_13_pro_Max/IMG_6789.jpeg,1,Official Apple SDNP ZIP - direct released image,Device: D69_iPhone_13_pro_Max | Confirmed by dvazquezpadin/apple-sdnp README Image Dataset ZIP
extracted/D72_iPhone_14/IMG_1798.jpeg,1,Official Apple SDNP ZIP - direct released image,Device: D72_iPhone_14 | Confirmed by dvazquezpadin/apple-sdnp README Image Dataset ZIP
extracted/D72_iPhone_14/IMG_1799.jpeg,1,Official Apple SDNP ZIP - direct released image,Device: D72_iPhone_14 | Confirmed by dvazquezpadin/apple-sdnp README Image Dataset ZIP
extracted/D72_iPhone_14/IMG_1800.jpeg,1,Official Apple SDNP ZIP - direct released image,Device: D72_iPhone_14 | Confirmed by dvazquezpadin/apple-sdnp README Image Dataset ZIP
extracted/D72_iPhone_14/IMG_1801.jpeg,1,Official Apple SDNP ZIP - direct released image,Device: D72_iPhone_14 | Confirmed by dvazquezpadin/apple-sdnp README Image Dataset ZIP
extracted/D72_iPhone_14/IMG_1803.jpeg,1,Official Apple SDNP ZIP - direct released image,Device: D72_iPhone_14 | Confirmed by dvazquezpadin/apple-sdnp README Image Dataset ZIP
extracted/D72_iPhone_14/IMG_1804.jpeg,1,Official Apple SDNP ZIP - direct released image,Device: D72_iPhone_14 | Confirmed by dvazquezpadin/apple-sdnp README Image Dataset ZIP
extracted/D72_iPhone_14/IMG_1805.jpeg,1,Official Apple SDNP ZIP - direct released image,Device: D72_iPhone_14 | Confirmed by dvazquezpadin/apple-sdnp README Image Dataset ZIP
extracted/D72_iPhone_14/IMG_1806.jpeg,1,Official Apple SDNP ZIP - direct released image,Device: D72_iPhone_14 | Confirmed by dvazquezpadin/apple-sdnp README Image Dataset ZIP
extracted/D72_iPhone_14/IMG_1807.jpeg,1,Official Apple SDNP ZIP - direct released image,Device: D72_iPhone_14 | Confirmed by dvazquezpadin/apple-sdnp README Image Dataset ZIP
extracted/D72_iPhone_14/IMG_1808.jpeg,1,Official Apple SDNP ZIP - direct released image,Device: D72_iPhone_14 | Confirmed by dvazquezpadin/apple-sdnp README Image Dataset ZIP
extracted/D72_iPhone_14/IMG_1830.jpeg,1,Official Apple SDNP ZIP - direct released image,Device: D72_iPhone_14 | Confirmed by dvazquezpadin/apple-sdnp README Image Dataset ZIP
extracted/D72_iPhone_14/IMG_1831.jpeg,1,Official Apple SDNP ZIP - direct released image,Device: D72_iPhone_14 | Confirmed by dvazquezpadin/apple-sdnp README Image Dataset ZIP
extracted/D72_iPhone_14/IMG_1832.jpeg,1,Official Apple SDNP ZIP - direct released image,Device: D72_iPhone_14 | Confirmed by dvazquezpadin/apple-sdnp README Image Dataset ZIP
extracted/D72_iPhone_14/IMG_1833.jpeg,1,Official Apple SDNP ZIP - direct released image,Device: D72_iPhone_14 | Confirmed by dvazquezpadin/apple-sdnp README Image Dataset ZIP
extracted/D72_iPhone_14/IMG_1834.jpeg,1,Official Apple SDNP ZIP - direct released image,Device: D72_iPhone_14 | Confirmed by dvazquezpadin/apple-sdnp README Image Dataset ZIP
extracted/D72_iPhone_14/IMG_1835.jpeg,1,Official Apple SDNP ZIP - direct released image,Device: D72_iPhone_14 | Confirmed by dvazquezpadin/apple-sdnp README Image Dataset ZIP
extracted/D72_iPhone_14/IMG_1836.jpeg,1,Official Apple SDNP ZIP - direct released image,Device: D72_iPhone_14 | Confirmed by dvazquezpadin/apple-sdnp README Image Dataset ZIP
extracted/D72_iPhone_14/IMG_1837.jpeg,1,Official Apple SDNP ZIP - direct released image,Device: D72_iPhone_14 | Confirmed by dvazquezpadin/apple-sdnp README Image Dataset ZIP
extracted/D72_iPhone_14/IMG_1838.jpeg,1,Official Apple SDNP ZIP - direct released image,Device: D72_iPhone_14 | Confirmed by dvazquezpadin/apple-sdnp README Image Dataset ZIP
extracted/D72_iPhone_14/IMG_1839.jpeg,1,Official Apple SDNP ZIP - direct released image,Device: D72_iPhone_14 | Confirmed by dvazquezpadin/apple-sdnp README Image Dataset ZIP
extracted/D73_iPhone_14/IMG_7740.heic,1,Official Apple SDNP ZIP - direct released image,Device: D73_iPhone_14 | Confirmed by dvazquezpadin/apple-sdnp README Image Dataset ZIP
extracted/D73_iPhone_14/IMG_7741.heic,1,Official Apple SDNP ZIP - direct released image,Device: D73_iPhone_14 | Confirmed by dvazquezpadin/apple-sdnp README Image Dataset ZIP
extracted/D73_iPhone_14/IMG_7742.heic,1,Official Apple SDNP ZIP - direct released image,Device: D73_iPhone_14 | Confirmed by dvazquezpadin/apple-sdnp README Image Dataset ZIP
extracted/D73_iPhone_14/IMG_7743.heic,1,Official Apple SDNP ZIP - direct released image,Device: D73_iPhone_14 | Confirmed by dvazquezpadin/apple-sdnp README Image Dataset ZIP
extracted/D73_iPhone_14/IMG_7744.heic,1,Official Apple SDNP ZIP - direct released image,Device: D73_iPhone_14 | Confirmed by dvazquezpadin/apple-sdnp README Image Dataset ZIP
extracted/D73_iPhone_14/IMG_7745.heic,1,Official Apple SDNP ZIP - direct released image,Device: D73_iPhone_14 | Confirmed by dvazquezpadin/apple-sdnp README Image Dataset ZIP
extracted/D73_iPhone_14/IMG_7746.heic,1,Official Apple SDNP ZIP - direct released image,Device: D73_iPhone_14 | Confirmed by dvazquezpadin/apple-sdnp README Image Dataset ZIP
extracted/D73_iPhone_14/IMG_7747.heic,1,Official Apple SDNP ZIP - direct released image,Device: D73_iPhone_14 | Confirmed by dvazquezpadin/apple-sdnp README Image Dataset ZIP
extracted/D73_iPhone_14/IMG_7748.heic,1,Official Apple SDNP ZIP - direct released image,Device: D73_iPhone_14 | Confirmed by dvazquezpadin/apple-sdnp README Image Dataset ZIP
extracted/D73_iPhone_14/IMG_7749.heic,1,Official Apple SDNP ZIP - direct released image,Device: D73_iPhone_14 | Confirmed by dvazquezpadin/apple-sdnp README Image Dataset ZIP
extracted/D73_iPhone_14/IMG_7750.heic,1,Official Apple SDNP ZIP - direct released image,Device: D73_iPhone_14 | Confirmed by dvazquezpadin/apple-sdnp README Image Dataset ZIP
extracted/D73_iPhone_14/IMG_7751.heic,1,Official Apple SDNP ZIP - direct released image,Device: D73_iPhone_14 | Confirmed by dvazquezpadin/apple-sdnp README Image Dataset ZIP
extracted/D73_iPhone_14/IMG_7752.heic,1,Official Apple SDNP ZIP - direct released image,Device: D73_iPhone_14 | Confirmed by dvazquezpadin/apple-sdnp README Image Dataset ZIP
extracted/D73_iPhone_14/IMG_7753.heic,1,Official Apple SDNP ZIP - direct released image,Device: D73_iPhone_14 | Confirmed by dvazquezpadin/apple-sdnp README Image Dataset ZIP
extracted/D73_iPhone_14/IMG_7754.heic,1,Official Apple SDNP ZIP - direct released image,Device: D73_iPhone_14 | Confirmed by dvazquezpadin/apple-sdnp README Image Dataset ZIP
extracted/D73_iPhone_14/IMG_7755.heic,1,Official Apple SDNP ZIP - direct released image,Device: D73_iPhone_14 | Confirmed by dvazquezpadin/apple-sdnp README Image Dataset ZIP
extracted/D73_iPhone_14/IMG_7756.heic,1,Official Apple SDNP ZIP - direct released image,Device: D73_iPhone_14 | Confirmed by dvazquezpadin/apple-sdnp README Image Dataset ZIP
extracted/D73_iPhone_14/IMG_7757.heic,1,Official Apple SDNP ZIP - direct released image,Device: D73_iPhone_14 | Confirmed by dvazquezpadin/apple-sdnp README Image Dataset ZIP
extracted/D73_iPhone_14/IMG_7758.heic,1,Official Apple SDNP ZIP - direct released image,Device: D73_iPhone_14 | Confirmed by dvazquezpadin/apple-sdnp README Image Dataset ZIP
extracted/D73_iPhone_14/IMG_7759.heic,1,Official Apple SDNP ZIP - direct released image,Device: D73_iPhone_14 | Confirmed by dvazquezpadin/apple-sdnp README Image Dataset ZIP
extracted/D76_iPhone_14_Pro_Max/IMG_2983.HEIC,1,Official Apple SDNP ZIP - direct released image,Device: D76_iPhone_14_Pro_Max | Confirmed by dvazquezpadin/apple-sdnp README Image Dataset ZIP
extracted/D76_iPhone_14_Pro_Max/IMG_2984.HEIC,1,Official Apple SDNP ZIP - direct released image,Device: D76_iPhone_14_Pro_Max | Confirmed by dvazquezpadin/apple-sdnp README Image Dataset ZIP
extracted/D76_iPhone_14_Pro_Max/IMG_2985.HEIC,1,Official Apple SDNP ZIP - direct released image,Device: D76_iPhone_14_Pro_Max | Confirmed by dvazquezpadin/apple-sdnp README Image Dataset ZIP
extracted/D76_iPhone_14_Pro_Max/IMG_2986.HEIC,1,Official Apple SDNP ZIP - direct released image,Device: D76_iPhone_14_Pro_Max | Confirmed by dvazquezpadin/apple-sdnp README Image Dataset ZIP
extracted/D76_iPhone_14_Pro_Max/IMG_2987.HEIC,1,Official Apple SDNP ZIP - direct released image,Device: D76_iPhone_14_Pro_Max | Confirmed by dvazquezpadin/apple-sdnp README Image Dataset ZIP
extracted/D76_iPhone_14_Pro_Max/IMG_2988.HEIC,1,Official Apple SDNP ZIP - direct released image,Device: D76_iPhone_14_Pro_Max | Confirmed by dvazquezpadin/apple-sdnp README Image Dataset ZIP
extracted/D76_iPhone_14_Pro_Max/IMG_2989.HEIC,1,Official Apple SDNP ZIP - direct released image,Device: D76_iPhone_14_Pro_Max | Confirmed by dvazquezpadin/apple-sdnp README Image Dataset ZIP
extracted/D76_iPhone_14_Pro_Max/IMG_2990.HEIC,1,Official Apple SDNP ZIP - direct released image,Device: D76_iPhone_14_Pro_Max | Confirmed by dvazquezpadin/apple-sdnp README Image Dataset ZIP
extracted/D76_iPhone_14_Pro_Max/IMG_2991.HEIC,1,Official Apple SDNP ZIP - direct released image,Device: D76_iPhone_14_Pro_Max | Confirmed by dvazquezpadin/apple-sdnp README Image Dataset ZIP
extracted/D76_iPhone_14_Pro_Max/IMG_2992.HEIC,1,Official Apple SDNP ZIP - direct released image,Device: D76_iPhone_14_Pro_Max | Confirmed by dvazquezpadin/apple-sdnp README Image Dataset ZIP
extracted/D76_iPhone_14_Pro_Max/IMG_2993.HEIC,1,Official Apple SDNP ZIP - direct released image,Device: D76_iPhone_14_Pro_Max | Confirmed by dvazquezpadin/apple-sdnp README Image Dataset ZIP
extracted/D76_iPhone_14_Pro_Max/IMG_2994.HEIC,1,Official Apple SDNP ZIP - direct released image,Device: D76_iPhone_14_Pro_Max | Confirmed by dvazquezpadin/apple-sdnp README Image Dataset ZIP
extracted/D76_iPhone_14_Pro_Max/IMG_2995.HEIC,1,Official Apple SDNP ZIP - direct released image,Device: D76_iPhone_14_Pro_Max | Confirmed by dvazquezpadin/apple-sdnp README Image Dataset ZIP
extracted/D79_iPhone_14_Pro_Max/IMG_6122.JPEG,1,Official Apple SDNP ZIP - direct released image,Device: D79_iPhone_14_Pro_Max | Confirmed by dvazquezpadin/apple-sdnp README Image Dataset ZIP
extracted/D79_iPhone_14_Pro_Max/IMG_6123.JPEG,1,Official Apple SDNP ZIP - direct released image,Device: D79_iPhone_14_Pro_Max | Confirmed by dvazquezpadin/apple-sdnp README Image Dataset ZIP
extracted/D79_iPhone_14_Pro_Max/IMG_6125.JPEG,1,Official Apple SDNP ZIP - direct released image,Device: D79_iPhone_14_Pro_Max | Confirmed by dvazquezpadin/apple-sdnp README Image Dataset ZIP
extracted/D79_iPhone_14_Pro_Max/IMG_6126.JPEG,1,Official Apple SDNP ZIP - direct released image,Device: D79_iPhone_14_Pro_Max | Confirmed by dvazquezpadin/apple-sdnp README Image Dataset ZIP
extracted/D79_iPhone_14_Pro_Max/IMG_6127.JPEG,1,Official Apple SDNP ZIP - direct released image,Device: D79_iPhone_14_Pro_Max | Confirmed by dvazquezpadin/apple-sdnp README Image Dataset ZIP
extracted/D79_iPhone_14_Pro_Max/IMG_6128.JPEG,1,Official Apple SDNP ZIP - direct released image,Device: D79_iPhone_14_Pro_Max | Confirmed by dvazquezpadin/apple-sdnp README Image Dataset ZIP
extracted/D79_iPhone_14_Pro_Max/IMG_6129.JPEG,1,Official Apple SDNP ZIP - direct released image,Device: D79_iPhone_14_Pro_Max | Confirmed by dvazquezpadin/apple-sdnp README Image Dataset ZIP
extracted/D79_iPhone_14_Pro_Max/IMG_6130.JPEG,1,Official Apple SDNP ZIP - direct released image,Device: D79_iPhone_14_Pro_Max | Confirmed by dvazquezpadin/apple-sdnp README Image Dataset ZIP
extracted/D79_iPhone_14_Pro_Max/IMG_6131.JPEG,1,Official Apple SDNP ZIP - direct released image,Device: D79_iPhone_14_Pro_Max | Confirmed by dvazquezpadin/apple-sdnp README Image Dataset ZIP
extracted/D79_iPhone_14_Pro_Max/IMG_6132.JPEG,1,Official Apple SDNP ZIP - direct released image,Device: D79_iPhone_14_Pro_Max | Confirmed by dvazquezpadin/apple-sdnp README Image Dataset ZIP
extracted/D79_iPhone_14_Pro_Max/IMG_6134.JPEG,1,Official Apple SDNP ZIP - direct released image,Device: D79_iPhone_14_Pro_Max | Confirmed by dvazquezpadin/apple-sdnp README Image Dataset ZIP
extracted/D79_iPhone_14_Pro_Max/IMG_6135.JPEG,1,Official Apple SDNP ZIP - direct released image,Device: D79_iPhone_14_Pro_Max | Confirmed by dvazquezpadin/apple-sdnp README Image Dataset ZIP
extracted/D79_iPhone_14_Pro_Max/IMG_6136.JPEG,1,Official Apple SDNP ZIP - direct released image,Device: D79_iPhone_14_Pro_Max | Confirmed by dvazquezpadin/apple-sdnp README Image Dataset ZIP
extracted/D79_iPhone_14_Pro_Max/IMG_6137.JPEG,1,Official Apple SDNP ZIP - direct released image,Device: D79_iPhone_14_Pro_Max | Confirmed by dvazquezpadin/apple-sdnp README Image Dataset ZIP
extracted/D79_iPhone_14_Pro_Max/IMG_6138.JPEG,1,Official Apple SDNP ZIP - direct released image,Device: D79_iPhone_14_Pro_Max | Confirmed by dvazquezpadin/apple-sdnp README Image Dataset ZIP
extracted/D79_iPhone_14_Pro_Max/IMG_6139.JPEG,1,Official Apple SDNP ZIP - direct released image,Device: D79_iPhone_14_Pro_Max | Confirmed by dvazquezpadin/apple-sdnp README Image Dataset ZIP
extracted/D79_iPhone_14_Pro_Max/IMG_6140.JPEG,1,Official Apple SDNP ZIP - direct released image,Device: D79_iPhone_14_Pro_Max | Confirmed by dvazquezpadin/apple-sdnp README Image Dataset ZIP
extracted/D79_iPhone_14_Pro_Max/IMG_6141.JPEG,1,Official Apple SDNP ZIP - direct released image,Device: D79_iPhone_14_Pro_Max | Confirmed by dvazquezpadin/apple-sdnp README Image Dataset ZIP
extracted/D79_iPhone_14_Pro_Max/IMG_6142.JPEG,1,Official Apple SDNP ZIP - direct released image,Device: D79_iPhone_14_Pro_Max | Confirmed by dvazquezpadin/apple-sdnp README Image Dataset ZIP
extracted/D79_iPhone_14_Pro_Max/IMG_6143.JPEG,1,Official Apple SDNP ZIP - direct released image,Device: D79_iPhone_14_Pro_Max | Confirmed by dvazquezpadin/apple-sdnp README Image Dataset ZIP
extracted/D80_iPhone_14_Pro_Max/IMG_9703.HEIC,1,Official Apple SDNP ZIP - direct released image,Device: D80_iPhone_14_Pro_Max | Confirmed by dvazquezpadin/apple-sdnp README Image Dataset ZIP
extracted/D80_iPhone_14_Pro_Max/IMG_9704.HEIC,1,Official Apple SDNP ZIP - direct released image,Device: D80_iPhone_14_Pro_Max | Confirmed by dvazquezpadin/apple-sdnp README Image Dataset ZIP
extracted/D80_iPhone_14_Pro_Max/IMG_9705.HEIC,1,Official Apple SDNP ZIP - direct released image,Device: D80_iPhone_14_Pro_Max | Confirmed by dvazquezpadin/apple-sdnp README Image Dataset ZIP
extracted/D80_iPhone_14_Pro_Max/IMG_9706.HEIC,1,Official Apple SDNP ZIP - direct released image,Device: D80_iPhone_14_Pro_Max | Confirmed by dvazquezpadin/apple-sdnp README Image Dataset ZIP
extracted/D80_iPhone_14_Pro_Max/IMG_9707.HEIC,1,Official Apple SDNP ZIP - direct released image,Device: D80_iPhone_14_Pro_Max | Confirmed by dvazquezpadin/apple-sdnp README Image Dataset ZIP
extracted/D80_iPhone_14_Pro_Max/IMG_9708.HEIC,1,Official Apple SDNP ZIP - direct released image,Device: D80_iPhone_14_Pro_Max | Confirmed by dvazquezpadin/apple-sdnp README Image Dataset ZIP
extracted/D80_iPhone_14_Pro_Max/IMG_9710.HEIC,1,Official Apple SDNP ZIP - direct released image,Device: D80_iPhone_14_Pro_Max | Confirmed by dvazquezpadin/apple-sdnp README Image Dataset ZIP
extracted/D80_iPhone_14_Pro_Max/IMG_9711.HEIC,1,Official Apple SDNP ZIP - direct released image,Device: D80_iPhone_14_Pro_Max | Confirmed by dvazquezpadin/apple-sdnp README Image Dataset ZIP
extracted/D80_iPhone_14_Pro_Max/IMG_9713.HEIC,1,Official Apple SDNP ZIP - direct released image,Device: D80_iPhone_14_Pro_Max | Confirmed by dvazquezpadin/apple-sdnp README Image Dataset ZIP
extracted/D80_iPhone_14_Pro_Max/IMG_9714.HEIC,1,Official Apple SDNP ZIP - direct released image,Device: D80_iPhone_14_Pro_Max | Confirmed by dvazquezpadin/apple-sdnp README Image Dataset ZIP
extracted/D80_iPhone_14_Pro_Max/IMG_9716.HEIC,1,Official Apple SDNP ZIP - direct released image,Device: D80_iPhone_14_Pro_Max | Confirmed by dvazquezpadin/apple-sdnp README Image Dataset ZIP
extracted/D80_iPhone_14_Pro_Max/IMG_9719.HEIC,1,Official Apple SDNP ZIP - direct released image,Device: D80_iPhone_14_Pro_Max | Confirmed by dvazquezpadin/apple-sdnp README Image Dataset ZIP
extracted/D80_iPhone_14_Pro_Max/IMG_9720.HEIC,1,Official Apple SDNP ZIP - direct released image,Device: D80_iPhone_14_Pro_Max | Confirmed by dvazquezpadin/apple-sdnp README Image Dataset ZIP
extracted/D80_iPhone_14_Pro_Max/IMG_9721.HEIC,1,Official Apple SDNP ZIP - direct released image,Device: D80_iPhone_14_Pro_Max | Confirmed by dvazquezpadin/apple-sdnp README Image Dataset ZIP
extracted/D81_iPhone_15/IMG_2872.HEIC,1,Official Apple SDNP ZIP - direct released image,Device: D81_iPhone_15 | Confirmed by dvazquezpadin/apple-sdnp README Image Dataset ZIP
extracted/D81_iPhone_15/IMG_2873.HEIC,1,Official Apple SDNP ZIP - direct released image,Device: D81_iPhone_15 | Confirmed by dvazquezpadin/apple-sdnp README Image Dataset ZIP
extracted/D81_iPhone_15/IMG_2874.HEIC,1,Official Apple SDNP ZIP - direct released image,Device: D81_iPhone_15 | Confirmed by dvazquezpadin/apple-sdnp README Image Dataset ZIP
extracted/D81_iPhone_15/IMG_2925.HEIC,1,Official Apple SDNP ZIP - direct released image,Device: D81_iPhone_15 | Confirmed by dvazquezpadin/apple-sdnp README Image Dataset ZIP
extracted/D81_iPhone_15/IMG_2926.HEIC,1,Official Apple SDNP ZIP - direct released image,Device: D81_iPhone_15 | Confirmed by dvazquezpadin/apple-sdnp README Image Dataset ZIP
extracted/D81_iPhone_15/IMG_2927.HEIC,1,Official Apple SDNP ZIP - direct released image,Device: D81_iPhone_15 | Confirmed by dvazquezpadin/apple-sdnp README Image Dataset ZIP
extracted/D81_iPhone_15/IMG_2928.HEIC,1,Official Apple SDNP ZIP - direct released image,Device: D81_iPhone_15 | Confirmed by dvazquezpadin/apple-sdnp README Image Dataset ZIP
extracted/D81_iPhone_15/IMG_2930.HEIC,1,Official Apple SDNP ZIP - direct released image,Device: D81_iPhone_15 | Confirmed by dvazquezpadin/apple-sdnp README Image Dataset ZIP
extracted/D81_iPhone_15/IMG_2931.HEIC,1,Official Apple SDNP ZIP - direct released image,Device: D81_iPhone_15 | Confirmed by dvazquezpadin/apple-sdnp README Image Dataset ZIP
extracted/D81_iPhone_15/IMG_2932.HEIC,1,Official Apple SDNP ZIP - direct released image,Device: D81_iPhone_15 | Confirmed by dvazquezpadin/apple-sdnp README Image Dataset ZIP
extracted/D81_iPhone_15/IMG_2933.HEIC,1,Official Apple SDNP ZIP - direct released image,Device: D81_iPhone_15 | Confirmed by dvazquezpadin/apple-sdnp README Image Dataset ZIP
extracted/D81_iPhone_15/IMG_2935.HEIC,1,Official Apple SDNP ZIP - direct released image,Device: D81_iPhone_15 | Confirmed by dvazquezpadin/apple-sdnp README Image Dataset ZIP
extracted/D81_iPhone_15/IMG_2936.HEIC,1,Official Apple SDNP ZIP - direct released image,Device: D81_iPhone_15 | Confirmed by dvazquezpadin/apple-sdnp README Image Dataset ZIP
extracted/D81_iPhone_15/IMG_2937.HEIC,1,Official Apple SDNP ZIP - direct released image,Device: D81_iPhone_15 | Confirmed by dvazquezpadin/apple-sdnp README Image Dataset ZIP
extracted/D81_iPhone_15/IMG_2938.HEIC,1,Official Apple SDNP ZIP - direct released image,Device: D81_iPhone_15 | Confirmed by dvazquezpadin/apple-sdnp README Image Dataset ZIP
extracted/D81_iPhone_15/IMG_2939.HEIC,1,Official Apple SDNP ZIP - direct released image,Device: D81_iPhone_15 | Confirmed by dvazquezpadin/apple-sdnp README Image Dataset ZIP
extracted/D81_iPhone_15/IMG_2940.HEIC,1,Official Apple SDNP ZIP - direct released image,Device: D81_iPhone_15 | Confirmed by dvazquezpadin/apple-sdnp README Image Dataset ZIP
extracted/D81_iPhone_15/IMG_2941.HEIC,1,Official Apple SDNP ZIP - direct released image,Device: D81_iPhone_15 | Confirmed by dvazquezpadin/apple-sdnp README Image Dataset ZIP
extracted/D81_iPhone_15/IMG_2942.HEIC,1,Official Apple SDNP ZIP - direct released image,Device: D81_iPhone_15 | Confirmed by dvazquezpadin/apple-sdnp README Image Dataset ZIP
extracted/D81_iPhone_15/IMG_2943.HEIC,1,Official Apple SDNP ZIP - direct released image,Device: D81_iPhone_15 | Confirmed by dvazquezpadin/apple-sdnp README Image Dataset ZIP
extracted/D81_iPhone_15/IMG_2944.HEIC,1,Official Apple SDNP ZIP - direct released image,Device: D81_iPhone_15 | Confirmed by dvazquezpadin/apple-sdnp README Image Dataset ZIP
extracted/D81_iPhone_15/IMG_2945.HEIC,1,Official Apple SDNP ZIP - direct released image,Device: D81_iPhone_15 | Confirmed by dvazquezpadin/apple-sdnp README Image Dataset ZIP
extracted/D81_iPhone_15/IMG_2946.HEIC,1,Official Apple SDNP ZIP - direct released image,Device: D81_iPhone_15 | Confirmed by dvazquezpadin/apple-sdnp README Image Dataset ZIP
extracted/D81_iPhone_15/IMG_2947.HEIC,1,Official Apple SDNP ZIP - direct released image,Device: D81_iPhone_15 | Confirmed by dvazquezpadin/apple-sdnp README Image Dataset ZIP
extracted/D81_iPhone_15/IMG_2948.HEIC,1,Official Apple SDNP ZIP - direct released image,Device: D81_iPhone_15 | Confirmed by dvazquezpadin/apple-sdnp README Image Dataset ZIP
extracted/D81_iPhone_15/IMG_2949.HEIC,1,Official Apple SDNP ZIP - direct released image,Device: D81_iPhone_15 | Confirmed by dvazquezpadin/apple-sdnp README Image Dataset ZIP
extracted/D81_iPhone_15/IMG_2950.HEIC,1,Official Apple SDNP ZIP - direct released image,Device: D81_iPhone_15 | Confirmed by dvazquezpadin/apple-sdnp README Image Dataset ZIP
extracted/D81_iPhone_15/IMG_2951.HEIC,1,Official Apple SDNP ZIP - direct released image,Device: D81_iPhone_15 | Confirmed by dvazquezpadin/apple-sdnp README Image Dataset ZIP
extracted/D81_iPhone_15/IMG_2952.HEIC,1,Official Apple SDNP ZIP - direct released image,Device: D81_iPhone_15 | Confirmed by dvazquezpadin/apple-sdnp README Image Dataset ZIP
extracted/D81_iPhone_15/IMG_2953.HEIC,1,Official Apple SDNP ZIP - direct released image,Device: D81_iPhone_15 | Confirmed by dvazquezpadin/apple-sdnp README Image Dataset ZIP
extracted/D81_iPhone_15/IMG_2954.HEIC,1,Official Apple SDNP ZIP - direct released image,Device: D81_iPhone_15 | Confirmed by dvazquezpadin/apple-sdnp README Image Dataset ZIP
extracted/D81_iPhone_15/IMG_2955.HEIC,1,Official Apple SDNP ZIP - direct released image,Device: D81_iPhone_15 | Confirmed by dvazquezpadin/apple-sdnp README Image Dataset ZIP
extracted/D81_iPhone_15/IMG_2956.HEIC,1,Official Apple SDNP ZIP - direct released image,Device: D81_iPhone_15 | Confirmed by dvazquezpadin/apple-sdnp README Image Dataset ZIP
extracted/D81_iPhone_15/IMG_2957.HEIC,1,Official Apple SDNP ZIP - direct released image,Device: D81_iPhone_15 | Confirmed by dvazquezpadin/apple-sdnp README Image Dataset ZIP
extracted/D81_iPhone_15/IMG_2958.HEIC,1,Official Apple SDNP ZIP - direct released image,Device: D81_iPhone_15 | Confirmed by dvazquezpadin/apple-sdnp README Image Dataset ZIP
extracted/D81_iPhone_15/IMG_2959.HEIC,1,Official Apple SDNP ZIP - direct released image,Device: D81_iPhone_15 | Confirmed by dvazquezpadin/apple-sdnp README Image Dataset ZIP
extracted/D81_iPhone_15/IMG_2960.HEIC,1,Official Apple SDNP ZIP - direct released image,Device: D81_iPhone_15 | Confirmed by dvazquezpadin/apple-sdnp README Image Dataset ZIP
extracted/D81_iPhone_15/IMG_2961.HEIC,1,Official Apple SDNP ZIP - direct released image,Device: D81_iPhone_15 | Confirmed by dvazquezpadin/apple-sdnp README Image Dataset ZIP
extracted/D81_iPhone_15/IMG_2962.HEIC,1,Official Apple SDNP ZIP - direct released image,Device: D81_iPhone_15 | Confirmed by dvazquezpadin/apple-sdnp README Image Dataset ZIP
extracted/D81_iPhone_15/IMG_2963.HEIC,1,Official Apple SDNP ZIP - direct released image,Device: D81_iPhone_15 | Confirmed by dvazquezpadin/apple-sdnp README Image Dataset ZIP
extracted/D81_iPhone_15/IMG_2964.HEIC,1,Official Apple SDNP ZIP - direct released image,Device: D81_iPhone_15 | Confirmed by dvazquezpadin/apple-sdnp README Image Dataset ZIP
extracted/D81_iPhone_15/IMG_2965.HEIC,1,Official Apple SDNP ZIP - direct released image,Device: D81_iPhone_15 | Confirmed by dvazquezpadin/apple-sdnp README Image Dataset ZIP
extracted/D81_iPhone_15/IMG_2966.HEIC,1,Official Apple SDNP ZIP - direct released image,Device: D81_iPhone_15 | Confirmed by dvazquezpadin/apple-sdnp README Image Dataset ZIP
extracted/D81_iPhone_15/IMG_2967.HEIC,1,Official Apple SDNP ZIP - direct released image,Device: D81_iPhone_15 | Confirmed by dvazquezpadin/apple-sdnp README Image Dataset ZIP
extracted/D81_iPhone_15/IMG_2968.HEIC,1,Official Apple SDNP ZIP - direct released image,Device: D81_iPhone_15 | Confirmed by dvazquezpadin/apple-sdnp README Image Dataset ZIP
extracted/D81_iPhone_15/IMG_2969.HEIC,1,Official Apple SDNP ZIP - direct released image,Device: D81_iPhone_15 | Confirmed by dvazquezpadin/apple-sdnp README Image Dataset ZIP
extracted/D81_iPhone_15/IMG_2970.HEIC,1,Official Apple SDNP ZIP - direct released image,Device: D81_iPhone_15 | Confirmed by dvazquezpadin/apple-sdnp README Image Dataset ZIP
extracted/D81_iPhone_15/IMG_2971.HEIC,1,Official Apple SDNP ZIP - direct released image,Device: D81_iPhone_15 | Confirmed by dvazquezpadin/apple-sdnp README Image Dataset ZIP
extracted/D81_iPhone_15/IMG_2972.HEIC,1,Official Apple SDNP ZIP - direct released image,Device: D81_iPhone_15 | Confirmed by dvazquezpadin/apple-sdnp README Image Dataset ZIP
extracted/D81_iPhone_15/IMG_2973.HEIC,1,Official Apple SDNP ZIP - direct released image,Device: D81_iPhone_15 | Confirmed by dvazquezpadin/apple-sdnp README Image Dataset ZIP
extracted/D81_iPhone_15/IMG_2974.HEIC,1,Official Apple SDNP ZIP - direct released image,Device: D81_iPhone_15 | Confirmed by dvazquezpadin/apple-sdnp README Image Dataset ZIP
extracted/D81_iPhone_15/IMG_2975.HEIC,1,Official Apple SDNP ZIP - direct released image,Device: D81_iPhone_15 | Confirmed by dvazquezpadin/apple-sdnp README Image Dataset ZIP
extracted/D81_iPhone_15/IMG_2976.HEIC,1,Official Apple SDNP ZIP - direct released image,Device: D81_iPhone_15 | Confirmed by dvazquezpadin/apple-sdnp README Image Dataset ZIP
extracted/D81_iPhone_15/IMG_2977.HEIC,1,Official Apple SDNP ZIP - direct released image,Device: D81_iPhone_15 | Confirmed by dvazquezpadin/apple-sdnp README Image Dataset ZIP
extracted/D81_iPhone_15/IMG_2978.HEIC,1,Official Apple SDNP ZIP - direct released image,Device: D81_iPhone_15 | Confirmed by dvazquezpadin/apple-sdnp README Image Dataset ZIP
extracted/D81_iPhone_15/IMG_2979.HEIC,1,Official Apple SDNP ZIP - direct released image,Device: D81_iPhone_15 | Confirmed by dvazquezpadin/apple-sdnp README Image Dataset ZIP
extracted/D81_iPhone_15/IMG_2983.HEIC,1,Official Apple SDNP ZIP - direct released image,Device: D81_iPhone_15 | Confirmed by dvazquezpadin/apple-sdnp README Image Dataset ZIP
extracted/D81_iPhone_15/IMG_2984.HEIC,1,Official Apple SDNP ZIP - direct released image,Device: D81_iPhone_15 | Confirmed by dvazquezpadin/apple-sdnp README Image Dataset ZIP
extracted/D81_iPhone_15/IMG_2985.HEIC,1,Official Apple SDNP ZIP - direct released image,Device: D81_iPhone_15 | Confirmed by dvazquezpadin/apple-sdnp README Image Dataset ZIP
extracted/D81_iPhone_15/IMG_2986.HEIC,1,Official Apple SDNP ZIP - direct released image,Device: D81_iPhone_15 | Confirmed by dvazquezpadin/apple-sdnp README Image Dataset ZIP
extracted/D81_iPhone_15/IMG_2987.HEIC,1,Official Apple SDNP ZIP - direct released image,Device: D81_iPhone_15 | Confirmed by dvazquezpadin/apple-sdnp README Image Dataset ZIP
extracted/D81_iPhone_15/IMG_2988.HEIC,1,Official Apple SDNP ZIP - direct released image,Device: D81_iPhone_15 | Confirmed by dvazquezpadin/apple-sdnp README Image Dataset ZIP
extracted/D81_iPhone_15/IMG_2989.HEIC,1,Official Apple SDNP ZIP - direct released image,Device: D81_iPhone_15 | Confirmed by dvazquezpadin/apple-sdnp README Image Dataset ZIP
extracted/D81_iPhone_15/IMG_2990.HEIC,1,Official Apple SDNP ZIP - direct released image,Device: D81_iPhone_15 | Confirmed by dvazquezpadin/apple-sdnp README Image Dataset ZIP
extracted/D81_iPhone_15/IMG_2991.HEIC,1,Official Apple SDNP ZIP - direct released image,Device: D81_iPhone_15 | Confirmed by dvazquezpadin/apple-sdnp README Image Dataset ZIP
extracted/D81_iPhone_15/IMG_2992.HEIC,1,Official Apple SDNP ZIP - direct released image,Device: D81_iPhone_15 | Confirmed by dvazquezpadin/apple-sdnp README Image Dataset ZIP
extracted/D81_iPhone_15/IMG_2993.HEIC,1,Official Apple SDNP ZIP - direct released image,Device: D81_iPhone_15 | Confirmed by dvazquezpadin/apple-sdnp README Image Dataset ZIP
extracted/D81_iPhone_15/IMG_2994.HEIC,1,Official Apple SDNP ZIP - direct released image,Device: D81_iPhone_15 | Confirmed by dvazquezpadin/apple-sdnp README Image Dataset ZIP
extracted/D81_iPhone_15/IMG_2995.HEIC,1,Official Apple SDNP ZIP - direct released image,Device: D81_iPhone_15 | Confirmed by dvazquezpadin/apple-sdnp README Image Dataset ZIP
extracted/D81_iPhone_15/IMG_2996.HEIC,1,Official Apple SDNP ZIP - direct released image,Device: D81_iPhone_15 | Confirmed by dvazquezpadin/apple-sdnp README Image Dataset ZIP
extracted/D81_iPhone_15/IMG_2997.HEIC,1,Official Apple SDNP ZIP - direct released image,Device: D81_iPhone_15 | Confirmed by dvazquezpadin/apple-sdnp README Image Dataset ZIP
extracted/D81_iPhone_15/IMG_2998.HEIC,1,Official Apple SDNP ZIP - direct released image,Device: D81_iPhone_15 | Confirmed by dvazquezpadin/apple-sdnp README Image Dataset ZIP
extracted/D81_iPhone_15/IMG_2999.HEIC,1,Official Apple SDNP ZIP - direct released image,Device: D81_iPhone_15 | Confirmed by dvazquezpadin/apple-sdnp README Image Dataset ZIP
extracted/D81_iPhone_15/IMG_3001.HEIC,1,Official Apple SDNP ZIP - direct released image,Device: D81_iPhone_15 | Confirmed by dvazquezpadin/apple-sdnp README Image Dataset ZIP
extracted/D81_iPhone_15/IMG_3002.HEIC,1,Official Apple SDNP ZIP - direct released image,Device: D81_iPhone_15 | Confirmed by dvazquezpadin/apple-sdnp README Image Dataset ZIP
extracted/D81_iPhone_15/IMG_3003.HEIC,1,Official Apple SDNP ZIP - direct released image,Device: D81_iPhone_15 | Confirmed by dvazquezpadin/apple-sdnp README Image Dataset ZIP
extracted/D81_iPhone_15/IMG_3004.HEIC,1,Official Apple SDNP ZIP - direct released image,Device: D81_iPhone_15 | Confirmed by dvazquezpadin/apple-sdnp README Image Dataset ZIP
extracted/D81_iPhone_15/IMG_3005.HEIC,1,Official Apple SDNP ZIP - direct released image,Device: D81_iPhone_15 | Confirmed by dvazquezpadin/apple-sdnp README Image Dataset ZIP
extracted/D81_iPhone_15/IMG_3006.HEIC,1,Official Apple SDNP ZIP - direct released image,Device: D81_iPhone_15 | Confirmed by dvazquezpadin/apple-sdnp README Image Dataset ZIP
extracted/D81_iPhone_15/IMG_3007.HEIC,1,Official Apple SDNP ZIP - direct released image,Device: D81_iPhone_15 | Confirmed by dvazquezpadin/apple-sdnp README Image Dataset ZIP
extracted/D81_iPhone_15/IMG_3008.HEIC,1,Official Apple SDNP ZIP - direct released image,Device: D81_iPhone_15 | Confirmed by dvazquezpadin/apple-sdnp README Image Dataset ZIP
extracted/D81_iPhone_15/IMG_3009.HEIC,1,Official Apple SDNP ZIP - direct released image,Device: D81_iPhone_15 | Confirmed by dvazquezpadin/apple-sdnp README Image Dataset ZIP
extracted/D81_iPhone_15/IMG_3010.HEIC,1,Official Apple SDNP ZIP - direct released image,Device: D81_iPhone_15 | Confirmed by dvazquezpadin/apple-sdnp README Image Dataset ZIP
extracted/D81_iPhone_15/IMG_3011.HEIC,1,Official Apple SDNP ZIP - direct released image,Device: D81_iPhone_15 | Confirmed by dvazquezpadin/apple-sdnp README Image Dataset ZIP
extracted/D81_iPhone_15/IMG_3012.HEIC,1,Official Apple SDNP ZIP - direct released image,Device: D81_iPhone_15 | Confirmed by dvazquezpadin/apple-sdnp README Image Dataset ZIP
extracted/D81_iPhone_15/IMG_3013.HEIC,1,Official Apple SDNP ZIP - direct released image,Device: D81_iPhone_15 | Confirmed by dvazquezpadin/apple-sdnp README Image Dataset ZIP
extracted/D81_iPhone_15/IMG_3014.HEIC,1,Official Apple SDNP ZIP - direct released image,Device: D81_iPhone_15 | Confirmed by dvazquezpadin/apple-sdnp README Image Dataset ZIP
extracted/D81_iPhone_15/IMG_3015.HEIC,1,Official Apple SDNP ZIP - direct released image,Device: D81_iPhone_15 | Confirmed by dvazquezpadin/apple-sdnp README Image Dataset ZIP
extracted/D81_iPhone_15/IMG_3016.HEIC,1,Official Apple SDNP ZIP - direct released image,Device: D81_iPhone_15 | Confirmed by dvazquezpadin/apple-sdnp README Image Dataset ZIP
extracted/D81_iPhone_15/IMG_3017.HEIC,1,Official Apple SDNP ZIP - direct released image,Device: D81_iPhone_15 | Confirmed by dvazquezpadin/apple-sdnp README Image Dataset ZIP
extracted/D81_iPhone_15/IMG_3018.HEIC,1,Official Apple SDNP ZIP - direct released image,Device: D81_iPhone_15 | Confirmed by dvazquezpadin/apple-sdnp README Image Dataset ZIP
extracted/D81_iPhone_15/IMG_3019.HEIC,1,Official Apple SDNP ZIP - direct released image,Device: D81_iPhone_15 | Confirmed by dvazquezpadin/apple-sdnp README Image Dataset ZIP
extracted/D81_iPhone_15/IMG_3020.HEIC,1,Official Apple SDNP ZIP - direct released image,Device: D81_iPhone_15 | Confirmed by dvazquezpadin/apple-sdnp README Image Dataset ZIP
extracted/D81_iPhone_15/IMG_3021.HEIC,1,Official Apple SDNP ZIP - direct released image,Device: D81_iPhone_15 | Confirmed by dvazquezpadin/apple-sdnp README Image Dataset ZIP
extracted/D81_iPhone_15/IMG_3022.HEIC,1,Official Apple SDNP ZIP - direct released image,Device: D81_iPhone_15 | Confirmed by dvazquezpadin/apple-sdnp README Image Dataset ZIP
extracted/D81_iPhone_15/IMG_3023.HEIC,1,Official Apple SDNP ZIP - direct released image,Device: D81_iPhone_15 | Confirmed by dvazquezpadin/apple-sdnp README Image Dataset ZIP
extracted/D81_iPhone_15/IMG_3024.HEIC,1,Official Apple SDNP ZIP - direct released image,Device: D81_iPhone_15 | Confirmed by dvazquezpadin/apple-sdnp README Image Dataset ZIP
extracted/D81_iPhone_15/IMG_3025.HEIC,1,Official Apple SDNP ZIP - direct released image,Device: D81_iPhone_15 | Confirmed by dvazquezpadin/apple-sdnp README Image Dataset ZIP
extracted/D81_iPhone_15/IMG_3026.HEIC,1,Official Apple SDNP ZIP - direct released image,Device: D81_iPhone_15 | Confirmed by dvazquezpadin/apple-sdnp README Image Dataset ZIP
extracted/D81_iPhone_15/IMG_3027.HEIC,1,Official Apple SDNP ZIP - direct released image,Device: D81_iPhone_15 | Confirmed by dvazquezpadin/apple-sdnp README Image Dataset ZIP
extracted/D81_iPhone_15/IMG_3028.HEIC,1,Official Apple SDNP ZIP - direct released image,Device: D81_iPhone_15 | Confirmed by dvazquezpadin/apple-sdnp README Image Dataset ZIP
extracted/D81_iPhone_15/IMG_3029.HEIC,1,Official Apple SDNP ZIP - direct released image,Device: D81_iPhone_15 | Confirmed by dvazquezpadin/apple-sdnp README Image Dataset ZIP
extracted/D81_iPhone_15/IMG_3030.HEIC,1,Official Apple SDNP ZIP - direct released image,Device: D81_iPhone_15 | Confirmed by dvazquezpadin/apple-sdnp README Image Dataset ZIP
extracted/D81_iPhone_15/IMG_3031.HEIC,1,Official Apple SDNP ZIP - direct released image,Device: D81_iPhone_15 | Confirmed by dvazquezpadin/apple-sdnp README Image Dataset ZIP
extracted/D81_iPhone_15/IMG_3032.HEIC,1,Official Apple SDNP ZIP - direct released image,Device: D81_iPhone_15 | Confirmed by dvazquezpadin/apple-sdnp README Image Dataset ZIP
extracted/D81_iPhone_15/IMG_3033.HEIC,1,Official Apple SDNP ZIP - direct released image,Device: D81_iPhone_15 | Confirmed by dvazquezpadin/apple-sdnp README Image Dataset ZIP
extracted/D81_iPhone_15/IMG_3034.HEIC,1,Official Apple SDNP ZIP - direct released image,Device: D81_iPhone_15 | Confirmed by dvazquezpadin/apple-sdnp README Image Dataset ZIP
extracted/D81_iPhone_15/IMG_3035.HEIC,1,Official Apple SDNP ZIP - direct released image,Device: D81_iPhone_15 | Confirmed by dvazquezpadin/apple-sdnp README Image Dataset ZIP
extracted/D81_iPhone_15/IMG_3036.HEIC,1,Official Apple SDNP ZIP - direct released image,Device: D81_iPhone_15 | Confirmed by dvazquezpadin/apple-sdnp README Image Dataset ZIP
extracted/D81_iPhone_15/IMG_3037.HEIC,1,Official Apple SDNP ZIP - direct released image,Device: D81_iPhone_15 | Confirmed by dvazquezpadin/apple-sdnp README Image Dataset ZIP
extracted/D81_iPhone_15/IMG_3038.HEIC,1,Official Apple SDNP ZIP - direct released image,Device: D81_iPhone_15 | Confirmed by dvazquezpadin/apple-sdnp README Image Dataset ZIP
extracted/D81_iPhone_15/IMG_3039.HEIC,1,Official Apple SDNP ZIP - direct released image,Device: D81_iPhone_15 | Confirmed by dvazquezpadin/apple-sdnp README Image Dataset ZIP
extracted/D84_iPhone_15/IMG_1277.HEIC,1,Official Apple SDNP ZIP - direct released image,Device: D84_iPhone_15 | Confirmed by dvazquezpadin/apple-sdnp README Image Dataset ZIP
extracted/D84_iPhone_15/IMG_1286.HEIC,1,Official Apple SDNP ZIP - direct released image,Device: D84_iPhone_15 | Confirmed by dvazquezpadin/apple-sdnp README Image Dataset ZIP
extracted/D88_iPhone_16/IMG_0003.HEIC,1,Official Apple SDNP ZIP - direct released image,Device: D88_iPhone_16 | Confirmed by dvazquezpadin/apple-sdnp README Image Dataset ZIP
extracted/D88_iPhone_16/IMG_0004.HEIC,1,Official Apple SDNP ZIP - direct released image,Device: D88_iPhone_16 | Confirmed by dvazquezpadin/apple-sdnp README Image Dataset ZIP
extracted/D88_iPhone_16/IMG_0005.HEIC,1,Official Apple SDNP ZIP - direct released image,Device: D88_iPhone_16 | Confirmed by dvazquezpadin/apple-sdnp README Image Dataset ZIP
extracted/D88_iPhone_16/IMG_0006.HEIC,1,Official Apple SDNP ZIP - direct released image,Device: D88_iPhone_16 | Confirmed by dvazquezpadin/apple-sdnp README Image Dataset ZIP
extracted/D88_iPhone_16/IMG_0007.HEIC,1,Official Apple SDNP ZIP - direct released image,Device: D88_iPhone_16 | Confirmed by dvazquezpadin/apple-sdnp README Image Dataset ZIP
extracted/D88_iPhone_16/IMG_0011.HEIC,1,Official Apple SDNP ZIP - direct released image,Device: D88_iPhone_16 | Confirmed by dvazquezpadin/apple-sdnp README Image Dataset ZIP
extracted/D88_iPhone_16/IMG_0012.HEIC,1,Official Apple SDNP ZIP - direct released image,Device: D88_iPhone_16 | Confirmed by dvazquezpadin/apple-sdnp README Image Dataset ZIP
extracted/D88_iPhone_16/IMG_0013.HEIC,1,Official Apple SDNP ZIP - direct released image,Device: D88_iPhone_16 | Confirmed by dvazquezpadin/apple-sdnp README Image Dataset ZIP
extracted/D88_iPhone_16/IMG_0014.HEIC,1,Official Apple SDNP ZIP - direct released image,Device: D88_iPhone_16 | Confirmed by dvazquezpadin/apple-sdnp README Image Dataset ZIP
extracted/D88_iPhone_16/IMG_0015.HEIC,1,Official Apple SDNP ZIP - direct released image,Device: D88_iPhone_16 | Confirmed by dvazquezpadin/apple-sdnp README Image Dataset ZIP
extracted/D88_iPhone_16/IMG_0017.HEIC,1,Official Apple SDNP ZIP - direct released image,Device: D88_iPhone_16 | Confirmed by dvazquezpadin/apple-sdnp README Image Dataset ZIP
extracted/D88_iPhone_16/IMG_0018.HEIC,1,Official Apple SDNP ZIP - direct released image,Device: D88_iPhone_16 | Confirmed by dvazquezpadin/apple-sdnp README Image Dataset ZIP
extracted/D88_iPhone_16/IMG_0019.HEIC,1,Official Apple SDNP ZIP - direct released image,Device: D88_iPhone_16 | Confirmed by dvazquezpadin/apple-sdnp README Image Dataset ZIP
extracted/D88_iPhone_16/IMG_0020.HEIC,1,Official Apple SDNP ZIP - direct released image,Device: D88_iPhone_16 | Confirmed by dvazquezpadin/apple-sdnp README Image Dataset ZIP
extracted/D88_iPhone_16/IMG_0021.HEIC,1,Official Apple SDNP ZIP - direct released image,Device: D88_iPhone_16 | Confirmed by dvazquezpadin/apple-sdnp README Image Dataset ZIP
extracted/D88_iPhone_16/IMG_0022.HEIC,1,Official Apple SDNP ZIP - direct released image,Device: D88_iPhone_16 | Confirmed by dvazquezpadin/apple-sdnp README Image Dataset ZIP
extracted/D88_iPhone_16/IMG_0023.HEIC,1,Official Apple SDNP ZIP - direct released image,Device: D88_iPhone_16 | Confirmed by dvazquezpadin/apple-sdnp README Image Dataset ZIP
extracted/D88_iPhone_16/IMG_0024.HEIC,1,Official Apple SDNP ZIP - direct released image,Device: D88_iPhone_16 | Confirmed by dvazquezpadin/apple-sdnp README Image Dataset ZIP
extracted/D88_iPhone_16/IMG_0025.HEIC,1,Official Apple SDNP ZIP - direct released image,Device: D88_iPhone_16 | Confirmed by dvazquezpadin/apple-sdnp README Image Dataset ZIP
extracted/D88_iPhone_16/IMG_0026.HEIC,1,Official Apple SDNP ZIP - direct released image,Device: D88_iPhone_16 | Confirmed by dvazquezpadin/apple-sdnp README Image Dataset ZIP
extracted/D88_iPhone_16/IMG_0027.HEIC,1,Official Apple SDNP ZIP - direct released image,Device: D88_iPhone_16 | Confirmed by dvazquezpadin/apple-sdnp README Image Dataset ZIP
extracted/D88_iPhone_16/IMG_0028.HEIC,1,Official Apple SDNP ZIP - direct released image,Device: D88_iPhone_16 | Confirmed by dvazquezpadin/apple-sdnp README Image Dataset ZIP
extracted/D88_iPhone_16/IMG_0029.HEIC,1,Official Apple SDNP ZIP - direct released image,Device: D88_iPhone_16 | Confirmed by dvazquezpadin/apple-sdnp README Image Dataset ZIP
extracted/D88_iPhone_16/IMG_0030.HEIC,1,Official Apple SDNP ZIP - direct released image,Device: D88_iPhone_16 | Confirmed by dvazquezpadin/apple-sdnp README Image Dataset ZIP
extracted/D88_iPhone_16/IMG_0031.HEIC,1,Official Apple SDNP ZIP - direct released image,Device: D88_iPhone_16 | Confirmed by dvazquezpadin/apple-sdnp README Image Dataset ZIP
extracted/D88_iPhone_16/IMG_0032.HEIC,1,Official Apple SDNP ZIP - direct released image,Device: D88_iPhone_16 | Confirmed by dvazquezpadin/apple-sdnp README Image Dataset ZIP
extracted/D88_iPhone_16/IMG_0033.HEIC,1,Official Apple SDNP ZIP - direct released image,Device: D88_iPhone_16 | Confirmed by dvazquezpadin/apple-sdnp README Image Dataset ZIP
extracted/D88_iPhone_16/IMG_0034.HEIC,1,Official Apple SDNP ZIP - direct released image,Device: D88_iPhone_16 | Confirmed by dvazquezpadin/apple-sdnp README Image Dataset ZIP
extracted/D88_iPhone_16/IMG_0035.HEIC,1,Official Apple SDNP ZIP - direct released image,Device: D88_iPhone_16 | Confirmed by dvazquezpadin/apple-sdnp README Image Dataset ZIP
extracted/D88_iPhone_16/IMG_0036.HEIC,1,Official Apple SDNP ZIP - direct released image,Device: D88_iPhone_16 | Confirmed by dvazquezpadin/apple-sdnp README Image Dataset ZIP
extracted/D88_iPhone_16/IMG_0037.HEIC,1,Official Apple SDNP ZIP - direct released image,Device: D88_iPhone_16 | Confirmed by dvazquezpadin/apple-sdnp README Image Dataset ZIP
extracted/D88_iPhone_16/IMG_0038.HEIC,1,Official Apple SDNP ZIP - direct released image,Device: D88_iPhone_16 | Confirmed by dvazquezpadin/apple-sdnp README Image Dataset ZIP
extracted/D88_iPhone_16/IMG_0039.HEIC,1,Official Apple SDNP ZIP - direct released image,Device: D88_iPhone_16 | Confirmed by dvazquezpadin/apple-sdnp README Image Dataset ZIP
extracted/D88_iPhone_16/IMG_0040.HEIC,1,Official Apple SDNP ZIP - direct released image,Device: D88_iPhone_16 | Confirmed by dvazquezpadin/apple-sdnp README Image Dataset ZIP
extracted/D88_iPhone_16/IMG_0041.HEIC,1,Official Apple SDNP ZIP - direct released image,Device: D88_iPhone_16 | Confirmed by dvazquezpadin/apple-sdnp README Image Dataset ZIP
flickr_referenced/D02_iPhone_7_Plus/D02_iPhone_7_Plus_26007302297.jpg,1,Official Apple SDNP ZIP - Flickr reference JSON,Device: D02_iPhone_7_Plus | License: CC BY 2.0 | License URL: https://creativecommons.org/licenses/by/2.0/ | Photo page: https://www.flickr.com/photos/ellyf/26007302297/ | Author: KalTheBeago
flickr_referenced/D02_iPhone_7_Plus/D02_iPhone_7_Plus_26014838817.jpg,1,Official Apple SDNP ZIP - Flickr reference JSON,Device: D02_iPhone_7_Plus | License: CC BY 2.0 | License URL: https://creativecommons.org/licenses/by/2.0/ | Photo page: https://www.flickr.com/photos/ellyf/26014838817/ | Author: KalTheBeago
flickr_referenced/D02_iPhone_7_Plus/D02_iPhone_7_Plus_26014961487.jpg,1,Official Apple SDNP ZIP - Flickr reference JSON,Device: D02_iPhone_7_Plus | License: CC BY 2.0 | License URL: https://creativecommons.org/licenses/by/2.0/ | Photo page: https://www.flickr.com/photos/ellyf/26014961487/ | Author: KalTheBeago
flickr_referenced/D02_iPhone_7_Plus/D02_iPhone_7_Plus_26014961687.jpg,1,Official Apple SDNP ZIP - Flickr reference JSON,Device: D02_iPhone_7_Plus | License: CC BY 2.0 | License URL: https://creativecommons.org/licenses/by/2.0/ | Photo page: https://www.flickr.com/photos/ellyf/26014961687/ | Author: KalTheBeago
flickr_referenced/D02_iPhone_7_Plus/D02_iPhone_7_Plus_26014961847.jpg,1,Official Apple SDNP ZIP - Flickr reference JSON,Device: D02_iPhone_7_Plus | License: CC BY 2.0 | License URL: https://creativecommons.org/licenses/by/2.0/ | Photo page: https://www.flickr.com/photos/ellyf/26014961847/ | Author: KalTheBeago
flickr_referenced/D02_iPhone_7_Plus/D02_iPhone_7_Plus_26435888907.jpg,1,Official Apple SDNP ZIP - Flickr reference JSON,Device: D02_iPhone_7_Plus | License: CC BY 2.0 | License URL: https://creativecommons.org/licenses/by/2.0/ | Photo page: https://www.flickr.com/photos/ellyf/26435888907/ | Author: KalTheBeago
flickr_referenced/D02_iPhone_7_Plus/D02_iPhone_7_Plus_26435939707.jpg,1,Official Apple SDNP ZIP - Flickr reference JSON,Device: D02_iPhone_7_Plus | License: CC BY 2.0 | License URL: https://creativecommons.org/licenses/by/2.0/ | Photo page: https://www.flickr.com/photos/ellyf/26435939707/ | Author: KalTheBeago
flickr_referenced/D02_iPhone_7_Plus/D02_iPhone_7_Plus_26435985387.jpg,1,Official Apple SDNP ZIP - Flickr reference JSON,Device: D02_iPhone_7_Plus | License: CC BY 2.0 | License URL: https://creativecommons.org/licenses/by/2.0/ | Photo page: https://www.flickr.com/photos/ellyf/26435985387/ | Author: KalTheBeago
flickr_referenced/D02_iPhone_7_Plus/D02_iPhone_7_Plus_27009346648.jpg,1,Official Apple SDNP ZIP - Flickr reference JSON,Device: D02_iPhone_7_Plus | License: CC BY 2.0 | License URL: https://creativecommons.org/licenses/by/2.0/ | Photo page: https://www.flickr.com/photos/ellyf/27009346648/ | Author: KalTheBeago
flickr_referenced/D02_iPhone_7_Plus/D02_iPhone_7_Plus_27016689238.jpg,1,Official Apple SDNP ZIP - Flickr reference JSON,Device: D02_iPhone_7_Plus | License: CC BY 2.0 | License URL: https://creativecommons.org/licenses/by/2.0/ | Photo page: https://www.flickr.com/photos/ellyf/27016689238/ | Author: KalTheBeago
flickr_referenced/D02_iPhone_7_Plus/D02_iPhone_7_Plus_27016689668.jpg,1,Official Apple SDNP ZIP - Flickr reference JSON,Device: D02_iPhone_7_Plus | License: CC BY 2.0 | License URL: https://creativecommons.org/licenses/by/2.0/ | Photo page: https://www.flickr.com/photos/ellyf/27016689668/ | Author: KalTheBeago
flickr_referenced/D02_iPhone_7_Plus/D02_iPhone_7_Plus_27016690078.jpg,1,Official Apple SDNP ZIP - Flickr reference JSON,Device: D02_iPhone_7_Plus | License: CC BY 2.0 | License URL: https://creativecommons.org/licenses/by/2.0/ | Photo page: https://www.flickr.com/photos/ellyf/27016690078/ | Author: KalTheBeago
flickr_referenced/D02_iPhone_7_Plus/D02_iPhone_7_Plus_27016864138.jpg,1,Official Apple SDNP ZIP - Flickr reference JSON,Device: D02_iPhone_7_Plus | License: CC BY 2.0 | License URL: https://creativecommons.org/licenses/by/2.0/ | Photo page: https://www.flickr.com/photos/ellyf/27016864138/ | Author: KalTheBeago
flickr_referenced/D02_iPhone_7_Plus/D02_iPhone_7_Plus_27016864368.jpg,1,Official Apple SDNP ZIP - Flickr reference JSON,Device: D02_iPhone_7_Plus | License: CC BY 2.0 | License URL: https://creativecommons.org/licenses/by/2.0/ | Photo page: https://www.flickr.com/photos/ellyf/27016864368/ | Author: KalTheBeago
flickr_referenced/D02_iPhone_7_Plus/D02_iPhone_7_Plus_27016866638.jpg,1,Official Apple SDNP ZIP - Flickr reference JSON,Device: D02_iPhone_7_Plus | License: CC BY 2.0 | License URL: https://creativecommons.org/licenses/by/2.0/ | Photo page: https://www.flickr.com/photos/ellyf/27016866638/ | Author: KalTheBeago
flickr_referenced/D02_iPhone_7_Plus/D02_iPhone_7_Plus_27016897458.jpg,1,Official Apple SDNP ZIP - Flickr reference JSON,Device: D02_iPhone_7_Plus | License: CC BY 2.0 | License URL: https://creativecommons.org/licenses/by/2.0/ | Photo page: https://www.flickr.com/photos/ellyf/27016897458/ | Author: KalTheBeago
flickr_referenced/D02_iPhone_7_Plus/D02_iPhone_7_Plus_27016899098.jpg,1,Official Apple SDNP ZIP - Flickr reference JSON,Device: D02_iPhone_7_Plus | License: CC BY 2.0 | License URL: https://creativecommons.org/licenses/by/2.0/ | Photo page: https://www.flickr.com/photos/ellyf/27016899098/ | Author: KalTheBeago
flickr_referenced/D02_iPhone_7_Plus/D02_iPhone_7_Plus_27016899278.jpg,1,Official Apple SDNP ZIP - Flickr reference JSON,Device: D02_iPhone_7_Plus | License: CC BY 2.0 | License URL: https://creativecommons.org/licenses/by/2.0/ | Photo page: https://www.flickr.com/photos/ellyf/27016899278/ | Author: KalTheBeago
flickr_referenced/D02_iPhone_7_Plus/D02_iPhone_7_Plus_27016900418.jpg,1,Official Apple SDNP ZIP - Flickr reference JSON,Device: D02_iPhone_7_Plus | License: CC BY 2.0 | License URL: https://creativecommons.org/licenses/by/2.0/ | Photo page: https://www.flickr.com/photos/ellyf/27016900418/ | Author: KalTheBeago
flickr_referenced/D02_iPhone_7_Plus/D02_iPhone_7_Plus_27017000558.jpg,1,Official Apple SDNP ZIP - Flickr reference JSON,Device: D02_iPhone_7_Plus | License: CC BY 2.0 | License URL: https://creativecommons.org/licenses/by/2.0/ | Photo page: https://www.flickr.com/photos/ellyf/27017000558/ | Author: KalTheBeago
flickr_referenced/D02_iPhone_7_Plus/D02_iPhone_7_Plus_27017001368.jpg,1,Official Apple SDNP ZIP - Flickr reference JSON,Device: D02_iPhone_7_Plus | License: CC BY 2.0 | License URL: https://creativecommons.org/licenses/by/2.0/ | Photo page: https://www.flickr.com/photos/ellyf/27017001368/ | Author: KalTheBeago
flickr_referenced/D02_iPhone_7_Plus/D02_iPhone_7_Plus_27017002208.jpg,1,Official Apple SDNP ZIP - Flickr reference JSON,Device: D02_iPhone_7_Plus | License: CC BY 2.0 | License URL: https://creativecommons.org/licenses/by/2.0/ | Photo page: https://www.flickr.com/photos/ellyf/27017002208/ | Author: KalTheBeago
flickr_referenced/D02_iPhone_7_Plus/D02_iPhone_7_Plus_27017046098.jpg,1,Official Apple SDNP ZIP - Flickr reference JSON,Device: D02_iPhone_7_Plus | License: CC BY 2.0 | License URL: https://creativecommons.org/licenses/by/2.0/ | Photo page: https://www.flickr.com/photos/ellyf/27017046098/ | Author: KalTheBeago
flickr_referenced/D02_iPhone_7_Plus/D02_iPhone_7_Plus_27017047378.jpg,1,Official Apple SDNP ZIP - Flickr reference JSON,Device: D02_iPhone_7_Plus | License: CC BY 2.0 | License URL: https://creativecommons.org/licenses/by/2.0/ | Photo page: https://www.flickr.com/photos/ellyf/27017047378/ | Author: KalTheBeago
flickr_referenced/D02_iPhone_7_Plus/D02_iPhone_7_Plus_27017048598.jpg,1,Official Apple SDNP ZIP - Flickr reference JSON,Device: D02_iPhone_7_Plus | License: CC BY 2.0 | License URL: https://creativecommons.org/licenses/by/2.0/ | Photo page: https://www.flickr.com/photos/ellyf/27017048598/ | Author: KalTheBeago
flickr_referenced/D02_iPhone_7_Plus/D02_iPhone_7_Plus_27017048618.jpg,1,Official Apple SDNP ZIP - Flickr reference JSON,Device: D02_iPhone_7_Plus | License: CC BY 2.0 | License URL: https://creativecommons.org/licenses/by/2.0/ | Photo page: https://www.flickr.com/photos/ellyf/27017048618/ | Author: KalTheBeago
flickr_referenced/D02_iPhone_7_Plus/D02_iPhone_7_Plus_27017104048.jpg,1,Official Apple SDNP ZIP - Flickr reference JSON,Device: D02_iPhone_7_Plus | License: CC BY 2.0 | License URL: https://creativecommons.org/licenses/by/2.0/ | Photo page: https://www.flickr.com/photos/ellyf/27017104048/ | Author: KalTheBeago
flickr_referenced/D02_iPhone_7_Plus/D02_iPhone_7_Plus_27435596638.jpg,1,Official Apple SDNP ZIP - Flickr reference JSON,Device: D02_iPhone_7_Plus | License: CC BY 2.0 | License URL: https://creativecommons.org/licenses/by/2.0/ | Photo page: https://www.flickr.com/photos/ellyf/27435596638/ | Author: KalTheBeago
flickr_referenced/D02_iPhone_7_Plus/D02_iPhone_7_Plus_27435597078.jpg,1,Official Apple SDNP ZIP - Flickr reference JSON,Device: D02_iPhone_7_Plus | License: CC BY 2.0 | License URL: https://creativecommons.org/licenses/by/2.0/ | Photo page: https://www.flickr.com/photos/ellyf/27435597078/ | Author: KalTheBeago
flickr_referenced/D02_iPhone_7_Plus/D02_iPhone_7_Plus_27435597088.jpg,1,Official Apple SDNP ZIP - Flickr reference JSON,Device: D02_iPhone_7_Plus | License: CC BY 2.0 | License URL: https://creativecommons.org/licenses/by/2.0/ | Photo page: https://www.flickr.com/photos/ellyf/27435597088/ | Author: KalTheBeago
flickr_referenced/D02_iPhone_7_Plus/D02_iPhone_7_Plus_33080745734.jpg,1,Official Apple SDNP ZIP - Flickr reference JSON,Device: D02_iPhone_7_Plus | License: CC BY 2.0 | License URL: https://creativecommons.org/licenses/by/2.0/ | Photo page: https://www.flickr.com/photos/ellyf/33080745734/ | Author: KalTheBeago
flickr_referenced/D02_iPhone_7_Plus/D02_iPhone_7_Plus_33096526094.jpg,1,Official Apple SDNP ZIP - Flickr reference JSON,Device: D02_iPhone_7_Plus | License: CC BY 2.0 | License URL: https://creativecommons.org/licenses/by/2.0/ | Photo page: https://www.flickr.com/photos/ellyf/33096526094/ | Author: KalTheBeago
flickr_referenced/D02_iPhone_7_Plus/D02_iPhone_7_Plus_33096539084.jpg,1,Official Apple SDNP ZIP - Flickr reference JSON,Device: D02_iPhone_7_Plus | License: CC BY 2.0 | License URL: https://creativecommons.org/licenses/by/2.0/ | Photo page: https://www.flickr.com/photos/ellyf/33096539084/ | Author: KalTheBeago
flickr_referenced/D02_iPhone_7_Plus/D02_iPhone_7_Plus_33096966234.jpg,1,Official Apple SDNP ZIP - Flickr reference JSON,Device: D02_iPhone_7_Plus | License: CC BY 2.0 | License URL: https://creativecommons.org/licenses/by/2.0/ | Photo page: https://www.flickr.com/photos/ellyf/33096966234/ | Author: KalTheBeago
flickr_referenced/D02_iPhone_7_Plus/D02_iPhone_7_Plus_33097972904.jpg,1,Official Apple SDNP ZIP - Flickr reference JSON,Device: D02_iPhone_7_Plus | License: CC BY 2.0 | License URL: https://creativecommons.org/licenses/by/2.0/ | Photo page: https://www.flickr.com/photos/ellyf/33097972904/ | Author: KalTheBeago
flickr_referenced/D02_iPhone_7_Plus/D02_iPhone_7_Plus_33098060534.jpg,1,Official Apple SDNP ZIP - Flickr reference JSON,Device: D02_iPhone_7_Plus | License: CC BY 2.0 | License URL: https://creativecommons.org/licenses/by/2.0/ | Photo page: https://www.flickr.com/photos/ellyf/33098060534/ | Author: KalTheBeago
flickr_referenced/D02_iPhone_7_Plus/D02_iPhone_7_Plus_33100993144.jpg,1,Official Apple SDNP ZIP - Flickr reference JSON,Device: D02_iPhone_7_Plus | License: CC BY 2.0 | License URL: https://creativecommons.org/licenses/by/2.0/ | Photo page: https://www.flickr.com/photos/ellyf/33100993144/ | Author: KalTheBeago
flickr_referenced/D02_iPhone_7_Plus/D02_iPhone_7_Plus_33111501063.jpg,1,Official Apple SDNP ZIP - Flickr reference JSON,Device: D02_iPhone_7_Plus | License: CC BY 2.0 | License URL: https://creativecommons.org/licenses/by/2.0/ | Photo page: https://www.flickr.com/photos/ellyf/33111501063/ | Author: KalTheBeago
flickr_referenced/D02_iPhone_7_Plus/D02_iPhone_7_Plus_33111503513.jpg,1,Official Apple SDNP ZIP - Flickr reference JSON,Device: D02_iPhone_7_Plus | License: CC BY 2.0 | License URL: https://creativecommons.org/licenses/by/2.0/ | Photo page: https://www.flickr.com/photos/ellyf/33111503513/ | Author: KalTheBeago
flickr_referenced/D02_iPhone_7_Plus/D02_iPhone_7_Plus_33111507843.jpg,1,Official Apple SDNP ZIP - Flickr reference JSON,Device: D02_iPhone_7_Plus | License: CC BY 2.0 | License URL: https://creativecommons.org/licenses/by/2.0/ | Photo page: https://www.flickr.com/photos/ellyf/33111507843/ | Author: KalTheBeago
flickr_referenced/D02_iPhone_7_Plus/D02_iPhone_7_Plus_33111515463.jpg,1,Official Apple SDNP ZIP - Flickr reference JSON,Device: D02_iPhone_7_Plus | License: CC BY 2.0 | License URL: https://creativecommons.org/licenses/by/2.0/ | Photo page: https://www.flickr.com/photos/ellyf/33111515463/ | Author: KalTheBeago
flickr_referenced/D02_iPhone_7_Plus/D02_iPhone_7_Plus_33111518303.jpg,1,Official Apple SDNP ZIP - Flickr reference JSON,Device: D02_iPhone_7_Plus | License: CC BY 2.0 | License URL: https://creativecommons.org/licenses/by/2.0/ | Photo page: https://www.flickr.com/photos/ellyf/33111518303/ | Author: KalTheBeago
flickr_referenced/D02_iPhone_7_Plus/D02_iPhone_7_Plus_33111528503.jpg,1,Official Apple SDNP ZIP - Flickr reference JSON,Device: D02_iPhone_7_Plus | License: CC BY 2.0 | License URL: https://creativecommons.org/licenses/by/2.0/ | Photo page: https://www.flickr.com/photos/ellyf/33111528503/ | Author: KalTheBeago
flickr_referenced/D02_iPhone_7_Plus/D02_iPhone_7_Plus_33111530793.jpg,1,Official Apple SDNP ZIP - Flickr reference JSON,Device: D02_iPhone_7_Plus | License: CC BY 2.0 | License URL: https://creativecommons.org/licenses/by/2.0/ | Photo page: https://www.flickr.com/photos/ellyf/33111530793/ | Author: KalTheBeago
flickr_referenced/D02_iPhone_7_Plus/D02_iPhone_7_Plus_33122781944.jpg,1,Official Apple SDNP ZIP - Flickr reference JSON,Device: D02_iPhone_7_Plus | License: CC BY 2.0 | License URL: https://creativecommons.org/licenses/by/2.0/ | Photo page: https://www.flickr.com/photos/ellyf/33122781944/ | Author: KalTheBeago
flickr_referenced/D02_iPhone_7_Plus/D02_iPhone_7_Plus_33126870063.jpg,1,Official Apple SDNP ZIP - Flickr reference JSON,Device: D02_iPhone_7_Plus | License: CC BY 2.0 | License URL: https://creativecommons.org/licenses/by/2.0/ | Photo page: https://www.flickr.com/photos/ellyf/33126870063/ | Author: KalTheBeago
flickr_referenced/D02_iPhone_7_Plus/D02_iPhone_7_Plus_33126881123.jpg,1,Official Apple SDNP ZIP - Flickr reference JSON,Device: D02_iPhone_7_Plus | License: CC BY 2.0 | License URL: https://creativecommons.org/licenses/by/2.0/ | Photo page: https://www.flickr.com/photos/ellyf/33126881123/ | Author: KalTheBeago
flickr_referenced/D02_iPhone_7_Plus/D02_iPhone_7_Plus_33127192133.jpg,1,Official Apple SDNP ZIP - Flickr reference JSON,Device: D02_iPhone_7_Plus | License: CC BY 2.0 | License URL: https://creativecommons.org/licenses/by/2.0/ | Photo page: https://www.flickr.com/photos/ellyf/33127192133/ | Author: KalTheBeago
flickr_referenced/D02_iPhone_7_Plus/D02_iPhone_7_Plus_33128519203.jpg,1,Official Apple SDNP ZIP - Flickr reference JSON,Device: D02_iPhone_7_Plus | License: CC BY 2.0 | License URL: https://creativecommons.org/licenses/by/2.0/ | Photo page: https://www.flickr.com/photos/ellyf/33128519203/ | Author: KalTheBeago
flickr_referenced/D02_iPhone_7_Plus/D02_iPhone_7_Plus_33128522103.jpg,1,Official Apple SDNP ZIP - Flickr reference JSON,Device: D02_iPhone_7_Plus | License: CC BY 2.0 | License URL: https://creativecommons.org/licenses/by/2.0/ | Photo page: https://www.flickr.com/photos/ellyf/33128522103/ | Author: KalTheBeago
flickr_referenced/D02_iPhone_7_Plus/D02_iPhone_7_Plus_33128522653.jpg,1,Official Apple SDNP ZIP - Flickr reference JSON,Device: D02_iPhone_7_Plus | License: CC BY 2.0 | License URL: https://creativecommons.org/licenses/by/2.0/ | Photo page: https://www.flickr.com/photos/ellyf/33128522653/ | Author: KalTheBeago
flickr_referenced/D02_iPhone_7_Plus/D02_iPhone_7_Plus_33128522663.jpg,1,Official Apple SDNP ZIP - Flickr reference JSON,Device: D02_iPhone_7_Plus | License: CC BY 2.0 | License URL: https://creativecommons.org/licenses/by/2.0/ | Photo page: https://www.flickr.com/photos/ellyf/33128522663/ | Author: KalTheBeago
flickr_referenced/D02_iPhone_7_Plus/D02_iPhone_7_Plus_33131332473.jpg,1,Official Apple SDNP ZIP - Flickr reference JSON,Device: D02_iPhone_7_Plus | License: CC BY 2.0 | License URL: https://creativecommons.org/licenses/by/2.0/ | Photo page: https://www.flickr.com/photos/ellyf/33131332473/ | Author: KalTheBeago
flickr_referenced/D02_iPhone_7_Plus/D02_iPhone_7_Plus_33143261453.jpg,1,Official Apple SDNP ZIP - Flickr reference JSON,Device: D02_iPhone_7_Plus | License: CC BY 2.0 | License URL: https://creativecommons.org/licenses/by/2.0/ | Photo page: https://www.flickr.com/photos/ellyf/33143261453/ | Author: KalTheBeago
flickr_referenced/D02_iPhone_7_Plus/D02_iPhone_7_Plus_33143262283.jpg,1,Official Apple SDNP ZIP - Flickr reference JSON,Device: D02_iPhone_7_Plus | License: CC BY 2.0 | License URL: https://creativecommons.org/licenses/by/2.0/ | Photo page: https://www.flickr.com/photos/ellyf/33143262283/ | Author: KalTheBeago
flickr_referenced/D02_iPhone_7_Plus/D02_iPhone_7_Plus_33143295523.jpg,1,Official Apple SDNP ZIP - Flickr reference JSON,Device: D02_iPhone_7_Plus | License: CC BY 2.0 | License URL: https://creativecommons.org/licenses/by/2.0/ | Photo page: https://www.flickr.com/photos/ellyf/33143295523/ | Author: KalTheBeago
flickr_referenced/D02_iPhone_7_Plus/D02_iPhone_7_Plus_33143297223.jpg,1,Official Apple SDNP ZIP - Flickr reference JSON,Device: D02_iPhone_7_Plus | License: CC BY 2.0 | License URL: https://creativecommons.org/licenses/by/2.0/ | Photo page: https://www.flickr.com/photos/ellyf/33143297223/ | Author: KalTheBeago
flickr_referenced/D02_iPhone_7_Plus/D02_iPhone_7_Plus_33143297383.jpg,1,Official Apple SDNP ZIP - Flickr reference JSON,Device: D02_iPhone_7_Plus | License: CC BY 2.0 | License URL: https://creativecommons.org/licenses/by/2.0/ | Photo page: https://www.flickr.com/photos/ellyf/33143297383/ | Author: KalTheBeago
flickr_referenced/D02_iPhone_7_Plus/D02_iPhone_7_Plus_33158072044.jpg,1,Official Apple SDNP ZIP - Flickr reference JSON,Device: D02_iPhone_7_Plus | License: CC BY 2.0 | License URL: https://creativecommons.org/licenses/by/2.0/ | Photo page: https://www.flickr.com/photos/ellyf/33158072044/ | Author: KalTheBeago
flickr_referenced/D02_iPhone_7_Plus/D02_iPhone_7_Plus_33158073804.jpg,1,Official Apple SDNP ZIP - Flickr reference JSON,Device: D02_iPhone_7_Plus | License: CC BY 2.0 | License URL: https://creativecommons.org/licenses/by/2.0/ | Photo page: https://www.flickr.com/photos/ellyf/33158073804/ | Author: KalTheBeago
flickr_referenced/D02_iPhone_7_Plus/D02_iPhone_7_Plus_33158073874.jpg,1,Official Apple SDNP ZIP - Flickr reference JSON,Device: D02_iPhone_7_Plus | License: CC BY 2.0 | License URL: https://creativecommons.org/licenses/by/2.0/ | Photo page: https://www.flickr.com/photos/ellyf/33158073874/ | Author: KalTheBeago
flickr_referenced/D02_iPhone_7_Plus/D02_iPhone_7_Plus_33158074104.jpg,1,Official Apple SDNP ZIP - Flickr reference JSON,Device: D02_iPhone_7_Plus | License: CC BY 2.0 | License URL: https://creativecommons.org/licenses/by/2.0/ | Photo page: https://www.flickr.com/photos/ellyf/33158074104/ | Author: KalTheBeago
flickr_referenced/D02_iPhone_7_Plus/D02_iPhone_7_Plus_33182726123.jpg,1,Official Apple SDNP ZIP - Flickr reference JSON,Device: D02_iPhone_7_Plus | License: CC BY 2.0 | License URL: https://creativecommons.org/licenses/by/2.0/ | Photo page: https://www.flickr.com/photos/ellyf/33182726123/ | Author: KalTheBeago
flickr_referenced/D02_iPhone_7_Plus/D02_iPhone_7_Plus_33182727063.jpg,1,Official Apple SDNP ZIP - Flickr reference JSON,Device: D02_iPhone_7_Plus | License: CC BY 2.0 | License URL: https://creativecommons.org/licenses/by/2.0/ | Photo page: https://www.flickr.com/photos/ellyf/33182727063/ | Author: KalTheBeago
flickr_referenced/D02_iPhone_7_Plus/D02_iPhone_7_Plus_33188621223.jpg,1,Official Apple SDNP ZIP - Flickr reference JSON,Device: D02_iPhone_7_Plus | License: CC BY 2.0 | License URL: https://creativecommons.org/licenses/by/2.0/ | Photo page: https://www.flickr.com/photos/ellyf/33188621223/ | Author: KalTheBeago
flickr_referenced/D02_iPhone_7_Plus/D02_iPhone_7_Plus_33188647623.jpg,1,Official Apple SDNP ZIP - Flickr reference JSON,Device: D02_iPhone_7_Plus | License: CC BY 2.0 | License URL: https://creativecommons.org/licenses/by/2.0/ | Photo page: https://www.flickr.com/photos/ellyf/33188647623/ | Author: KalTheBeago
flickr_referenced/D02_iPhone_7_Plus/D02_iPhone_7_Plus_33240929814.jpg,1,Official Apple SDNP ZIP - Flickr reference JSON,Device: D02_iPhone_7_Plus | License: CC BY 2.0 | License URL: https://creativecommons.org/licenses/by/2.0/ | Photo page: https://www.flickr.com/photos/ellyf/33240929814/ | Author: KalTheBeago
flickr_referenced/D02_iPhone_7_Plus/D02_iPhone_7_Plus_33241240074.jpg,1,Official Apple SDNP ZIP - Flickr reference JSON,Device: D02_iPhone_7_Plus | License: CC BY 2.0 | License URL: https://creativecommons.org/licenses/by/2.0/ | Photo page: https://www.flickr.com/photos/ellyf/33241240074/ | Author: KalTheBeago
flickr_referenced/D02_iPhone_7_Plus/D02_iPhone_7_Plus_33273734423.jpg,1,Official Apple SDNP ZIP - Flickr reference JSON,Device: D02_iPhone_7_Plus | License: CC BY 2.0 | License URL: https://creativecommons.org/licenses/by/2.0/ | Photo page: https://www.flickr.com/photos/ellyf/33273734423/ | Author: KalTheBeago
flickr_referenced/D02_iPhone_7_Plus/D02_iPhone_7_Plus_33273742023.jpg,1,Official Apple SDNP ZIP - Flickr reference JSON,Device: D02_iPhone_7_Plus | License: CC BY 2.0 | License URL: https://creativecommons.org/licenses/by/2.0/ | Photo page: https://www.flickr.com/photos/ellyf/33273742023/ | Author: KalTheBeago
flickr_referenced/D02_iPhone_7_Plus/D02_iPhone_7_Plus_33274714013.jpg,1,Official Apple SDNP ZIP - Flickr reference JSON,Device: D02_iPhone_7_Plus | License: CC BY 2.0 | License URL: https://creativecommons.org/licenses/by/2.0/ | Photo page: https://www.flickr.com/photos/ellyf/33274714013/ | Author: KalTheBeago
flickr_referenced/D02_iPhone_7_Plus/D02_iPhone_7_Plus_33554760210.jpg,1,Official Apple SDNP ZIP - Flickr reference JSON,Device: D02_iPhone_7_Plus | License: CC BY 2.0 | License URL: https://creativecommons.org/licenses/by/2.0/ | Photo page: https://www.flickr.com/photos/ellyf/33554760210/ | Author: KalTheBeago
flickr_referenced/D02_iPhone_7_Plus/D02_iPhone_7_Plus_33555253410.jpg,1,Official Apple SDNP ZIP - Flickr reference JSON,Device: D02_iPhone_7_Plus | License: CC BY 2.0 | License URL: https://creativecommons.org/licenses/by/2.0/ | Photo page: https://www.flickr.com/photos/ellyf/33555253410/ | Author: KalTheBeago
flickr_referenced/D02_iPhone_7_Plus/D02_iPhone_7_Plus_33556128590.jpg,1,Official Apple SDNP ZIP - Flickr reference JSON,Device: D02_iPhone_7_Plus | License: CC BY 2.0 | License URL: https://creativecommons.org/licenses/by/2.0/ | Photo page: https://www.flickr.com/photos/ellyf/33556128590/ | Author: KalTheBeago
flickr_referenced/D02_iPhone_7_Plus/D02_iPhone_7_Plus_33559244670.jpg,1,Official Apple SDNP ZIP - Flickr reference JSON,Device: D02_iPhone_7_Plus | License: CC BY 2.0 | License URL: https://creativecommons.org/licenses/by/2.0/ | Photo page: https://www.flickr.com/photos/ellyf/33559244670/ | Author: KalTheBeago
flickr_referenced/D02_iPhone_7_Plus/D02_iPhone_7_Plus_33610151270.jpg,1,Official Apple SDNP ZIP - Flickr reference JSON,Device: D02_iPhone_7_Plus | License: CC BY 2.0 | License URL: https://creativecommons.org/licenses/by/2.0/ | Photo page: https://www.flickr.com/photos/ellyf/33610151270/ | Author: KalTheBeago
flickr_referenced/D02_iPhone_7_Plus/D02_iPhone_7_Plus_33610151760.jpg,1,Official Apple SDNP ZIP - Flickr reference JSON,Device: D02_iPhone_7_Plus | License: CC BY 2.0 | License URL: https://creativecommons.org/licenses/by/2.0/ | Photo page: https://www.flickr.com/photos/ellyf/33610151760/ | Author: KalTheBeago
flickr_referenced/D02_iPhone_7_Plus/D02_iPhone_7_Plus_33614787534.jpg,1,Official Apple SDNP ZIP - Flickr reference JSON,Device: D02_iPhone_7_Plus | License: CC BY 2.0 | License URL: https://creativecommons.org/licenses/by/2.0/ | Photo page: https://www.flickr.com/photos/ellyf/33614787534/ | Author: KalTheBeago
flickr_referenced/D02_iPhone_7_Plus/D02_iPhone_7_Plus_33616024780.jpg,1,Official Apple SDNP ZIP - Flickr reference JSON,Device: D02_iPhone_7_Plus | License: CC BY 2.0 | License URL: https://creativecommons.org/licenses/by/2.0/ | Photo page: https://www.flickr.com/photos/ellyf/33616024780/ | Author: KalTheBeago
flickr_referenced/D02_iPhone_7_Plus/D02_iPhone_7_Plus_33616042260.jpg,1,Official Apple SDNP ZIP - Flickr reference JSON,Device: D02_iPhone_7_Plus | License: CC BY 2.0 | License URL: https://creativecommons.org/licenses/by/2.0/ | Photo page: https://www.flickr.com/photos/ellyf/33616042260/ | Author: KalTheBeago
flickr_referenced/D02_iPhone_7_Plus/D02_iPhone_7_Plus_33616060730.jpg,1,Official Apple SDNP ZIP - Flickr reference JSON,Device: D02_iPhone_7_Plus | License: CC BY 2.0 | License URL: https://creativecommons.org/licenses/by/2.0/ | Photo page: https://www.flickr.com/photos/ellyf/33616060730/ | Author: KalTheBeago
flickr_referenced/D02_iPhone_7_Plus/D02_iPhone_7_Plus_33616504340.jpg,1,Official Apple SDNP ZIP - Flickr reference JSON,Device: D02_iPhone_7_Plus | License: CC BY 2.0 | License URL: https://creativecommons.org/licenses/by/2.0/ | Photo page: https://www.flickr.com/photos/ellyf/33616504340/ | Author: KalTheBeago
flickr_referenced/D02_iPhone_7_Plus/D02_iPhone_7_Plus_33695849760.jpg,1,Official Apple SDNP ZIP - Flickr reference JSON,Device: D02_iPhone_7_Plus | License: CC BY 2.0 | License URL: https://creativecommons.org/licenses/by/2.0/ | Photo page: https://www.flickr.com/photos/ellyf/33695849760/ | Author: KalTheBeago
flickr_referenced/D02_iPhone_7_Plus/D02_iPhone_7_Plus_33700834120.jpg,1,Official Apple SDNP ZIP - Flickr reference JSON,Device: D02_iPhone_7_Plus | License: CC BY 2.0 | License URL: https://creativecommons.org/licenses/by/2.0/ | Photo page: https://www.flickr.com/photos/ellyf/33700834120/ | Author: KalTheBeago
flickr_referenced/D02_iPhone_7_Plus/D02_iPhone_7_Plus_33767232162.jpg,1,Official Apple SDNP ZIP - Flickr reference JSON,Device: D02_iPhone_7_Plus | License: CC BY 2.0 | License URL: https://creativecommons.org/licenses/by/2.0/ | Photo page: https://www.flickr.com/photos/ellyf/33767232162/ | Author: KalTheBeago
flickr_referenced/D02_iPhone_7_Plus/D02_iPhone_7_Plus_33782818362.jpg,1,Official Apple SDNP ZIP - Flickr reference JSON,Device: D02_iPhone_7_Plus | License: CC BY 2.0 | License URL: https://creativecommons.org/licenses/by/2.0/ | Photo page: https://www.flickr.com/photos/ellyf/33782818362/ | Author: KalTheBeago
flickr_referenced/D02_iPhone_7_Plus/D02_iPhone_7_Plus_33783924302.jpg,1,Official Apple SDNP ZIP - Flickr reference JSON,Device: D02_iPhone_7_Plus | License: CC BY 2.0 | License URL: https://creativecommons.org/licenses/by/2.0/ | Photo page: https://www.flickr.com/photos/ellyf/33783924302/ | Author: KalTheBeago
flickr_referenced/D02_iPhone_7_Plus/D02_iPhone_7_Plus_33786951022.jpg,1,Official Apple SDNP ZIP - Flickr reference JSON,Device: D02_iPhone_7_Plus | License: CC BY 2.0 | License URL: https://creativecommons.org/licenses/by/2.0/ | Photo page: https://www.flickr.com/photos/ellyf/33786951022/ | Author: KalTheBeago
flickr_referenced/D02_iPhone_7_Plus/D02_iPhone_7_Plus_33786953572.jpg,1,Official Apple SDNP ZIP - Flickr reference JSON,Device: D02_iPhone_7_Plus | License: CC BY 2.0 | License URL: https://creativecommons.org/licenses/by/2.0/ | Photo page: https://www.flickr.com/photos/ellyf/33786953572/ | Author: KalTheBeago
flickr_referenced/D02_iPhone_7_Plus/D02_iPhone_7_Plus_33794557961.jpg,1,Official Apple SDNP ZIP - Flickr reference JSON,Device: D02_iPhone_7_Plus | License: CC BY 2.0 | License URL: https://creativecommons.org/licenses/by/2.0/ | Photo page: https://www.flickr.com/photos/ellyf/33794557961/ | Author: KalTheBeago
flickr_referenced/D02_iPhone_7_Plus/D02_iPhone_7_Plus_33794569261.jpg,1,Official Apple SDNP ZIP - Flickr reference JSON,Device: D02_iPhone_7_Plus | License: CC BY 2.0 | License URL: https://creativecommons.org/licenses/by/2.0/ | Photo page: https://www.flickr.com/photos/ellyf/33794569261/ | Author: KalTheBeago
flickr_referenced/D02_iPhone_7_Plus/D02_iPhone_7_Plus_33794570971.jpg,1,Official Apple SDNP ZIP - Flickr reference JSON,Device: D02_iPhone_7_Plus | License: CC BY 2.0 | License URL: https://creativecommons.org/licenses/by/2.0/ | Photo page: https://www.flickr.com/photos/ellyf/33794570971/ | Author: KalTheBeago
flickr_referenced/D02_iPhone_7_Plus/D02_iPhone_7_Plus_33794572501.jpg,1,Official Apple SDNP ZIP - Flickr reference JSON,Device: D02_iPhone_7_Plus | License: CC BY 2.0 | License URL: https://creativecommons.org/licenses/by/2.0/ | Photo page: https://www.flickr.com/photos/ellyf/33794572501/ | Author: KalTheBeago
flickr_referenced/D02_iPhone_7_Plus/D02_iPhone_7_Plus_33794574481.jpg,1,Official Apple SDNP ZIP - Flickr reference JSON,Device: D02_iPhone_7_Plus | License: CC BY 2.0 | License URL: https://creativecommons.org/licenses/by/2.0/ | Photo page: https://www.flickr.com/photos/ellyf/33794574481/ | Author: KalTheBeago
flickr_referenced/D02_iPhone_7_Plus/D02_iPhone_7_Plus_33798980302.jpg,1,Official Apple SDNP ZIP - Flickr reference JSON,Device: D02_iPhone_7_Plus | License: CC BY 2.0 | License URL: https://creativecommons.org/licenses/by/2.0/ | Photo page: https://www.flickr.com/photos/ellyf/33798980302/ | Author: KalTheBeago
flickr_referenced/D02_iPhone_7_Plus/D02_iPhone_7_Plus_33798980472.jpg,1,Official Apple SDNP ZIP - Flickr reference JSON,Device: D02_iPhone_7_Plus | License: CC BY 2.0 | License URL: https://creativecommons.org/licenses/by/2.0/ | Photo page: https://www.flickr.com/photos/ellyf/33798980472/ | Author: KalTheBeago
flickr_referenced/D02_iPhone_7_Plus/D02_iPhone_7_Plus_33798982122.jpg,1,Official Apple SDNP ZIP - Flickr reference JSON,Device: D02_iPhone_7_Plus | License: CC BY 2.0 | License URL: https://creativecommons.org/licenses/by/2.0/ | Photo page: https://www.flickr.com/photos/ellyf/33798982122/ | Author: KalTheBeago
flickr_referenced/D02_iPhone_7_Plus/D02_iPhone_7_Plus_33798983422.jpg,1,Official Apple SDNP ZIP - Flickr reference JSON,Device: D02_iPhone_7_Plus | License: CC BY 2.0 | License URL: https://creativecommons.org/licenses/by/2.0/ | Photo page: https://www.flickr.com/photos/ellyf/33798983422/ | Author: KalTheBeago
flickr_referenced/D02_iPhone_7_Plus/D02_iPhone_7_Plus_33808680722.jpg,1,Official Apple SDNP ZIP - Flickr reference JSON,Device: D02_iPhone_7_Plus | License: CC BY 2.0 | License URL: https://creativecommons.org/licenses/by/2.0/ | Photo page: https://www.flickr.com/photos/ellyf/33808680722/ | Author: KalTheBeago
flickr_referenced/D02_iPhone_7_Plus/D02_iPhone_7_Plus_33810026361.jpg,1,Official Apple SDNP ZIP - Flickr reference JSON,Device: D02_iPhone_7_Plus | License: CC BY 2.0 | License URL: https://creativecommons.org/licenses/by/2.0/ | Photo page: https://www.flickr.com/photos/ellyf/33810026361/ | Author: KalTheBeago
flickr_referenced/D02_iPhone_7_Plus/D02_iPhone_7_Plus_33811320681.jpg,1,Official Apple SDNP ZIP - Flickr reference JSON,Device: D02_iPhone_7_Plus | License: CC BY 2.0 | License URL: https://creativecommons.org/licenses/by/2.0/ | Photo page: https://www.flickr.com/photos/ellyf/33811320681/ | Author: KalTheBeago
flickr_referenced/D02_iPhone_7_Plus/D02_iPhone_7_Plus_33814401431.jpg,1,Official Apple SDNP ZIP - Flickr reference JSON,Device: D02_iPhone_7_Plus | License: CC BY 2.0 | License URL: https://creativecommons.org/licenses/by/2.0/ | Photo page: https://www.flickr.com/photos/ellyf/33814401431/ | Author: KalTheBeago
flickr_referenced/D02_iPhone_7_Plus/D02_iPhone_7_Plus_33814402241.jpg,1,Official Apple SDNP ZIP - Flickr reference JSON,Device: D02_iPhone_7_Plus | License: CC BY 2.0 | License URL: https://creativecommons.org/licenses/by/2.0/ | Photo page: https://www.flickr.com/photos/ellyf/33814402241/ | Author: KalTheBeago
flickr_referenced/D02_iPhone_7_Plus/D02_iPhone_7_Plus_33826678001.jpg,1,Official Apple SDNP ZIP - Flickr reference JSON,Device: D02_iPhone_7_Plus | License: CC BY 2.0 | License URL: https://creativecommons.org/licenses/by/2.0/ | Photo page: https://www.flickr.com/photos/ellyf/33826678001/ | Author: KalTheBeago
flickr_referenced/D02_iPhone_7_Plus/D02_iPhone_7_Plus_33836216971.jpg,1,Official Apple SDNP ZIP - Flickr reference JSON,Device: D02_iPhone_7_Plus | License: CC BY 2.0 | License URL: https://creativecommons.org/licenses/by/2.0/ | Photo page: https://www.flickr.com/photos/ellyf/33836216971/ | Author: KalTheBeago
flickr_referenced/D02_iPhone_7_Plus/D02_iPhone_7_Plus_33843985312.jpg,1,Official Apple SDNP ZIP - Flickr reference JSON,Device: D02_iPhone_7_Plus | License: CC BY 2.0 | License URL: https://creativecommons.org/licenses/by/2.0/ | Photo page: https://www.flickr.com/photos/ellyf/33843985312/ | Author: KalTheBeago
flickr_referenced/D02_iPhone_7_Plus/D02_iPhone_7_Plus_33844005012.jpg,1,Official Apple SDNP ZIP - Flickr reference JSON,Device: D02_iPhone_7_Plus | License: CC BY 2.0 | License URL: https://creativecommons.org/licenses/by/2.0/ | Photo page: https://www.flickr.com/photos/ellyf/33844005012/ | Author: KalTheBeago
flickr_referenced/D02_iPhone_7_Plus/D02_iPhone_7_Plus_33871837181.jpg,1,Official Apple SDNP ZIP - Flickr reference JSON,Device: D02_iPhone_7_Plus | License: CC BY 2.0 | License URL: https://creativecommons.org/licenses/by/2.0/ | Photo page: https://www.flickr.com/photos/ellyf/33871837181/ | Author: KalTheBeago
flickr_referenced/D02_iPhone_7_Plus/D02_iPhone_7_Plus_33882932036.jpg,1,Official Apple SDNP ZIP - Flickr reference JSON,Device: D02_iPhone_7_Plus | License: CC BY 2.0 | License URL: https://creativecommons.org/licenses/by/2.0/ | Photo page: https://www.flickr.com/photos/ellyf/33882932036/ | Author: KalTheBeago
flickr_referenced/D02_iPhone_7_Plus/D02_iPhone_7_Plus_33898966896.jpg,1,Official Apple SDNP ZIP - Flickr reference JSON,Device: D02_iPhone_7_Plus | License: CC BY 2.0 | License URL: https://creativecommons.org/licenses/by/2.0/ | Photo page: https://www.flickr.com/photos/ellyf/33898966896/ | Author: KalTheBeago
flickr_referenced/D02_iPhone_7_Plus/D02_iPhone_7_Plus_33899906564.jpg,1,Official Apple SDNP ZIP - Flickr reference JSON,Device: D02_iPhone_7_Plus | License: CC BY 2.0 | License URL: https://creativecommons.org/licenses/by/2.0/ | Photo page: https://www.flickr.com/photos/ellyf/33899906564/ | Author: KalTheBeago
flickr_referenced/D02_iPhone_7_Plus/D02_iPhone_7_Plus_33900060544.jpg,1,Official Apple SDNP ZIP - Flickr reference JSON,Device: D02_iPhone_7_Plus | License: CC BY 2.0 | License URL: https://creativecommons.org/licenses/by/2.0/ | Photo page: https://www.flickr.com/photos/ellyf/33900060544/ | Author: KalTheBeago
flickr_referenced/D02_iPhone_7_Plus/D02_iPhone_7_Plus_33900576116.jpg,1,Official Apple SDNP ZIP - Flickr reference JSON,Device: D02_iPhone_7_Plus | License: CC BY 2.0 | License URL: https://creativecommons.org/licenses/by/2.0/ | Photo page: https://www.flickr.com/photos/ellyf/33900576116/ | Author: KalTheBeago
flickr_referenced/D02_iPhone_7_Plus/D02_iPhone_7_Plus_33900576606.jpg,1,Official Apple SDNP ZIP - Flickr reference JSON,Device: D02_iPhone_7_Plus | License: CC BY 2.0 | License URL: https://creativecommons.org/licenses/by/2.0/ | Photo page: https://www.flickr.com/photos/ellyf/33900576606/ | Author: KalTheBeago
flickr_referenced/D02_iPhone_7_Plus/D02_iPhone_7_Plus_33915743666.jpg,1,Official Apple SDNP ZIP - Flickr reference JSON,Device: D02_iPhone_7_Plus | License: CC BY 2.0 | License URL: https://creativecommons.org/licenses/by/2.0/ | Photo page: https://www.flickr.com/photos/ellyf/33915743666/ | Author: KalTheBeago
flickr_referenced/D02_iPhone_7_Plus/D02_iPhone_7_Plus_33915744436.jpg,1,Official Apple SDNP ZIP - Flickr reference JSON,Device: D02_iPhone_7_Plus | License: CC BY 2.0 | License URL: https://creativecommons.org/licenses/by/2.0/ | Photo page: https://www.flickr.com/photos/ellyf/33915744436/ | Author: KalTheBeago
flickr_referenced/D02_iPhone_7_Plus/D02_iPhone_7_Plus_33923344202.jpg,1,Official Apple SDNP ZIP - Flickr reference JSON,Device: D02_iPhone_7_Plus | License: CC BY 2.0 | License URL: https://creativecommons.org/licenses/by/2.0/ | Photo page: https://www.flickr.com/photos/ellyf/33923344202/ | Author: KalTheBeago
flickr_referenced/D02_iPhone_7_Plus/D02_iPhone_7_Plus_33923381012.jpg,1,Official Apple SDNP ZIP - Flickr reference JSON,Device: D02_iPhone_7_Plus | License: CC BY 2.0 | License URL: https://creativecommons.org/licenses/by/2.0/ | Photo page: https://www.flickr.com/photos/ellyf/33923381012/ | Author: KalTheBeago
flickr_referenced/D02_iPhone_7_Plus/D02_iPhone_7_Plus_33926606542.jpg,1,Official Apple SDNP ZIP - Flickr reference JSON,Device: D02_iPhone_7_Plus | License: CC BY 2.0 | License URL: https://creativecommons.org/licenses/by/2.0/ | Photo page: https://www.flickr.com/photos/ellyf/33926606542/ | Author: KalTheBeago
flickr_referenced/D02_iPhone_7_Plus/D02_iPhone_7_Plus_33933501913.jpg,1,Official Apple SDNP ZIP - Flickr reference JSON,Device: D02_iPhone_7_Plus | License: CC BY 2.0 | License URL: https://creativecommons.org/licenses/by/2.0/ | Photo page: https://www.flickr.com/photos/ellyf/33933501913/ | Author: KalTheBeago
flickr_referenced/D02_iPhone_7_Plus/D02_iPhone_7_Plus_33934008823.jpg,1,Official Apple SDNP ZIP - Flickr reference JSON,Device: D02_iPhone_7_Plus | License: CC BY 2.0 | License URL: https://creativecommons.org/licenses/by/2.0/ | Photo page: https://www.flickr.com/photos/ellyf/33934008823/ | Author: KalTheBeago
flickr_referenced/D02_iPhone_7_Plus/D02_iPhone_7_Plus_33953121431.jpg,1,Official Apple SDNP ZIP - Flickr reference JSON,Device: D02_iPhone_7_Plus | License: CC BY 2.0 | License URL: https://creativecommons.org/licenses/by/2.0/ | Photo page: https://www.flickr.com/photos/ellyf/33953121431/ | Author: KalTheBeago
flickr_referenced/D02_iPhone_7_Plus/D02_iPhone_7_Plus_33953918506.jpg,1,Official Apple SDNP ZIP - Flickr reference JSON,Device: D02_iPhone_7_Plus | License: CC BY 2.0 | License URL: https://creativecommons.org/licenses/by/2.0/ | Photo page: https://www.flickr.com/photos/ellyf/33953918506/ | Author: KalTheBeago
flickr_referenced/D02_iPhone_7_Plus/D02_iPhone_7_Plus_33955030041.jpg,1,Official Apple SDNP ZIP - Flickr reference JSON,Device: D02_iPhone_7_Plus | License: CC BY 2.0 | License URL: https://creativecommons.org/licenses/by/2.0/ | Photo page: https://www.flickr.com/photos/ellyf/33955030041/ | Author: KalTheBeago
flickr_referenced/D02_iPhone_7_Plus/D02_iPhone_7_Plus_33955064531.jpg,1,Official Apple SDNP ZIP - Flickr reference JSON,Device: D02_iPhone_7_Plus | License: CC BY 2.0 | License URL: https://creativecommons.org/licenses/by/2.0/ | Photo page: https://www.flickr.com/photos/ellyf/33955064531/ | Author: KalTheBeago
flickr_referenced/D02_iPhone_7_Plus/D02_iPhone_7_Plus_33956561315.jpg,1,Official Apple SDNP ZIP - Flickr reference JSON,Device: D02_iPhone_7_Plus | License: CC BY 2.0 | License URL: https://creativecommons.org/licenses/by/2.0/ | Photo page: https://www.flickr.com/photos/ellyf/33956561315/ | Author: KalTheBeago
flickr_referenced/D02_iPhone_7_Plus/D02_iPhone_7_Plus_33959346094.jpg,1,Official Apple SDNP ZIP - Flickr reference JSON,Device: D02_iPhone_7_Plus | License: CC BY 2.0 | License URL: https://creativecommons.org/licenses/by/2.0/ | Photo page: https://www.flickr.com/photos/ellyf/33959346094/ | Author: KalTheBeago
flickr_referenced/D02_iPhone_7_Plus/D02_iPhone_7_Plus_33959988656.jpg,1,Official Apple SDNP ZIP - Flickr reference JSON,Device: D02_iPhone_7_Plus | License: CC BY 2.0 | License URL: https://creativecommons.org/licenses/by/2.0/ | Photo page: https://www.flickr.com/photos/ellyf/33959988656/ | Author: KalTheBeago
flickr_referenced/D02_iPhone_7_Plus/D02_iPhone_7_Plus_33959989056.jpg,1,Official Apple SDNP ZIP - Flickr reference JSON,Device: D02_iPhone_7_Plus | License: CC BY 2.0 | License URL: https://creativecommons.org/licenses/by/2.0/ | Photo page: https://www.flickr.com/photos/ellyf/33959989056/ | Author: KalTheBeago
flickr_referenced/D02_iPhone_7_Plus/D02_iPhone_7_Plus_34001560455.jpg,1,Official Apple SDNP ZIP - Flickr reference JSON,Device: D02_iPhone_7_Plus | License: CC BY 2.0 | License URL: https://creativecommons.org/licenses/by/2.0/ | Photo page: https://www.flickr.com/photos/ellyf/34001560455/ | Author: KalTheBeago
flickr_referenced/D02_iPhone_7_Plus/D02_iPhone_7_Plus_34001563195.jpg,1,Official Apple SDNP ZIP - Flickr reference JSON,Device: D02_iPhone_7_Plus | License: CC BY 2.0 | License URL: https://creativecommons.org/licenses/by/2.0/ | Photo page: https://www.flickr.com/photos/ellyf/34001563195/ | Author: KalTheBeago
flickr_referenced/D02_iPhone_7_Plus/D02_iPhone_7_Plus_34001598375.jpg,1,Official Apple SDNP ZIP - Flickr reference JSON,Device: D02_iPhone_7_Plus | License: CC BY 2.0 | License URL: https://creativecommons.org/licenses/by/2.0/ | Photo page: https://www.flickr.com/photos/ellyf/34001598375/ | Author: KalTheBeago
flickr_referenced/D02_iPhone_7_Plus/D02_iPhone_7_Plus_34039952036.jpg,1,Official Apple SDNP ZIP - Flickr reference JSON,Device: D02_iPhone_7_Plus | License: CC BY 2.0 | License URL: https://creativecommons.org/licenses/by/2.0/ | Photo page: https://www.flickr.com/photos/ellyf/34039952036/ | Author: KalTheBeago
flickr_referenced/D02_iPhone_7_Plus/D02_iPhone_7_Plus_34043076666.jpg,1,Official Apple SDNP ZIP - Flickr reference JSON,Device: D02_iPhone_7_Plus | License: CC BY 2.0 | License URL: https://creativecommons.org/licenses/by/2.0/ | Photo page: https://www.flickr.com/photos/ellyf/34043076666/ | Author: KalTheBeago
flickr_referenced/D02_iPhone_7_Plus/D02_iPhone_7_Plus_34044760226.jpg,1,Official Apple SDNP ZIP - Flickr reference JSON,Device: D02_iPhone_7_Plus | License: CC BY 2.0 | License URL: https://creativecommons.org/licenses/by/2.0/ | Photo page: https://www.flickr.com/photos/ellyf/34044760226/ | Author: KalTheBeago
flickr_referenced/D02_iPhone_7_Plus/D02_iPhone_7_Plus_34051086574.jpg,1,Official Apple SDNP ZIP - Flickr reference JSON,Device: D02_iPhone_7_Plus | License: CC BY 2.0 | License URL: https://creativecommons.org/licenses/by/2.0/ | Photo page: https://www.flickr.com/photos/ellyf/34051086574/ | Author: KalTheBeago
flickr_referenced/D02_iPhone_7_Plus/D02_iPhone_7_Plus_34079983615.jpg,1,Official Apple SDNP ZIP - Flickr reference JSON,Device: D02_iPhone_7_Plus | License: CC BY 2.0 | License URL: https://creativecommons.org/licenses/by/2.0/ | Photo page: https://www.flickr.com/photos/ellyf/34079983615/ | Author: KalTheBeago
flickr_referenced/D02_iPhone_7_Plus/D02_iPhone_7_Plus_34083228023.jpg,1,Official Apple SDNP ZIP - Flickr reference JSON,Device: D02_iPhone_7_Plus | License: CC BY 2.0 | License URL: https://creativecommons.org/licenses/by/2.0/ | Photo page: https://www.flickr.com/photos/ellyf/34083228023/ | Author: KalTheBeago
flickr_referenced/D02_iPhone_7_Plus/D02_iPhone_7_Plus_34083230273.jpg,1,Official Apple SDNP ZIP - Flickr reference JSON,Device: D02_iPhone_7_Plus | License: CC BY 2.0 | License URL: https://creativecommons.org/licenses/by/2.0/ | Photo page: https://www.flickr.com/photos/ellyf/34083230273/ | Author: KalTheBeago
flickr_referenced/D02_iPhone_7_Plus/D02_iPhone_7_Plus_34083231413.jpg,1,Official Apple SDNP ZIP - Flickr reference JSON,Device: D02_iPhone_7_Plus | License: CC BY 2.0 | License URL: https://creativecommons.org/licenses/by/2.0/ | Photo page: https://www.flickr.com/photos/ellyf/34083231413/ | Author: KalTheBeago
flickr_referenced/D02_iPhone_7_Plus/D02_iPhone_7_Plus_34083234863.jpg,1,Official Apple SDNP ZIP - Flickr reference JSON,Device: D02_iPhone_7_Plus | License: CC BY 2.0 | License URL: https://creativecommons.org/licenses/by/2.0/ | Photo page: https://www.flickr.com/photos/ellyf/34083234863/ | Author: KalTheBeago
flickr_referenced/D02_iPhone_7_Plus/D02_iPhone_7_Plus_34083346935.jpg,1,Official Apple SDNP ZIP - Flickr reference JSON,Device: D02_iPhone_7_Plus | License: CC BY 2.0 | License URL: https://creativecommons.org/licenses/by/2.0/ | Photo page: https://www.flickr.com/photos/ellyf/34083346935/ | Author: KalTheBeago
flickr_referenced/D02_iPhone_7_Plus/D02_iPhone_7_Plus_34297390802.jpg,1,Official Apple SDNP ZIP - Flickr reference JSON,Device: D02_iPhone_7_Plus | License: CC BY 2.0 | License URL: https://creativecommons.org/licenses/by/2.0/ | Photo page: https://www.flickr.com/photos/ellyf/34297390802/ | Author: KalTheBeago
flickr_referenced/D02_iPhone_7_Plus/D02_iPhone_7_Plus_34326494891.jpg,1,Official Apple SDNP ZIP - Flickr reference JSON,Device: D02_iPhone_7_Plus | License: CC BY 2.0 | License URL: https://creativecommons.org/licenses/by/2.0/ | Photo page: https://www.flickr.com/photos/ellyf/34326494891/ | Author: KalTheBeago
flickr_referenced/D02_iPhone_7_Plus/D02_iPhone_7_Plus_34357706450.jpg,1,Official Apple SDNP ZIP - Flickr reference JSON,Device: D02_iPhone_7_Plus | License: CC BY 2.0 | License URL: https://creativecommons.org/licenses/by/2.0/ | Photo page: https://www.flickr.com/photos/ellyf/34357706450/ | Author: KalTheBeago
flickr_referenced/D02_iPhone_7_Plus/D02_iPhone_7_Plus_34422415620.jpg,1,Official Apple SDNP ZIP - Flickr reference JSON,Device: D02_iPhone_7_Plus | License: CC BY 2.0 | License URL: https://creativecommons.org/licenses/by/2.0/ | Photo page: https://www.flickr.com/photos/ellyf/34422415620/ | Author: KalTheBeago
flickr_referenced/D02_iPhone_7_Plus/D02_iPhone_7_Plus_34456935365.jpg,1,Official Apple SDNP ZIP - Flickr reference JSON,Device: D02_iPhone_7_Plus | License: CC BY 2.0 | License URL: https://creativecommons.org/licenses/by/2.0/ | Photo page: https://www.flickr.com/photos/ellyf/34456935365/ | Author: KalTheBeago
flickr_referenced/D02_iPhone_7_Plus/D02_iPhone_7_Plus_34507224290.jpg,1,Official Apple SDNP ZIP - Flickr reference JSON,Device: D02_iPhone_7_Plus | License: CC BY 2.0 | License URL: https://creativecommons.org/licenses/by/2.0/ | Photo page: https://www.flickr.com/photos/ellyf/34507224290/ | Author: KalTheBeago
flickr_referenced/D02_iPhone_7_Plus/D02_iPhone_7_Plus_34580161062.jpg,1,Official Apple SDNP ZIP - Flickr reference JSON,Device: D02_iPhone_7_Plus | License: CC BY 2.0 | License URL: https://creativecommons.org/licenses/by/2.0/ | Photo page: https://www.flickr.com/photos/ellyf/34580161062/ | Author: KalTheBeago
flickr_referenced/D02_iPhone_7_Plus/D02_iPhone_7_Plus_34580225962.jpg,1,Official Apple SDNP ZIP - Flickr reference JSON,Device: D02_iPhone_7_Plus | License: CC BY 2.0 | License URL: https://creativecommons.org/licenses/by/2.0/ | Photo page: https://www.flickr.com/photos/ellyf/34580225962/ | Author: KalTheBeago
flickr_referenced/D02_iPhone_7_Plus/D02_iPhone_7_Plus_34702071466.jpg,1,Official Apple SDNP ZIP - Flickr reference JSON,Device: D02_iPhone_7_Plus | License: CC BY 2.0 | License URL: https://creativecommons.org/licenses/by/2.0/ | Photo page: https://www.flickr.com/photos/ellyf/34702071466/ | Author: KalTheBeago
flickr_referenced/D02_iPhone_7_Plus/D02_iPhone_7_Plus_34702209856.jpg,1,Official Apple SDNP ZIP - Flickr reference JSON,Device: D02_iPhone_7_Plus | License: CC BY 2.0 | License URL: https://creativecommons.org/licenses/by/2.0/ | Photo page: https://www.flickr.com/photos/ellyf/34702209856/ | Author: KalTheBeago
flickr_referenced/D02_iPhone_7_Plus/D02_iPhone_7_Plus_34730582242.jpg,1,Official Apple SDNP ZIP - Flickr reference JSON,Device: D02_iPhone_7_Plus | License: CC BY 2.0 | License URL: https://creativecommons.org/licenses/by/2.0/ | Photo page: https://www.flickr.com/photos/ellyf/34730582242/ | Author: KalTheBeago
flickr_referenced/D02_iPhone_7_Plus/D02_iPhone_7_Plus_34730590822.jpg,1,Official Apple SDNP ZIP - Flickr reference JSON,Device: D02_iPhone_7_Plus | License: CC BY 2.0 | License URL: https://creativecommons.org/licenses/by/2.0/ | Photo page: https://www.flickr.com/photos/ellyf/34730590822/ | Author: KalTheBeago
flickr_referenced/D02_iPhone_7_Plus/D02_iPhone_7_Plus_34730593782.jpg,1,Official Apple SDNP ZIP - Flickr reference JSON,Device: D02_iPhone_7_Plus | License: CC BY 2.0 | License URL: https://creativecommons.org/licenses/by/2.0/ | Photo page: https://www.flickr.com/photos/ellyf/34730593782/ | Author: KalTheBeago
flickr_referenced/D02_iPhone_7_Plus/D02_iPhone_7_Plus_34893886585.jpg,1,Official Apple SDNP ZIP - Flickr reference JSON,Device: D02_iPhone_7_Plus | License: CC BY 2.0 | License URL: https://creativecommons.org/licenses/by/2.0/ | Photo page: https://www.flickr.com/photos/ellyf/34893886585/ | Author: KalTheBeago
flickr_referenced/D02_iPhone_7_Plus/D02_iPhone_7_Plus_34893895485.jpg,1,Official Apple SDNP ZIP - Flickr reference JSON,Device: D02_iPhone_7_Plus | License: CC BY 2.0 | License URL: https://creativecommons.org/licenses/by/2.0/ | Photo page: https://www.flickr.com/photos/ellyf/34893895485/ | Author: KalTheBeago
flickr_referenced/D02_iPhone_7_Plus/D02_iPhone_7_Plus_34986515104.jpg,1,Official Apple SDNP ZIP - Flickr reference JSON,Device: D02_iPhone_7_Plus | License: CC BY 2.0 | License URL: https://creativecommons.org/licenses/by/2.0/ | Photo page: https://www.flickr.com/photos/ellyf/34986515104/ | Author: KalTheBeago
flickr_referenced/D02_iPhone_7_Plus/D02_iPhone_7_Plus_34986515374.jpg,1,Official Apple SDNP ZIP - Flickr reference JSON,Device: D02_iPhone_7_Plus | License: CC BY 2.0 | License URL: https://creativecommons.org/licenses/by/2.0/ | Photo page: https://www.flickr.com/photos/ellyf/34986515374/ | Author: KalTheBeago
flickr_referenced/D02_iPhone_7_Plus/D02_iPhone_7_Plus_35280267714.jpg,1,Official Apple SDNP ZIP - Flickr reference JSON,Device: D02_iPhone_7_Plus | License: CC BY 2.0 | License URL: https://creativecommons.org/licenses/by/2.0/ | Photo page: https://www.flickr.com/photos/ellyf/35280267714/ | Author: KalTheBeago
flickr_referenced/D02_iPhone_7_Plus/D02_iPhone_7_Plus_35280268594.jpg,1,Official Apple SDNP ZIP - Flickr reference JSON,Device: D02_iPhone_7_Plus | License: CC BY 2.0 | License URL: https://creativecommons.org/licenses/by/2.0/ | Photo page: https://www.flickr.com/photos/ellyf/35280268594/ | Author: KalTheBeago
flickr_referenced/D02_iPhone_7_Plus/D02_iPhone_7_Plus_35280269064.jpg,1,Official Apple SDNP ZIP - Flickr reference JSON,Device: D02_iPhone_7_Plus | License: CC BY 2.0 | License URL: https://creativecommons.org/licenses/by/2.0/ | Photo page: https://www.flickr.com/photos/ellyf/35280269064/ | Author: KalTheBeago
flickr_referenced/D02_iPhone_7_Plus/D02_iPhone_7_Plus_35280279014.jpg,1,Official Apple SDNP ZIP - Flickr reference JSON,Device: D02_iPhone_7_Plus | License: CC BY 2.0 | License URL: https://creativecommons.org/licenses/by/2.0/ | Photo page: https://www.flickr.com/photos/ellyf/35280279014/ | Author: KalTheBeago
flickr_referenced/D02_iPhone_7_Plus/D02_iPhone_7_Plus_35313104033.jpg,1,Official Apple SDNP ZIP - Flickr reference JSON,Device: D02_iPhone_7_Plus | License: CC BY 2.0 | License URL: https://creativecommons.org/licenses/by/2.0/ | Photo page: https://www.flickr.com/photos/ellyf/35313104033/ | Author: KalTheBeago
flickr_referenced/D02_iPhone_7_Plus/D02_iPhone_7_Plus_35313113253.jpg,1,Official Apple SDNP ZIP - Flickr reference JSON,Device: D02_iPhone_7_Plus | License: CC BY 2.0 | License URL: https://creativecommons.org/licenses/by/2.0/ | Photo page: https://www.flickr.com/photos/ellyf/35313113253/ | Author: KalTheBeago
flickr_referenced/D02_iPhone_7_Plus/D02_iPhone_7_Plus_35657661162.jpg,1,Official Apple SDNP ZIP - Flickr reference JSON,Device: D02_iPhone_7_Plus | License: CC BY 2.0 | License URL: https://creativecommons.org/licenses/by/2.0/ | Photo page: https://www.flickr.com/photos/ellyf/35657661162/ | Author: KalTheBeago
flickr_referenced/D02_iPhone_7_Plus/D02_iPhone_7_Plus_35730043920.jpg,1,Official Apple SDNP ZIP - Flickr reference JSON,Device: D02_iPhone_7_Plus | License: CC BY 2.0 | License URL: https://creativecommons.org/licenses/by/2.0/ | Photo page: https://www.flickr.com/photos/ellyf/35730043920/ | Author: KalTheBeago
flickr_referenced/D02_iPhone_7_Plus/D02_iPhone_7_Plus_35878291040.jpg,1,Official Apple SDNP ZIP - Flickr reference JSON,Device: D02_iPhone_7_Plus | License: CC BY 2.0 | License URL: https://creativecommons.org/licenses/by/2.0/ | Photo page: https://www.flickr.com/photos/ellyf/35878291040/ | Author: KalTheBeago
flickr_referenced/D02_iPhone_7_Plus/D02_iPhone_7_Plus_35951838852.jpg,1,Official Apple SDNP ZIP - Flickr reference JSON,Device: D02_iPhone_7_Plus | License: CC BY 2.0 | License URL: https://creativecommons.org/licenses/by/2.0/ | Photo page: https://www.flickr.com/photos/ellyf/35951838852/ | Author: KalTheBeago
flickr_referenced/D02_iPhone_7_Plus/D02_iPhone_7_Plus_35988028671.jpg,1,Official Apple SDNP ZIP - Flickr reference JSON,Device: D02_iPhone_7_Plus | License: CC BY 2.0 | License URL: https://creativecommons.org/licenses/by/2.0/ | Photo page: https://www.flickr.com/photos/ellyf/35988028671/ | Author: KalTheBeago
flickr_referenced/D02_iPhone_7_Plus/D02_iPhone_7_Plus_35988030351.jpg,1,Official Apple SDNP ZIP - Flickr reference JSON,Device: D02_iPhone_7_Plus | License: CC BY 2.0 | License URL: https://creativecommons.org/licenses/by/2.0/ | Photo page: https://www.flickr.com/photos/ellyf/35988030351/ | Author: KalTheBeago
flickr_referenced/D02_iPhone_7_Plus/D02_iPhone_7_Plus_36041837814.jpg,1,Official Apple SDNP ZIP - Flickr reference JSON,Device: D02_iPhone_7_Plus | License: CC BY 2.0 | License URL: https://creativecommons.org/licenses/by/2.0/ | Photo page: https://www.flickr.com/photos/ellyf/36041837814/ | Author: KalTheBeago
flickr_referenced/D02_iPhone_7_Plus/D02_iPhone_7_Plus_36041987364.jpg,1,Official Apple SDNP ZIP - Flickr reference JSON,Device: D02_iPhone_7_Plus | License: CC BY 2.0 | License URL: https://creativecommons.org/licenses/by/2.0/ | Photo page: https://www.flickr.com/photos/ellyf/36041987364/ | Author: KalTheBeago
flickr_referenced/D02_iPhone_7_Plus/D02_iPhone_7_Plus_36041988894.jpg,1,Official Apple SDNP ZIP - Flickr reference JSON,Device: D02_iPhone_7_Plus | License: CC BY 2.0 | License URL: https://creativecommons.org/licenses/by/2.0/ | Photo page: https://www.flickr.com/photos/ellyf/36041988894/ | Author: KalTheBeago
flickr_referenced/D02_iPhone_7_Plus/D02_iPhone_7_Plus_36041991754.jpg,1,Official Apple SDNP ZIP - Flickr reference JSON,Device: D02_iPhone_7_Plus | License: CC BY 2.0 | License URL: https://creativecommons.org/licenses/by/2.0/ | Photo page: https://www.flickr.com/photos/ellyf/36041991754/ | Author: KalTheBeago
flickr_referenced/D02_iPhone_7_Plus/D02_iPhone_7_Plus_36041993484.jpg,1,Official Apple SDNP ZIP - Flickr reference JSON,Device: D02_iPhone_7_Plus | License: CC BY 2.0 | License URL: https://creativecommons.org/licenses/by/2.0/ | Photo page: https://www.flickr.com/photos/ellyf/36041993484/ | Author: KalTheBeago
flickr_referenced/D02_iPhone_7_Plus/D02_iPhone_7_Plus_36067743933.jpg,1,Official Apple SDNP ZIP - Flickr reference JSON,Device: D02_iPhone_7_Plus | License: CC BY 2.0 | License URL: https://creativecommons.org/licenses/by/2.0/ | Photo page: https://www.flickr.com/photos/ellyf/36067743933/ | Author: KalTheBeago
flickr_referenced/D02_iPhone_7_Plus/D02_iPhone_7_Plus_36067745813.jpg,1,Official Apple SDNP ZIP - Flickr reference JSON,Device: D02_iPhone_7_Plus | License: CC BY 2.0 | License URL: https://creativecommons.org/licenses/by/2.0/ | Photo page: https://www.flickr.com/photos/ellyf/36067745813/ | Author: KalTheBeago
flickr_referenced/D02_iPhone_7_Plus/D02_iPhone_7_Plus_36067747193.jpg,1,Official Apple SDNP ZIP - Flickr reference JSON,Device: D02_iPhone_7_Plus | License: CC BY 2.0 | License URL: https://creativecommons.org/licenses/by/2.0/ | Photo page: https://www.flickr.com/photos/ellyf/36067747193/ | Author: KalTheBeago
flickr_referenced/D02_iPhone_7_Plus/D02_iPhone_7_Plus_36067748633.jpg,1,Official Apple SDNP ZIP - Flickr reference JSON,Device: D02_iPhone_7_Plus | License: CC BY 2.0 | License URL: https://creativecommons.org/licenses/by/2.0/ | Photo page: https://www.flickr.com/photos/ellyf/36067748633/ | Author: KalTheBeago
flickr_referenced/D02_iPhone_7_Plus/D02_iPhone_7_Plus_36067750143.jpg,1,Official Apple SDNP ZIP - Flickr reference JSON,Device: D02_iPhone_7_Plus | License: CC BY 2.0 | License URL: https://creativecommons.org/licenses/by/2.0/ | Photo page: https://www.flickr.com/photos/ellyf/36067750143/ | Author: KalTheBeago
flickr_referenced/D02_iPhone_7_Plus/D02_iPhone_7_Plus_36067751583.jpg,1,Official Apple SDNP ZIP - Flickr reference JSON,Device: D02_iPhone_7_Plus | License: CC BY 2.0 | License URL: https://creativecommons.org/licenses/by/2.0/ | Photo page: https://www.flickr.com/photos/ellyf/36067751583/ | Author: KalTheBeago
flickr_referenced/D02_iPhone_7_Plus/D02_iPhone_7_Plus_36067753083.jpg,1,Official Apple SDNP ZIP - Flickr reference JSON,Device: D02_iPhone_7_Plus | License: CC BY 2.0 | License URL: https://creativecommons.org/licenses/by/2.0/ | Photo page: https://www.flickr.com/photos/ellyf/36067753083/ | Author: KalTheBeago
flickr_referenced/D02_iPhone_7_Plus/D02_iPhone_7_Plus_36067754513.jpg,1,Official Apple SDNP ZIP - Flickr reference JSON,Device: D02_iPhone_7_Plus | License: CC BY 2.0 | License URL: https://creativecommons.org/licenses/by/2.0/ | Photo page: https://www.flickr.com/photos/ellyf/36067754513/ | Author: KalTheBeago
flickr_referenced/D02_iPhone_7_Plus/D02_iPhone_7_Plus_36067756993.jpg,1,Official Apple SDNP ZIP - Flickr reference JSON,Device: D02_iPhone_7_Plus | License: CC BY 2.0 | License URL: https://creativecommons.org/licenses/by/2.0/ | Photo page: https://www.flickr.com/photos/ellyf/36067756993/ | Author: KalTheBeago
flickr_referenced/D02_iPhone_7_Plus/D02_iPhone_7_Plus_36079776936.jpg,1,Official Apple SDNP ZIP - Flickr reference JSON,Device: D02_iPhone_7_Plus | License: CC BY 2.0 | License URL: https://creativecommons.org/licenses/by/2.0/ | Photo page: https://www.flickr.com/photos/ellyf/36079776936/ | Author: KalTheBeago
flickr_referenced/D02_iPhone_7_Plus/D02_iPhone_7_Plus_36121239575.jpg,1,Official Apple SDNP ZIP - Flickr reference JSON,Device: D02_iPhone_7_Plus | License: CC BY 2.0 | License URL: https://creativecommons.org/licenses/by/2.0/ | Photo page: https://www.flickr.com/photos/ellyf/36121239575/ | Author: KalTheBeago
flickr_referenced/D02_iPhone_7_Plus/D02_iPhone_7_Plus_36121245975.jpg,1,Official Apple SDNP ZIP - Flickr reference JSON,Device: D02_iPhone_7_Plus | License: CC BY 2.0 | License URL: https://creativecommons.org/licenses/by/2.0/ | Photo page: https://www.flickr.com/photos/ellyf/36121245975/ | Author: KalTheBeago
flickr_referenced/D02_iPhone_7_Plus/D02_iPhone_7_Plus_36121248975.jpg,1,Official Apple SDNP ZIP - Flickr reference JSON,Device: D02_iPhone_7_Plus | License: CC BY 2.0 | License URL: https://creativecommons.org/licenses/by/2.0/ | Photo page: https://www.flickr.com/photos/ellyf/36121248975/ | Author: KalTheBeago
flickr_referenced/D02_iPhone_7_Plus/D02_iPhone_7_Plus_36217053644.jpg,1,Official Apple SDNP ZIP - Flickr reference JSON,Device: D02_iPhone_7_Plus | License: CC BY 2.0 | License URL: https://creativecommons.org/licenses/by/2.0/ | Photo page: https://www.flickr.com/photos/ellyf/36217053644/ | Author: KalTheBeago
flickr_referenced/D02_iPhone_7_Plus/D02_iPhone_7_Plus_36244134193.jpg,1,Official Apple SDNP ZIP - Flickr reference JSON,Device: D02_iPhone_7_Plus | License: CC BY 2.0 | License URL: https://creativecommons.org/licenses/by/2.0/ | Photo page: https://www.flickr.com/photos/ellyf/36244134193/ | Author: KalTheBeago
flickr_referenced/D02_iPhone_7_Plus/D02_iPhone_7_Plus_36272684525.jpg,1,Official Apple SDNP ZIP - Flickr reference JSON,Device: D02_iPhone_7_Plus | License: CC BY 2.0 | License URL: https://creativecommons.org/licenses/by/2.0/ | Photo page: https://www.flickr.com/photos/ellyf/36272684525/ | Author: KalTheBeago
flickr_referenced/D02_iPhone_7_Plus/D02_iPhone_7_Plus_36316639484.jpg,1,Official Apple SDNP ZIP - Flickr reference JSON,Device: D02_iPhone_7_Plus | License: CC BY 2.0 | License URL: https://creativecommons.org/licenses/by/2.0/ | Photo page: https://www.flickr.com/photos/ellyf/36316639484/ | Author: KalTheBeago
flickr_referenced/D02_iPhone_7_Plus/D02_iPhone_7_Plus_36316640064.jpg,1,Official Apple SDNP ZIP - Flickr reference JSON,Device: D02_iPhone_7_Plus | License: CC BY 2.0 | License URL: https://creativecommons.org/licenses/by/2.0/ | Photo page: https://www.flickr.com/photos/ellyf/36316640064/ | Author: KalTheBeago
flickr_referenced/D02_iPhone_7_Plus/D02_iPhone_7_Plus_36316655444.jpg,1,Official Apple SDNP ZIP - Flickr reference JSON,Device: D02_iPhone_7_Plus | License: CC BY 2.0 | License URL: https://creativecommons.org/licenses/by/2.0/ | Photo page: https://www.flickr.com/photos/ellyf/36316655444/ | Author: KalTheBeago
flickr_referenced/D02_iPhone_7_Plus/D02_iPhone_7_Plus_36338976933.jpg,1,Official Apple SDNP ZIP - Flickr reference JSON,Device: D02_iPhone_7_Plus | License: CC BY 2.0 | License URL: https://creativecommons.org/licenses/by/2.0/ | Photo page: https://www.flickr.com/photos/ellyf/36338976933/ | Author: KalTheBeago
flickr_referenced/D02_iPhone_7_Plus/D02_iPhone_7_Plus_36338985973.jpg,1,Official Apple SDNP ZIP - Flickr reference JSON,Device: D02_iPhone_7_Plus | License: CC BY 2.0 | License URL: https://creativecommons.org/licenses/by/2.0/ | Photo page: https://www.flickr.com/photos/ellyf/36338985973/ | Author: KalTheBeago
flickr_referenced/D02_iPhone_7_Plus/D02_iPhone_7_Plus_36473336824.jpg,1,Official Apple SDNP ZIP - Flickr reference JSON,Device: D02_iPhone_7_Plus | License: CC BY 2.0 | License URL: https://creativecommons.org/licenses/by/2.0/ | Photo page: https://www.flickr.com/photos/ellyf/36473336824/ | Author: KalTheBeago
flickr_referenced/D02_iPhone_7_Plus/D02_iPhone_7_Plus_36473343244.jpg,1,Official Apple SDNP ZIP - Flickr reference JSON,Device: D02_iPhone_7_Plus | License: CC BY 2.0 | License URL: https://creativecommons.org/licenses/by/2.0/ | Photo page: https://www.flickr.com/photos/ellyf/36473343244/ | Author: KalTheBeago
flickr_referenced/D02_iPhone_7_Plus/D02_iPhone_7_Plus_36497386573.jpg,1,Official Apple SDNP ZIP - Flickr reference JSON,Device: D02_iPhone_7_Plus | License: CC BY 2.0 | License URL: https://creativecommons.org/licenses/by/2.0/ | Photo page: https://www.flickr.com/photos/ellyf/36497386573/ | Author: KalTheBeago
flickr_referenced/D02_iPhone_7_Plus/D02_iPhone_7_Plus_36497387733.jpg,1,Official Apple SDNP ZIP - Flickr reference JSON,Device: D02_iPhone_7_Plus | License: CC BY 2.0 | License URL: https://creativecommons.org/licenses/by/2.0/ | Photo page: https://www.flickr.com/photos/ellyf/36497387733/ | Author: KalTheBeago
flickr_referenced/D02_iPhone_7_Plus/D02_iPhone_7_Plus_36497388173.jpg,1,Official Apple SDNP ZIP - Flickr reference JSON,Device: D02_iPhone_7_Plus | License: CC BY 2.0 | License URL: https://creativecommons.org/licenses/by/2.0/ | Photo page: https://www.flickr.com/photos/ellyf/36497388173/ | Author: KalTheBeago
flickr_referenced/D02_iPhone_7_Plus/D02_iPhone_7_Plus_36497394823.jpg,1,Official Apple SDNP ZIP - Flickr reference JSON,Device: D02_iPhone_7_Plus | License: CC BY 2.0 | License URL: https://creativecommons.org/licenses/by/2.0/ | Photo page: https://www.flickr.com/photos/ellyf/36497394823/ | Author: KalTheBeago
flickr_referenced/D02_iPhone_7_Plus/D02_iPhone_7_Plus_36532950406.jpg,1,Official Apple SDNP ZIP - Flickr reference JSON,Device: D02_iPhone_7_Plus | License: CC BY 2.0 | License URL: https://creativecommons.org/licenses/by/2.0/ | Photo page: https://www.flickr.com/photos/ellyf/36532950406/ | Author: KalTheBeago
flickr_referenced/D02_iPhone_7_Plus/D02_iPhone_7_Plus_36612130056.jpg,1,Official Apple SDNP ZIP - Flickr reference JSON,Device: D02_iPhone_7_Plus | License: CC BY 2.0 | License URL: https://creativecommons.org/licenses/by/2.0/ | Photo page: https://www.flickr.com/photos/ellyf/36612130056/ | Author: KalTheBeago
flickr_referenced/D02_iPhone_7_Plus/D02_iPhone_7_Plus_36705131032.jpg,1,Official Apple SDNP ZIP - Flickr reference JSON,Device: D02_iPhone_7_Plus | License: CC BY 2.0 | License URL: https://creativecommons.org/licenses/by/2.0/ | Photo page: https://www.flickr.com/photos/ellyf/36705131032/ | Author: KalTheBeago
flickr_referenced/D02_iPhone_7_Plus/D02_iPhone_7_Plus_36705134422.jpg,1,Official Apple SDNP ZIP - Flickr reference JSON,Device: D02_iPhone_7_Plus | License: CC BY 2.0 | License URL: https://creativecommons.org/licenses/by/2.0/ | Photo page: https://www.flickr.com/photos/ellyf/36705134422/ | Author: KalTheBeago
flickr_referenced/D02_iPhone_7_Plus/D02_iPhone_7_Plus_36705137962.jpg,1,Official Apple SDNP ZIP - Flickr reference JSON,Device: D02_iPhone_7_Plus | License: CC BY 2.0 | License URL: https://creativecommons.org/licenses/by/2.0/ | Photo page: https://www.flickr.com/photos/ellyf/36705137962/ | Author: KalTheBeago
flickr_referenced/D02_iPhone_7_Plus/D02_iPhone_7_Plus_36736439881.jpg,1,Official Apple SDNP ZIP - Flickr reference JSON,Device: D02_iPhone_7_Plus | License: CC BY 2.0 | License URL: https://creativecommons.org/licenses/by/2.0/ | Photo page: https://www.flickr.com/photos/ellyf/36736439881/ | Author: KalTheBeago
flickr_referenced/D02_iPhone_7_Plus/D02_iPhone_7_Plus_36736522781.jpg,1,Official Apple SDNP ZIP - Flickr reference JSON,Device: D02_iPhone_7_Plus | License: CC BY 2.0 | License URL: https://creativecommons.org/licenses/by/2.0/ | Photo page: https://www.flickr.com/photos/ellyf/36736522781/ | Author: KalTheBeago
flickr_referenced/D02_iPhone_7_Plus/D02_iPhone_7_Plus_36736523031.jpg,1,Official Apple SDNP ZIP - Flickr reference JSON,Device: D02_iPhone_7_Plus | License: CC BY 2.0 | License URL: https://creativecommons.org/licenses/by/2.0/ | Photo page: https://www.flickr.com/photos/ellyf/36736523031/ | Author: KalTheBeago
flickr_referenced/D02_iPhone_7_Plus/D02_iPhone_7_Plus_36736523451.jpg,1,Official Apple SDNP ZIP - Flickr reference JSON,Device: D02_iPhone_7_Plus | License: CC BY 2.0 | License URL: https://creativecommons.org/licenses/by/2.0/ | Photo page: https://www.flickr.com/photos/ellyf/36736523451/ | Author: KalTheBeago
flickr_referenced/D02_iPhone_7_Plus/D02_iPhone_7_Plus_36736596051.jpg,1,Official Apple SDNP ZIP - Flickr reference JSON,Device: D02_iPhone_7_Plus | License: CC BY 2.0 | License URL: https://creativecommons.org/licenses/by/2.0/ | Photo page: https://www.flickr.com/photos/ellyf/36736596051/ | Author: KalTheBeago
flickr_referenced/D02_iPhone_7_Plus/D02_iPhone_7_Plus_36736597241.jpg,1,Official Apple SDNP ZIP - Flickr reference JSON,Device: D02_iPhone_7_Plus | License: CC BY 2.0 | License URL: https://creativecommons.org/licenses/by/2.0/ | Photo page: https://www.flickr.com/photos/ellyf/36736597241/ | Author: KalTheBeago
flickr_referenced/D02_iPhone_7_Plus/D02_iPhone_7_Plus_36736598851.jpg,1,Official Apple SDNP ZIP - Flickr reference JSON,Device: D02_iPhone_7_Plus | License: CC BY 2.0 | License URL: https://creativecommons.org/licenses/by/2.0/ | Photo page: https://www.flickr.com/photos/ellyf/36736598851/ | Author: KalTheBeago
flickr_referenced/D02_iPhone_7_Plus/D02_iPhone_7_Plus_36736600341.jpg,1,Official Apple SDNP ZIP - Flickr reference JSON,Device: D02_iPhone_7_Plus | License: CC BY 2.0 | License URL: https://creativecommons.org/licenses/by/2.0/ | Photo page: https://www.flickr.com/photos/ellyf/36736600341/ | Author: KalTheBeago
flickr_referenced/D02_iPhone_7_Plus/D02_iPhone_7_Plus_36736602521.jpg,1,Official Apple SDNP ZIP - Flickr reference JSON,Device: D02_iPhone_7_Plus | License: CC BY 2.0 | License URL: https://creativecommons.org/licenses/by/2.0/ | Photo page: https://www.flickr.com/photos/ellyf/36736602521/ | Author: KalTheBeago
flickr_referenced/D02_iPhone_7_Plus/D02_iPhone_7_Plus_36736603551.jpg,1,Official Apple SDNP ZIP - Flickr reference JSON,Device: D02_iPhone_7_Plus | License: CC BY 2.0 | License URL: https://creativecommons.org/licenses/by/2.0/ | Photo page: https://www.flickr.com/photos/ellyf/36736603551/ | Author: KalTheBeago
flickr_referenced/D02_iPhone_7_Plus/D02_iPhone_7_Plus_36736605421.jpg,1,Official Apple SDNP ZIP - Flickr reference JSON,Device: D02_iPhone_7_Plus | License: CC BY 2.0 | License URL: https://creativecommons.org/licenses/by/2.0/ | Photo page: https://www.flickr.com/photos/ellyf/36736605421/ | Author: KalTheBeago
flickr_referenced/D02_iPhone_7_Plus/D02_iPhone_7_Plus_36736608131.jpg,1,Official Apple SDNP ZIP - Flickr reference JSON,Device: D02_iPhone_7_Plus | License: CC BY 2.0 | License URL: https://creativecommons.org/licenses/by/2.0/ | Photo page: https://www.flickr.com/photos/ellyf/36736608131/ | Author: KalTheBeago
flickr_referenced/D02_iPhone_7_Plus/D02_iPhone_7_Plus_36755295860.jpg,1,Official Apple SDNP ZIP - Flickr reference JSON,Device: D02_iPhone_7_Plus | License: CC BY 2.0 | License URL: https://creativecommons.org/licenses/by/2.0/ | Photo page: https://www.flickr.com/photos/ellyf/36755295860/ | Author: KalTheBeago
flickr_referenced/D02_iPhone_7_Plus/D02_iPhone_7_Plus_36755301040.jpg,1,Official Apple SDNP ZIP - Flickr reference JSON,Device: D02_iPhone_7_Plus | License: CC BY 2.0 | License URL: https://creativecommons.org/licenses/by/2.0/ | Photo page: https://www.flickr.com/photos/ellyf/36755301040/ | Author: KalTheBeago
flickr_referenced/D02_iPhone_7_Plus/D02_iPhone_7_Plus_36755311010.jpg,1,Official Apple SDNP ZIP - Flickr reference JSON,Device: D02_iPhone_7_Plus | License: CC BY 2.0 | License URL: https://creativecommons.org/licenses/by/2.0/ | Photo page: https://www.flickr.com/photos/ellyf/36755311010/ | Author: KalTheBeago
flickr_referenced/D02_iPhone_7_Plus/D02_iPhone_7_Plus_36755871460.jpg,1,Official Apple SDNP ZIP - Flickr reference JSON,Device: D02_iPhone_7_Plus | License: CC BY 2.0 | License URL: https://creativecommons.org/licenses/by/2.0/ | Photo page: https://www.flickr.com/photos/ellyf/36755871460/ | Author: KalTheBeago
flickr_referenced/D02_iPhone_7_Plus/D02_iPhone_7_Plus_36863673596.jpg,1,Official Apple SDNP ZIP - Flickr reference JSON,Device: D02_iPhone_7_Plus | License: CC BY 2.0 | License URL: https://creativecommons.org/licenses/by/2.0/ | Photo page: https://www.flickr.com/photos/ellyf/36863673596/ | Author: KalTheBeago
flickr_referenced/D02_iPhone_7_Plus/D02_iPhone_7_Plus_36876238155.jpg,1,Official Apple SDNP ZIP - Flickr reference JSON,Device: D02_iPhone_7_Plus | License: CC BY 2.0 | License URL: https://creativecommons.org/licenses/by/2.0/ | Photo page: https://www.flickr.com/photos/ellyf/36876238155/ | Author: KalTheBeago
flickr_referenced/D02_iPhone_7_Plus/D02_iPhone_7_Plus_36876240155.jpg,1,Official Apple SDNP ZIP - Flickr reference JSON,Device: D02_iPhone_7_Plus | License: CC BY 2.0 | License URL: https://creativecommons.org/licenses/by/2.0/ | Photo page: https://www.flickr.com/photos/ellyf/36876240155/ | Author: KalTheBeago
flickr_referenced/D02_iPhone_7_Plus/D02_iPhone_7_Plus_36876241915.jpg,1,Official Apple SDNP ZIP - Flickr reference JSON,Device: D02_iPhone_7_Plus | License: CC BY 2.0 | License URL: https://creativecommons.org/licenses/by/2.0/ | Photo page: https://www.flickr.com/photos/ellyf/36876241915/ | Author: KalTheBeago
flickr_referenced/D02_iPhone_7_Plus/D02_iPhone_7_Plus_36876243955.jpg,1,Official Apple SDNP ZIP - Flickr reference JSON,Device: D02_iPhone_7_Plus | License: CC BY 2.0 | License URL: https://creativecommons.org/licenses/by/2.0/ | Photo page: https://www.flickr.com/photos/ellyf/36876243955/ | Author: KalTheBeago
flickr_referenced/D02_iPhone_7_Plus/D02_iPhone_7_Plus_36913152380.jpg,1,Official Apple SDNP ZIP - Flickr reference JSON,Device: D02_iPhone_7_Plus | License: CC BY 2.0 | License URL: https://creativecommons.org/licenses/by/2.0/ | Photo page: https://www.flickr.com/photos/ellyf/36913152380/ | Author: KalTheBeago
flickr_referenced/D02_iPhone_7_Plus/D02_iPhone_7_Plus_36963480766.jpg,1,Official Apple SDNP ZIP - Flickr reference JSON,Device: D02_iPhone_7_Plus | License: CC BY 2.0 | License URL: https://creativecommons.org/licenses/by/2.0/ | Photo page: https://www.flickr.com/photos/ellyf/36963480766/ | Author: KalTheBeago
flickr_referenced/D02_iPhone_7_Plus/D02_iPhone_7_Plus_36963488826.jpg,1,Official Apple SDNP ZIP - Flickr reference JSON,Device: D02_iPhone_7_Plus | License: CC BY 2.0 | License URL: https://creativecommons.org/licenses/by/2.0/ | Photo page: https://www.flickr.com/photos/ellyf/36963488826/ | Author: KalTheBeago
flickr_referenced/D02_iPhone_7_Plus/D02_iPhone_7_Plus_36963935736.jpg,1,Official Apple SDNP ZIP - Flickr reference JSON,Device: D02_iPhone_7_Plus | License: CC BY 2.0 | License URL: https://creativecommons.org/licenses/by/2.0/ | Photo page: https://www.flickr.com/photos/ellyf/36963935736/ | Author: KalTheBeago
flickr_referenced/D02_iPhone_7_Plus/D02_iPhone_7_Plus_36981473502.jpg,1,Official Apple SDNP ZIP - Flickr reference JSON,Device: D02_iPhone_7_Plus | License: CC BY 2.0 | License URL: https://creativecommons.org/licenses/by/2.0/ | Photo page: https://www.flickr.com/photos/ellyf/36981473502/ | Author: KalTheBeago
flickr_referenced/D02_iPhone_7_Plus/D02_iPhone_7_Plus_36981480252.jpg,1,Official Apple SDNP ZIP - Flickr reference JSON,Device: D02_iPhone_7_Plus | License: CC BY 2.0 | License URL: https://creativecommons.org/licenses/by/2.0/ | Photo page: https://www.flickr.com/photos/ellyf/36981480252/ | Author: KalTheBeago
flickr_referenced/D02_iPhone_7_Plus/D02_iPhone_7_Plus_36981997932.jpg,1,Official Apple SDNP ZIP - Flickr reference JSON,Device: D02_iPhone_7_Plus | License: CC BY 2.0 | License URL: https://creativecommons.org/licenses/by/2.0/ | Photo page: https://www.flickr.com/photos/ellyf/36981997932/ | Author: KalTheBeago
flickr_referenced/D02_iPhone_7_Plus/D02_iPhone_7_Plus_36982030742.jpg,1,Official Apple SDNP ZIP - Flickr reference JSON,Device: D02_iPhone_7_Plus | License: CC BY 2.0 | License URL: https://creativecommons.org/licenses/by/2.0/ | Photo page: https://www.flickr.com/photos/ellyf/36982030742/ | Author: KalTheBeago
flickr_referenced/D02_iPhone_7_Plus/D02_iPhone_7_Plus_37010342111.jpg,1,Official Apple SDNP ZIP - Flickr reference JSON,Device: D02_iPhone_7_Plus | License: CC BY 2.0 | License URL: https://creativecommons.org/licenses/by/2.0/ | Photo page: https://www.flickr.com/photos/ellyf/37010342111/ | Author: KalTheBeago
flickr_referenced/D02_iPhone_7_Plus/D02_iPhone_7_Plus_37051639745.jpg,1,Official Apple SDNP ZIP - Flickr reference JSON,Device: D02_iPhone_7_Plus | License: CC BY 2.0 | License URL: https://creativecommons.org/licenses/by/2.0/ | Photo page: https://www.flickr.com/photos/ellyf/37051639745/ | Author: KalTheBeago
flickr_referenced/D02_iPhone_7_Plus/D02_iPhone_7_Plus_37137973102.jpg,1,Official Apple SDNP ZIP - Flickr reference JSON,Device: D02_iPhone_7_Plus | License: CC BY 2.0 | License URL: https://creativecommons.org/licenses/by/2.0/ | Photo page: https://www.flickr.com/photos/ellyf/37137973102/ | Author: KalTheBeago
flickr_referenced/D02_iPhone_7_Plus/D02_iPhone_7_Plus_37137981122.jpg,1,Official Apple SDNP ZIP - Flickr reference JSON,Device: D02_iPhone_7_Plus | License: CC BY 2.0 | License URL: https://creativecommons.org/licenses/by/2.0/ | Photo page: https://www.flickr.com/photos/ellyf/37137981122/ | Author: KalTheBeago
flickr_referenced/D02_iPhone_7_Plus/D02_iPhone_7_Plus_37153282565.jpg,1,Official Apple SDNP ZIP - Flickr reference JSON,Device: D02_iPhone_7_Plus | License: CC BY 2.0 | License URL: https://creativecommons.org/licenses/by/2.0/ | Photo page: https://www.flickr.com/photos/ellyf/37153282565/ | Author: KalTheBeago
flickr_referenced/D02_iPhone_7_Plus/D02_iPhone_7_Plus_37153285305.jpg,1,Official Apple SDNP ZIP - Flickr reference JSON,Device: D02_iPhone_7_Plus | License: CC BY 2.0 | License URL: https://creativecommons.org/licenses/by/2.0/ | Photo page: https://www.flickr.com/photos/ellyf/37153285305/ | Author: KalTheBeago
flickr_referenced/D02_iPhone_7_Plus/D02_iPhone_7_Plus_37153288245.jpg,1,Official Apple SDNP ZIP - Flickr reference JSON,Device: D02_iPhone_7_Plus | License: CC BY 2.0 | License URL: https://creativecommons.org/licenses/by/2.0/ | Photo page: https://www.flickr.com/photos/ellyf/37153288245/ | Author: KalTheBeago
flickr_referenced/D02_iPhone_7_Plus/D02_iPhone_7_Plus_37168027741.jpg,1,Official Apple SDNP ZIP - Flickr reference JSON,Device: D02_iPhone_7_Plus | License: CC BY 2.0 | License URL: https://creativecommons.org/licenses/by/2.0/ | Photo page: https://www.flickr.com/photos/ellyf/37168027741/ | Author: KalTheBeago
flickr_referenced/D02_iPhone_7_Plus/D02_iPhone_7_Plus_37168027761.jpg,1,Official Apple SDNP ZIP - Flickr reference JSON,Device: D02_iPhone_7_Plus | License: CC BY 2.0 | License URL: https://creativecommons.org/licenses/by/2.0/ | Photo page: https://www.flickr.com/photos/ellyf/37168027761/ | Author: KalTheBeago
flickr_referenced/D02_iPhone_7_Plus/D02_iPhone_7_Plus_37311207675.jpg,1,Official Apple SDNP ZIP - Flickr reference JSON,Device: D02_iPhone_7_Plus | License: CC BY 2.0 | License URL: https://creativecommons.org/licenses/by/2.0/ | Photo page: https://www.flickr.com/photos/ellyf/37311207675/ | Author: KalTheBeago
flickr_referenced/D02_iPhone_7_Plus/D02_iPhone_7_Plus_37311209095.jpg,1,Official Apple SDNP ZIP - Flickr reference JSON,Device: D02_iPhone_7_Plus | License: CC BY 2.0 | License URL: https://creativecommons.org/licenses/by/2.0/ | Photo page: https://www.flickr.com/photos/ellyf/37311209095/ | Author: KalTheBeago
flickr_referenced/D02_iPhone_7_Plus/D02_iPhone_7_Plus_37311211805.jpg,1,Official Apple SDNP ZIP - Flickr reference JSON,Device: D02_iPhone_7_Plus | License: CC BY 2.0 | License URL: https://creativecommons.org/licenses/by/2.0/ | Photo page: https://www.flickr.com/photos/ellyf/37311211805/ | Author: KalTheBeago
flickr_referenced/D02_iPhone_7_Plus/D02_iPhone_7_Plus_39069899060.jpg,1,Official Apple SDNP ZIP - Flickr reference JSON,Device: D02_iPhone_7_Plus | License: CC BY 2.0 | License URL: https://creativecommons.org/licenses/by/2.0/ | Photo page: https://www.flickr.com/photos/ellyf/39069899060/ | Author: KalTheBeago
flickr_referenced/D02_iPhone_7_Plus/D02_iPhone_7_Plus_39069899200.jpg,1,Official Apple SDNP ZIP - Flickr reference JSON,Device: D02_iPhone_7_Plus | License: CC BY 2.0 | License URL: https://creativecommons.org/licenses/by/2.0/ | Photo page: https://www.flickr.com/photos/ellyf/39069899200/ | Author: KalTheBeago
flickr_referenced/D02_iPhone_7_Plus/D02_iPhone_7_Plus_39069899230.jpg,1,Official Apple SDNP ZIP - Flickr reference JSON,Device: D02_iPhone_7_Plus | License: CC BY 2.0 | License URL: https://creativecommons.org/licenses/by/2.0/ | Photo page: https://www.flickr.com/photos/ellyf/39069899230/ | Author: KalTheBeago
flickr_referenced/D02_iPhone_7_Plus/D02_iPhone_7_Plus_39077333850.jpg,1,Official Apple SDNP ZIP - Flickr reference JSON,Device: D02_iPhone_7_Plus | License: CC BY 2.0 | License URL: https://creativecommons.org/licenses/by/2.0/ | Photo page: https://www.flickr.com/photos/ellyf/39077333850/ | Author: KalTheBeago
flickr_referenced/D02_iPhone_7_Plus/D02_iPhone_7_Plus_39080249910.jpg,1,Official Apple SDNP ZIP - Flickr reference JSON,Device: D02_iPhone_7_Plus | License: CC BY 2.0 | License URL: https://creativecommons.org/licenses/by/2.0/ | Photo page: https://www.flickr.com/photos/ellyf/39080249910/ | Author: KalTheBeago
flickr_referenced/D02_iPhone_7_Plus/D02_iPhone_7_Plus_39498513310.jpg,1,Official Apple SDNP ZIP - Flickr reference JSON,Device: D02_iPhone_7_Plus | License: CC BY 2.0 | License URL: https://creativecommons.org/licenses/by/2.0/ | Photo page: https://www.flickr.com/photos/ellyf/39498513310/ | Author: KalTheBeago
flickr_referenced/D02_iPhone_7_Plus/D02_iPhone_7_Plus_39498513390.jpg,1,Official Apple SDNP ZIP - Flickr reference JSON,Device: D02_iPhone_7_Plus | License: CC BY 2.0 | License URL: https://creativecommons.org/licenses/by/2.0/ | Photo page: https://www.flickr.com/photos/ellyf/39498513390/ | Author: KalTheBeago
flickr_referenced/D02_iPhone_7_Plus/D02_iPhone_7_Plus_39498557790.jpg,1,Official Apple SDNP ZIP - Flickr reference JSON,Device: D02_iPhone_7_Plus | License: CC BY 2.0 | License URL: https://creativecommons.org/licenses/by/2.0/ | Photo page: https://www.flickr.com/photos/ellyf/39498557790/ | Author: KalTheBeago
flickr_referenced/D02_iPhone_7_Plus/D02_iPhone_7_Plus_39498557850.jpg,1,Official Apple SDNP ZIP - Flickr reference JSON,Device: D02_iPhone_7_Plus | License: CC BY 2.0 | License URL: https://creativecommons.org/licenses/by/2.0/ | Photo page: https://www.flickr.com/photos/ellyf/39498557850/ | Author: KalTheBeago
flickr_referenced/D02_iPhone_7_Plus/D02_iPhone_7_Plus_39498563200.jpg,1,Official Apple SDNP ZIP - Flickr reference JSON,Device: D02_iPhone_7_Plus | License: CC BY 2.0 | License URL: https://creativecommons.org/licenses/by/2.0/ | Photo page: https://www.flickr.com/photos/ellyf/39498563200/ | Author: KalTheBeago
flickr_referenced/D02_iPhone_7_Plus/D02_iPhone_7_Plus_39985949865.jpg,1,Official Apple SDNP ZIP - Flickr reference JSON,Device: D02_iPhone_7_Plus | License: CC BY 2.0 | License URL: https://creativecommons.org/licenses/by/2.0/ | Photo page: https://www.flickr.com/photos/ellyf/39985949865/ | Author: KalTheBeago
flickr_referenced/D02_iPhone_7_Plus/D02_iPhone_7_Plus_39993466325.jpg,1,Official Apple SDNP ZIP - Flickr reference JSON,Device: D02_iPhone_7_Plus | License: CC BY 2.0 | License URL: https://creativecommons.org/licenses/by/2.0/ | Photo page: https://www.flickr.com/photos/ellyf/39993466325/ | Author: KalTheBeago
flickr_referenced/D02_iPhone_7_Plus/D02_iPhone_7_Plus_39993480255.jpg,1,Official Apple SDNP ZIP - Flickr reference JSON,Device: D02_iPhone_7_Plus | License: CC BY 2.0 | License URL: https://creativecommons.org/licenses/by/2.0/ | Photo page: https://www.flickr.com/photos/ellyf/39993480255/ | Author: KalTheBeago
flickr_referenced/D02_iPhone_7_Plus/D02_iPhone_7_Plus_39993565125.jpg,1,Official Apple SDNP ZIP - Flickr reference JSON,Device: D02_iPhone_7_Plus | License: CC BY 2.0 | License URL: https://creativecommons.org/licenses/by/2.0/ | Photo page: https://www.flickr.com/photos/ellyf/39993565125/ | Author: KalTheBeago
flickr_referenced/D02_iPhone_7_Plus/D02_iPhone_7_Plus_39993598265.jpg,1,Official Apple SDNP ZIP - Flickr reference JSON,Device: D02_iPhone_7_Plus | License: CC BY 2.0 | License URL: https://creativecommons.org/licenses/by/2.0/ | Photo page: https://www.flickr.com/photos/ellyf/39993598265/ | Author: KalTheBeago
flickr_referenced/D02_iPhone_7_Plus/D02_iPhone_7_Plus_39993600715.jpg,1,Official Apple SDNP ZIP - Flickr reference JSON,Device: D02_iPhone_7_Plus | License: CC BY 2.0 | License URL: https://creativecommons.org/licenses/by/2.0/ | Photo page: https://www.flickr.com/photos/ellyf/39993600715/ | Author: KalTheBeago
flickr_referenced/D02_iPhone_7_Plus/D02_iPhone_7_Plus_39993600745.jpg,1,Official Apple SDNP ZIP - Flickr reference JSON,Device: D02_iPhone_7_Plus | License: CC BY 2.0 | License URL: https://creativecommons.org/licenses/by/2.0/ | Photo page: https://www.flickr.com/photos/ellyf/39993600745/ | Author: KalTheBeago
flickr_referenced/D02_iPhone_7_Plus/D02_iPhone_7_Plus_39993608355.jpg,1,Official Apple SDNP ZIP - Flickr reference JSON,Device: D02_iPhone_7_Plus | License: CC BY 2.0 | License URL: https://creativecommons.org/licenses/by/2.0/ | Photo page: https://www.flickr.com/photos/ellyf/39993608355/ | Author: KalTheBeago
flickr_referenced/D02_iPhone_7_Plus/D02_iPhone_7_Plus_39993657445.jpg,1,Official Apple SDNP ZIP - Flickr reference JSON,Device: D02_iPhone_7_Plus | License: CC BY 2.0 | License URL: https://creativecommons.org/licenses/by/2.0/ | Photo page: https://www.flickr.com/photos/ellyf/39993657445/ | Author: KalTheBeago
flickr_referenced/D02_iPhone_7_Plus/D02_iPhone_7_Plus_39993658215.jpg,1,Official Apple SDNP ZIP - Flickr reference JSON,Device: D02_iPhone_7_Plus | License: CC BY 2.0 | License URL: https://creativecommons.org/licenses/by/2.0/ | Photo page: https://www.flickr.com/photos/ellyf/39993658215/ | Author: KalTheBeago
flickr_referenced/D02_iPhone_7_Plus/D02_iPhone_7_Plus_39993658785.jpg,1,Official Apple SDNP ZIP - Flickr reference JSON,Device: D02_iPhone_7_Plus | License: CC BY 2.0 | License URL: https://creativecommons.org/licenses/by/2.0/ | Photo page: https://www.flickr.com/photos/ellyf/39993658785/ | Author: KalTheBeago
flickr_referenced/D02_iPhone_7_Plus/D02_iPhone_7_Plus_39996075975.jpg,1,Official Apple SDNP ZIP - Flickr reference JSON,Device: D02_iPhone_7_Plus | License: CC BY 2.0 | License URL: https://creativecommons.org/licenses/by/2.0/ | Photo page: https://www.flickr.com/photos/ellyf/39996075975/ | Author: KalTheBeago
flickr_referenced/D02_iPhone_7_Plus/D02_iPhone_7_Plus_40179215494.jpg,1,Official Apple SDNP ZIP - Flickr reference JSON,Device: D02_iPhone_7_Plus | License: CC BY 2.0 | License URL: https://creativecommons.org/licenses/by/2.0/ | Photo page: https://www.flickr.com/photos/ellyf/40179215494/ | Author: KalTheBeago
flickr_referenced/D02_iPhone_7_Plus/D02_iPhone_7_Plus_40179215564.jpg,1,Official Apple SDNP ZIP - Flickr reference JSON,Device: D02_iPhone_7_Plus | License: CC BY 2.0 | License URL: https://creativecommons.org/licenses/by/2.0/ | Photo page: https://www.flickr.com/photos/ellyf/40179215564/ | Author: KalTheBeago
flickr_referenced/D02_iPhone_7_Plus/D02_iPhone_7_Plus_40179269434.jpg,1,Official Apple SDNP ZIP - Flickr reference JSON,Device: D02_iPhone_7_Plus | License: CC BY 2.0 | License URL: https://creativecommons.org/licenses/by/2.0/ | Photo page: https://www.flickr.com/photos/ellyf/40179269434/ | Author: KalTheBeago
flickr_referenced/D02_iPhone_7_Plus/D02_iPhone_7_Plus_40179345494.jpg,1,Official Apple SDNP ZIP - Flickr reference JSON,Device: D02_iPhone_7_Plus | License: CC BY 2.0 | License URL: https://creativecommons.org/licenses/by/2.0/ | Photo page: https://www.flickr.com/photos/ellyf/40179345494/ | Author: KalTheBeago
flickr_referenced/D02_iPhone_7_Plus/D02_iPhone_7_Plus_40179346604.jpg,1,Official Apple SDNP ZIP - Flickr reference JSON,Device: D02_iPhone_7_Plus | License: CC BY 2.0 | License URL: https://creativecommons.org/licenses/by/2.0/ | Photo page: https://www.flickr.com/photos/ellyf/40179346604/ | Author: KalTheBeago
flickr_referenced/D02_iPhone_7_Plus/D02_iPhone_7_Plus_40179483594.jpg,1,Official Apple SDNP ZIP - Flickr reference JSON,Device: D02_iPhone_7_Plus | License: CC BY 2.0 | License URL: https://creativecommons.org/licenses/by/2.0/ | Photo page: https://www.flickr.com/photos/ellyf/40179483594/ | Author: KalTheBeago
flickr_referenced/D02_iPhone_7_Plus/D02_iPhone_7_Plus_40179483764.jpg,1,Official Apple SDNP ZIP - Flickr reference JSON,Device: D02_iPhone_7_Plus | License: CC BY 2.0 | License URL: https://creativecommons.org/licenses/by/2.0/ | Photo page: https://www.flickr.com/photos/ellyf/40179483764/ | Author: KalTheBeago
flickr_referenced/D02_iPhone_7_Plus/D02_iPhone_7_Plus_40179530254.jpg,1,Official Apple SDNP ZIP - Flickr reference JSON,Device: D02_iPhone_7_Plus | License: CC BY 2.0 | License URL: https://creativecommons.org/licenses/by/2.0/ | Photo page: https://www.flickr.com/photos/ellyf/40179530254/ | Author: KalTheBeago
flickr_referenced/D02_iPhone_7_Plus/D02_iPhone_7_Plus_40179530874.jpg,1,Official Apple SDNP ZIP - Flickr reference JSON,Device: D02_iPhone_7_Plus | License: CC BY 2.0 | License URL: https://creativecommons.org/licenses/by/2.0/ | Photo page: https://www.flickr.com/photos/ellyf/40179530874/ | Author: KalTheBeago
flickr_referenced/D02_iPhone_7_Plus/D02_iPhone_7_Plus_40179531104.jpg,1,Official Apple SDNP ZIP - Flickr reference JSON,Device: D02_iPhone_7_Plus | License: CC BY 2.0 | License URL: https://creativecommons.org/licenses/by/2.0/ | Photo page: https://www.flickr.com/photos/ellyf/40179531104/ | Author: KalTheBeago
flickr_referenced/D02_iPhone_7_Plus/D02_iPhone_7_Plus_40412244685.jpg,1,Official Apple SDNP ZIP - Flickr reference JSON,Device: D02_iPhone_7_Plus | License: CC BY 2.0 | License URL: https://creativecommons.org/licenses/by/2.0/ | Photo page: https://www.flickr.com/photos/ellyf/40412244685/ | Author: KalTheBeago
flickr_referenced/D02_iPhone_7_Plus/D02_iPhone_7_Plus_40412245835.jpg,1,Official Apple SDNP ZIP - Flickr reference JSON,Device: D02_iPhone_7_Plus | License: CC BY 2.0 | License URL: https://creativecommons.org/licenses/by/2.0/ | Photo page: https://www.flickr.com/photos/ellyf/40412245835/ | Author: KalTheBeago
flickr_referenced/D02_iPhone_7_Plus/D02_iPhone_7_Plus_40594327814.jpg,1,Official Apple SDNP ZIP - Flickr reference JSON,Device: D02_iPhone_7_Plus | License: CC BY 2.0 | License URL: https://creativecommons.org/licenses/by/2.0/ | Photo page: https://www.flickr.com/photos/ellyf/40594327814/ | Author: KalTheBeago
flickr_referenced/D02_iPhone_7_Plus/D02_iPhone_7_Plus_40594362374.jpg,1,Official Apple SDNP ZIP - Flickr reference JSON,Device: D02_iPhone_7_Plus | License: CC BY 2.0 | License URL: https://creativecommons.org/licenses/by/2.0/ | Photo page: https://www.flickr.com/photos/ellyf/40594362374/ | Author: KalTheBeago
flickr_referenced/D02_iPhone_7_Plus/D02_iPhone_7_Plus_40594371334.jpg,1,Official Apple SDNP ZIP - Flickr reference JSON,Device: D02_iPhone_7_Plus | License: CC BY 2.0 | License URL: https://creativecommons.org/licenses/by/2.0/ | Photo page: https://www.flickr.com/photos/ellyf/40594371334/ | Author: KalTheBeago
flickr_referenced/D02_iPhone_7_Plus/D02_iPhone_7_Plus_40838022182.jpg,1,Official Apple SDNP ZIP - Flickr reference JSON,Device: D02_iPhone_7_Plus | License: CC BY 2.0 | License URL: https://creativecommons.org/licenses/by/2.0/ | Photo page: https://www.flickr.com/photos/ellyf/40838022182/ | Author: KalTheBeago
flickr_referenced/D02_iPhone_7_Plus/D02_iPhone_7_Plus_40845150772.jpg,1,Official Apple SDNP ZIP - Flickr reference JSON,Device: D02_iPhone_7_Plus | License: CC BY 2.0 | License URL: https://creativecommons.org/licenses/by/2.0/ | Photo page: https://www.flickr.com/photos/ellyf/40845150772/ | Author: KalTheBeago
flickr_referenced/D02_iPhone_7_Plus/D02_iPhone_7_Plus_40845246212.jpg,1,Official Apple SDNP ZIP - Flickr reference JSON,Device: D02_iPhone_7_Plus | License: CC BY 2.0 | License URL: https://creativecommons.org/licenses/by/2.0/ | Photo page: https://www.flickr.com/photos/ellyf/40845246212/ | Author: KalTheBeago
flickr_referenced/D02_iPhone_7_Plus/D02_iPhone_7_Plus_40845246232.jpg,1,Official Apple SDNP ZIP - Flickr reference JSON,Device: D02_iPhone_7_Plus | License: CC BY 2.0 | License URL: https://creativecommons.org/licenses/by/2.0/ | Photo page: https://www.flickr.com/photos/ellyf/40845246232/ | Author: KalTheBeago
flickr_referenced/D02_iPhone_7_Plus/D02_iPhone_7_Plus_40845246372.jpg,1,Official Apple SDNP ZIP - Flickr reference JSON,Device: D02_iPhone_7_Plus | License: CC BY 2.0 | License URL: https://creativecommons.org/licenses/by/2.0/ | Photo page: https://www.flickr.com/photos/ellyf/40845246372/ | Author: KalTheBeago
flickr_referenced/D02_iPhone_7_Plus/D02_iPhone_7_Plus_40845293792.jpg,1,Official Apple SDNP ZIP - Flickr reference JSON,Device: D02_iPhone_7_Plus | License: CC BY 2.0 | License URL: https://creativecommons.org/licenses/by/2.0/ | Photo page: https://www.flickr.com/photos/ellyf/40845293792/ | Author: KalTheBeago
flickr_referenced/D02_iPhone_7_Plus/D02_iPhone_7_Plus_40845293862.jpg,1,Official Apple SDNP ZIP - Flickr reference JSON,Device: D02_iPhone_7_Plus | License: CC BY 2.0 | License URL: https://creativecommons.org/licenses/by/2.0/ | Photo page: https://www.flickr.com/photos/ellyf/40845293862/ | Author: KalTheBeago
flickr_referenced/D02_iPhone_7_Plus/D02_iPhone_7_Plus_40845293912.jpg,1,Official Apple SDNP ZIP - Flickr reference JSON,Device: D02_iPhone_7_Plus | License: CC BY 2.0 | License URL: https://creativecommons.org/licenses/by/2.0/ | Photo page: https://www.flickr.com/photos/ellyf/40845293912/ | Author: KalTheBeago
flickr_referenced/D02_iPhone_7_Plus/D02_iPhone_7_Plus_40845293952.jpg,1,Official Apple SDNP ZIP - Flickr reference JSON,Device: D02_iPhone_7_Plus | License: CC BY 2.0 | License URL: https://creativecommons.org/licenses/by/2.0/ | Photo page: https://www.flickr.com/photos/ellyf/40845293952/ | Author: KalTheBeago
flickr_referenced/D02_iPhone_7_Plus/D02_iPhone_7_Plus_40845294282.jpg,1,Official Apple SDNP ZIP - Flickr reference JSON,Device: D02_iPhone_7_Plus | License: CC BY 2.0 | License URL: https://creativecommons.org/licenses/by/2.0/ | Photo page: https://www.flickr.com/photos/ellyf/40845294282/ | Author: KalTheBeago
flickr_referenced/D02_iPhone_7_Plus/D02_iPhone_7_Plus_40845294352.jpg,1,Official Apple SDNP ZIP - Flickr reference JSON,Device: D02_iPhone_7_Plus | License: CC BY 2.0 | License URL: https://creativecommons.org/licenses/by/2.0/ | Photo page: https://www.flickr.com/photos/ellyf/40845294352/ | Author: KalTheBeago
flickr_referenced/D02_iPhone_7_Plus/D02_iPhone_7_Plus_40845294392.jpg,1,Official Apple SDNP ZIP - Flickr reference JSON,Device: D02_iPhone_7_Plus | License: CC BY 2.0 | License URL: https://creativecommons.org/licenses/by/2.0/ | Photo page: https://www.flickr.com/photos/ellyf/40845294392/ | Author: KalTheBeago
flickr_referenced/D02_iPhone_7_Plus/D02_iPhone_7_Plus_40845394152.jpg,1,Official Apple SDNP ZIP - Flickr reference JSON,Device: D02_iPhone_7_Plus | License: CC BY 2.0 | License URL: https://creativecommons.org/licenses/by/2.0/ | Photo page: https://www.flickr.com/photos/ellyf/40845394152/ | Author: KalTheBeago
flickr_referenced/D02_iPhone_7_Plus/D02_iPhone_7_Plus_40845394872.jpg,1,Official Apple SDNP ZIP - Flickr reference JSON,Device: D02_iPhone_7_Plus | License: CC BY 2.0 | License URL: https://creativecommons.org/licenses/by/2.0/ | Photo page: https://www.flickr.com/photos/ellyf/40845394872/ | Author: KalTheBeago
flickr_referenced/D02_iPhone_7_Plus/D02_iPhone_7_Plus_40879516151.jpg,1,Official Apple SDNP ZIP - Flickr reference JSON,Device: D02_iPhone_7_Plus | License: CC BY 2.0 | License URL: https://creativecommons.org/licenses/by/2.0/ | Photo page: https://www.flickr.com/photos/ellyf/40879516151/ | Author: KalTheBeago
flickr_referenced/D02_iPhone_7_Plus/D02_iPhone_7_Plus_40879517371.jpg,1,Official Apple SDNP ZIP - Flickr reference JSON,Device: D02_iPhone_7_Plus | License: CC BY 2.0 | License URL: https://creativecommons.org/licenses/by/2.0/ | Photo page: https://www.flickr.com/photos/ellyf/40879517371/ | Author: KalTheBeago
flickr_referenced/D02_iPhone_7_Plus/D02_iPhone_7_Plus_40886799231.jpg,1,Official Apple SDNP ZIP - Flickr reference JSON,Device: D02_iPhone_7_Plus | License: CC BY 2.0 | License URL: https://creativecommons.org/licenses/by/2.0/ | Photo page: https://www.flickr.com/photos/ellyf/40886799231/ | Author: KalTheBeago
flickr_referenced/D02_iPhone_7_Plus/D02_iPhone_7_Plus_40886857921.jpg,1,Official Apple SDNP ZIP - Flickr reference JSON,Device: D02_iPhone_7_Plus | License: CC BY 2.0 | License URL: https://creativecommons.org/licenses/by/2.0/ | Photo page: https://www.flickr.com/photos/ellyf/40886857921/ | Author: KalTheBeago
flickr_referenced/D02_iPhone_7_Plus/D02_iPhone_7_Plus_40886858181.jpg,1,Official Apple SDNP ZIP - Flickr reference JSON,Device: D02_iPhone_7_Plus | License: CC BY 2.0 | License URL: https://creativecommons.org/licenses/by/2.0/ | Photo page: https://www.flickr.com/photos/ellyf/40886858181/ | Author: KalTheBeago
flickr_referenced/D02_iPhone_7_Plus/D02_iPhone_7_Plus_40889675601.jpg,1,Official Apple SDNP ZIP - Flickr reference JSON,Device: D02_iPhone_7_Plus | License: CC BY 2.0 | License URL: https://creativecommons.org/licenses/by/2.0/ | Photo page: https://www.flickr.com/photos/ellyf/40889675601/ | Author: KalTheBeago
flickr_referenced/D02_iPhone_7_Plus/D02_iPhone_7_Plus_41265339962.jpg,1,Official Apple SDNP ZIP - Flickr reference JSON,Device: D02_iPhone_7_Plus | License: CC BY 2.0 | License URL: https://creativecommons.org/licenses/by/2.0/ | Photo page: https://www.flickr.com/photos/ellyf/41265339962/ | Author: KalTheBeago
flickr_referenced/D02_iPhone_7_Plus/D02_iPhone_7_Plus_41307634491.jpg,1,Official Apple SDNP ZIP - Flickr reference JSON,Device: D02_iPhone_7_Plus | License: CC BY 2.0 | License URL: https://creativecommons.org/licenses/by/2.0/ | Photo page: https://www.flickr.com/photos/ellyf/41307634491/ | Author: KalTheBeago
flickr_referenced/D02_iPhone_7_Plus/D02_iPhone_7_Plus_41307716931.jpg,1,Official Apple SDNP ZIP - Flickr reference JSON,Device: D02_iPhone_7_Plus | License: CC BY 2.0 | License URL: https://creativecommons.org/licenses/by/2.0/ | Photo page: https://www.flickr.com/photos/ellyf/41307716931/ | Author: KalTheBeago
flickr_referenced/D02_iPhone_7_Plus/D02_iPhone_7_Plus_42821157632.jpg,1,Official Apple SDNP ZIP - Flickr reference JSON,Device: D02_iPhone_7_Plus | License: CC BY 2.0 | License URL: https://creativecommons.org/licenses/by/2.0/ | Photo page: https://www.flickr.com/photos/ellyf/42821157632/ | Author: KalTheBeago
flickr_referenced/D02_iPhone_7_Plus/D02_iPhone_7_Plus_42925428641.jpg,1,Official Apple SDNP ZIP - Flickr reference JSON,Device: D02_iPhone_7_Plus | License: CC BY 2.0 | License URL: https://creativecommons.org/licenses/by/2.0/ | Photo page: https://www.flickr.com/photos/ellyf/42925428641/ | Author: KalTheBeago
flickr_referenced/D03_iPhone_7_Plus/D03_iPhone_7_Plus_24351158838.jpg,1,Official Apple SDNP ZIP - Flickr reference JSON,Device: D03_iPhone_7_Plus | License: CC BY 2.0 | License URL: https://creativecommons.org/licenses/by/2.0/ | Photo page: https://www.flickr.com/photos/131030658@N06/24351158838/ | Author: Bap Sun
flickr_referenced/D03_iPhone_7_Plus/D03_iPhone_7_Plus_24351159808.jpg,1,Official Apple SDNP ZIP - Flickr reference JSON,Device: D03_iPhone_7_Plus | License: CC BY 2.0 | License URL: https://creativecommons.org/licenses/by/2.0/ | Photo page: https://www.flickr.com/photos/131030658@N06/24351159808/ | Author: Bap Sun
flickr_referenced/D03_iPhone_7_Plus/D03_iPhone_7_Plus_24351161648.jpg,1,Official Apple SDNP ZIP - Flickr reference JSON,Device: D03_iPhone_7_Plus | License: CC BY 2.0 | License URL: https://creativecommons.org/licenses/by/2.0/ | Photo page: https://www.flickr.com/photos/131030658@N06/24351161648/ | Author: Bap Sun
flickr_referenced/D03_iPhone_7_Plus/D03_iPhone_7_Plus_24351392178.jpg,1,Official Apple SDNP ZIP - Flickr reference JSON,Device: D03_iPhone_7_Plus | License: CC BY 2.0 | License URL: https://creativecommons.org/licenses/by/2.0/ | Photo page: https://www.flickr.com/photos/131030658@N06/24351392178/ | Author: Bap Sun
flickr_referenced/D03_iPhone_7_Plus/D03_iPhone_7_Plus_24357210388.jpg,1,Official Apple SDNP ZIP - Flickr reference JSON,Device: D03_iPhone_7_Plus | License: CC BY 2.0 | License URL: https://creativecommons.org/licenses/by/2.0/ | Photo page: https://www.flickr.com/photos/131030658@N06/24357210388/ | Author: Bap Sun
flickr_referenced/D03_iPhone_7_Plus/D03_iPhone_7_Plus_24357222428.jpg,1,Official Apple SDNP ZIP - Flickr reference JSON,Device: D03_iPhone_7_Plus | License: CC BY 2.0 | License URL: https://creativecommons.org/licenses/by/2.0/ | Photo page: https://www.flickr.com/photos/131030658@N06/24357222428/ | Author: Bap Sun
flickr_referenced/D03_iPhone_7_Plus/D03_iPhone_7_Plus_26432991489.jpg,1,Official Apple SDNP ZIP - Flickr reference JSON,Device: D03_iPhone_7_Plus | License: CC BY 2.0 | License URL: https://creativecommons.org/licenses/by/2.0/ | Photo page: https://www.flickr.com/photos/131030658@N06/26432991489/ | Author: Bap Sun
flickr_referenced/D03_iPhone_7_Plus/D03_iPhone_7_Plus_26433018749.jpg,1,Official Apple SDNP ZIP - Flickr reference JSON,Device: D03_iPhone_7_Plus | License: CC BY 2.0 | License URL: https://creativecommons.org/licenses/by/2.0/ | Photo page: https://www.flickr.com/photos/131030658@N06/26433018749/ | Author: Bap Sun
flickr_referenced/D03_iPhone_7_Plus/D03_iPhone_7_Plus_26433023049.jpg,1,Official Apple SDNP ZIP - Flickr reference JSON,Device: D03_iPhone_7_Plus | License: CC BY 2.0 | License URL: https://creativecommons.org/licenses/by/2.0/ | Photo page: https://www.flickr.com/photos/131030658@N06/26433023049/ | Author: Bap Sun
flickr_referenced/D03_iPhone_7_Plus/D03_iPhone_7_Plus_26433334249.jpg,1,Official Apple SDNP ZIP - Flickr reference JSON,Device: D03_iPhone_7_Plus | License: CC BY 2.0 | License URL: https://creativecommons.org/licenses/by/2.0/ | Photo page: https://www.flickr.com/photos/131030658@N06/26433334249/ | Author: Bap Sun
flickr_referenced/D03_iPhone_7_Plus/D03_iPhone_7_Plus_26433365049.jpg,1,Official Apple SDNP ZIP - Flickr reference JSON,Device: D03_iPhone_7_Plus | License: CC BY 2.0 | License URL: https://creativecommons.org/licenses/by/2.0/ | Photo page: https://www.flickr.com/photos/131030658@N06/26433365049/ | Author: Bap Sun
flickr_referenced/D03_iPhone_7_Plus/D03_iPhone_7_Plus_26433366969.jpg,1,Official Apple SDNP ZIP - Flickr reference JSON,Device: D03_iPhone_7_Plus | License: CC BY 2.0 | License URL: https://creativecommons.org/licenses/by/2.0/ | Photo page: https://www.flickr.com/photos/131030658@N06/26433366969/ | Author: Bap Sun
flickr_referenced/D03_iPhone_7_Plus/D03_iPhone_7_Plus_37492961454.jpg,1,Official Apple SDNP ZIP - Flickr reference JSON,Device: D03_iPhone_7_Plus | License: CC BY 2.0 | License URL: https://creativecommons.org/licenses/by/2.0/ | Photo page: https://www.flickr.com/photos/131030658@N06/37492961454/ | Author: Bap Sun
flickr_referenced/D03_iPhone_7_Plus/D03_iPhone_7_Plus_37492972514.jpg,1,Official Apple SDNP ZIP - Flickr reference JSON,Device: D03_iPhone_7_Plus | License: CC BY 2.0 | License URL: https://creativecommons.org/licenses/by/2.0/ | Photo page: https://www.flickr.com/photos/131030658@N06/37492972514/ | Author: Bap Sun
flickr_referenced/D03_iPhone_7_Plus/D03_iPhone_7_Plus_37492973644.jpg,1,Official Apple SDNP ZIP - Flickr reference JSON,Device: D03_iPhone_7_Plus | License: CC BY 2.0 | License URL: https://creativecommons.org/licenses/by/2.0/ | Photo page: https://www.flickr.com/photos/131030658@N06/37492973644/ | Author: Bap Sun
flickr_referenced/D03_iPhone_7_Plus/D03_iPhone_7_Plus_37496531974.jpg,1,Official Apple SDNP ZIP - Flickr reference JSON,Device: D03_iPhone_7_Plus | License: CC BY 2.0 | License URL: https://creativecommons.org/licenses/by/2.0/ | Photo page: https://www.flickr.com/photos/131030658@N06/37496531974/ | Author: Bap Sun
flickr_referenced/D03_iPhone_7_Plus/D03_iPhone_7_Plus_37498450194.jpg,1,Official Apple SDNP ZIP - Flickr reference JSON,Device: D03_iPhone_7_Plus | License: CC BY 2.0 | License URL: https://creativecommons.org/licenses/by/2.0/ | Photo page: https://www.flickr.com/photos/131030658@N06/37498450194/ | Author: Bap Sun
flickr_referenced/D03_iPhone_7_Plus/D03_iPhone_7_Plus_37498489264.jpg,1,Official Apple SDNP ZIP - Flickr reference JSON,Device: D03_iPhone_7_Plus | License: CC BY 2.0 | License URL: https://creativecommons.org/licenses/by/2.0/ | Photo page: https://www.flickr.com/photos/131030658@N06/37498489264/ | Author: Bap Sun
flickr_referenced/D03_iPhone_7_Plus/D03_iPhone_7_Plus_37498833494.jpg,1,Official Apple SDNP ZIP - Flickr reference JSON,Device: D03_iPhone_7_Plus | License: CC BY 2.0 | License URL: https://creativecommons.org/licenses/by/2.0/ | Photo page: https://www.flickr.com/photos/131030658@N06/37498833494/ | Author: Bap Sun
flickr_referenced/D03_iPhone_7_Plus/D03_iPhone_7_Plus_38147783586.jpg,1,Official Apple SDNP ZIP - Flickr reference JSON,Device: D03_iPhone_7_Plus | License: CC BY 2.0 | License URL: https://creativecommons.org/licenses/by/2.0/ | Photo page: https://www.flickr.com/photos/131030658@N06/38147783586/ | Author: Bap Sun
flickr_referenced/D03_iPhone_7_Plus/D03_iPhone_7_Plus_38147921426.jpg,1,Official Apple SDNP ZIP - Flickr reference JSON,Device: D03_iPhone_7_Plus | License: CC BY 2.0 | License URL: https://creativecommons.org/licenses/by/2.0/ | Photo page: https://www.flickr.com/photos/131030658@N06/38147921426/ | Author: Bap Sun
flickr_referenced/D03_iPhone_7_Plus/D03_iPhone_7_Plus_38147921846.jpg,1,Official Apple SDNP ZIP - Flickr reference JSON,Device: D03_iPhone_7_Plus | License: CC BY 2.0 | License URL: https://creativecommons.org/licenses/by/2.0/ | Photo page: https://www.flickr.com/photos/131030658@N06/38147921846/ | Author: Bap Sun
flickr_referenced/D03_iPhone_7_Plus/D03_iPhone_7_Plus_38153380676.jpg,1,Official Apple SDNP ZIP - Flickr reference JSON,Device: D03_iPhone_7_Plus | License: CC BY 2.0 | License URL: https://creativecommons.org/licenses/by/2.0/ | Photo page: https://www.flickr.com/photos/131030658@N06/38153380676/ | Author: Bap Sun
flickr_referenced/D03_iPhone_7_Plus/D03_iPhone_7_Plus_38153408696.jpg,1,Official Apple SDNP ZIP - Flickr reference JSON,Device: D03_iPhone_7_Plus | License: CC BY 2.0 | License URL: https://creativecommons.org/licenses/by/2.0/ | Photo page: https://www.flickr.com/photos/131030658@N06/38153408696/ | Author: Bap Sun
flickr_referenced/D03_iPhone_7_Plus/D03_iPhone_7_Plus_38153421936.jpg,1,Official Apple SDNP ZIP - Flickr reference JSON,Device: D03_iPhone_7_Plus | License: CC BY 2.0 | License URL: https://creativecommons.org/licenses/by/2.0/ | Photo page: https://www.flickr.com/photos/131030658@N06/38153421936/ | Author: Bap Sun
flickr_referenced/D03_iPhone_7_Plus/D03_iPhone_7_Plus_38153423836.jpg,1,Official Apple SDNP ZIP - Flickr reference JSON,Device: D03_iPhone_7_Plus | License: CC BY 2.0 | License URL: https://creativecommons.org/licenses/by/2.0/ | Photo page: https://www.flickr.com/photos/131030658@N06/38153423836/ | Author: Bap Sun
flickr_referenced/D03_iPhone_7_Plus/D03_iPhone_7_Plus_38153560506.jpg,1,Official Apple SDNP ZIP - Flickr reference JSON,Device: D03_iPhone_7_Plus | License: CC BY 2.0 | License URL: https://creativecommons.org/licenses/by/2.0/ | Photo page: https://www.flickr.com/photos/131030658@N06/38153560506/ | Author: Bap Sun
flickr_referenced/D03_iPhone_7_Plus/D03_iPhone_7_Plus_38153763406.jpg,1,Official Apple SDNP ZIP - Flickr reference JSON,Device: D03_iPhone_7_Plus | License: CC BY 2.0 | License URL: https://creativecommons.org/licenses/by/2.0/ | Photo page: https://www.flickr.com/photos/131030658@N06/38153763406/ | Author: Bap Sun
flickr_referenced/D03_iPhone_7_Plus/D03_iPhone_7_Plus_38153767786.jpg,1,Official Apple SDNP ZIP - Flickr reference JSON,Device: D03_iPhone_7_Plus | License: CC BY 2.0 | License URL: https://creativecommons.org/licenses/by/2.0/ | Photo page: https://www.flickr.com/photos/131030658@N06/38153767786/ | Author: Bap Sun
flickr_referenced/D03_iPhone_7_Plus/D03_iPhone_7_Plus_38153774256.jpg,1,Official Apple SDNP ZIP - Flickr reference JSON,Device: D03_iPhone_7_Plus | License: CC BY 2.0 | License URL: https://creativecommons.org/licenses/by/2.0/ | Photo page: https://www.flickr.com/photos/131030658@N06/38153774256/ | Author: Bap Sun
flickr_referenced/D03_iPhone_7_Plus/D03_iPhone_7_Plus_38153778726.jpg,1,Official Apple SDNP ZIP - Flickr reference JSON,Device: D03_iPhone_7_Plus | License: CC BY 2.0 | License URL: https://creativecommons.org/licenses/by/2.0/ | Photo page: https://www.flickr.com/photos/131030658@N06/38153778726/ | Author: Bap Sun
flickr_referenced/D03_iPhone_7_Plus/D03_iPhone_7_Plus_38172147622.jpg,1,Official Apple SDNP ZIP - Flickr reference JSON,Device: D03_iPhone_7_Plus | License: CC BY 2.0 | License URL: https://creativecommons.org/licenses/by/2.0/ | Photo page: https://www.flickr.com/photos/131030658@N06/38172147622/ | Author: Bap Sun
flickr_referenced/D03_iPhone_7_Plus/D03_iPhone_7_Plus_38172178532.jpg,1,Official Apple SDNP ZIP - Flickr reference JSON,Device: D03_iPhone_7_Plus | License: CC BY 2.0 | License URL: https://creativecommons.org/licenses/by/2.0/ | Photo page: https://www.flickr.com/photos/131030658@N06/38172178532/ | Author: Bap Sun
flickr_referenced/D03_iPhone_7_Plus/D03_iPhone_7_Plus_38177562242.jpg,1,Official Apple SDNP ZIP - Flickr reference JSON,Device: D03_iPhone_7_Plus | License: CC BY 2.0 | License URL: https://creativecommons.org/licenses/by/2.0/ | Photo page: https://www.flickr.com/photos/131030658@N06/38177562242/ | Author: Bap Sun
flickr_referenced/D03_iPhone_7_Plus/D03_iPhone_7_Plus_38177587772.jpg,1,Official Apple SDNP ZIP - Flickr reference JSON,Device: D03_iPhone_7_Plus | License: CC BY 2.0 | License URL: https://creativecommons.org/licenses/by/2.0/ | Photo page: https://www.flickr.com/photos/131030658@N06/38177587772/ | Author: Bap Sun
flickr_referenced/D03_iPhone_7_Plus/D03_iPhone_7_Plus_38177913392.jpg,1,Official Apple SDNP ZIP - Flickr reference JSON,Device: D03_iPhone_7_Plus | License: CC BY 2.0 | License URL: https://creativecommons.org/licenses/by/2.0/ | Photo page: https://www.flickr.com/photos/131030658@N06/38177913392/ | Author: Bap Sun
flickr_referenced/D03_iPhone_7_Plus/D03_iPhone_7_Plus_38177956202.jpg,1,Official Apple SDNP ZIP - Flickr reference JSON,Device: D03_iPhone_7_Plus | License: CC BY 2.0 | License URL: https://creativecommons.org/licenses/by/2.0/ | Photo page: https://www.flickr.com/photos/131030658@N06/38177956202/ | Author: Bap Sun
flickr_referenced/D03_iPhone_7_Plus/D03_iPhone_7_Plus_38177961522.jpg,1,Official Apple SDNP ZIP - Flickr reference JSON,Device: D03_iPhone_7_Plus | License: CC BY 2.0 | License URL: https://creativecommons.org/licenses/by/2.0/ | Photo page: https://www.flickr.com/photos/131030658@N06/38177961522/ | Author: Bap Sun
flickr_referenced/D03_iPhone_7_Plus/D03_iPhone_7_Plus_38204118621.jpg,1,Official Apple SDNP ZIP - Flickr reference JSON,Device: D03_iPhone_7_Plus | License: CC BY 2.0 | License URL: https://creativecommons.org/licenses/by/2.0/ | Photo page: https://www.flickr.com/photos/131030658@N06/38204118621/ | Author: Bap Sun
flickr_referenced/D03_iPhone_7_Plus/D03_iPhone_7_Plus_38209573931.jpg,1,Official Apple SDNP ZIP - Flickr reference JSON,Device: D03_iPhone_7_Plus | License: CC BY 2.0 | License URL: https://creativecommons.org/licenses/by/2.0/ | Photo page: https://www.flickr.com/photos/131030658@N06/38209573931/ | Author: Bap Sun
flickr_referenced/D03_iPhone_7_Plus/D03_iPhone_7_Plus_38209722611.jpg,1,Official Apple SDNP ZIP - Flickr reference JSON,Device: D03_iPhone_7_Plus | License: CC BY 2.0 | License URL: https://creativecommons.org/licenses/by/2.0/ | Photo page: https://www.flickr.com/photos/131030658@N06/38209722611/ | Author: Bap Sun
flickr_referenced/D03_iPhone_7_Plus/D03_iPhone_7_Plus_38209974241.jpg,1,Official Apple SDNP ZIP - Flickr reference JSON,Device: D03_iPhone_7_Plus | License: CC BY 2.0 | License URL: https://creativecommons.org/licenses/by/2.0/ | Photo page: https://www.flickr.com/photos/131030658@N06/38209974241/ | Author: Bap Sun
flickr_referenced/D03_iPhone_7_Plus/D03_iPhone_7_Plus_38210000511.jpg,1,Official Apple SDNP ZIP - Flickr reference JSON,Device: D03_iPhone_7_Plus | License: CC BY 2.0 | License URL: https://creativecommons.org/licenses/by/2.0/ | Photo page: https://www.flickr.com/photos/131030658@N06/38210000511/ | Author: Bap Sun
flickr_referenced/D03_iPhone_7_Plus/D03_iPhone_7_Plus_38210001031.jpg,1,Official Apple SDNP ZIP - Flickr reference JSON,Device: D03_iPhone_7_Plus | License: CC BY 2.0 | License URL: https://creativecommons.org/licenses/by/2.0/ | Photo page: https://www.flickr.com/photos/131030658@N06/38210001031/ | Author: Bap Sun
flickr_referenced/D03_iPhone_7_Plus/D03_iPhone_7_Plus_38210001751.jpg,1,Official Apple SDNP ZIP - Flickr reference JSON,Device: D03_iPhone_7_Plus | License: CC BY 2.0 | License URL: https://creativecommons.org/licenses/by/2.0/ | Photo page: https://www.flickr.com/photos/131030658@N06/38210001751/ | Author: Bap Sun
flickr_referenced/D03_iPhone_7_Plus/D03_iPhone_7_Plus_38210009651.jpg,1,Official Apple SDNP ZIP - Flickr reference JSON,Device: D03_iPhone_7_Plus | License: CC BY 2.0 | License URL: https://creativecommons.org/licenses/by/2.0/ | Photo page: https://www.flickr.com/photos/131030658@N06/38210009651/ | Author: Bap Sun
flickr_referenced/D04_iPhone_7_Plus/D04_iPhone_7_Plus_25157336087.jpg,1,Official Apple SDNP ZIP - Flickr reference JSON,Device: D04_iPhone_7_Plus | License: CC BY-NC 2.0 | License URL: https://creativecommons.org/licenses/by-nc/2.0/ | Photo page: https://www.flickr.com/photos/daseindesign/25157336087/ | Author: DaseinDesign
flickr_referenced/D04_iPhone_7_Plus/D04_iPhone_7_Plus_33916732263.jpg,1,Official Apple SDNP ZIP - Flickr reference JSON,Device: D04_iPhone_7_Plus | License: CC BY-NC 2.0 | License URL: https://creativecommons.org/licenses/by-nc/2.0/ | Photo page: https://www.flickr.com/photos/daseindesign/33916732263/ | Author: DaseinDesign
flickr_referenced/D04_iPhone_7_Plus/D04_iPhone_7_Plus_33916735823.jpg,1,Official Apple SDNP ZIP - Flickr reference JSON,Device: D04_iPhone_7_Plus | License: CC BY-NC 2.0 | License URL: https://creativecommons.org/licenses/by-nc/2.0/ | Photo page: https://www.flickr.com/photos/daseindesign/33916735823/ | Author: DaseinDesign
flickr_referenced/D04_iPhone_7_Plus/D04_iPhone_7_Plus_33916743473.jpg,1,Official Apple SDNP ZIP - Flickr reference JSON,Device: D04_iPhone_7_Plus | License: CC BY-NC 2.0 | License URL: https://creativecommons.org/licenses/by-nc/2.0/ | Photo page: https://www.flickr.com/photos/daseindesign/33916743473/ | Author: DaseinDesign
flickr_referenced/D04_iPhone_7_Plus/D04_iPhone_7_Plus_34564374602.jpg,1,Official Apple SDNP ZIP - Flickr reference JSON,Device: D04_iPhone_7_Plus | License: CC BY-NC 2.0 | License URL: https://creativecommons.org/licenses/by-nc/2.0/ | Photo page: https://www.flickr.com/photos/daseindesign/34564374602/ | Author: DaseinDesign
flickr_referenced/D04_iPhone_7_Plus/D04_iPhone_7_Plus_34686075736.jpg,1,Official Apple SDNP ZIP - Flickr reference JSON,Device: D04_iPhone_7_Plus | License: CC BY-NC 2.0 | License URL: https://creativecommons.org/licenses/by-nc/2.0/ | Photo page: https://www.flickr.com/photos/daseindesign/34686075736/ | Author: DaseinDesign
flickr_referenced/D04_iPhone_7_Plus/D04_iPhone_7_Plus_36821606474.jpg,1,Official Apple SDNP ZIP - Flickr reference JSON,Device: D04_iPhone_7_Plus | License: CC BY-NC 2.0 | License URL: https://creativecommons.org/licenses/by-nc/2.0/ | Photo page: https://www.flickr.com/photos/daseindesign/36821606474/ | Author: DaseinDesign
flickr_referenced/D04_iPhone_7_Plus/D04_iPhone_7_Plus_36821609274.jpg,1,Official Apple SDNP ZIP - Flickr reference JSON,Device: D04_iPhone_7_Plus | License: CC BY-NC 2.0 | License URL: https://creativecommons.org/licenses/by-nc/2.0/ | Photo page: https://www.flickr.com/photos/daseindesign/36821609274/ | Author: DaseinDesign
flickr_referenced/D04_iPhone_7_Plus/D04_iPhone_7_Plus_36862182723.jpg,1,Official Apple SDNP ZIP - Flickr reference JSON,Device: D04_iPhone_7_Plus | License: CC BY-NC 2.0 | License URL: https://creativecommons.org/licenses/by-nc/2.0/ | Photo page: https://www.flickr.com/photos/daseindesign/36862182723/ | Author: DaseinDesign
flickr_referenced/D04_iPhone_7_Plus/D04_iPhone_7_Plus_37821837015.jpg,1,Official Apple SDNP ZIP - Flickr reference JSON,Device: D04_iPhone_7_Plus | License: CC BY-NC 2.0 | License URL: https://creativecommons.org/licenses/by-nc/2.0/ | Photo page: https://www.flickr.com/photos/daseindesign/37821837015/ | Author: DaseinDesign
flickr_referenced/D04_iPhone_7_Plus/D04_iPhone_7_Plus_37992059314.jpg,1,Official Apple SDNP ZIP - Flickr reference JSON,Device: D04_iPhone_7_Plus | License: CC BY-NC 2.0 | License URL: https://creativecommons.org/licenses/by-nc/2.0/ | Photo page: https://www.flickr.com/photos/daseindesign/37992059314/ | Author: DaseinDesign
flickr_referenced/D04_iPhone_7_Plus/D04_iPhone_7_Plus_39318057334.jpg,1,Official Apple SDNP ZIP - Flickr reference JSON,Device: D04_iPhone_7_Plus | License: CC BY-NC 2.0 | License URL: https://creativecommons.org/licenses/by-nc/2.0/ | Photo page: https://www.flickr.com/photos/daseindesign/39318057334/ | Author: DaseinDesign
flickr_referenced/D05_iPhone_7_Plus/D05_iPhone_7_Plus_28163282677.jpg,1,Official Apple SDNP ZIP - Flickr reference JSON,Device: D05_iPhone_7_Plus | License: CC BY-NC 2.0 | License URL: https://creativecommons.org/licenses/by-nc/2.0/ | Photo page: https://www.flickr.com/photos/faerthen/28163282677/ | Author: ArtSciConverge at Sagehen Creek Field Station
flickr_referenced/D05_iPhone_7_Plus/D05_iPhone_7_Plus_29160176698.jpg,1,Official Apple SDNP ZIP - Flickr reference JSON,Device: D05_iPhone_7_Plus | License: CC BY-NC 2.0 | License URL: https://creativecommons.org/licenses/by-nc/2.0/ | Photo page: https://www.flickr.com/photos/faerthen/29160176698/ | Author: ArtSciConverge at Sagehen Creek Field Station
flickr_referenced/D05_iPhone_7_Plus/D05_iPhone_7_Plus_29160176918.jpg,1,Official Apple SDNP ZIP - Flickr reference JSON,Device: D05_iPhone_7_Plus | License: CC BY-NC 2.0 | License URL: https://creativecommons.org/licenses/by-nc/2.0/ | Photo page: https://www.flickr.com/photos/faerthen/29160176918/ | Author: ArtSciConverge at Sagehen Creek Field Station
flickr_referenced/D05_iPhone_7_Plus/D05_iPhone_7_Plus_30191303957.jpg,1,Official Apple SDNP ZIP - Flickr reference JSON,Device: D05_iPhone_7_Plus | License: CC BY-NC 2.0 | License URL: https://creativecommons.org/licenses/by-nc/2.0/ | Photo page: https://www.flickr.com/photos/faerthen/30191303957/ | Author: ArtSciConverge at Sagehen Creek Field Station
flickr_referenced/D05_iPhone_7_Plus/D05_iPhone_7_Plus_30191307557.jpg,1,Official Apple SDNP ZIP - Flickr reference JSON,Device: D05_iPhone_7_Plus | License: CC BY-NC 2.0 | License URL: https://creativecommons.org/licenses/by-nc/2.0/ | Photo page: https://www.flickr.com/photos/faerthen/30191307557/ | Author: ArtSciConverge at Sagehen Creek Field Station
flickr_referenced/D05_iPhone_7_Plus/D05_iPhone_7_Plus_31255444798.jpg,1,Official Apple SDNP ZIP - Flickr reference JSON,Device: D05_iPhone_7_Plus | License: CC BY-NC 2.0 | License URL: https://creativecommons.org/licenses/by-nc/2.0/ | Photo page: https://www.flickr.com/photos/faerthen/31255444798/ | Author: ArtSciConverge at Sagehen Creek Field Station
flickr_referenced/D05_iPhone_7_Plus/D05_iPhone_7_Plus_41222012130.jpg,1,Official Apple SDNP ZIP - Flickr reference JSON,Device: D05_iPhone_7_Plus | License: CC BY-NC 2.0 | License URL: https://creativecommons.org/licenses/by-nc/2.0/ | Photo page: https://www.flickr.com/photos/faerthen/41222012130/ | Author: ArtSciConverge at Sagehen Creek Field Station
flickr_referenced/D05_iPhone_7_Plus/D05_iPhone_7_Plus_42982202982.jpg,1,Official Apple SDNP ZIP - Flickr reference JSON,Device: D05_iPhone_7_Plus | License: CC BY-NC 2.0 | License URL: https://creativecommons.org/licenses/by-nc/2.0/ | Photo page: https://www.flickr.com/photos/faerthen/42982202982/ | Author: ArtSciConverge at Sagehen Creek Field Station
flickr_referenced/D05_iPhone_7_Plus/D05_iPhone_7_Plus_42982203802.jpg,1,Official Apple SDNP ZIP - Flickr reference JSON,Device: D05_iPhone_7_Plus | License: CC BY-NC 2.0 | License URL: https://creativecommons.org/licenses/by-nc/2.0/ | Photo page: https://www.flickr.com/photos/faerthen/42982203802/ | Author: ArtSciConverge at Sagehen Creek Field Station
flickr_referenced/D05_iPhone_7_Plus/D05_iPhone_7_Plus_43315818130.jpg,1,Official Apple SDNP ZIP - Flickr reference JSON,Device: D05_iPhone_7_Plus | License: CC BY-NC 2.0 | License URL: https://creativecommons.org/licenses/by-nc/2.0/ | Photo page: https://www.flickr.com/photos/faerthen/43315818130/ | Author: ArtSciConverge at Sagehen Creek Field Station
flickr_referenced/D05_iPhone_7_Plus/D05_iPhone_7_Plus_44217328155.jpg,1,Official Apple SDNP ZIP - Flickr reference JSON,Device: D05_iPhone_7_Plus | License: CC BY-NC 2.0 | License URL: https://creativecommons.org/licenses/by-nc/2.0/ | Photo page: https://www.flickr.com/photos/faerthen/44217328155/ | Author: ArtSciConverge at Sagehen Creek Field Station
flickr_referenced/D05_iPhone_7_Plus/D05_iPhone_7_Plus_44408429414.jpg,1,Official Apple SDNP ZIP - Flickr reference JSON,Device: D05_iPhone_7_Plus | License: CC BY-NC 2.0 | License URL: https://creativecommons.org/licenses/by-nc/2.0/ | Photo page: https://www.flickr.com/photos/faerthen/44408429414/ | Author: ArtSciConverge at Sagehen Creek Field Station
flickr_referenced/D05_iPhone_7_Plus/D05_iPhone_7_Plus_45129105141.jpg,1,Official Apple SDNP ZIP - Flickr reference JSON,Device: D05_iPhone_7_Plus | License: CC BY-NC 2.0 | License URL: https://creativecommons.org/licenses/by-nc/2.0/ | Photo page: https://www.flickr.com/photos/faerthen/45129105141/ | Author: ArtSciConverge at Sagehen Creek Field Station
flickr_referenced/D06_iPhone_7_Plus/D06_iPhone_7_Plus_32296985854.jpg,1,Official Apple SDNP ZIP - Flickr reference JSON,Device: D06_iPhone_7_Plus | License: CC BY 2.0 | License URL: https://creativecommons.org/licenses/by/2.0/ | Photo page: https://www.flickr.com/photos/indivisiblesf/32296985854/ | Author: Master Steve Rapport
flickr_referenced/D06_iPhone_7_Plus/D06_iPhone_7_Plus_32296988114.jpg,1,Official Apple SDNP ZIP - Flickr reference JSON,Device: D06_iPhone_7_Plus | License: CC BY 2.0 | License URL: https://creativecommons.org/licenses/by/2.0/ | Photo page: https://www.flickr.com/photos/indivisiblesf/32296988114/ | Author: Master Steve Rapport
flickr_referenced/D06_iPhone_7_Plus/D06_iPhone_7_Plus_32296989344.jpg,1,Official Apple SDNP ZIP - Flickr reference JSON,Device: D06_iPhone_7_Plus | License: CC BY 2.0 | License URL: https://creativecommons.org/licenses/by/2.0/ | Photo page: https://www.flickr.com/photos/indivisiblesf/32296989344/ | Author: Master Steve Rapport
flickr_referenced/D06_iPhone_7_Plus/D06_iPhone_7_Plus_32297088504.jpg,1,Official Apple SDNP ZIP - Flickr reference JSON,Device: D06_iPhone_7_Plus | License: CC BY 2.0 | License URL: https://creativecommons.org/licenses/by/2.0/ | Photo page: https://www.flickr.com/photos/indivisiblesf/32297088504/ | Author: Master Steve Rapport
flickr_referenced/D06_iPhone_7_Plus/D06_iPhone_7_Plus_32297326864.jpg,1,Official Apple SDNP ZIP - Flickr reference JSON,Device: D06_iPhone_7_Plus | License: CC BY 2.0 | License URL: https://creativecommons.org/licenses/by/2.0/ | Photo page: https://www.flickr.com/photos/indivisiblesf/32297326864/ | Author: Master Steve Rapport
flickr_referenced/D06_iPhone_7_Plus/D06_iPhone_7_Plus_32297865594.jpg,1,Official Apple SDNP ZIP - Flickr reference JSON,Device: D06_iPhone_7_Plus | License: CC BY 2.0 | License URL: https://creativecommons.org/licenses/by/2.0/ | Photo page: https://www.flickr.com/photos/indivisiblesf/32297865594/ | Author: Master Steve Rapport
flickr_referenced/D06_iPhone_7_Plus/D06_iPhone_7_Plus_32326337793.jpg,1,Official Apple SDNP ZIP - Flickr reference JSON,Device: D06_iPhone_7_Plus | License: CC BY 2.0 | License URL: https://creativecommons.org/licenses/by/2.0/ | Photo page: https://www.flickr.com/photos/indivisiblesf/32326337793/ | Author: Master Steve Rapport
flickr_referenced/D06_iPhone_7_Plus/D06_iPhone_7_Plus_32326338543.jpg,1,Official Apple SDNP ZIP - Flickr reference JSON,Device: D06_iPhone_7_Plus | License: CC BY 2.0 | License URL: https://creativecommons.org/licenses/by/2.0/ | Photo page: https://www.flickr.com/photos/indivisiblesf/32326338543/ | Author: Master Steve Rapport
flickr_referenced/D06_iPhone_7_Plus/D06_iPhone_7_Plus_32326339953.jpg,1,Official Apple SDNP ZIP - Flickr reference JSON,Device: D06_iPhone_7_Plus | License: CC BY 2.0 | License URL: https://creativecommons.org/licenses/by/2.0/ | Photo page: https://www.flickr.com/photos/indivisiblesf/32326339953/ | Author: Master Steve Rapport
flickr_referenced/D06_iPhone_7_Plus/D06_iPhone_7_Plus_32327074053.jpg,1,Official Apple SDNP ZIP - Flickr reference JSON,Device: D06_iPhone_7_Plus | License: CC BY 2.0 | License URL: https://creativecommons.org/licenses/by/2.0/ | Photo page: https://www.flickr.com/photos/indivisiblesf/32327074053/ | Author: Master Steve Rapport
flickr_referenced/D06_iPhone_7_Plus/D06_iPhone_7_Plus_32327074833.jpg,1,Official Apple SDNP ZIP - Flickr reference JSON,Device: D06_iPhone_7_Plus | License: CC BY 2.0 | License URL: https://creativecommons.org/licenses/by/2.0/ | Photo page: https://www.flickr.com/photos/indivisiblesf/32327074833/ | Author: Master Steve Rapport
flickr_referenced/D06_iPhone_7_Plus/D06_iPhone_7_Plus_32327130013.jpg,1,Official Apple SDNP ZIP - Flickr reference JSON,Device: D06_iPhone_7_Plus | License: CC BY 2.0 | License URL: https://creativecommons.org/licenses/by/2.0/ | Photo page: https://www.flickr.com/photos/indivisiblesf/32327130013/ | Author: Master Steve Rapport
flickr_referenced/D06_iPhone_7_Plus/D06_iPhone_7_Plus_32327131533.jpg,1,Official Apple SDNP ZIP - Flickr reference JSON,Device: D06_iPhone_7_Plus | License: CC BY 2.0 | License URL: https://creativecommons.org/licenses/by/2.0/ | Photo page: https://www.flickr.com/photos/indivisiblesf/32327131533/ | Author: Master Steve Rapport
flickr_referenced/D06_iPhone_7_Plus/D06_iPhone_7_Plus_32327313953.jpg,1,Official Apple SDNP ZIP - Flickr reference JSON,Device: D06_iPhone_7_Plus | License: CC BY 2.0 | License URL: https://creativecommons.org/licenses/by/2.0/ | Photo page: https://www.flickr.com/photos/indivisiblesf/32327313953/ | Author: Master Steve Rapport
flickr_referenced/D06_iPhone_7_Plus/D06_iPhone_7_Plus_32327519723.jpg,1,Official Apple SDNP ZIP - Flickr reference JSON,Device: D06_iPhone_7_Plus | License: CC BY 2.0 | License URL: https://creativecommons.org/licenses/by/2.0/ | Photo page: https://www.flickr.com/photos/indivisiblesf/32327519723/ | Author: Master Steve Rapport
flickr_referenced/D06_iPhone_7_Plus/D06_iPhone_7_Plus_32327521083.jpg,1,Official Apple SDNP ZIP - Flickr reference JSON,Device: D06_iPhone_7_Plus | License: CC BY 2.0 | License URL: https://creativecommons.org/licenses/by/2.0/ | Photo page: https://www.flickr.com/photos/indivisiblesf/32327521083/ | Author: Master Steve Rapport
flickr_referenced/D06_iPhone_7_Plus/D06_iPhone_7_Plus_32327522433.jpg,1,Official Apple SDNP ZIP - Flickr reference JSON,Device: D06_iPhone_7_Plus | License: CC BY 2.0 | License URL: https://creativecommons.org/licenses/by/2.0/ | Photo page: https://www.flickr.com/photos/indivisiblesf/32327522433/ | Author: Master Steve Rapport
flickr_referenced/D06_iPhone_7_Plus/D06_iPhone_7_Plus_32327523523.jpg,1,Official Apple SDNP ZIP - Flickr reference JSON,Device: D06_iPhone_7_Plus | License: CC BY 2.0 | License URL: https://creativecommons.org/licenses/by/2.0/ | Photo page: https://www.flickr.com/photos/indivisiblesf/32327523523/ | Author: Master Steve Rapport
flickr_referenced/D06_iPhone_7_Plus/D06_iPhone_7_Plus_32517340173.jpg,1,Official Apple SDNP ZIP - Flickr reference JSON,Device: D06_iPhone_7_Plus | License: CC BY 2.0 | License URL: https://creativecommons.org/licenses/by/2.0/ | Photo page: https://www.flickr.com/photos/indivisiblesf/32517340173/ | Author: Master Steve Rapport
flickr_referenced/D06_iPhone_7_Plus/D06_iPhone_7_Plus_32642031204.jpg,1,Official Apple SDNP ZIP - Flickr reference JSON,Device: D06_iPhone_7_Plus | License: CC BY 2.0 | License URL: https://creativecommons.org/licenses/by/2.0/ | Photo page: https://www.flickr.com/photos/indivisiblesf/32642031204/ | Author: Master Steve Rapport
flickr_referenced/D06_iPhone_7_Plus/D06_iPhone_7_Plus_32739873164.jpg,1,Official Apple SDNP ZIP - Flickr reference JSON,Device: D06_iPhone_7_Plus | License: CC BY 2.0 | License URL: https://creativecommons.org/licenses/by/2.0/ | Photo page: https://www.flickr.com/photos/indivisiblesf/32739873164/ | Author: Master Steve Rapport
flickr_referenced/D06_iPhone_7_Plus/D06_iPhone_7_Plus_32759870630.jpg,1,Official Apple SDNP ZIP - Flickr reference JSON,Device: D06_iPhone_7_Plus | License: CC BY 2.0 | License URL: https://creativecommons.org/licenses/by/2.0/ | Photo page: https://www.flickr.com/photos/indivisiblesf/32759870630/ | Author: Master Steve Rapport
flickr_referenced/D06_iPhone_7_Plus/D06_iPhone_7_Plus_32760378540.jpg,1,Official Apple SDNP ZIP - Flickr reference JSON,Device: D06_iPhone_7_Plus | License: CC BY 2.0 | License URL: https://creativecommons.org/licenses/by/2.0/ | Photo page: https://www.flickr.com/photos/indivisiblesf/32760378540/ | Author: Master Steve Rapport
flickr_referenced/D06_iPhone_7_Plus/D06_iPhone_7_Plus_32807596074.jpg,1,Official Apple SDNP ZIP - Flickr reference JSON,Device: D06_iPhone_7_Plus | License: CC BY 2.0 | License URL: https://creativecommons.org/licenses/by/2.0/ | Photo page: https://www.flickr.com/photos/indivisiblesf/32807596074/ | Author: Master Steve Rapport
flickr_referenced/D06_iPhone_7_Plus/D06_iPhone_7_Plus_32866556954.jpg,1,Official Apple SDNP ZIP - Flickr reference JSON,Device: D06_iPhone_7_Plus | License: CC BY 2.0 | License URL: https://creativecommons.org/licenses/by/2.0/ | Photo page: https://www.flickr.com/photos/indivisiblesf/32866556954/ | Author: Master Steve Rapport
flickr_referenced/D06_iPhone_7_Plus/D06_iPhone_7_Plus_32866561364.jpg,1,Official Apple SDNP ZIP - Flickr reference JSON,Device: D06_iPhone_7_Plus | License: CC BY 2.0 | License URL: https://creativecommons.org/licenses/by/2.0/ | Photo page: https://www.flickr.com/photos/indivisiblesf/32866561364/ | Author: Master Steve Rapport
flickr_referenced/D06_iPhone_7_Plus/D06_iPhone_7_Plus_32866561574.jpg,1,Official Apple SDNP ZIP - Flickr reference JSON,Device: D06_iPhone_7_Plus | License: CC BY 2.0 | License URL: https://creativecommons.org/licenses/by/2.0/ | Photo page: https://www.flickr.com/photos/indivisiblesf/32866561574/ | Author: Master Steve Rapport
flickr_referenced/D06_iPhone_7_Plus/D06_iPhone_7_Plus_32866564634.jpg,1,Official Apple SDNP ZIP - Flickr reference JSON,Device: D06_iPhone_7_Plus | License: CC BY 2.0 | License URL: https://creativecommons.org/licenses/by/2.0/ | Photo page: https://www.flickr.com/photos/indivisiblesf/32866564634/ | Author: Master Steve Rapport
flickr_referenced/D06_iPhone_7_Plus/D06_iPhone_7_Plus_32866565404.jpg,1,Official Apple SDNP ZIP - Flickr reference JSON,Device: D06_iPhone_7_Plus | License: CC BY 2.0 | License URL: https://creativecommons.org/licenses/by/2.0/ | Photo page: https://www.flickr.com/photos/indivisiblesf/32866565404/ | Author: Master Steve Rapport
flickr_referenced/D06_iPhone_7_Plus/D06_iPhone_7_Plus_32866565894.jpg,1,Official Apple SDNP ZIP - Flickr reference JSON,Device: D06_iPhone_7_Plus | License: CC BY 2.0 | License URL: https://creativecommons.org/licenses/by/2.0/ | Photo page: https://www.flickr.com/photos/indivisiblesf/32866565894/ | Author: Master Steve Rapport
flickr_referenced/D06_iPhone_7_Plus/D06_iPhone_7_Plus_32866566164.jpg,1,Official Apple SDNP ZIP - Flickr reference JSON,Device: D06_iPhone_7_Plus | License: CC BY 2.0 | License URL: https://creativecommons.org/licenses/by/2.0/ | Photo page: https://www.flickr.com/photos/indivisiblesf/32866566164/ | Author: Master Steve Rapport
flickr_referenced/D06_iPhone_7_Plus/D06_iPhone_7_Plus_32866567304.jpg,1,Official Apple SDNP ZIP - Flickr reference JSON,Device: D06_iPhone_7_Plus | License: CC BY 2.0 | License URL: https://creativecommons.org/licenses/by/2.0/ | Photo page: https://www.flickr.com/photos/indivisiblesf/32866567304/ | Author: Master Steve Rapport
flickr_referenced/D06_iPhone_7_Plus/D06_iPhone_7_Plus_32986098242.jpg,1,Official Apple SDNP ZIP - Flickr reference JSON,Device: D06_iPhone_7_Plus | License: CC BY 2.0 | License URL: https://creativecommons.org/licenses/by/2.0/ | Photo page: https://www.flickr.com/photos/indivisiblesf/32986098242/ | Author: Master Steve Rapport
flickr_referenced/D06_iPhone_7_Plus/D06_iPhone_7_Plus_32986290352.jpg,1,Official Apple SDNP ZIP - Flickr reference JSON,Device: D06_iPhone_7_Plus | License: CC BY 2.0 | License URL: https://creativecommons.org/licenses/by/2.0/ | Photo page: https://www.flickr.com/photos/indivisiblesf/32986290352/ | Author: Master Steve Rapport
flickr_referenced/D06_iPhone_7_Plus/D06_iPhone_7_Plus_32986291792.jpg,1,Official Apple SDNP ZIP - Flickr reference JSON,Device: D06_iPhone_7_Plus | License: CC BY 2.0 | License URL: https://creativecommons.org/licenses/by/2.0/ | Photo page: https://www.flickr.com/photos/indivisiblesf/32986291792/ | Author: Master Steve Rapport
flickr_referenced/D06_iPhone_7_Plus/D06_iPhone_7_Plus_32986293892.jpg,1,Official Apple SDNP ZIP - Flickr reference JSON,Device: D06_iPhone_7_Plus | License: CC BY 2.0 | License URL: https://creativecommons.org/licenses/by/2.0/ | Photo page: https://www.flickr.com/photos/indivisiblesf/32986293892/ | Author: Master Steve Rapport
flickr_referenced/D06_iPhone_7_Plus/D06_iPhone_7_Plus_32986295582.jpg,1,Official Apple SDNP ZIP - Flickr reference JSON,Device: D06_iPhone_7_Plus | License: CC BY 2.0 | License URL: https://creativecommons.org/licenses/by/2.0/ | Photo page: https://www.flickr.com/photos/indivisiblesf/32986295582/ | Author: Master Steve Rapport
flickr_referenced/D06_iPhone_7_Plus/D06_iPhone_7_Plus_32986296992.jpg,1,Official Apple SDNP ZIP - Flickr reference JSON,Device: D06_iPhone_7_Plus | License: CC BY 2.0 | License URL: https://creativecommons.org/licenses/by/2.0/ | Photo page: https://www.flickr.com/photos/indivisiblesf/32986296992/ | Author: Master Steve Rapport
flickr_referenced/D06_iPhone_7_Plus/D06_iPhone_7_Plus_32986297702.jpg,1,Official Apple SDNP ZIP - Flickr reference JSON,Device: D06_iPhone_7_Plus | License: CC BY 2.0 | License URL: https://creativecommons.org/licenses/by/2.0/ | Photo page: https://www.flickr.com/photos/indivisiblesf/32986297702/ | Author: Master Steve Rapport
flickr_referenced/D06_iPhone_7_Plus/D06_iPhone_7_Plus_32986298392.jpg,1,Official Apple SDNP ZIP - Flickr reference JSON,Device: D06_iPhone_7_Plus | License: CC BY 2.0 | License URL: https://creativecommons.org/licenses/by/2.0/ | Photo page: https://www.flickr.com/photos/indivisiblesf/32986298392/ | Author: Master Steve Rapport
flickr_referenced/D06_iPhone_7_Plus/D06_iPhone_7_Plus_32986300512.jpg,1,Official Apple SDNP ZIP - Flickr reference JSON,Device: D06_iPhone_7_Plus | License: CC BY 2.0 | License URL: https://creativecommons.org/licenses/by/2.0/ | Photo page: https://www.flickr.com/photos/indivisiblesf/32986300512/ | Author: Master Steve Rapport
flickr_referenced/D06_iPhone_7_Plus/D06_iPhone_7_Plus_32986392732.jpg,1,Official Apple SDNP ZIP - Flickr reference JSON,Device: D06_iPhone_7_Plus | License: CC BY 2.0 | License URL: https://creativecommons.org/licenses/by/2.0/ | Photo page: https://www.flickr.com/photos/indivisiblesf/32986392732/ | Author: Master Steve Rapport
flickr_referenced/D06_iPhone_7_Plus/D06_iPhone_7_Plus_32986394062.jpg,1,Official Apple SDNP ZIP - Flickr reference JSON,Device: D06_iPhone_7_Plus | License: CC BY 2.0 | License URL: https://creativecommons.org/licenses/by/2.0/ | Photo page: https://www.flickr.com/photos/indivisiblesf/32986394062/ | Author: Master Steve Rapport
flickr_referenced/D06_iPhone_7_Plus/D06_iPhone_7_Plus_32986531422.jpg,1,Official Apple SDNP ZIP - Flickr reference JSON,Device: D06_iPhone_7_Plus | License: CC BY 2.0 | License URL: https://creativecommons.org/licenses/by/2.0/ | Photo page: https://www.flickr.com/photos/indivisiblesf/32986531422/ | Author: Master Steve Rapport
flickr_referenced/D06_iPhone_7_Plus/D06_iPhone_7_Plus_32986542802.jpg,1,Official Apple SDNP ZIP - Flickr reference JSON,Device: D06_iPhone_7_Plus | License: CC BY 2.0 | License URL: https://creativecommons.org/licenses/by/2.0/ | Photo page: https://www.flickr.com/photos/indivisiblesf/32986542802/ | Author: Master Steve Rapport
flickr_referenced/D06_iPhone_7_Plus/D06_iPhone_7_Plus_32986543842.jpg,1,Official Apple SDNP ZIP - Flickr reference JSON,Device: D06_iPhone_7_Plus | License: CC BY 2.0 | License URL: https://creativecommons.org/licenses/by/2.0/ | Photo page: https://www.flickr.com/photos/indivisiblesf/32986543842/ | Author: Master Steve Rapport
flickr_referenced/D06_iPhone_7_Plus/D06_iPhone_7_Plus_32986544302.jpg,1,Official Apple SDNP ZIP - Flickr reference JSON,Device: D06_iPhone_7_Plus | License: CC BY 2.0 | License URL: https://creativecommons.org/licenses/by/2.0/ | Photo page: https://www.flickr.com/photos/indivisiblesf/32986544302/ | Author: Master Steve Rapport
flickr_referenced/D06_iPhone_7_Plus/D06_iPhone_7_Plus_32986548212.jpg,1,Official Apple SDNP ZIP - Flickr reference JSON,Device: D06_iPhone_7_Plus | License: CC BY 2.0 | License URL: https://creativecommons.org/licenses/by/2.0/ | Photo page: https://www.flickr.com/photos/indivisiblesf/32986548212/ | Author: Master Steve Rapport
flickr_referenced/D06_iPhone_7_Plus/D06_iPhone_7_Plus_33015266451.jpg,1,Official Apple SDNP ZIP - Flickr reference JSON,Device: D06_iPhone_7_Plus | License: CC BY 2.0 | License URL: https://creativecommons.org/licenses/by/2.0/ | Photo page: https://www.flickr.com/photos/indivisiblesf/33015266451/ | Author: Master Steve Rapport
flickr_referenced/D06_iPhone_7_Plus/D06_iPhone_7_Plus_33015669501.jpg,1,Official Apple SDNP ZIP - Flickr reference JSON,Device: D06_iPhone_7_Plus | License: CC BY 2.0 | License URL: https://creativecommons.org/licenses/by/2.0/ | Photo page: https://www.flickr.com/photos/indivisiblesf/33015669501/ | Author: Master Steve Rapport
flickr_referenced/D06_iPhone_7_Plus/D06_iPhone_7_Plus_33015670521.jpg,1,Official Apple SDNP ZIP - Flickr reference JSON,Device: D06_iPhone_7_Plus | License: CC BY 2.0 | License URL: https://creativecommons.org/licenses/by/2.0/ | Photo page: https://www.flickr.com/photos/indivisiblesf/33015670521/ | Author: Master Steve Rapport
flickr_referenced/D06_iPhone_7_Plus/D06_iPhone_7_Plus_33015875471.jpg,1,Official Apple SDNP ZIP - Flickr reference JSON,Device: D06_iPhone_7_Plus | License: CC BY 2.0 | License URL: https://creativecommons.org/licenses/by/2.0/ | Photo page: https://www.flickr.com/photos/indivisiblesf/33015875471/ | Author: Master Steve Rapport
flickr_referenced/D06_iPhone_7_Plus/D06_iPhone_7_Plus_33015876711.jpg,1,Official Apple SDNP ZIP - Flickr reference JSON,Device: D06_iPhone_7_Plus | License: CC BY 2.0 | License URL: https://creativecommons.org/licenses/by/2.0/ | Photo page: https://www.flickr.com/photos/indivisiblesf/33015876711/ | Author: Master Steve Rapport
flickr_referenced/D06_iPhone_7_Plus/D06_iPhone_7_Plus_33015879951.jpg,1,Official Apple SDNP ZIP - Flickr reference JSON,Device: D06_iPhone_7_Plus | License: CC BY 2.0 | License URL: https://creativecommons.org/licenses/by/2.0/ | Photo page: https://www.flickr.com/photos/indivisiblesf/33015879951/ | Author: Master Steve Rapport
flickr_referenced/D06_iPhone_7_Plus/D06_iPhone_7_Plus_33015881081.jpg,1,Official Apple SDNP ZIP - Flickr reference JSON,Device: D06_iPhone_7_Plus | License: CC BY 2.0 | License URL: https://creativecommons.org/licenses/by/2.0/ | Photo page: https://www.flickr.com/photos/indivisiblesf/33015881081/ | Author: Master Steve Rapport
flickr_referenced/D06_iPhone_7_Plus/D06_iPhone_7_Plus_33015882041.jpg,1,Official Apple SDNP ZIP - Flickr reference JSON,Device: D06_iPhone_7_Plus | License: CC BY 2.0 | License URL: https://creativecommons.org/licenses/by/2.0/ | Photo page: https://www.flickr.com/photos/indivisiblesf/33015882041/ | Author: Master Steve Rapport
flickr_referenced/D06_iPhone_7_Plus/D06_iPhone_7_Plus_33015882741.jpg,1,Official Apple SDNP ZIP - Flickr reference JSON,Device: D06_iPhone_7_Plus | License: CC BY 2.0 | License URL: https://creativecommons.org/licenses/by/2.0/ | Photo page: https://www.flickr.com/photos/indivisiblesf/33015882741/ | Author: Master Steve Rapport
flickr_referenced/D06_iPhone_7_Plus/D06_iPhone_7_Plus_33015883591.jpg,1,Official Apple SDNP ZIP - Flickr reference JSON,Device: D06_iPhone_7_Plus | License: CC BY 2.0 | License URL: https://creativecommons.org/licenses/by/2.0/ | Photo page: https://www.flickr.com/photos/indivisiblesf/33015883591/ | Author: Master Steve Rapport
flickr_referenced/D06_iPhone_7_Plus/D06_iPhone_7_Plus_33015884091.jpg,1,Official Apple SDNP ZIP - Flickr reference JSON,Device: D06_iPhone_7_Plus | License: CC BY 2.0 | License URL: https://creativecommons.org/licenses/by/2.0/ | Photo page: https://www.flickr.com/photos/indivisiblesf/33015884091/ | Author: Master Steve Rapport
flickr_referenced/D06_iPhone_7_Plus/D06_iPhone_7_Plus_33101149986.jpg,1,Official Apple SDNP ZIP - Flickr reference JSON,Device: D06_iPhone_7_Plus | License: CC BY 2.0 | License URL: https://creativecommons.org/licenses/by/2.0/ | Photo page: https://www.flickr.com/photos/indivisiblesf/33101149986/ | Author: Master Steve Rapport
flickr_referenced/D06_iPhone_7_Plus/D06_iPhone_7_Plus_33101208376.jpg,1,Official Apple SDNP ZIP - Flickr reference JSON,Device: D06_iPhone_7_Plus | License: CC BY 2.0 | License URL: https://creativecommons.org/licenses/by/2.0/ | Photo page: https://www.flickr.com/photos/indivisiblesf/33101208376/ | Author: Master Steve Rapport
flickr_referenced/D06_iPhone_7_Plus/D06_iPhone_7_Plus_33101488726.jpg,1,Official Apple SDNP ZIP - Flickr reference JSON,Device: D06_iPhone_7_Plus | License: CC BY 2.0 | License URL: https://creativecommons.org/licenses/by/2.0/ | Photo page: https://www.flickr.com/photos/indivisiblesf/33101488726/ | Author: Master Steve Rapport
flickr_referenced/D06_iPhone_7_Plus/D06_iPhone_7_Plus_33101489656.jpg,1,Official Apple SDNP ZIP - Flickr reference JSON,Device: D06_iPhone_7_Plus | License: CC BY 2.0 | License URL: https://creativecommons.org/licenses/by/2.0/ | Photo page: https://www.flickr.com/photos/indivisiblesf/33101489656/ | Author: Master Steve Rapport
flickr_referenced/D06_iPhone_7_Plus/D06_iPhone_7_Plus_33101493666.jpg,1,Official Apple SDNP ZIP - Flickr reference JSON,Device: D06_iPhone_7_Plus | License: CC BY 2.0 | License URL: https://creativecommons.org/licenses/by/2.0/ | Photo page: https://www.flickr.com/photos/indivisiblesf/33101493666/ | Author: Master Steve Rapport
flickr_referenced/D06_iPhone_7_Plus/D06_iPhone_7_Plus_33101495296.jpg,1,Official Apple SDNP ZIP - Flickr reference JSON,Device: D06_iPhone_7_Plus | License: CC BY 2.0 | License URL: https://creativecommons.org/licenses/by/2.0/ | Photo page: https://www.flickr.com/photos/indivisiblesf/33101495296/ | Author: Master Steve Rapport
flickr_referenced/D06_iPhone_7_Plus/D06_iPhone_7_Plus_33101495756.jpg,1,Official Apple SDNP ZIP - Flickr reference JSON,Device: D06_iPhone_7_Plus | License: CC BY 2.0 | License URL: https://creativecommons.org/licenses/by/2.0/ | Photo page: https://www.flickr.com/photos/indivisiblesf/33101495756/ | Author: Master Steve Rapport
flickr_referenced/D06_iPhone_7_Plus/D06_iPhone_7_Plus_33101504266.jpg,1,Official Apple SDNP ZIP - Flickr reference JSON,Device: D06_iPhone_7_Plus | License: CC BY 2.0 | License URL: https://creativecommons.org/licenses/by/2.0/ | Photo page: https://www.flickr.com/photos/indivisiblesf/33101504266/ | Author: Master Steve Rapport
flickr_referenced/D06_iPhone_7_Plus/D06_iPhone_7_Plus_33101506466.jpg,1,Official Apple SDNP ZIP - Flickr reference JSON,Device: D06_iPhone_7_Plus | License: CC BY 2.0 | License URL: https://creativecommons.org/licenses/by/2.0/ | Photo page: https://www.flickr.com/photos/indivisiblesf/33101506466/ | Author: Master Steve Rapport
flickr_referenced/D06_iPhone_7_Plus/D06_iPhone_7_Plus_33101617696.jpg,1,Official Apple SDNP ZIP - Flickr reference JSON,Device: D06_iPhone_7_Plus | License: CC BY 2.0 | License URL: https://creativecommons.org/licenses/by/2.0/ | Photo page: https://www.flickr.com/photos/indivisiblesf/33101617696/ | Author: Master Steve Rapport
flickr_referenced/D06_iPhone_7_Plus/D06_iPhone_7_Plus_33143115345.jpg,1,Official Apple SDNP ZIP - Flickr reference JSON,Device: D06_iPhone_7_Plus | License: CC BY 2.0 | License URL: https://creativecommons.org/licenses/by/2.0/ | Photo page: https://www.flickr.com/photos/indivisiblesf/33143115345/ | Author: Master Steve Rapport
flickr_referenced/D06_iPhone_7_Plus/D06_iPhone_7_Plus_33199550310.jpg,1,Official Apple SDNP ZIP - Flickr reference JSON,Device: D06_iPhone_7_Plus | License: CC BY 2.0 | License URL: https://creativecommons.org/licenses/by/2.0/ | Photo page: https://www.flickr.com/photos/indivisiblesf/33199550310/ | Author: Master Steve Rapport
flickr_referenced/D06_iPhone_7_Plus/D06_iPhone_7_Plus_33204106911.jpg,1,Official Apple SDNP ZIP - Flickr reference JSON,Device: D06_iPhone_7_Plus | License: CC BY 2.0 | License URL: https://creativecommons.org/licenses/by/2.0/ | Photo page: https://www.flickr.com/photos/indivisiblesf/33204106911/ | Author: Master Steve Rapport
flickr_referenced/D06_iPhone_7_Plus/D06_iPhone_7_Plus_33267991622.jpg,1,Official Apple SDNP ZIP - Flickr reference JSON,Device: D06_iPhone_7_Plus | License: CC BY 2.0 | License URL: https://creativecommons.org/licenses/by/2.0/ | Photo page: https://www.flickr.com/photos/indivisiblesf/33267991622/ | Author: Master Steve Rapport
flickr_referenced/D06_iPhone_7_Plus/D06_iPhone_7_Plus_33290786226.jpg,1,Official Apple SDNP ZIP - Flickr reference JSON,Device: D06_iPhone_7_Plus | License: CC BY 2.0 | License URL: https://creativecommons.org/licenses/by/2.0/ | Photo page: https://www.flickr.com/photos/indivisiblesf/33290786226/ | Author: Master Steve Rapport
flickr_referenced/D06_iPhone_7_Plus/D06_iPhone_7_Plus_33290796386.jpg,1,Official Apple SDNP ZIP - Flickr reference JSON,Device: D06_iPhone_7_Plus | License: CC BY 2.0 | License URL: https://creativecommons.org/licenses/by/2.0/ | Photo page: https://www.flickr.com/photos/indivisiblesf/33290796386/ | Author: Master Steve Rapport
flickr_referenced/D06_iPhone_7_Plus/D06_iPhone_7_Plus_33295285051.jpg,1,Official Apple SDNP ZIP - Flickr reference JSON,Device: D06_iPhone_7_Plus | License: CC BY 2.0 | License URL: https://creativecommons.org/licenses/by/2.0/ | Photo page: https://www.flickr.com/photos/indivisiblesf/33295285051/ | Author: Master Steve Rapport
flickr_referenced/D06_iPhone_7_Plus/D06_iPhone_7_Plus_33295286061.jpg,1,Official Apple SDNP ZIP - Flickr reference JSON,Device: D06_iPhone_7_Plus | License: CC BY 2.0 | License URL: https://creativecommons.org/licenses/by/2.0/ | Photo page: https://www.flickr.com/photos/indivisiblesf/33295286061/ | Author: Master Steve Rapport
flickr_referenced/D06_iPhone_7_Plus/D06_iPhone_7_Plus_33324883810.jpg,1,Official Apple SDNP ZIP - Flickr reference JSON,Device: D06_iPhone_7_Plus | License: CC BY 2.0 | License URL: https://creativecommons.org/licenses/by/2.0/ | Photo page: https://www.flickr.com/photos/indivisiblesf/33324883810/ | Author: Master Steve Rapport
flickr_referenced/D06_iPhone_7_Plus/D06_iPhone_7_Plus_33324884460.jpg,1,Official Apple SDNP ZIP - Flickr reference JSON,Device: D06_iPhone_7_Plus | License: CC BY 2.0 | License URL: https://creativecommons.org/licenses/by/2.0/ | Photo page: https://www.flickr.com/photos/indivisiblesf/33324884460/ | Author: Master Steve Rapport
flickr_referenced/D06_iPhone_7_Plus/D06_iPhone_7_Plus_33423730695.jpg,1,Official Apple SDNP ZIP - Flickr reference JSON,Device: D06_iPhone_7_Plus | License: CC BY 2.0 | License URL: https://creativecommons.org/licenses/by/2.0/ | Photo page: https://www.flickr.com/photos/indivisiblesf/33423730695/ | Author: Master Steve Rapport
flickr_referenced/D06_iPhone_7_Plus/D06_iPhone_7_Plus_33423733055.jpg,1,Official Apple SDNP ZIP - Flickr reference JSON,Device: D06_iPhone_7_Plus | License: CC BY 2.0 | License URL: https://creativecommons.org/licenses/by/2.0/ | Photo page: https://www.flickr.com/photos/indivisiblesf/33423733055/ | Author: Master Steve Rapport
flickr_referenced/D06_iPhone_7_Plus/D06_iPhone_7_Plus_33423733875.jpg,1,Official Apple SDNP ZIP - Flickr reference JSON,Device: D06_iPhone_7_Plus | License: CC BY 2.0 | License URL: https://creativecommons.org/licenses/by/2.0/ | Photo page: https://www.flickr.com/photos/indivisiblesf/33423733875/ | Author: Master Steve Rapport
flickr_referenced/D06_iPhone_7_Plus/D06_iPhone_7_Plus_33426072112.jpg,1,Official Apple SDNP ZIP - Flickr reference JSON,Device: D06_iPhone_7_Plus | License: CC BY 2.0 | License URL: https://creativecommons.org/licenses/by/2.0/ | Photo page: https://www.flickr.com/photos/indivisiblesf/33426072112/ | Author: Master Steve Rapport
flickr_referenced/D06_iPhone_7_Plus/D06_iPhone_7_Plus_33426073512.jpg,1,Official Apple SDNP ZIP - Flickr reference JSON,Device: D06_iPhone_7_Plus | License: CC BY 2.0 | License URL: https://creativecommons.org/licenses/by/2.0/ | Photo page: https://www.flickr.com/photos/indivisiblesf/33426073512/ | Author: Master Steve Rapport
flickr_referenced/D06_iPhone_7_Plus/D06_iPhone_7_Plus_33542216356.jpg,1,Official Apple SDNP ZIP - Flickr reference JSON,Device: D06_iPhone_7_Plus | License: CC BY 2.0 | License URL: https://creativecommons.org/licenses/by/2.0/ | Photo page: https://www.flickr.com/photos/indivisiblesf/33542216356/ | Author: Master Steve Rapport
flickr_referenced/D06_iPhone_7_Plus/D06_iPhone_7_Plus_33542217286.jpg,1,Official Apple SDNP ZIP - Flickr reference JSON,Device: D06_iPhone_7_Plus | License: CC BY 2.0 | License URL: https://creativecommons.org/licenses/by/2.0/ | Photo page: https://www.flickr.com/photos/indivisiblesf/33542217286/ | Author: Master Steve Rapport
flickr_referenced/D06_iPhone_7_Plus/D06_iPhone_7_Plus_33542217776.jpg,1,Official Apple SDNP ZIP - Flickr reference JSON,Device: D06_iPhone_7_Plus | License: CC BY 2.0 | License URL: https://creativecommons.org/licenses/by/2.0/ | Photo page: https://www.flickr.com/photos/indivisiblesf/33542217776/ | Author: Master Steve Rapport
flickr_referenced/D06_iPhone_7_Plus/D06_iPhone_7_Plus_33542218626.jpg,1,Official Apple SDNP ZIP - Flickr reference JSON,Device: D06_iPhone_7_Plus | License: CC BY 2.0 | License URL: https://creativecommons.org/licenses/by/2.0/ | Photo page: https://www.flickr.com/photos/indivisiblesf/33542218626/ | Author: Master Steve Rapport
flickr_referenced/D06_iPhone_7_Plus/D06_iPhone_7_Plus_33542219506.jpg,1,Official Apple SDNP ZIP - Flickr reference JSON,Device: D06_iPhone_7_Plus | License: CC BY 2.0 | License URL: https://creativecommons.org/licenses/by/2.0/ | Photo page: https://www.flickr.com/photos/indivisiblesf/33542219506/ | Author: Master Steve Rapport
flickr_referenced/D06_iPhone_7_Plus/D06_iPhone_7_Plus_33542219896.jpg,1,Official Apple SDNP ZIP - Flickr reference JSON,Device: D06_iPhone_7_Plus | License: CC BY 2.0 | License URL: https://creativecommons.org/licenses/by/2.0/ | Photo page: https://www.flickr.com/photos/indivisiblesf/33542219896/ | Author: Master Steve Rapport
flickr_referenced/D06_iPhone_7_Plus/D06_iPhone_7_Plus_33552753292.jpg,1,Official Apple SDNP ZIP - Flickr reference JSON,Device: D06_iPhone_7_Plus | License: CC BY 2.0 | License URL: https://creativecommons.org/licenses/by/2.0/ | Photo page: https://www.flickr.com/photos/indivisiblesf/33552753292/ | Author: Master Steve Rapport
flickr_referenced/D06_iPhone_7_Plus/D06_iPhone_7_Plus_33690868980.jpg,1,Official Apple SDNP ZIP - Flickr reference JSON,Device: D06_iPhone_7_Plus | License: CC BY 2.0 | License URL: https://creativecommons.org/licenses/by/2.0/ | Photo page: https://www.flickr.com/photos/indivisiblesf/33690868980/ | Author: Master Steve Rapport
flickr_referenced/D06_iPhone_7_Plus/D06_iPhone_7_Plus_33690870820.jpg,1,Official Apple SDNP ZIP - Flickr reference JSON,Device: D06_iPhone_7_Plus | License: CC BY 2.0 | License URL: https://creativecommons.org/licenses/by/2.0/ | Photo page: https://www.flickr.com/photos/indivisiblesf/33690870820/ | Author: Master Steve Rapport
flickr_referenced/D06_iPhone_7_Plus/D06_iPhone_7_Plus_33709047345.jpg,1,Official Apple SDNP ZIP - Flickr reference JSON,Device: D06_iPhone_7_Plus | License: CC BY 2.0 | License URL: https://creativecommons.org/licenses/by/2.0/ | Photo page: https://www.flickr.com/photos/indivisiblesf/33709047345/ | Author: Master Steve Rapport
flickr_referenced/D06_iPhone_7_Plus/D06_iPhone_7_Plus_33709050505.jpg,1,Official Apple SDNP ZIP - Flickr reference JSON,Device: D06_iPhone_7_Plus | License: CC BY 2.0 | License URL: https://creativecommons.org/licenses/by/2.0/ | Photo page: https://www.flickr.com/photos/indivisiblesf/33709050505/ | Author: Master Steve Rapport
flickr_referenced/D06_iPhone_7_Plus/D06_iPhone_7_Plus_33709052455.jpg,1,Official Apple SDNP ZIP - Flickr reference JSON,Device: D06_iPhone_7_Plus | License: CC BY 2.0 | License URL: https://creativecommons.org/licenses/by/2.0/ | Photo page: https://www.flickr.com/photos/indivisiblesf/33709052455/ | Author: Master Steve Rapport
flickr_referenced/D06_iPhone_7_Plus/D06_iPhone_7_Plus_33709052725.jpg,1,Official Apple SDNP ZIP - Flickr reference JSON,Device: D06_iPhone_7_Plus | License: CC BY 2.0 | License URL: https://creativecommons.org/licenses/by/2.0/ | Photo page: https://www.flickr.com/photos/indivisiblesf/33709052725/ | Author: Master Steve Rapport
flickr_referenced/D06_iPhone_7_Plus/D06_iPhone_7_Plus_33709054835.jpg,1,Official Apple SDNP ZIP - Flickr reference JSON,Device: D06_iPhone_7_Plus | License: CC BY 2.0 | License URL: https://creativecommons.org/licenses/by/2.0/ | Photo page: https://www.flickr.com/photos/indivisiblesf/33709054835/ | Author: Master Steve Rapport
flickr_referenced/D06_iPhone_7_Plus/D06_iPhone_7_Plus_33793029211.jpg,1,Official Apple SDNP ZIP - Flickr reference JSON,Device: D06_iPhone_7_Plus | License: CC BY 2.0 | License URL: https://creativecommons.org/licenses/by/2.0/ | Photo page: https://www.flickr.com/photos/indivisiblesf/33793029211/ | Author: Master Steve Rapport
flickr_referenced/D06_iPhone_7_Plus/D06_iPhone_7_Plus_33793031291.jpg,1,Official Apple SDNP ZIP - Flickr reference JSON,Device: D06_iPhone_7_Plus | License: CC BY 2.0 | License URL: https://creativecommons.org/licenses/by/2.0/ | Photo page: https://www.flickr.com/photos/indivisiblesf/33793031291/ | Author: Master Steve Rapport
flickr_referenced/D06_iPhone_7_Plus/D06_iPhone_7_Plus_34034793406.jpg,1,Official Apple SDNP ZIP - Flickr reference JSON,Device: D06_iPhone_7_Plus | License: CC BY 2.0 | License URL: https://creativecommons.org/licenses/by/2.0/ | Photo page: https://www.flickr.com/photos/indivisiblesf/34034793406/ | Author: Master Steve Rapport
flickr_referenced/D06_iPhone_7_Plus/D06_iPhone_7_Plus_34034794916.jpg,1,Official Apple SDNP ZIP - Flickr reference JSON,Device: D06_iPhone_7_Plus | License: CC BY 2.0 | License URL: https://creativecommons.org/licenses/by/2.0/ | Photo page: https://www.flickr.com/photos/indivisiblesf/34034794916/ | Author: Master Steve Rapport
flickr_referenced/D06_iPhone_7_Plus/D06_iPhone_7_Plus_34034796526.jpg,1,Official Apple SDNP ZIP - Flickr reference JSON,Device: D06_iPhone_7_Plus | License: CC BY 2.0 | License URL: https://creativecommons.org/licenses/by/2.0/ | Photo page: https://www.flickr.com/photos/indivisiblesf/34034796526/ | Author: Master Steve Rapport
flickr_referenced/D06_iPhone_7_Plus/D06_iPhone_7_Plus_34034799836.jpg,1,Official Apple SDNP ZIP - Flickr reference JSON,Device: D06_iPhone_7_Plus | License: CC BY 2.0 | License URL: https://creativecommons.org/licenses/by/2.0/ | Photo page: https://www.flickr.com/photos/indivisiblesf/34034799836/ | Author: Master Steve Rapport
flickr_referenced/D06_iPhone_7_Plus/D06_iPhone_7_Plus_34074605675.jpg,1,Official Apple SDNP ZIP - Flickr reference JSON,Device: D06_iPhone_7_Plus | License: CC BY 2.0 | License URL: https://creativecommons.org/licenses/by/2.0/ | Photo page: https://www.flickr.com/photos/indivisiblesf/34074605675/ | Author: Master Steve Rapport
flickr_referenced/D06_iPhone_7_Plus/D06_iPhone_7_Plus_34074606845.jpg,1,Official Apple SDNP ZIP - Flickr reference JSON,Device: D06_iPhone_7_Plus | License: CC BY 2.0 | License URL: https://creativecommons.org/licenses/by/2.0/ | Photo page: https://www.flickr.com/photos/indivisiblesf/34074606845/ | Author: Master Steve Rapport
flickr_referenced/D06_iPhone_7_Plus/D06_iPhone_7_Plus_34074705055.jpg,1,Official Apple SDNP ZIP - Flickr reference JSON,Device: D06_iPhone_7_Plus | License: CC BY 2.0 | License URL: https://creativecommons.org/licenses/by/2.0/ | Photo page: https://www.flickr.com/photos/indivisiblesf/34074705055/ | Author: Master Steve Rapport
flickr_referenced/D06_iPhone_7_Plus/D06_iPhone_7_Plus_34710481730.jpg,1,Official Apple SDNP ZIP - Flickr reference JSON,Device: D06_iPhone_7_Plus | License: CC BY 2.0 | License URL: https://creativecommons.org/licenses/by/2.0/ | Photo page: https://www.flickr.com/photos/indivisiblesf/34710481730/ | Author: Master Steve Rapport
flickr_referenced/D06_iPhone_7_Plus/D06_iPhone_7_Plus_34874526573.jpg,1,Official Apple SDNP ZIP - Flickr reference JSON,Device: D06_iPhone_7_Plus | License: CC BY 2.0 | License URL: https://creativecommons.org/licenses/by/2.0/ | Photo page: https://www.flickr.com/photos/indivisiblesf/34874526573/ | Author: Master Steve Rapport
flickr_referenced/D06_iPhone_7_Plus/D06_iPhone_7_Plus_34874527063.jpg,1,Official Apple SDNP ZIP - Flickr reference JSON,Device: D06_iPhone_7_Plus | License: CC BY 2.0 | License URL: https://creativecommons.org/licenses/by/2.0/ | Photo page: https://www.flickr.com/photos/indivisiblesf/34874527063/ | Author: Master Steve Rapport
flickr_referenced/D06_iPhone_7_Plus/D06_iPhone_7_Plus_34874528073.jpg,1,Official Apple SDNP ZIP - Flickr reference JSON,Device: D06_iPhone_7_Plus | License: CC BY 2.0 | License URL: https://creativecommons.org/licenses/by/2.0/ | Photo page: https://www.flickr.com/photos/indivisiblesf/34874528073/ | Author: Master Steve Rapport
flickr_referenced/D06_iPhone_7_Plus/D06_iPhone_7_Plus_34874528723.jpg,1,Official Apple SDNP ZIP - Flickr reference JSON,Device: D06_iPhone_7_Plus | License: CC BY 2.0 | License URL: https://creativecommons.org/licenses/by/2.0/ | Photo page: https://www.flickr.com/photos/indivisiblesf/34874528723/ | Author: Master Steve Rapport
flickr_referenced/D06_iPhone_7_Plus/D06_iPhone_7_Plus_34966749161.jpg,1,Official Apple SDNP ZIP - Flickr reference JSON,Device: D06_iPhone_7_Plus | License: CC BY 2.0 | License URL: https://creativecommons.org/licenses/by/2.0/ | Photo page: https://www.flickr.com/photos/indivisiblesf/34966749161/ | Author: Master Steve Rapport
flickr_referenced/D06_iPhone_7_Plus/D06_iPhone_7_Plus_34966750231.jpg,1,Official Apple SDNP ZIP - Flickr reference JSON,Device: D06_iPhone_7_Plus | License: CC BY 2.0 | License URL: https://creativecommons.org/licenses/by/2.0/ | Photo page: https://www.flickr.com/photos/indivisiblesf/34966750231/ | Author: Master Steve Rapport
flickr_referenced/D06_iPhone_7_Plus/D06_iPhone_7_Plus_35057420476.jpg,1,Official Apple SDNP ZIP - Flickr reference JSON,Device: D06_iPhone_7_Plus | License: CC BY 2.0 | License URL: https://creativecommons.org/licenses/by/2.0/ | Photo page: https://www.flickr.com/photos/indivisiblesf/35057420476/ | Author: Master Steve Rapport
flickr_referenced/D06_iPhone_7_Plus/D06_iPhone_7_Plus_35644309376.jpg,1,Official Apple SDNP ZIP - Flickr reference JSON,Device: D06_iPhone_7_Plus | License: CC BY 2.0 | License URL: https://creativecommons.org/licenses/by/2.0/ | Photo page: https://www.flickr.com/photos/indivisiblesf/35644309376/ | Author: Master Steve Rapport
flickr_referenced/D06_iPhone_7_Plus/D06_iPhone_7_Plus_35683705985.jpg,1,Official Apple SDNP ZIP - Flickr reference JSON,Device: D06_iPhone_7_Plus | License: CC BY 2.0 | License URL: https://creativecommons.org/licenses/by/2.0/ | Photo page: https://www.flickr.com/photos/indivisiblesf/35683705985/ | Author: Master Steve Rapport
flickr_referenced/D06_iPhone_7_Plus/D06_iPhone_7_Plus_38019556686.jpg,1,Official Apple SDNP ZIP - Flickr reference JSON,Device: D06_iPhone_7_Plus | License: CC BY 2.0 | License URL: https://creativecommons.org/licenses/by/2.0/ | Photo page: https://www.flickr.com/photos/indivisiblesf/38019556686/ | Author: Master Steve Rapport
flickr_referenced/D10_iPhone_8_Plus/D10_iPhone_8_Plus_28124787877.jpg,1,Official Apple SDNP ZIP - Flickr reference JSON,Device: D10_iPhone_8_Plus | License: CC BY 2.0 | License URL: https://creativecommons.org/licenses/by/2.0/ | Photo page: https://www.flickr.com/photos/ellyf/28124787877/ | Author: KalTheBeago
flickr_referenced/D10_iPhone_8_Plus/D10_iPhone_8_Plus_28124823417.jpg,1,Official Apple SDNP ZIP - Flickr reference JSON,Device: D10_iPhone_8_Plus | License: CC BY 2.0 | License URL: https://creativecommons.org/licenses/by/2.0/ | Photo page: https://www.flickr.com/photos/ellyf/28124823417/ | Author: KalTheBeago
flickr_referenced/D10_iPhone_8_Plus/D10_iPhone_8_Plus_28124823717.jpg,1,Official Apple SDNP ZIP - Flickr reference JSON,Device: D10_iPhone_8_Plus | License: CC BY 2.0 | License URL: https://creativecommons.org/licenses/by/2.0/ | Photo page: https://www.flickr.com/photos/ellyf/28124823717/ | Author: KalTheBeago
flickr_referenced/D10_iPhone_8_Plus/D10_iPhone_8_Plus_28124824037.jpg,1,Official Apple SDNP ZIP - Flickr reference JSON,Device: D10_iPhone_8_Plus | License: CC BY 2.0 | License URL: https://creativecommons.org/licenses/by/2.0/ | Photo page: https://www.flickr.com/photos/ellyf/28124824037/ | Author: KalTheBeago
flickr_referenced/D10_iPhone_8_Plus/D10_iPhone_8_Plus_28417220097.jpg,1,Official Apple SDNP ZIP - Flickr reference JSON,Device: D10_iPhone_8_Plus | License: CC BY 2.0 | License URL: https://creativecommons.org/licenses/by/2.0/ | Photo page: https://www.flickr.com/photos/ellyf/28417220097/ | Author: KalTheBeago
flickr_referenced/D10_iPhone_8_Plus/D10_iPhone_8_Plus_28417222057.jpg,1,Official Apple SDNP ZIP - Flickr reference JSON,Device: D10_iPhone_8_Plus | License: CC BY 2.0 | License URL: https://creativecommons.org/licenses/by/2.0/ | Photo page: https://www.flickr.com/photos/ellyf/28417222057/ | Author: KalTheBeago
flickr_referenced/D10_iPhone_8_Plus/D10_iPhone_8_Plus_28500863737.jpg,1,Official Apple SDNP ZIP - Flickr reference JSON,Device: D10_iPhone_8_Plus | License: CC BY 2.0 | License URL: https://creativecommons.org/licenses/by/2.0/ | Photo page: https://www.flickr.com/photos/ellyf/28500863737/ | Author: KalTheBeago
flickr_referenced/D10_iPhone_8_Plus/D10_iPhone_8_Plus_28500918487.jpg,1,Official Apple SDNP ZIP - Flickr reference JSON,Device: D10_iPhone_8_Plus | License: CC BY 2.0 | License URL: https://creativecommons.org/licenses/by/2.0/ | Photo page: https://www.flickr.com/photos/ellyf/28500918487/ | Author: KalTheBeago
flickr_referenced/D10_iPhone_8_Plus/D10_iPhone_8_Plus_29120805638.jpg,1,Official Apple SDNP ZIP - Flickr reference JSON,Device: D10_iPhone_8_Plus | License: CC BY 2.0 | License URL: https://creativecommons.org/licenses/by/2.0/ | Photo page: https://www.flickr.com/photos/ellyf/29120805638/ | Author: KalTheBeago
flickr_referenced/D10_iPhone_8_Plus/D10_iPhone_8_Plus_29120805948.jpg,1,Official Apple SDNP ZIP - Flickr reference JSON,Device: D10_iPhone_8_Plus | License: CC BY 2.0 | License URL: https://creativecommons.org/licenses/by/2.0/ | Photo page: https://www.flickr.com/photos/ellyf/29120805948/ | Author: KalTheBeago
flickr_referenced/D10_iPhone_8_Plus/D10_iPhone_8_Plus_29500160278.jpg,1,Official Apple SDNP ZIP - Flickr reference JSON,Device: D10_iPhone_8_Plus | License: CC BY 2.0 | License URL: https://creativecommons.org/licenses/by/2.0/ | Photo page: https://www.flickr.com/photos/ellyf/29500160278/ | Author: KalTheBeago
flickr_referenced/D10_iPhone_8_Plus/D10_iPhone_8_Plus_29500161148.jpg,1,Official Apple SDNP ZIP - Flickr reference JSON,Device: D10_iPhone_8_Plus | License: CC BY 2.0 | License URL: https://creativecommons.org/licenses/by/2.0/ | Photo page: https://www.flickr.com/photos/ellyf/29500161148/ | Author: KalTheBeago
flickr_referenced/D10_iPhone_8_Plus/D10_iPhone_8_Plus_29500161518.jpg,1,Official Apple SDNP ZIP - Flickr reference JSON,Device: D10_iPhone_8_Plus | License: CC BY 2.0 | License URL: https://creativecommons.org/licenses/by/2.0/ | Photo page: https://www.flickr.com/photos/ellyf/29500161518/ | Author: KalTheBeago
flickr_referenced/D10_iPhone_8_Plus/D10_iPhone_8_Plus_41182708700.jpg,1,Official Apple SDNP ZIP - Flickr reference JSON,Device: D10_iPhone_8_Plus | License: CC BY 2.0 | License URL: https://creativecommons.org/licenses/by/2.0/ | Photo page: https://www.flickr.com/photos/ellyf/41182708700/ | Author: KalTheBeago
flickr_referenced/D10_iPhone_8_Plus/D10_iPhone_8_Plus_41476701580.jpg,1,Official Apple SDNP ZIP - Flickr reference JSON,Device: D10_iPhone_8_Plus | License: CC BY 2.0 | License URL: https://creativecommons.org/licenses/by/2.0/ | Photo page: https://www.flickr.com/photos/ellyf/41476701580/ | Author: KalTheBeago
flickr_referenced/D10_iPhone_8_Plus/D10_iPhone_8_Plus_41476701660.jpg,1,Official Apple SDNP ZIP - Flickr reference JSON,Device: D10_iPhone_8_Plus | License: CC BY 2.0 | License URL: https://creativecommons.org/licenses/by/2.0/ | Photo page: https://www.flickr.com/photos/ellyf/41476701660/ | Author: KalTheBeago
flickr_referenced/D10_iPhone_8_Plus/D10_iPhone_8_Plus_41476701840.jpg,1,Official Apple SDNP ZIP - Flickr reference JSON,Device: D10_iPhone_8_Plus | License: CC BY 2.0 | License URL: https://creativecommons.org/licenses/by/2.0/ | Photo page: https://www.flickr.com/photos/ellyf/41476701840/ | Author: KalTheBeago
flickr_referenced/D10_iPhone_8_Plus/D10_iPhone_8_Plus_41476703180.jpg,1,Official Apple SDNP ZIP - Flickr reference JSON,Device: D10_iPhone_8_Plus | License: CC BY 2.0 | License URL: https://creativecommons.org/licenses/by/2.0/ | Photo page: https://www.flickr.com/photos/ellyf/41476703180/ | Author: KalTheBeago
flickr_referenced/D10_iPhone_8_Plus/D10_iPhone_8_Plus_41476708350.jpg,1,Official Apple SDNP ZIP - Flickr reference JSON,Device: D10_iPhone_8_Plus | License: CC BY 2.0 | License URL: https://creativecommons.org/licenses/by/2.0/ | Photo page: https://www.flickr.com/photos/ellyf/41476708350/ | Author: KalTheBeago
flickr_referenced/D10_iPhone_8_Plus/D10_iPhone_8_Plus_41476708980.jpg,1,Official Apple SDNP ZIP - Flickr reference JSON,Device: D10_iPhone_8_Plus | License: CC BY 2.0 | License URL: https://creativecommons.org/licenses/by/2.0/ | Photo page: https://www.flickr.com/photos/ellyf/41476708980/ | Author: KalTheBeago
flickr_referenced/D10_iPhone_8_Plus/D10_iPhone_8_Plus_42274504364.jpg,1,Official Apple SDNP ZIP - Flickr reference JSON,Device: D10_iPhone_8_Plus | License: CC BY 2.0 | License URL: https://creativecommons.org/licenses/by/2.0/ | Photo page: https://www.flickr.com/photos/ellyf/42274504364/ | Author: KalTheBeago
flickr_referenced/D10_iPhone_8_Plus/D10_iPhone_8_Plus_42382950165.jpg,1,Official Apple SDNP ZIP - Flickr reference JSON,Device: D10_iPhone_8_Plus | License: CC BY 2.0 | License URL: https://creativecommons.org/licenses/by/2.0/ | Photo page: https://www.flickr.com/photos/ellyf/42382950165/ | Author: KalTheBeago
flickr_referenced/D10_iPhone_8_Plus/D10_iPhone_8_Plus_42382950385.jpg,1,Official Apple SDNP ZIP - Flickr reference JSON,Device: D10_iPhone_8_Plus | License: CC BY 2.0 | License URL: https://creativecommons.org/licenses/by/2.0/ | Photo page: https://www.flickr.com/photos/ellyf/42382950385/ | Author: KalTheBeago
flickr_referenced/D10_iPhone_8_Plus/D10_iPhone_8_Plus_42382950395.jpg,1,Official Apple SDNP ZIP - Flickr reference JSON,Device: D10_iPhone_8_Plus | License: CC BY 2.0 | License URL: https://creativecommons.org/licenses/by/2.0/ | Photo page: https://www.flickr.com/photos/ellyf/42382950395/ | Author: KalTheBeago
flickr_referenced/D10_iPhone_8_Plus/D10_iPhone_8_Plus_42382950415.jpg,1,Official Apple SDNP ZIP - Flickr reference JSON,Device: D10_iPhone_8_Plus | License: CC BY 2.0 | License URL: https://creativecommons.org/licenses/by/2.0/ | Photo page: https://www.flickr.com/photos/ellyf/42382950415/ | Author: KalTheBeago
flickr_referenced/D10_iPhone_8_Plus/D10_iPhone_8_Plus_42382950445.jpg,1,Official Apple SDNP ZIP - Flickr reference JSON,Device: D10_iPhone_8_Plus | License: CC BY 2.0 | License URL: https://creativecommons.org/licenses/by/2.0/ | Photo page: https://www.flickr.com/photos/ellyf/42382950445/ | Author: KalTheBeago
flickr_referenced/D10_iPhone_8_Plus/D10_iPhone_8_Plus_42382950595.jpg,1,Official Apple SDNP ZIP - Flickr reference JSON,Device: D10_iPhone_8_Plus | License: CC BY 2.0 | License URL: https://creativecommons.org/licenses/by/2.0/ | Photo page: https://www.flickr.com/photos/ellyf/42382950595/ | Author: KalTheBeago
flickr_referenced/D10_iPhone_8_Plus/D10_iPhone_8_Plus_42382956095.jpg,1,Official Apple SDNP ZIP - Flickr reference JSON,Device: D10_iPhone_8_Plus | License: CC BY 2.0 | License URL: https://creativecommons.org/licenses/by/2.0/ | Photo page: https://www.flickr.com/photos/ellyf/42382956095/ | Author: KalTheBeago
flickr_referenced/D10_iPhone_8_Plus/D10_iPhone_8_Plus_42382956385.jpg,1,Official Apple SDNP ZIP - Flickr reference JSON,Device: D10_iPhone_8_Plus | License: CC BY 2.0 | License URL: https://creativecommons.org/licenses/by/2.0/ | Photo page: https://www.flickr.com/photos/ellyf/42382956385/ | Author: KalTheBeago
flickr_referenced/D10_iPhone_8_Plus/D10_iPhone_8_Plus_42382956485.jpg,1,Official Apple SDNP ZIP - Flickr reference JSON,Device: D10_iPhone_8_Plus | License: CC BY 2.0 | License URL: https://creativecommons.org/licenses/by/2.0/ | Photo page: https://www.flickr.com/photos/ellyf/42382956485/ | Author: KalTheBeago
flickr_referenced/D10_iPhone_8_Plus/D10_iPhone_8_Plus_42382957015.jpg,1,Official Apple SDNP ZIP - Flickr reference JSON,Device: D10_iPhone_8_Plus | License: CC BY 2.0 | License URL: https://creativecommons.org/licenses/by/2.0/ | Photo page: https://www.flickr.com/photos/ellyf/42382957015/ | Author: KalTheBeago
flickr_referenced/D10_iPhone_8_Plus/D10_iPhone_8_Plus_42382962535.jpg,1,Official Apple SDNP ZIP - Flickr reference JSON,Device: D10_iPhone_8_Plus | License: CC BY 2.0 | License URL: https://creativecommons.org/licenses/by/2.0/ | Photo page: https://www.flickr.com/photos/ellyf/42382962535/ | Author: KalTheBeago
flickr_referenced/D10_iPhone_8_Plus/D10_iPhone_8_Plus_42382962795.jpg,1,Official Apple SDNP ZIP - Flickr reference JSON,Device: D10_iPhone_8_Plus | License: CC BY 2.0 | License URL: https://creativecommons.org/licenses/by/2.0/ | Photo page: https://www.flickr.com/photos/ellyf/42382962795/ | Author: KalTheBeago
flickr_referenced/D10_iPhone_8_Plus/D10_iPhone_8_Plus_42382963285.jpg,1,Official Apple SDNP ZIP - Flickr reference JSON,Device: D10_iPhone_8_Plus | License: CC BY 2.0 | License URL: https://creativecommons.org/licenses/by/2.0/ | Photo page: https://www.flickr.com/photos/ellyf/42382963285/ | Author: KalTheBeago
flickr_referenced/D10_iPhone_8_Plus/D10_iPhone_8_Plus_42382963615.jpg,1,Official Apple SDNP ZIP - Flickr reference JSON,Device: D10_iPhone_8_Plus | License: CC BY 2.0 | License URL: https://creativecommons.org/licenses/by/2.0/ | Photo page: https://www.flickr.com/photos/ellyf/42382963615/ | Author: KalTheBeago
flickr_referenced/D10_iPhone_8_Plus/D10_iPhone_8_Plus_42466171875.jpg,1,Official Apple SDNP ZIP - Flickr reference JSON,Device: D10_iPhone_8_Plus | License: CC BY 2.0 | License URL: https://creativecommons.org/licenses/by/2.0/ | Photo page: https://www.flickr.com/photos/ellyf/42466171875/ | Author: KalTheBeago
flickr_referenced/D10_iPhone_8_Plus/D10_iPhone_8_Plus_42466171975.jpg,1,Official Apple SDNP ZIP - Flickr reference JSON,Device: D10_iPhone_8_Plus | License: CC BY 2.0 | License URL: https://creativecommons.org/licenses/by/2.0/ | Photo page: https://www.flickr.com/photos/ellyf/42466171975/ | Author: KalTheBeago
flickr_referenced/D10_iPhone_8_Plus/D10_iPhone_8_Plus_42466171995.jpg,1,Official Apple SDNP ZIP - Flickr reference JSON,Device: D10_iPhone_8_Plus | License: CC BY 2.0 | License URL: https://creativecommons.org/licenses/by/2.0/ | Photo page: https://www.flickr.com/photos/ellyf/42466171995/ | Author: KalTheBeago
flickr_referenced/D10_iPhone_8_Plus/D10_iPhone_8_Plus_42466172045.jpg,1,Official Apple SDNP ZIP - Flickr reference JSON,Device: D10_iPhone_8_Plus | License: CC BY 2.0 | License URL: https://creativecommons.org/licenses/by/2.0/ | Photo page: https://www.flickr.com/photos/ellyf/42466172045/ | Author: KalTheBeago
flickr_referenced/D10_iPhone_8_Plus/D10_iPhone_8_Plus_42466175205.jpg,1,Official Apple SDNP ZIP - Flickr reference JSON,Device: D10_iPhone_8_Plus | License: CC BY 2.0 | License URL: https://creativecommons.org/licenses/by/2.0/ | Photo page: https://www.flickr.com/photos/ellyf/42466175205/ | Author: KalTheBeago
flickr_referenced/D10_iPhone_8_Plus/D10_iPhone_8_Plus_42568489884.jpg,1,Official Apple SDNP ZIP - Flickr reference JSON,Device: D10_iPhone_8_Plus | License: CC BY 2.0 | License URL: https://creativecommons.org/licenses/by/2.0/ | Photo page: https://www.flickr.com/photos/ellyf/42568489884/ | Author: KalTheBeago
flickr_referenced/D10_iPhone_8_Plus/D10_iPhone_8_Plus_42568490354.jpg,1,Official Apple SDNP ZIP - Flickr reference JSON,Device: D10_iPhone_8_Plus | License: CC BY 2.0 | License URL: https://creativecommons.org/licenses/by/2.0/ | Photo page: https://www.flickr.com/photos/ellyf/42568490354/ | Author: KalTheBeago
flickr_referenced/D10_iPhone_8_Plus/D10_iPhone_8_Plus_42568491494.jpg,1,Official Apple SDNP ZIP - Flickr reference JSON,Device: D10_iPhone_8_Plus | License: CC BY 2.0 | License URL: https://creativecommons.org/licenses/by/2.0/ | Photo page: https://www.flickr.com/photos/ellyf/42568491494/ | Author: KalTheBeago
flickr_referenced/D10_iPhone_8_Plus/D10_iPhone_8_Plus_42568496454.jpg,1,Official Apple SDNP ZIP - Flickr reference JSON,Device: D10_iPhone_8_Plus | License: CC BY 2.0 | License URL: https://creativecommons.org/licenses/by/2.0/ | Photo page: https://www.flickr.com/photos/ellyf/42568496454/ | Author: KalTheBeago
flickr_referenced/D10_iPhone_8_Plus/D10_iPhone_8_Plus_42653722014.jpg,1,Official Apple SDNP ZIP - Flickr reference JSON,Device: D10_iPhone_8_Plus | License: CC BY 2.0 | License URL: https://creativecommons.org/licenses/by/2.0/ | Photo page: https://www.flickr.com/photos/ellyf/42653722014/ | Author: KalTheBeago
flickr_referenced/D10_iPhone_8_Plus/D10_iPhone_8_Plus_42653723424.jpg,1,Official Apple SDNP ZIP - Flickr reference JSON,Device: D10_iPhone_8_Plus | License: CC BY 2.0 | License URL: https://creativecommons.org/licenses/by/2.0/ | Photo page: https://www.flickr.com/photos/ellyf/42653723424/ | Author: KalTheBeago
flickr_referenced/D10_iPhone_8_Plus/D10_iPhone_8_Plus_42992887281.jpg,1,Official Apple SDNP ZIP - Flickr reference JSON,Device: D10_iPhone_8_Plus | License: CC BY 2.0 | License URL: https://creativecommons.org/licenses/by/2.0/ | Photo page: https://www.flickr.com/photos/ellyf/42992887281/ | Author: KalTheBeago
flickr_referenced/D10_iPhone_8_Plus/D10_iPhone_8_Plus_43237306492.jpg,1,Official Apple SDNP ZIP - Flickr reference JSON,Device: D10_iPhone_8_Plus | License: CC BY 2.0 | License URL: https://creativecommons.org/licenses/by/2.0/ | Photo page: https://www.flickr.com/photos/ellyf/43237306492/ | Author: KalTheBeago
flickr_referenced/D10_iPhone_8_Plus/D10_iPhone_8_Plus_43237306532.jpg,1,Official Apple SDNP ZIP - Flickr reference JSON,Device: D10_iPhone_8_Plus | License: CC BY 2.0 | License URL: https://creativecommons.org/licenses/by/2.0/ | Photo page: https://www.flickr.com/photos/ellyf/43237306532/ | Author: KalTheBeago
flickr_referenced/D10_iPhone_8_Plus/D10_iPhone_8_Plus_43237307032.jpg,1,Official Apple SDNP ZIP - Flickr reference JSON,Device: D10_iPhone_8_Plus | License: CC BY 2.0 | License URL: https://creativecommons.org/licenses/by/2.0/ | Photo page: https://www.flickr.com/photos/ellyf/43237307032/ | Author: KalTheBeago
flickr_referenced/D10_iPhone_8_Plus/D10_iPhone_8_Plus_43237311332.jpg,1,Official Apple SDNP ZIP - Flickr reference JSON,Device: D10_iPhone_8_Plus | License: CC BY 2.0 | License URL: https://creativecommons.org/licenses/by/2.0/ | Photo page: https://www.flickr.com/photos/ellyf/43237311332/ | Author: KalTheBeago
flickr_referenced/D10_iPhone_8_Plus/D10_iPhone_8_Plus_43237311902.jpg,1,Official Apple SDNP ZIP - Flickr reference JSON,Device: D10_iPhone_8_Plus | License: CC BY 2.0 | License URL: https://creativecommons.org/licenses/by/2.0/ | Photo page: https://www.flickr.com/photos/ellyf/43237311902/ | Author: KalTheBeago
flickr_referenced/D10_iPhone_8_Plus/D10_iPhone_8_Plus_43237312242.jpg,1,Official Apple SDNP ZIP - Flickr reference JSON,Device: D10_iPhone_8_Plus | License: CC BY 2.0 | License URL: https://creativecommons.org/licenses/by/2.0/ | Photo page: https://www.flickr.com/photos/ellyf/43237312242/ | Author: KalTheBeago
flickr_referenced/D10_iPhone_8_Plus/D10_iPhone_8_Plus_43286603591.jpg,1,Official Apple SDNP ZIP - Flickr reference JSON,Device: D10_iPhone_8_Plus | License: CC BY 2.0 | License URL: https://creativecommons.org/licenses/by/2.0/ | Photo page: https://www.flickr.com/photos/ellyf/43286603591/ | Author: KalTheBeago
flickr_referenced/D10_iPhone_8_Plus/D10_iPhone_8_Plus_43286604941.jpg,1,Official Apple SDNP ZIP - Flickr reference JSON,Device: D10_iPhone_8_Plus | License: CC BY 2.0 | License URL: https://creativecommons.org/licenses/by/2.0/ | Photo page: https://www.flickr.com/photos/ellyf/43286604941/ | Author: KalTheBeago
flickr_referenced/D10_iPhone_8_Plus/D10_iPhone_8_Plus_43286608361.jpg,1,Official Apple SDNP ZIP - Flickr reference JSON,Device: D10_iPhone_8_Plus | License: CC BY 2.0 | License URL: https://creativecommons.org/licenses/by/2.0/ | Photo page: https://www.flickr.com/photos/ellyf/43286608361/ | Author: KalTheBeago
flickr_referenced/D10_iPhone_8_Plus/D10_iPhone_8_Plus_43286609191.jpg,1,Official Apple SDNP ZIP - Flickr reference JSON,Device: D10_iPhone_8_Plus | License: CC BY 2.0 | License URL: https://creativecommons.org/licenses/by/2.0/ | Photo page: https://www.flickr.com/photos/ellyf/43286609191/ | Author: KalTheBeago
flickr_referenced/D10_iPhone_8_Plus/D10_iPhone_8_Plus_43286610151.jpg,1,Official Apple SDNP ZIP - Flickr reference JSON,Device: D10_iPhone_8_Plus | License: CC BY 2.0 | License URL: https://creativecommons.org/licenses/by/2.0/ | Photo page: https://www.flickr.com/photos/ellyf/43286610151/ | Author: KalTheBeago
flickr_referenced/D10_iPhone_8_Plus/D10_iPhone_8_Plus_43286610431.jpg,1,Official Apple SDNP ZIP - Flickr reference JSON,Device: D10_iPhone_8_Plus | License: CC BY 2.0 | License URL: https://creativecommons.org/licenses/by/2.0/ | Photo page: https://www.flickr.com/photos/ellyf/43286610431/ | Author: KalTheBeago
flickr_referenced/D10_iPhone_8_Plus/D10_iPhone_8_Plus_43321809692.jpg,1,Official Apple SDNP ZIP - Flickr reference JSON,Device: D10_iPhone_8_Plus | License: CC BY 2.0 | License URL: https://creativecommons.org/licenses/by/2.0/ | Photo page: https://www.flickr.com/photos/ellyf/43321809692/ | Author: KalTheBeago
flickr_referenced/D10_iPhone_8_Plus/D10_iPhone_8_Plus_43370368381.jpg,1,Official Apple SDNP ZIP - Flickr reference JSON,Device: D10_iPhone_8_Plus | License: CC BY 2.0 | License URL: https://creativecommons.org/licenses/by/2.0/ | Photo page: https://www.flickr.com/photos/ellyf/43370368381/ | Author: KalTheBeago
flickr_referenced/D11_iPhone_8_Plus/D11_iPhone_8_Plus_25595287527.jpg,1,Official Apple SDNP ZIP - Flickr reference JSON,Device: D11_iPhone_8_Plus | License: CC BY-NC 2.0 | License URL: https://creativecommons.org/licenses/by-nc/2.0/ | Photo page: https://www.flickr.com/photos/kino/25595287527/ | Author: Mike Klassen
flickr_referenced/D11_iPhone_8_Plus/D11_iPhone_8_Plus_25595289547.jpg,1,Official Apple SDNP ZIP - Flickr reference JSON,Device: D11_iPhone_8_Plus | License: CC BY-NC 2.0 | License URL: https://creativecommons.org/licenses/by-nc/2.0/ | Photo page: https://www.flickr.com/photos/kino/25595289547/ | Author: Mike Klassen
flickr_referenced/D11_iPhone_8_Plus/D11_iPhone_8_Plus_25595289597.jpg,1,Official Apple SDNP ZIP - Flickr reference JSON,Device: D11_iPhone_8_Plus | License: CC BY-NC 2.0 | License URL: https://creativecommons.org/licenses/by-nc/2.0/ | Photo page: https://www.flickr.com/photos/kino/25595289597/ | Author: Mike Klassen
flickr_referenced/D11_iPhone_8_Plus/D11_iPhone_8_Plus_25595289767.jpg,1,Official Apple SDNP ZIP - Flickr reference JSON,Device: D11_iPhone_8_Plus | License: CC BY-NC 2.0 | License URL: https://creativecommons.org/licenses/by-nc/2.0/ | Photo page: https://www.flickr.com/photos/kino/25595289767/ | Author: Mike Klassen
flickr_referenced/D11_iPhone_8_Plus/D11_iPhone_8_Plus_26595593638.jpg,1,Official Apple SDNP ZIP - Flickr reference JSON,Device: D11_iPhone_8_Plus | License: CC BY-NC 2.0 | License URL: https://creativecommons.org/licenses/by-nc/2.0/ | Photo page: https://www.flickr.com/photos/kino/26595593638/ | Author: Mike Klassen
flickr_referenced/D11_iPhone_8_Plus/D11_iPhone_8_Plus_26595593718.jpg,1,Official Apple SDNP ZIP - Flickr reference JSON,Device: D11_iPhone_8_Plus | License: CC BY-NC 2.0 | License URL: https://creativecommons.org/licenses/by-nc/2.0/ | Photo page: https://www.flickr.com/photos/kino/26595593718/ | Author: Mike Klassen
flickr_referenced/D11_iPhone_8_Plus/D11_iPhone_8_Plus_26595594378.jpg,1,Official Apple SDNP ZIP - Flickr reference JSON,Device: D11_iPhone_8_Plus | License: CC BY-NC 2.0 | License URL: https://creativecommons.org/licenses/by-nc/2.0/ | Photo page: https://www.flickr.com/photos/kino/26595594378/ | Author: Mike Klassen
flickr_referenced/D11_iPhone_8_Plus/D11_iPhone_8_Plus_26597793248.jpg,1,Official Apple SDNP ZIP - Flickr reference JSON,Device: D11_iPhone_8_Plus | License: CC BY-NC 2.0 | License URL: https://creativecommons.org/licenses/by-nc/2.0/ | Photo page: https://www.flickr.com/photos/kino/26597793248/ | Author: Mike Klassen
flickr_referenced/D11_iPhone_8_Plus/D11_iPhone_8_Plus_26597793748.jpg,1,Official Apple SDNP ZIP - Flickr reference JSON,Device: D11_iPhone_8_Plus | License: CC BY-NC 2.0 | License URL: https://creativecommons.org/licenses/by-nc/2.0/ | Photo page: https://www.flickr.com/photos/kino/26597793748/ | Author: Mike Klassen
flickr_referenced/D11_iPhone_8_Plus/D11_iPhone_8_Plus_38655943590.jpg,1,Official Apple SDNP ZIP - Flickr reference JSON,Device: D11_iPhone_8_Plus | License: CC BY-NC 2.0 | License URL: https://creativecommons.org/licenses/by-nc/2.0/ | Photo page: https://www.flickr.com/photos/kino/38655943590/ | Author: Mike Klassen
flickr_referenced/D11_iPhone_8_Plus/D11_iPhone_8_Plus_38658105280.jpg,1,Official Apple SDNP ZIP - Flickr reference JSON,Device: D11_iPhone_8_Plus | License: CC BY-NC 2.0 | License URL: https://creativecommons.org/licenses/by-nc/2.0/ | Photo page: https://www.flickr.com/photos/kino/38658105280/ | Author: Mike Klassen
flickr_referenced/D11_iPhone_8_Plus/D11_iPhone_8_Plus_38658108310.jpg,1,Official Apple SDNP ZIP - Flickr reference JSON,Device: D11_iPhone_8_Plus | License: CC BY-NC 2.0 | License URL: https://creativecommons.org/licenses/by-nc/2.0/ | Photo page: https://www.flickr.com/photos/kino/38658108310/ | Author: Mike Klassen
flickr_referenced/D11_iPhone_8_Plus/D11_iPhone_8_Plus_38658110770.jpg,1,Official Apple SDNP ZIP - Flickr reference JSON,Device: D11_iPhone_8_Plus | License: CC BY-NC 2.0 | License URL: https://creativecommons.org/licenses/by-nc/2.0/ | Photo page: https://www.flickr.com/photos/kino/38658110770/ | Author: Mike Klassen
flickr_referenced/D11_iPhone_8_Plus/D11_iPhone_8_Plus_39570494505.jpg,1,Official Apple SDNP ZIP - Flickr reference JSON,Device: D11_iPhone_8_Plus | License: CC BY-NC 2.0 | License URL: https://creativecommons.org/licenses/by-nc/2.0/ | Photo page: https://www.flickr.com/photos/kino/39570494505/ | Author: Mike Klassen
flickr_referenced/D11_iPhone_8_Plus/D11_iPhone_8_Plus_39570494905.jpg,1,Official Apple SDNP ZIP - Flickr reference JSON,Device: D11_iPhone_8_Plus | License: CC BY-NC 2.0 | License URL: https://creativecommons.org/licenses/by-nc/2.0/ | Photo page: https://www.flickr.com/photos/kino/39570494905/ | Author: Mike Klassen
flickr_referenced/D11_iPhone_8_Plus/D11_iPhone_8_Plus_40424967512.jpg,1,Official Apple SDNP ZIP - Flickr reference JSON,Device: D11_iPhone_8_Plus | License: CC BY-NC 2.0 | License URL: https://creativecommons.org/licenses/by-nc/2.0/ | Photo page: https://www.flickr.com/photos/kino/40424967512/ | Author: Mike Klassen
flickr_referenced/D11_iPhone_8_Plus/D11_iPhone_8_Plus_40466258391.jpg,1,Official Apple SDNP ZIP - Flickr reference JSON,Device: D11_iPhone_8_Plus | License: CC BY-NC 2.0 | License URL: https://creativecommons.org/licenses/by-nc/2.0/ | Photo page: https://www.flickr.com/photos/kino/40466258391/ | Author: Mike Klassen
flickr_referenced/D17_iPhone_X/D17_iPhone_X_28643913787.jpg,1,Official Apple SDNP ZIP - Flickr reference JSON,Device: D17_iPhone_X | License: CC BY 2.0 | License URL: https://creativecommons.org/licenses/by/2.0/ | Photo page: https://www.flickr.com/photos/indivisiblesf/28643913787/ | Author: Master Steve Rapport
flickr_referenced/D17_iPhone_X/D17_iPhone_X_28643985937.jpg,1,Official Apple SDNP ZIP - Flickr reference JSON,Device: D17_iPhone_X | License: CC BY 2.0 | License URL: https://creativecommons.org/licenses/by/2.0/ | Photo page: https://www.flickr.com/photos/indivisiblesf/28643985937/ | Author: Master Steve Rapport
flickr_referenced/D17_iPhone_X/D17_iPhone_X_28643991617.jpg,1,Official Apple SDNP ZIP - Flickr reference JSON,Device: D17_iPhone_X | License: CC BY 2.0 | License URL: https://creativecommons.org/licenses/by/2.0/ | Photo page: https://www.flickr.com/photos/indivisiblesf/28643991617/ | Author: Master Steve Rapport
flickr_referenced/D17_iPhone_X/D17_iPhone_X_28644378137.jpg,1,Official Apple SDNP ZIP - Flickr reference JSON,Device: D17_iPhone_X | License: CC BY 2.0 | License URL: https://creativecommons.org/licenses/by/2.0/ | Photo page: https://www.flickr.com/photos/indivisiblesf/28644378137/ | Author: Master Steve Rapport
flickr_referenced/D17_iPhone_X/D17_iPhone_X_28644378417.jpg,1,Official Apple SDNP ZIP - Flickr reference JSON,Device: D17_iPhone_X | License: CC BY 2.0 | License URL: https://creativecommons.org/licenses/by/2.0/ | Photo page: https://www.flickr.com/photos/indivisiblesf/28644378417/ | Author: Master Steve Rapport
flickr_referenced/D17_iPhone_X/D17_iPhone_X_29660046088.jpg,1,Official Apple SDNP ZIP - Flickr reference JSON,Device: D17_iPhone_X | License: CC BY 2.0 | License URL: https://creativecommons.org/licenses/by/2.0/ | Photo page: https://www.flickr.com/photos/indivisiblesf/29660046088/ | Author: Master Steve Rapport
flickr_referenced/D17_iPhone_X/D17_iPhone_X_29660047018.jpg,1,Official Apple SDNP ZIP - Flickr reference JSON,Device: D17_iPhone_X | License: CC BY 2.0 | License URL: https://creativecommons.org/licenses/by/2.0/ | Photo page: https://www.flickr.com/photos/indivisiblesf/29660047018/ | Author: Master Steve Rapport
flickr_referenced/D17_iPhone_X/D17_iPhone_X_29775534008.jpg,1,Official Apple SDNP ZIP - Flickr reference JSON,Device: D17_iPhone_X | License: CC BY 2.0 | License URL: https://creativecommons.org/licenses/by/2.0/ | Photo page: https://www.flickr.com/photos/indivisiblesf/29775534008/ | Author: Master Steve Rapport
flickr_referenced/D17_iPhone_X/D17_iPhone_X_41722992700.jpg,1,Official Apple SDNP ZIP - Flickr reference JSON,Device: D17_iPhone_X | License: CC BY 2.0 | License URL: https://creativecommons.org/licenses/by/2.0/ | Photo page: https://www.flickr.com/photos/indivisiblesf/41722992700/ | Author: Master Steve Rapport
flickr_referenced/D17_iPhone_X/D17_iPhone_X_41723293220.jpg,1,Official Apple SDNP ZIP - Flickr reference JSON,Device: D17_iPhone_X | License: CC BY 2.0 | License URL: https://creativecommons.org/licenses/by/2.0/ | Photo page: https://www.flickr.com/photos/indivisiblesf/41723293220/ | Author: Master Steve Rapport
flickr_referenced/D17_iPhone_X/D17_iPhone_X_41723441030.jpg,1,Official Apple SDNP ZIP - Flickr reference JSON,Device: D17_iPhone_X | License: CC BY 2.0 | License URL: https://creativecommons.org/licenses/by/2.0/ | Photo page: https://www.flickr.com/photos/indivisiblesf/41723441030/ | Author: Master Steve Rapport
flickr_referenced/D17_iPhone_X/D17_iPhone_X_41723492620.jpg,1,Official Apple SDNP ZIP - Flickr reference JSON,Device: D17_iPhone_X | License: CC BY 2.0 | License URL: https://creativecommons.org/licenses/by/2.0/ | Photo page: https://www.flickr.com/photos/indivisiblesf/41723492620/ | Author: Master Steve Rapport
flickr_referenced/D17_iPhone_X/D17_iPhone_X_42626822215.jpg,1,Official Apple SDNP ZIP - Flickr reference JSON,Device: D17_iPhone_X | License: CC BY 2.0 | License URL: https://creativecommons.org/licenses/by/2.0/ | Photo page: https://www.flickr.com/photos/indivisiblesf/42626822215/ | Author: Master Steve Rapport
flickr_referenced/D17_iPhone_X/D17_iPhone_X_42627075685.jpg,1,Official Apple SDNP ZIP - Flickr reference JSON,Device: D17_iPhone_X | License: CC BY 2.0 | License URL: https://creativecommons.org/licenses/by/2.0/ | Photo page: https://www.flickr.com/photos/indivisiblesf/42627075685/ | Author: Master Steve Rapport
flickr_referenced/D17_iPhone_X/D17_iPhone_X_42814343844.jpg,1,Official Apple SDNP ZIP - Flickr reference JSON,Device: D17_iPhone_X | License: CC BY 2.0 | License URL: https://creativecommons.org/licenses/by/2.0/ | Photo page: https://www.flickr.com/photos/indivisiblesf/42814343844/ | Author: Master Steve Rapport
flickr_referenced/D17_iPhone_X/D17_iPhone_X_42814448804.jpg,1,Official Apple SDNP ZIP - Flickr reference JSON,Device: D17_iPhone_X | License: CC BY 2.0 | License URL: https://creativecommons.org/licenses/by/2.0/ | Photo page: https://www.flickr.com/photos/indivisiblesf/42814448804/ | Author: Master Steve Rapport
flickr_referenced/D17_iPhone_X/D17_iPhone_X_42814596094.jpg,1,Official Apple SDNP ZIP - Flickr reference JSON,Device: D17_iPhone_X | License: CC BY 2.0 | License URL: https://creativecommons.org/licenses/by/2.0/ | Photo page: https://www.flickr.com/photos/indivisiblesf/42814596094/ | Author: Master Steve Rapport
flickr_referenced/D17_iPhone_X/D17_iPhone_X_43484018162.jpg,1,Official Apple SDNP ZIP - Flickr reference JSON,Device: D17_iPhone_X | License: CC BY 2.0 | License URL: https://creativecommons.org/licenses/by/2.0/ | Photo page: https://www.flickr.com/photos/indivisiblesf/43484018162/ | Author: Master Steve Rapport
flickr_referenced/D17_iPhone_X/D17_iPhone_X_43484074592.jpg,1,Official Apple SDNP ZIP - Flickr reference JSON,Device: D17_iPhone_X | License: CC BY 2.0 | License URL: https://creativecommons.org/licenses/by/2.0/ | Photo page: https://www.flickr.com/photos/indivisiblesf/43484074592/ | Author: Master Steve Rapport
flickr_referenced/D17_iPhone_X/D17_iPhone_X_43531445621.jpg,1,Official Apple SDNP ZIP - Flickr reference JSON,Device: D17_iPhone_X | License: CC BY 2.0 | License URL: https://creativecommons.org/licenses/by/2.0/ | Photo page: https://www.flickr.com/photos/indivisiblesf/43531445621/ | Author: Master Steve Rapport
flickr_referenced/D17_iPhone_X/D17_iPhone_X_43531837951.jpg,1,Official Apple SDNP ZIP - Flickr reference JSON,Device: D17_iPhone_X | License: CC BY 2.0 | License URL: https://creativecommons.org/licenses/by/2.0/ | Photo page: https://www.flickr.com/photos/indivisiblesf/43531837951/ | Author: Master Steve Rapport
flickr_referenced/D17_iPhone_X/D17_iPhone_X_43531918701.jpg,1,Official Apple SDNP ZIP - Flickr reference JSON,Device: D17_iPhone_X | License: CC BY 2.0 | License URL: https://creativecommons.org/licenses/by/2.0/ | Photo page: https://www.flickr.com/photos/indivisiblesf/43531918701/ | Author: Master Steve Rapport
flickr_referenced/D18_iPhone_X/D18_iPhone_X_28320466008.jpg,1,Official Apple SDNP ZIP - Flickr reference JSON,Device: D18_iPhone_X | License: Public Domain Mark | License URL: https://creativecommons.org/publicdomain/mark/1.0/ | Photo page: https://www.flickr.com/photos/sky126/28320466008/ | Author: Ming-hsien Lin
flickr_referenced/D18_iPhone_X/D18_iPhone_X_28320466678.jpg,1,Official Apple SDNP ZIP - Flickr reference JSON,Device: D18_iPhone_X | License: Public Domain Mark | License URL: https://creativecommons.org/publicdomain/mark/1.0/ | Photo page: https://www.flickr.com/photos/sky126/28320466678/ | Author: Ming-hsien Lin
flickr_referenced/D18_iPhone_X/D18_iPhone_X_40385940160.jpg,1,Official Apple SDNP ZIP - Flickr reference JSON,Device: D18_iPhone_X | License: Public Domain Mark | License URL: https://creativecommons.org/publicdomain/mark/1.0/ | Photo page: https://www.flickr.com/photos/sky126/40385940160/ | Author: Ming-hsien Lin
flickr_referenced/D18_iPhone_X/D18_iPhone_X_41291792955.jpg,1,Official Apple SDNP ZIP - Flickr reference JSON,Device: D18_iPhone_X | License: Public Domain Mark | License URL: https://creativecommons.org/publicdomain/mark/1.0/ | Photo page: https://www.flickr.com/photos/sky126/41291792955/ | Author: Ming-hsien Lin
flickr_referenced/D18_iPhone_X/D18_iPhone_X_41291795015.jpg,1,Official Apple SDNP ZIP - Flickr reference JSON,Device: D18_iPhone_X | License: Public Domain Mark | License URL: https://creativecommons.org/publicdomain/mark/1.0/ | Photo page: https://www.flickr.com/photos/sky126/41291795015/ | Author: Ming-hsien Lin
flickr_referenced/D18_iPhone_X/D18_iPhone_X_41292591665.jpg,1,Official Apple SDNP ZIP - Flickr reference JSON,Device: D18_iPhone_X | License: Public Domain Mark | License URL: https://creativecommons.org/publicdomain/mark/1.0/ | Photo page: https://www.flickr.com/photos/sky126/41292591665/ | Author: Ming-hsien Lin
flickr_referenced/D18_iPhone_X/D18_iPhone_X_41292593465.jpg,1,Official Apple SDNP ZIP - Flickr reference JSON,Device: D18_iPhone_X | License: Public Domain Mark | License URL: https://creativecommons.org/publicdomain/mark/1.0/ | Photo page: https://www.flickr.com/photos/sky126/41292593465/ | Author: Ming-hsien Lin
flickr_referenced/D18_iPhone_X/D18_iPhone_X_42192912951.jpg,1,Official Apple SDNP ZIP - Flickr reference JSON,Device: D18_iPhone_X | License: Public Domain Mark | License URL: https://creativecommons.org/publicdomain/mark/1.0/ | Photo page: https://www.flickr.com/photos/sky126/42192912951/ | Author: Ming-hsien Lin
flickr_referenced/D19_iPhone_X/D19_iPhone_X_27632433907.jpg,1,Official Apple SDNP ZIP - Flickr reference JSON,Device: D19_iPhone_X | License: CC BY 2.0 | License URL: https://creativecommons.org/licenses/by/2.0/ | Photo page: https://www.flickr.com/photos/yawper/27632433907/ | Author: yawper
flickr_referenced/D19_iPhone_X/D19_iPhone_X_27632434347.jpg,1,Official Apple SDNP ZIP - Flickr reference JSON,Device: D19_iPhone_X | License: CC BY 2.0 | License URL: https://creativecommons.org/licenses/by/2.0/ | Photo page: https://www.flickr.com/photos/yawper/27632434347/ | Author: yawper
flickr_referenced/D19_iPhone_X/D19_iPhone_X_27632435167.jpg,1,Official Apple SDNP ZIP - Flickr reference JSON,Device: D19_iPhone_X | License: CC BY 2.0 | License URL: https://creativecommons.org/licenses/by/2.0/ | Photo page: https://www.flickr.com/photos/yawper/27632435167/ | Author: yawper
flickr_referenced/D19_iPhone_X/D19_iPhone_X_27632436277.jpg,1,Official Apple SDNP ZIP - Flickr reference JSON,Device: D19_iPhone_X | License: CC BY 2.0 | License URL: https://creativecommons.org/licenses/by/2.0/ | Photo page: https://www.flickr.com/photos/yawper/27632436277/ | Author: yawper
flickr_referenced/D19_iPhone_X/D19_iPhone_X_27632505557.jpg,1,Official Apple SDNP ZIP - Flickr reference JSON,Device: D19_iPhone_X | License: CC BY 2.0 | License URL: https://creativecommons.org/licenses/by/2.0/ | Photo page: https://www.flickr.com/photos/yawper/27632505557/ | Author: yawper
flickr_referenced/D19_iPhone_X/D19_iPhone_X_27647789047.jpg,1,Official Apple SDNP ZIP - Flickr reference JSON,Device: D19_iPhone_X | License: CC BY 2.0 | License URL: https://creativecommons.org/licenses/by/2.0/ | Photo page: https://www.flickr.com/photos/yawper/27647789047/ | Author: yawper
flickr_referenced/D19_iPhone_X/D19_iPhone_X_28630363778.jpg,1,Official Apple SDNP ZIP - Flickr reference JSON,Device: D19_iPhone_X | License: CC BY 2.0 | License URL: https://creativecommons.org/licenses/by/2.0/ | Photo page: https://www.flickr.com/photos/yawper/28630363778/ | Author: yawper
flickr_referenced/D19_iPhone_X/D19_iPhone_X_40695239740.jpg,1,Official Apple SDNP ZIP - Flickr reference JSON,Device: D19_iPhone_X | License: CC BY 2.0 | License URL: https://creativecommons.org/licenses/by/2.0/ | Photo page: https://www.flickr.com/photos/yawper/40695239740/ | Author: yawper
flickr_referenced/D19_iPhone_X/D19_iPhone_X_40695248600.jpg,1,Official Apple SDNP ZIP - Flickr reference JSON,Device: D19_iPhone_X | License: CC BY 2.0 | License URL: https://creativecommons.org/licenses/by/2.0/ | Photo page: https://www.flickr.com/photos/yawper/40695248600/ | Author: yawper
flickr_referenced/D19_iPhone_X/D19_iPhone_X_40695308750.jpg,1,Official Apple SDNP ZIP - Flickr reference JSON,Device: D19_iPhone_X | License: CC BY 2.0 | License URL: https://creativecommons.org/licenses/by/2.0/ | Photo page: https://www.flickr.com/photos/yawper/40695308750/ | Author: yawper
flickr_referenced/D19_iPhone_X/D19_iPhone_X_41596835755.jpg,1,Official Apple SDNP ZIP - Flickr reference JSON,Device: D19_iPhone_X | License: CC BY 2.0 | License URL: https://creativecommons.org/licenses/by/2.0/ | Photo page: https://www.flickr.com/photos/yawper/41596835755/ | Author: yawper
flickr_referenced/D19_iPhone_X/D19_iPhone_X_41596836155.jpg,1,Official Apple SDNP ZIP - Flickr reference JSON,Device: D19_iPhone_X | License: CC BY 2.0 | License URL: https://creativecommons.org/licenses/by/2.0/ | Photo page: https://www.flickr.com/photos/yawper/41596836155/ | Author: yawper
flickr_referenced/D19_iPhone_X/D19_iPhone_X_41596845995.jpg,1,Official Apple SDNP ZIP - Flickr reference JSON,Device: D19_iPhone_X | License: CC BY 2.0 | License URL: https://creativecommons.org/licenses/by/2.0/ | Photo page: https://www.flickr.com/photos/yawper/41596845995/ | Author: yawper
flickr_referenced/D19_iPhone_X/D19_iPhone_X_41777147664.jpg,1,Official Apple SDNP ZIP - Flickr reference JSON,Device: D19_iPhone_X | License: CC BY 2.0 | License URL: https://creativecommons.org/licenses/by/2.0/ | Photo page: https://www.flickr.com/photos/yawper/41777147664/ | Author: yawper
flickr_referenced/D19_iPhone_X/D19_iPhone_X_41780743784.jpg,1,Official Apple SDNP ZIP - Flickr reference JSON,Device: D19_iPhone_X | License: CC BY 2.0 | License URL: https://creativecommons.org/licenses/by/2.0/ | Photo page: https://www.flickr.com/photos/yawper/41780743784/ | Author: yawper
flickr_referenced/D19_iPhone_X/D19_iPhone_X_41780746014.jpg,1,Official Apple SDNP ZIP - Flickr reference JSON,Device: D19_iPhone_X | License: CC BY 2.0 | License URL: https://creativecommons.org/licenses/by/2.0/ | Photo page: https://www.flickr.com/photos/yawper/41780746014/ | Author: yawper
flickr_referenced/D19_iPhone_X/D19_iPhone_X_41780746974.jpg,1,Official Apple SDNP ZIP - Flickr reference JSON,Device: D19_iPhone_X | License: CC BY 2.0 | License URL: https://creativecommons.org/licenses/by/2.0/ | Photo page: https://www.flickr.com/photos/yawper/41780746974/ | Author: yawper
flickr_referenced/D19_iPhone_X/D19_iPhone_X_41780747524.jpg,1,Official Apple SDNP ZIP - Flickr reference JSON,Device: D19_iPhone_X | License: CC BY 2.0 | License URL: https://creativecommons.org/licenses/by/2.0/ | Photo page: https://www.flickr.com/photos/yawper/41780747524/ | Author: yawper
flickr_referenced/D19_iPhone_X/D19_iPhone_X_41780747924.jpg,1,Official Apple SDNP ZIP - Flickr reference JSON,Device: D19_iPhone_X | License: CC BY 2.0 | License URL: https://creativecommons.org/licenses/by/2.0/ | Photo page: https://www.flickr.com/photos/yawper/41780747924/ | Author: yawper
flickr_referenced/D19_iPhone_X/D19_iPhone_X_42451462012.jpg,1,Official Apple SDNP ZIP - Flickr reference JSON,Device: D19_iPhone_X | License: CC BY 2.0 | License URL: https://creativecommons.org/licenses/by/2.0/ | Photo page: https://www.flickr.com/photos/yawper/42451462012/ | Author: yawper
flickr_referenced/D19_iPhone_X/D19_iPhone_X_42499823181.jpg,1,Official Apple SDNP ZIP - Flickr reference JSON,Device: D19_iPhone_X | License: CC BY 2.0 | License URL: https://creativecommons.org/licenses/by/2.0/ | Photo page: https://www.flickr.com/photos/yawper/42499823181/ | Author: yawper
flickr_referenced/D19_iPhone_X/D19_iPhone_X_42499940951.jpg,1,Official Apple SDNP ZIP - Flickr reference JSON,Device: D19_iPhone_X | License: CC BY 2.0 | License URL: https://creativecommons.org/licenses/by/2.0/ | Photo page: https://www.flickr.com/photos/yawper/42499940951/ | Author: yawper
flickr_referenced/D19_iPhone_X/D19_iPhone_X_42499942881.jpg,1,Official Apple SDNP ZIP - Flickr reference JSON,Device: D19_iPhone_X | License: CC BY 2.0 | License URL: https://creativecommons.org/licenses/by/2.0/ | Photo page: https://www.flickr.com/photos/yawper/42499942881/ | Author: yawper
flickr_referenced/D64_iPhone_13_Pro/D64_iPhone_13_Pro_53123486377.jpg,1,Official Apple SDNP ZIP - Flickr reference JSON,Device: D64_iPhone_13_Pro | License: Public Domain Mark | License URL: https://creativecommons.org/publicdomain/mark/1.0/ | Photo page: https://www.flickr.com/photos/187878392@N04/53123486377/ | Author: Yanay Rosen
flickr_referenced/D64_iPhone_13_Pro/D64_iPhone_13_Pro_53123519002.jpg,1,Official Apple SDNP ZIP - Flickr reference JSON,Device: D64_iPhone_13_Pro | License: Public Domain Mark | License URL: https://creativecommons.org/publicdomain/mark/1.0/ | Photo page: https://www.flickr.com/photos/187878392@N04/53123519002/ | Author: Yanay Rosen
flickr_referenced/D64_iPhone_13_Pro/D64_iPhone_13_Pro_53123530602.jpg,1,Official Apple SDNP ZIP - Flickr reference JSON,Device: D64_iPhone_13_Pro | License: Public Domain Mark | License URL: https://creativecommons.org/publicdomain/mark/1.0/ | Photo page: https://www.flickr.com/photos/187878392@N04/53123530602/ | Author: Yanay Rosen
flickr_referenced/D64_iPhone_13_Pro/D64_iPhone_13_Pro_53123534022.jpg,1,Official Apple SDNP ZIP - Flickr reference JSON,Device: D64_iPhone_13_Pro | License: Public Domain Mark | License URL: https://creativecommons.org/publicdomain/mark/1.0/ | Photo page: https://www.flickr.com/photos/187878392@N04/53123534022/ | Author: Yanay Rosen
flickr_referenced/D64_iPhone_13_Pro/D64_iPhone_13_Pro_53124088311.jpg,1,Official Apple SDNP ZIP - Flickr reference JSON,Device: D64_iPhone_13_Pro | License: Public Domain Mark | License URL: https://creativecommons.org/publicdomain/mark/1.0/ | Photo page: https://www.flickr.com/photos/187878392@N04/53124088311/ | Author: Yanay Rosen
flickr_referenced/D64_iPhone_13_Pro/D64_iPhone_13_Pro_53124127566.jpg,1,Official Apple SDNP ZIP - Flickr reference JSON,Device: D64_iPhone_13_Pro | License: Public Domain Mark | License URL: https://creativecommons.org/publicdomain/mark/1.0/ | Photo page: https://www.flickr.com/photos/187878392@N04/53124127566/ | Author: Yanay Rosen
flickr_referenced/D64_iPhone_13_Pro/D64_iPhone_13_Pro_53124136756.jpg,1,Official Apple SDNP ZIP - Flickr reference JSON,Device: D64_iPhone_13_Pro | License: Public Domain Mark | License URL: https://creativecommons.org/publicdomain/mark/1.0/ | Photo page: https://www.flickr.com/photos/187878392@N04/53124136756/ | Author: Yanay Rosen
flickr_referenced/D64_iPhone_13_Pro/D64_iPhone_13_Pro_53124291359.jpg,1,Official Apple SDNP ZIP - Flickr reference JSON,Device: D64_iPhone_13_Pro | License: Public Domain Mark | License URL: https://creativecommons.org/publicdomain/mark/1.0/ | Photo page: https://www.flickr.com/photos/187878392@N04/53124291359/ | Author: Yanay Rosen
flickr_referenced/D64_iPhone_13_Pro/D64_iPhone_13_Pro_53124291459.jpg,1,Official Apple SDNP ZIP - Flickr reference JSON,Device: D64_iPhone_13_Pro | License: Public Domain Mark | License URL: https://creativecommons.org/publicdomain/mark/1.0/ | Photo page: https://www.flickr.com/photos/187878392@N04/53124291459/ | Author: Yanay Rosen
flickr_referenced/D64_iPhone_13_Pro/D64_iPhone_13_Pro_53124297749.jpg,1,Official Apple SDNP ZIP - Flickr reference JSON,Device: D64_iPhone_13_Pro | License: Public Domain Mark | License URL: https://creativecommons.org/publicdomain/mark/1.0/ | Photo page: https://www.flickr.com/photos/187878392@N04/53124297749/ | Author: Yanay Rosen
flickr_referenced/D64_iPhone_13_Pro/D64_iPhone_13_Pro_53124324714.jpg,1,Official Apple SDNP ZIP - Flickr reference JSON,Device: D64_iPhone_13_Pro | License: Public Domain Mark | License URL: https://creativecommons.org/publicdomain/mark/1.0/ | Photo page: https://www.flickr.com/photos/187878392@N04/53124324714/ | Author: Yanay Rosen
flickr_referenced/D64_iPhone_13_Pro/D64_iPhone_13_Pro_53124326879.jpg,1,Official Apple SDNP ZIP - Flickr reference JSON,Device: D64_iPhone_13_Pro | License: Public Domain Mark | License URL: https://creativecommons.org/publicdomain/mark/1.0/ | Photo page: https://www.flickr.com/photos/187878392@N04/53124326879/ | Author: Yanay Rosen
flickr_referenced/D64_iPhone_13_Pro/D64_iPhone_13_Pro_53124335974.jpg,1,Official Apple SDNP ZIP - Flickr reference JSON,Device: D64_iPhone_13_Pro | License: Public Domain Mark | License URL: https://creativecommons.org/publicdomain/mark/1.0/ | Photo page: https://www.flickr.com/photos/187878392@N04/53124335974/ | Author: Yanay Rosen
flickr_referenced/D64_iPhone_13_Pro/D64_iPhone_13_Pro_53124339229.jpg,1,Official Apple SDNP ZIP - Flickr reference JSON,Device: D64_iPhone_13_Pro | License: Public Domain Mark | License URL: https://creativecommons.org/publicdomain/mark/1.0/ | Photo page: https://www.flickr.com/photos/187878392@N04/53124339229/ | Author: Yanay Rosen
flickr_referenced/D64_iPhone_13_Pro/D64_iPhone_13_Pro_53124339239.jpg,1,Official Apple SDNP ZIP - Flickr reference JSON,Device: D64_iPhone_13_Pro | License: Public Domain Mark | License URL: https://creativecommons.org/publicdomain/mark/1.0/ | Photo page: https://www.flickr.com/photos/187878392@N04/53124339239/ | Author: Yanay Rosen
flickr_referenced/D64_iPhone_13_Pro/D64_iPhone_13_Pro_53124489585.jpg,1,Official Apple SDNP ZIP - Flickr reference JSON,Device: D64_iPhone_13_Pro | License: Public Domain Mark | License URL: https://creativecommons.org/publicdomain/mark/1.0/ | Photo page: https://www.flickr.com/photos/187878392@N04/53124489585/ | Author: Yanay Rosen
flickr_referenced/D64_iPhone_13_Pro/D64_iPhone_13_Pro_53124500290.jpg,1,Official Apple SDNP ZIP - Flickr reference JSON,Device: D64_iPhone_13_Pro | License: Public Domain Mark | License URL: https://creativecommons.org/publicdomain/mark/1.0/ | Photo page: https://www.flickr.com/photos/187878392@N04/53124500290/ | Author: Yanay Rosen
flickr_referenced/D64_iPhone_13_Pro/D64_iPhone_13_Pro_53124500300.jpg,1,Official Apple SDNP ZIP - Flickr reference JSON,Device: D64_iPhone_13_Pro | License: Public Domain Mark | License URL: https://creativecommons.org/publicdomain/mark/1.0/ | Photo page: https://www.flickr.com/photos/187878392@N04/53124500300/ | Author: Yanay Rosen
flickr_referenced/D64_iPhone_13_Pro/D64_iPhone_13_Pro_53124520085.jpg,1,Official Apple SDNP ZIP - Flickr reference JSON,Device: D64_iPhone_13_Pro | License: Public Domain Mark | License URL: https://creativecommons.org/publicdomain/mark/1.0/ | Photo page: https://www.flickr.com/photos/187878392@N04/53124520085/ | Author: Yanay Rosen
flickr_referenced/D64_iPhone_13_Pro/D64_iPhone_13_Pro_53124521095.jpg,1,Official Apple SDNP ZIP - Flickr reference JSON,Device: D64_iPhone_13_Pro | License: Public Domain Mark | License URL: https://creativecommons.org/publicdomain/mark/1.0/ | Photo page: https://www.flickr.com/photos/187878392@N04/53124521095/ | Author: Yanay Rosen
flickr_referenced/D64_iPhone_13_Pro/D64_iPhone_13_Pro_53124532730.jpg,1,Official Apple SDNP ZIP - Flickr reference JSON,Device: D64_iPhone_13_Pro | License: Public Domain Mark | License URL: https://creativecommons.org/publicdomain/mark/1.0/ | Photo page: https://www.flickr.com/photos/187878392@N04/53124532730/ | Author: Yanay Rosen
flickr_referenced/D64_iPhone_13_Pro/D64_iPhone_13_Pro_53124582328.jpg,1,Official Apple SDNP ZIP - Flickr reference JSON,Device: D64_iPhone_13_Pro | License: Public Domain Mark | License URL: https://creativecommons.org/publicdomain/mark/1.0/ | Photo page: https://www.flickr.com/photos/187878392@N04/53124582328/ | Author: Yanay Rosen
flickr_referenced/D64_iPhone_13_Pro/D64_iPhone_13_Pro_53124603723.jpg,1,Official Apple SDNP ZIP - Flickr reference JSON,Device: D64_iPhone_13_Pro | License: Public Domain Mark | License URL: https://creativecommons.org/publicdomain/mark/1.0/ | Photo page: https://www.flickr.com/photos/187878392@N04/53124603723/ | Author: Yanay Rosen
flickr_referenced/D64_iPhone_13_Pro/D64_iPhone_13_Pro_53124603728.jpg,1,Official Apple SDNP ZIP - Flickr reference JSON,Device: D64_iPhone_13_Pro | License: Public Domain Mark | License URL: https://creativecommons.org/publicdomain/mark/1.0/ | Photo page: https://www.flickr.com/photos/187878392@N04/53124603728/ | Author: Yanay Rosen
flickr_referenced/D64_iPhone_13_Pro/D64_iPhone_13_Pro_53124611528.jpg,1,Official Apple SDNP ZIP - Flickr reference JSON,Device: D64_iPhone_13_Pro | License: Public Domain Mark | License URL: https://creativecommons.org/publicdomain/mark/1.0/ | Photo page: https://www.flickr.com/photos/187878392@N04/53124611528/ | Author: Yanay Rosen
flickr_referenced/D64_iPhone_13_Pro/D64_iPhone_13_Pro_53124617208.jpg,1,Official Apple SDNP ZIP - Flickr reference JSON,Device: D64_iPhone_13_Pro | License: Public Domain Mark | License URL: https://creativecommons.org/publicdomain/mark/1.0/ | Photo page: https://www.flickr.com/photos/187878392@N04/53124617208/ | Author: Yanay Rosen
flickr_referenced/D64_iPhone_13_Pro/D64_iPhone_13_Pro_53124617248.jpg,1,Official Apple SDNP ZIP - Flickr reference JSON,Device: D64_iPhone_13_Pro | License: Public Domain Mark | License URL: https://creativecommons.org/publicdomain/mark/1.0/ | Photo page: https://www.flickr.com/photos/187878392@N04/53124617248/ | Author: Yanay Rosen
flickr_referenced/D64_iPhone_13_Pro/D64_iPhone_13_Pro_53148982637.jpg,1,Official Apple SDNP ZIP - Flickr reference JSON,Device: D64_iPhone_13_Pro | License: Public Domain Mark | License URL: https://creativecommons.org/publicdomain/mark/1.0/ | Photo page: https://www.flickr.com/photos/187878392@N04/53148982637/ | Author: Yanay Rosen
flickr_referenced/D64_iPhone_13_Pro/D64_iPhone_13_Pro_53148984602.jpg,1,Official Apple SDNP ZIP - Flickr reference JSON,Device: D64_iPhone_13_Pro | License: Public Domain Mark | License URL: https://creativecommons.org/publicdomain/mark/1.0/ | Photo page: https://www.flickr.com/photos/187878392@N04/53148984602/ | Author: Yanay Rosen
flickr_referenced/D64_iPhone_13_Pro/D64_iPhone_13_Pro_53148984612.jpg,1,Official Apple SDNP ZIP - Flickr reference JSON,Device: D64_iPhone_13_Pro | License: Public Domain Mark | License URL: https://creativecommons.org/publicdomain/mark/1.0/ | Photo page: https://www.flickr.com/photos/187878392@N04/53148984612/ | Author: Yanay Rosen
flickr_referenced/D64_iPhone_13_Pro/D64_iPhone_13_Pro_53148987277.jpg,1,Official Apple SDNP ZIP - Flickr reference JSON,Device: D64_iPhone_13_Pro | License: Public Domain Mark | License URL: https://creativecommons.org/publicdomain/mark/1.0/ | Photo page: https://www.flickr.com/photos/187878392@N04/53148987277/ | Author: Yanay Rosen
flickr_referenced/D64_iPhone_13_Pro/D64_iPhone_13_Pro_53148991047.jpg,1,Official Apple SDNP ZIP - Flickr reference JSON,Device: D64_iPhone_13_Pro | License: Public Domain Mark | License URL: https://creativecommons.org/publicdomain/mark/1.0/ | Photo page: https://www.flickr.com/photos/187878392@N04/53148991047/ | Author: Yanay Rosen
flickr_referenced/D64_iPhone_13_Pro/D64_iPhone_13_Pro_53148991052.jpg,1,Official Apple SDNP ZIP - Flickr reference JSON,Device: D64_iPhone_13_Pro | License: Public Domain Mark | License URL: https://creativecommons.org/publicdomain/mark/1.0/ | Photo page: https://www.flickr.com/photos/187878392@N04/53148991052/ | Author: Yanay Rosen
flickr_referenced/D64_iPhone_13_Pro/D64_iPhone_13_Pro_53148991057.jpg,1,Official Apple SDNP ZIP - Flickr reference JSON,Device: D64_iPhone_13_Pro | License: Public Domain Mark | License URL: https://creativecommons.org/publicdomain/mark/1.0/ | Photo page: https://www.flickr.com/photos/187878392@N04/53148991057/ | Author: Yanay Rosen
flickr_referenced/D64_iPhone_13_Pro/D64_iPhone_13_Pro_53148991062.jpg,1,Official Apple SDNP ZIP - Flickr reference JSON,Device: D64_iPhone_13_Pro | License: Public Domain Mark | License URL: https://creativecommons.org/publicdomain/mark/1.0/ | Photo page: https://www.flickr.com/photos/187878392@N04/53148991062/ | Author: Yanay Rosen
flickr_referenced/D64_iPhone_13_Pro/D64_iPhone_13_Pro_53148991067.jpg,1,Official Apple SDNP ZIP - Flickr reference JSON,Device: D64_iPhone_13_Pro | License: Public Domain Mark | License URL: https://creativecommons.org/publicdomain/mark/1.0/ | Photo page: https://www.flickr.com/photos/187878392@N04/53148991067/ | Author: Yanay Rosen
flickr_referenced/D64_iPhone_13_Pro/D64_iPhone_13_Pro_53149566566.jpg,1,Official Apple SDNP ZIP - Flickr reference JSON,Device: D64_iPhone_13_Pro | License: Public Domain Mark | License URL: https://creativecommons.org/publicdomain/mark/1.0/ | Photo page: https://www.flickr.com/photos/187878392@N04/53149566566/ | Author: Yanay Rosen
flickr_referenced/D64_iPhone_13_Pro/D64_iPhone_13_Pro_53149570256.jpg,1,Official Apple SDNP ZIP - Flickr reference JSON,Device: D64_iPhone_13_Pro | License: Public Domain Mark | License URL: https://creativecommons.org/publicdomain/mark/1.0/ | Photo page: https://www.flickr.com/photos/187878392@N04/53149570256/ | Author: Yanay Rosen
flickr_referenced/D64_iPhone_13_Pro/D64_iPhone_13_Pro_53149570316.jpg,1,Official Apple SDNP ZIP - Flickr reference JSON,Device: D64_iPhone_13_Pro | License: Public Domain Mark | License URL: https://creativecommons.org/publicdomain/mark/1.0/ | Photo page: https://www.flickr.com/photos/187878392@N04/53149570316/ | Author: Yanay Rosen
flickr_referenced/D64_iPhone_13_Pro/D64_iPhone_13_Pro_53149766414.jpg,1,Official Apple SDNP ZIP - Flickr reference JSON,Device: D64_iPhone_13_Pro | License: Public Domain Mark | License URL: https://creativecommons.org/publicdomain/mark/1.0/ | Photo page: https://www.flickr.com/photos/187878392@N04/53149766414/ | Author: Yanay Rosen
flickr_referenced/D64_iPhone_13_Pro/D64_iPhone_13_Pro_53149766434.jpg,1,Official Apple SDNP ZIP - Flickr reference JSON,Device: D64_iPhone_13_Pro | License: Public Domain Mark | License URL: https://creativecommons.org/publicdomain/mark/1.0/ | Photo page: https://www.flickr.com/photos/187878392@N04/53149766434/ | Author: Yanay Rosen
flickr_referenced/D64_iPhone_13_Pro/D64_iPhone_13_Pro_53149766704.jpg,1,Official Apple SDNP ZIP - Flickr reference JSON,Device: D64_iPhone_13_Pro | License: Public Domain Mark | License URL: https://creativecommons.org/publicdomain/mark/1.0/ | Photo page: https://www.flickr.com/photos/187878392@N04/53149766704/ | Author: Yanay Rosen
flickr_referenced/D64_iPhone_13_Pro/D64_iPhone_13_Pro_53149774714.jpg,1,Official Apple SDNP ZIP - Flickr reference JSON,Device: D64_iPhone_13_Pro | License: Public Domain Mark | License URL: https://creativecommons.org/publicdomain/mark/1.0/ | Photo page: https://www.flickr.com/photos/187878392@N04/53149774714/ | Author: Yanay Rosen
flickr_referenced/D64_iPhone_13_Pro/D64_iPhone_13_Pro_53149992490.jpg,1,Official Apple SDNP ZIP - Flickr reference JSON,Device: D64_iPhone_13_Pro | License: Public Domain Mark | License URL: https://creativecommons.org/publicdomain/mark/1.0/ | Photo page: https://www.flickr.com/photos/187878392@N04/53149992490/ | Author: Yanay Rosen
flickr_referenced/D64_iPhone_13_Pro/D64_iPhone_13_Pro_53149992575.jpg,1,Official Apple SDNP ZIP - Flickr reference JSON,Device: D64_iPhone_13_Pro | License: Public Domain Mark | License URL: https://creativecommons.org/publicdomain/mark/1.0/ | Photo page: https://www.flickr.com/photos/187878392@N04/53149992575/ | Author: Yanay Rosen
flickr_referenced/D64_iPhone_13_Pro/D64_iPhone_13_Pro_53149992770.jpg,1,Official Apple SDNP ZIP - Flickr reference JSON,Device: D64_iPhone_13_Pro | License: Public Domain Mark | License URL: https://creativecommons.org/publicdomain/mark/1.0/ | Photo page: https://www.flickr.com/photos/187878392@N04/53149992770/ | Author: Yanay Rosen
flickr_referenced/D64_iPhone_13_Pro/D64_iPhone_13_Pro_53150055988.jpg,1,Official Apple SDNP ZIP - Flickr reference JSON,Device: D64_iPhone_13_Pro | License: Public Domain Mark | License URL: https://creativecommons.org/publicdomain/mark/1.0/ | Photo page: https://www.flickr.com/photos/187878392@N04/53150055988/ | Author: Yanay Rosen
flickr_referenced/D64_iPhone_13_Pro/D64_iPhone_13_Pro_53150055993.jpg,1,Official Apple SDNP ZIP - Flickr reference JSON,Device: D64_iPhone_13_Pro | License: Public Domain Mark | License URL: https://creativecommons.org/publicdomain/mark/1.0/ | Photo page: https://www.flickr.com/photos/187878392@N04/53150055993/ | Author: Yanay Rosen
flickr_referenced/D64_iPhone_13_Pro/D64_iPhone_13_Pro_53150057573.jpg,1,Official Apple SDNP ZIP - Flickr reference JSON,Device: D64_iPhone_13_Pro | License: Public Domain Mark | License URL: https://creativecommons.org/publicdomain/mark/1.0/ | Photo page: https://www.flickr.com/photos/187878392@N04/53150057573/ | Author: Yanay Rosen
flickr_referenced/D64_iPhone_13_Pro/D64_iPhone_13_Pro_53150057578.jpg,1,Official Apple SDNP ZIP - Flickr reference JSON,Device: D64_iPhone_13_Pro | License: Public Domain Mark | License URL: https://creativecommons.org/publicdomain/mark/1.0/ | Photo page: https://www.flickr.com/photos/187878392@N04/53150057578/ | Author: Yanay Rosen
flickr_referenced/D64_iPhone_13_Pro/D64_iPhone_13_Pro_53150060118.jpg,1,Official Apple SDNP ZIP - Flickr reference JSON,Device: D64_iPhone_13_Pro | License: Public Domain Mark | License URL: https://creativecommons.org/publicdomain/mark/1.0/ | Photo page: https://www.flickr.com/photos/187878392@N04/53150060118/ | Author: Yanay Rosen
flickr_referenced/D64_iPhone_13_Pro/D64_iPhone_13_Pro_53150064128.jpg,1,Official Apple SDNP ZIP - Flickr reference JSON,Device: D64_iPhone_13_Pro | License: Public Domain Mark | License URL: https://creativecommons.org/publicdomain/mark/1.0/ | Photo page: https://www.flickr.com/photos/187878392@N04/53150064128/ | Author: Yanay Rosen
flickr_referenced/D64_iPhone_13_Pro/D64_iPhone_13_Pro_53178347237.jpg,1,Official Apple SDNP ZIP - Flickr reference JSON,Device: D64_iPhone_13_Pro | License: Public Domain Mark | License URL: https://creativecommons.org/publicdomain/mark/1.0/ | Photo page: https://www.flickr.com/photos/187878392@N04/53178347237/ | Author: Yanay Rosen
flickr_referenced/D64_iPhone_13_Pro/D64_iPhone_13_Pro_53178347242.jpg,1,Official Apple SDNP ZIP - Flickr reference JSON,Device: D64_iPhone_13_Pro | License: Public Domain Mark | License URL: https://creativecommons.org/publicdomain/mark/1.0/ | Photo page: https://www.flickr.com/photos/187878392@N04/53178347242/ | Author: Yanay Rosen
flickr_referenced/D64_iPhone_13_Pro/D64_iPhone_13_Pro_53178347687.jpg,1,Official Apple SDNP ZIP - Flickr reference JSON,Device: D64_iPhone_13_Pro | License: Public Domain Mark | License URL: https://creativecommons.org/publicdomain/mark/1.0/ | Photo page: https://www.flickr.com/photos/187878392@N04/53178347687/ | Author: Yanay Rosen
flickr_referenced/D64_iPhone_13_Pro/D64_iPhone_13_Pro_53178349132.jpg,1,Official Apple SDNP ZIP - Flickr reference JSON,Device: D64_iPhone_13_Pro | License: Public Domain Mark | License URL: https://creativecommons.org/publicdomain/mark/1.0/ | Photo page: https://www.flickr.com/photos/187878392@N04/53178349132/ | Author: Yanay Rosen
flickr_referenced/D64_iPhone_13_Pro/D64_iPhone_13_Pro_53178349137.jpg,1,Official Apple SDNP ZIP - Flickr reference JSON,Device: D64_iPhone_13_Pro | License: Public Domain Mark | License URL: https://creativecommons.org/publicdomain/mark/1.0/ | Photo page: https://www.flickr.com/photos/187878392@N04/53178349137/ | Author: Yanay Rosen
flickr_referenced/D64_iPhone_13_Pro/D64_iPhone_13_Pro_53178350142.jpg,1,Official Apple SDNP ZIP - Flickr reference JSON,Device: D64_iPhone_13_Pro | License: Public Domain Mark | License URL: https://creativecommons.org/publicdomain/mark/1.0/ | Photo page: https://www.flickr.com/photos/187878392@N04/53178350142/ | Author: Yanay Rosen
flickr_referenced/D64_iPhone_13_Pro/D64_iPhone_13_Pro_53178350547.jpg,1,Official Apple SDNP ZIP - Flickr reference JSON,Device: D64_iPhone_13_Pro | License: Public Domain Mark | License URL: https://creativecommons.org/publicdomain/mark/1.0/ | Photo page: https://www.flickr.com/photos/187878392@N04/53178350547/ | Author: Yanay Rosen
flickr_referenced/D64_iPhone_13_Pro/D64_iPhone_13_Pro_53178351832.jpg,1,Official Apple SDNP ZIP - Flickr reference JSON,Device: D64_iPhone_13_Pro | License: Public Domain Mark | License URL: https://creativecommons.org/publicdomain/mark/1.0/ | Photo page: https://www.flickr.com/photos/187878392@N04/53178351832/ | Author: Yanay Rosen
flickr_referenced/D64_iPhone_13_Pro/D64_iPhone_13_Pro_53178352557.jpg,1,Official Apple SDNP ZIP - Flickr reference JSON,Device: D64_iPhone_13_Pro | License: Public Domain Mark | License URL: https://creativecommons.org/publicdomain/mark/1.0/ | Photo page: https://www.flickr.com/photos/187878392@N04/53178352557/ | Author: Yanay Rosen
flickr_referenced/D64_iPhone_13_Pro/D64_iPhone_13_Pro_53178353277.jpg,1,Official Apple SDNP ZIP - Flickr reference JSON,Device: D64_iPhone_13_Pro | License: Public Domain Mark | License URL: https://creativecommons.org/publicdomain/mark/1.0/ | Photo page: https://www.flickr.com/photos/187878392@N04/53178353277/ | Author: Yanay Rosen
flickr_referenced/D64_iPhone_13_Pro/D64_iPhone_13_Pro_53178939846.jpg,1,Official Apple SDNP ZIP - Flickr reference JSON,Device: D64_iPhone_13_Pro | License: Public Domain Mark | License URL: https://creativecommons.org/publicdomain/mark/1.0/ | Photo page: https://www.flickr.com/photos/187878392@N04/53178939846/ | Author: Yanay Rosen
flickr_referenced/D64_iPhone_13_Pro/D64_iPhone_13_Pro_53178941306.jpg,1,Official Apple SDNP ZIP - Flickr reference JSON,Device: D64_iPhone_13_Pro | License: Public Domain Mark | License URL: https://creativecommons.org/publicdomain/mark/1.0/ | Photo page: https://www.flickr.com/photos/187878392@N04/53178941306/ | Author: Yanay Rosen
flickr_referenced/D64_iPhone_13_Pro/D64_iPhone_13_Pro_53178942421.jpg,1,Official Apple SDNP ZIP - Flickr reference JSON,Device: D64_iPhone_13_Pro | License: Public Domain Mark | License URL: https://creativecommons.org/publicdomain/mark/1.0/ | Photo page: https://www.flickr.com/photos/187878392@N04/53178942421/ | Author: Yanay Rosen
flickr_referenced/D64_iPhone_13_Pro/D64_iPhone_13_Pro_53178942926.jpg,1,Official Apple SDNP ZIP - Flickr reference JSON,Device: D64_iPhone_13_Pro | License: Public Domain Mark | License URL: https://creativecommons.org/publicdomain/mark/1.0/ | Photo page: https://www.flickr.com/photos/187878392@N04/53178942926/ | Author: Yanay Rosen
flickr_referenced/D64_iPhone_13_Pro/D64_iPhone_13_Pro_53179137069.jpg,1,Official Apple SDNP ZIP - Flickr reference JSON,Device: D64_iPhone_13_Pro | License: Public Domain Mark | License URL: https://creativecommons.org/publicdomain/mark/1.0/ | Photo page: https://www.flickr.com/photos/187878392@N04/53179137069/ | Author: Yanay Rosen
flickr_referenced/D64_iPhone_13_Pro/D64_iPhone_13_Pro_53179137394.jpg,1,Official Apple SDNP ZIP - Flickr reference JSON,Device: D64_iPhone_13_Pro | License: Public Domain Mark | License URL: https://creativecommons.org/publicdomain/mark/1.0/ | Photo page: https://www.flickr.com/photos/187878392@N04/53179137394/ | Author: Yanay Rosen
flickr_referenced/D64_iPhone_13_Pro/D64_iPhone_13_Pro_53179139574.jpg,1,Official Apple SDNP ZIP - Flickr reference JSON,Device: D64_iPhone_13_Pro | License: Public Domain Mark | License URL: https://creativecommons.org/publicdomain/mark/1.0/ | Photo page: https://www.flickr.com/photos/187878392@N04/53179139574/ | Author: Yanay Rosen
flickr_referenced/D64_iPhone_13_Pro/D64_iPhone_13_Pro_53179380705.jpg,1,Official Apple SDNP ZIP - Flickr reference JSON,Device: D64_iPhone_13_Pro | License: Public Domain Mark | License URL: https://creativecommons.org/publicdomain/mark/1.0/ | Photo page: https://www.flickr.com/photos/187878392@N04/53179380705/ | Author: Yanay Rosen
flickr_referenced/D64_iPhone_13_Pro/D64_iPhone_13_Pro_53179381720.jpg,1,Official Apple SDNP ZIP - Flickr reference JSON,Device: D64_iPhone_13_Pro | License: Public Domain Mark | License URL: https://creativecommons.org/publicdomain/mark/1.0/ | Photo page: https://www.flickr.com/photos/187878392@N04/53179381720/ | Author: Yanay Rosen
flickr_referenced/D64_iPhone_13_Pro/D64_iPhone_13_Pro_53179381745.jpg,1,Official Apple SDNP ZIP - Flickr reference JSON,Device: D64_iPhone_13_Pro | License: Public Domain Mark | License URL: https://creativecommons.org/publicdomain/mark/1.0/ | Photo page: https://www.flickr.com/photos/187878392@N04/53179381745/ | Author: Yanay Rosen
flickr_referenced/D64_iPhone_13_Pro/D64_iPhone_13_Pro_53179382745.jpg,1,Official Apple SDNP ZIP - Flickr reference JSON,Device: D64_iPhone_13_Pro | License: Public Domain Mark | License URL: https://creativecommons.org/publicdomain/mark/1.0/ | Photo page: https://www.flickr.com/photos/187878392@N04/53179382745/ | Author: Yanay Rosen
flickr_referenced/D64_iPhone_13_Pro/D64_iPhone_13_Pro_53179383390.jpg,1,Official Apple SDNP ZIP - Flickr reference JSON,Device: D64_iPhone_13_Pro | License: Public Domain Mark | License URL: https://creativecommons.org/publicdomain/mark/1.0/ | Photo page: https://www.flickr.com/photos/187878392@N04/53179383390/ | Author: Yanay Rosen
flickr_referenced/D64_iPhone_13_Pro/D64_iPhone_13_Pro_53179384085.jpg,1,Official Apple SDNP ZIP - Flickr reference JSON,Device: D64_iPhone_13_Pro | License: Public Domain Mark | License URL: https://creativecommons.org/publicdomain/mark/1.0/ | Photo page: https://www.flickr.com/photos/187878392@N04/53179384085/ | Author: Yanay Rosen
flickr_referenced/D64_iPhone_13_Pro/D64_iPhone_13_Pro_53179440168.jpg,1,Official Apple SDNP ZIP - Flickr reference JSON,Device: D64_iPhone_13_Pro | License: Public Domain Mark | License URL: https://creativecommons.org/publicdomain/mark/1.0/ | Photo page: https://www.flickr.com/photos/187878392@N04/53179440168/ | Author: Yanay Rosen
flickr_referenced/D65_iPhone_13_Pro/D65_iPhone_13_Pro_53181951192.jpg,1,Official Apple SDNP ZIP - Flickr reference JSON,Device: D65_iPhone_13_Pro | License: Public Domain Mark | License URL: https://creativecommons.org/publicdomain/mark/1.0/ | Photo page: https://www.flickr.com/photos/townofhiltonheadisland/53181951192/ | Author: Town of Hilton Head Island
flickr_referenced/D65_iPhone_13_Pro/D65_iPhone_13_Pro_53181951572.jpg,1,Official Apple SDNP ZIP - Flickr reference JSON,Device: D65_iPhone_13_Pro | License: Public Domain Mark | License URL: https://creativecommons.org/publicdomain/mark/1.0/ | Photo page: https://www.flickr.com/photos/townofhiltonheadisland/53181951572/ | Author: Town of Hilton Head Island
flickr_referenced/D65_iPhone_13_Pro/D65_iPhone_13_Pro_53182544126.jpg,1,Official Apple SDNP ZIP - Flickr reference JSON,Device: D65_iPhone_13_Pro | License: Public Domain Mark | License URL: https://creativecommons.org/publicdomain/mark/1.0/ | Photo page: https://www.flickr.com/photos/townofhiltonheadisland/53182544126/ | Author: Town of Hilton Head Island
flickr_referenced/D65_iPhone_13_Pro/D65_iPhone_13_Pro_53182544166.jpg,1,Official Apple SDNP ZIP - Flickr reference JSON,Device: D65_iPhone_13_Pro | License: Public Domain Mark | License URL: https://creativecommons.org/publicdomain/mark/1.0/ | Photo page: https://www.flickr.com/photos/townofhiltonheadisland/53182544166/ | Author: Town of Hilton Head Island
flickr_referenced/D65_iPhone_13_Pro/D65_iPhone_13_Pro_53182544211.jpg,1,Official Apple SDNP ZIP - Flickr reference JSON,Device: D65_iPhone_13_Pro | License: Public Domain Mark | License URL: https://creativecommons.org/publicdomain/mark/1.0/ | Photo page: https://www.flickr.com/photos/townofhiltonheadisland/53182544211/ | Author: Town of Hilton Head Island
flickr_referenced/D65_iPhone_13_Pro/D65_iPhone_13_Pro_53182544366.jpg,1,Official Apple SDNP ZIP - Flickr reference JSON,Device: D65_iPhone_13_Pro | License: Public Domain Mark | License URL: https://creativecommons.org/publicdomain/mark/1.0/ | Photo page: https://www.flickr.com/photos/townofhiltonheadisland/53182544366/ | Author: Town of Hilton Head Island
flickr_referenced/D65_iPhone_13_Pro/D65_iPhone_13_Pro_53182732449.jpg,1,Official Apple SDNP ZIP - Flickr reference JSON,Device: D65_iPhone_13_Pro | License: Public Domain Mark | License URL: https://creativecommons.org/publicdomain/mark/1.0/ | Photo page: https://www.flickr.com/photos/townofhiltonheadisland/53182732449/ | Author: Town of Hilton Head Island
flickr_referenced/D65_iPhone_13_Pro/D65_iPhone_13_Pro_53183042283.jpg,1,Official Apple SDNP ZIP - Flickr reference JSON,Device: D65_iPhone_13_Pro | License: Public Domain Mark | License URL: https://creativecommons.org/publicdomain/mark/1.0/ | Photo page: https://www.flickr.com/photos/townofhiltonheadisland/53183042283/ | Author: Town of Hilton Head Island
flickr_referenced/D65_iPhone_13_Pro/D65_iPhone_13_Pro_53183042983.jpg,1,Official Apple SDNP ZIP - Flickr reference JSON,Device: D65_iPhone_13_Pro | License: Public Domain Mark | License URL: https://creativecommons.org/publicdomain/mark/1.0/ | Photo page: https://www.flickr.com/photos/townofhiltonheadisland/53183042983/ | Author: Town of Hilton Head Island
flickr_referenced/D65_iPhone_13_Pro/D65_iPhone_13_Pro_53183043133.jpg,1,Official Apple SDNP ZIP - Flickr reference JSON,Device: D65_iPhone_13_Pro | License: Public Domain Mark | License URL: https://creativecommons.org/publicdomain/mark/1.0/ | Photo page: https://www.flickr.com/photos/townofhiltonheadisland/53183043133/ | Author: Town of Hilton Head Island
