filename,sha256,label,pred_label,rho,beta,filter_type,bp_ref,rotation_k,latency_ms
extracted/D21_iPhone_X/IMG_2430.jpg,5a58a40b3fee88261dd72ca2e5c36b7e44257a0951e22e0968b9242150209edd,1,1,0.127152,0.0072,gauss1,BP04_12MP_NL_JPEG.mat,0,11797.6
extracted/D21_iPhone_X/IMG_2431.jpg,d32b6ec61e8ea64859fab05544b5f02d0e0af7a747e7bcad6b5f2bc6465825fa,1,1,0.14321,0.0072,gauss1,BP04_12MP_NL_JPEG.mat,0,5022.9
extracted/D21_iPhone_X/IMG_2432.jpg,adcbd977791ce286e6c6d17f5b6085ca3ef0af9c10147fec7a49488f05fd59bb,1,1,0.149013,0.0072,gauss1,BP04_12MP_NL_JPEG.mat,0,3128.2
extracted/D21_iPhone_X/IMG_2433.jpg,cd53b71aeea898bc57d7ee6bd691af6cd7a29e5c7876565826a0f3512790aaad,1,1,0.133274,0.0072,gauss1,BP04_12MP_NL_JPEG.mat,0,2904.1
extracted/D21_iPhone_X/IMG_2434.jpg,7aef2ed30ced09d0185f7389cd857b9d3c4b906b73ab7948007d82f69bbcf58f,1,1,0.134592,0.0072,gauss1,BP04_12MP_NL_JPEG.mat,0,2857.1
extracted/D21_iPhone_X/IMG_2435.jpg,0e24ef812eda4432fddfb493dfe2f6ee9d6e1bb3664d193260baa628a83eb4cb,1,1,0.127328,0.0072,gauss1,BP04_12MP_NL_JPEG.mat,0,3014.0
extracted/D21_iPhone_X/IMG_2436.jpg,24b786287048b7a5fd61c0bba0ae46c54110e72d13a90c87a3c3e33dfc9e6a20,1,1,0.134862,0.0072,gauss1,BP04_12MP_NL_JPEG.mat,0,2972.4
extracted/D21_iPhone_X/IMG_2437.jpg,51540b64175828bb69ea6cdac873a991554dfa9785e72a8555212f45e142b873,1,1,0.122355,0.0072,gauss1,BP04_12MP_NL_JPEG.mat,0,5439.5
extracted/D21_iPhone_X/IMG_2438.jpg,287f1a723d2cd66477de8151dc71a154615506de8b2a6dbb54a2dfd3901346f8,1,1,0.149059,0.0072,gauss1,BP04_12MP_NL_JPEG.mat,0,2873.3
extracted/D21_iPhone_X/IMG_2439.jpg,60a2538a591e4c106dbcce6df3b429bd4a286a79d6c2ee7298080ed0bf88f320,1,1,0.158438,0.0072,gauss1,BP04_12MP_NL_JPEG.mat,0,2895.8
extracted/D21_iPhone_X/IMG_2440.jpg,a482ccbee6459998b322019f8d27c28e4cc63c6de8c4d58d2ce96edfb3f6372d,1,1,0.14003,0.0072,gauss1,BP04_12MP_NL_JPEG.mat,0,2896.1
extracted/D21_iPhone_X/IMG_2451.jpg,a7c59cc33511045fc93fa1db28994d0a4f41fce197eacde811e310bf1fa43468,1,1,0.132587,0.0072,gauss1,BP04_12MP_NL_JPEG.mat,2,2783.1
extracted/D21_iPhone_X/IMG_2452.jpg,1fb73c46f6e98a1d505cae20341c11940105a7d7e8638acda90bd6a9a15a44f8,1,1,0.130313,0.0072,gauss1,BP04_12MP_NL_JPEG.mat,2,2909.8
extracted/D21_iPhone_X/IMG_2453.jpg,09e614c127af063d9d7041428cd3b0299b0edda2189476b574283ff654398851,1,1,0.135132,0.0072,gauss1,BP04_12MP_NL_JPEG.mat,2,2734.9
extracted/D21_iPhone_X/IMG_2454.jpg,8ba3a265bb09dd6d125fb9b8ad14629b84bd373a6d6bf02ab3370da57e05a593,1,1,0.138557,0.0072,gauss1,BP04_12MP_NL_JPEG.mat,2,2709.6
extracted/D21_iPhone_X/IMG_2455.jpg,a07df474bf9ea5e23a86c83d0dce0db8461d83ca36ef74b9b1f5dd50f45e8b3a,1,1,0.128889,0.0072,gauss1,BP04_12MP_NL_JPEG.mat,2,2901.0
extracted/D21_iPhone_X/IMG_2456.jpg,1b6acf40d88eb3ce8bad27881582abda501d6ec998780506dc5585d4d720fd53,1,1,0.162387,0.0072,gauss1,BP04_12MP_NL_JPEG.mat,2,2647.0
extracted/D21_iPhone_X/IMG_2458.jpg,aab891407e94daf409dca354c71bef2fbca0a5df4cebc5dbc341c5484622c070,1,1,0.117877,0.0072,gauss1,BP04_12MP_NL_JPEG.mat,2,2713.1
extracted/D21_iPhone_X/IMG_2459.jpg,e91fe8d51a42c9ba623db38afd48ff33d1e58a785f878e90ad95649775c2c640,1,1,0.133065,0.0072,gauss1,BP04_12MP_NL_JPEG.mat,2,2848.7
extracted/D21_iPhone_X/IMG_2460.jpg,ea87cabab2ac4b7c9a7a5353c48339643d2bc517de1ffabb113ccbbc76e65b28,1,1,0.144715,0.0072,gauss1,BP04_12MP_NL_JPEG.mat,2,2939.7
extracted/D21_iPhone_X/IMG_2461.jpg,599893b43a03388ecfb48c829b2abbcc1c8700481daff78f516f86e37f2a01a7,1,1,0.137093,0.0072,gauss1,BP04_12MP_NL_JPEG.mat,2,2730.6
extracted/D21_iPhone_X/IMG_2463.jpg,57e2668d376953b04a3664ab261929dfb52ee9180786c85bd7fe1b6df82db166,1,1,0.144461,0.0072,gauss1,BP04_12MP_NL_JPEG.mat,2,3035.7
extracted/D21_iPhone_X/IMG_2464.jpg,9e59145bbe652cafc567a44bc7e71a522a631cc541c537b48c88d1895d55f91d,1,1,0.145275,0.0072,gauss1,BP04_12MP_NL_JPEG.mat,2,2679.5
extracted/D21_iPhone_X/IMG_2465.jpg,c885c59ac0d124ffa675c6ea017c73e136b8f1e8f064f9dfee1ee303b3cc4a52,1,1,0.143226,0.0072,gauss1,BP04_12MP_NL_JPEG.mat,2,2853.7
extracted/D34_iPhone_11/IMG_4614.HEIC,01935a02d3962a19b554e3730a158714440e34fea6afa18ca33f44f33b702a43,1,1,0.02243,0.0072,gauss1,BP05_12MP_SLM_HEIC.mat,0,3248.9
extracted/D34_iPhone_11/IMG_4615.HEIC,6d6b7662d5191baf84b3e1f880a48d24b984a019b3b27b60ccfe1d622e2d654f,1,1,0.023414,0.0072,gauss1,BP05_12MP_SLM_HEIC.mat,0,2883.6
extracted/D34_iPhone_11/IMG_4616.HEIC,8457f4af0a8e8d941dcd2fb2fcbe54e52278ce055d7f52f63da32fee4c52e6c2,1,1,0.024161,0.0072,gauss1,BP05_12MP_SLM_HEIC.mat,0,3111.6
extracted/D34_iPhone_11/IMG_4617.HEIC,e9df6df060518c2047ec5c43a0a3d6a8d622c93e2e1d8e017f691e3a749c638d,1,1,0.024721,0.0072,gauss1,BP05_12MP_SLM_HEIC.mat,0,5384.8
extracted/D34_iPhone_11/IMG_4618.HEIC,da8cbb7ecad3e91db5d1d126ae5a54addf9fa3f661f1f3338bccf7460d3c014b,1,1,0.023996,0.0072,gauss1,BP05_12MP_SLM_HEIC.mat,0,3219.6
extracted/D34_iPhone_11/IMG_4619.HEIC,e88a513c0afb62959da41bba6c5081244aa3c7c9f9ed3e7919649e19c77ba31d,1,1,0.026579,0.0072,gauss1,BP05_12MP_SLM_HEIC.mat,0,2889.4
extracted/D34_iPhone_11/IMG_4620.HEIC,1507d69bdf56affb53e07aa705b2e969a1dfaf4c64a85c544fb5af3c3cebc16f,1,1,0.021613,0.0072,gauss1,BP05_12MP_SLM_HEIC.mat,0,2977.7
extracted/D34_iPhone_11/IMG_4621.HEIC,633756b55ccebd02ee1869c8cf5c05e29a1284242c85d31c8b94b7d573289c11,1,1,0.025177,0.0072,gauss1,BP05_12MP_SLM_HEIC.mat,0,2995.5
extracted/D34_iPhone_11/IMG_4622.HEIC,fc20fb11a7d19617c9c8a1d211cef7c3626cdae0d36aa1ea0d4c955207c83012,1,1,0.026409,0.0072,gauss1,BP05_12MP_SLM_HEIC.mat,0,2932.4
extracted/D34_iPhone_11/IMG_4623.HEIC,47810a4b1b7f7458af38944882fc283c6d6afce21a9ec7dc549429ffa88e7827,1,1,0.027065,0.0072,gauss1,BP05_12MP_SLM_HEIC.mat,0,2960.8
extracted/D34_iPhone_11/IMG_4624.HEIC,c8e8064bd6596a6488e40dacea373f17807c612b8ebf64f5f1dfc2016c01fa95,1,1,0.032015,0.0072,gauss1,BP05_12MP_SLM_HEIC.mat,2,2857.8
extracted/D34_iPhone_11/IMG_4625.HEIC,4a1794e396224ce612fc9c25081f16b4f7835bf4ef2d1cfc5bd482fbfa2f0095,1,1,0.039489,0.0072,gauss1,BP05_12MP_SLM_HEIC.mat,2,3008.0
extracted/D34_iPhone_11/IMG_4626.HEIC,323c2e082064c77eaca1cb2f5cffa60c0c7334a6d23ad7f68b3f4a4509e7948d,1,1,0.039011,0.0072,gauss1,BP05_12MP_SLM_HEIC.mat,2,4874.2
extracted/D34_iPhone_11/IMG_4627.HEIC,171d2ca7490b5b08ef27f8ebbfc21305f2f1a832b8896fcb89a44f954fe4b05a,1,1,0.039745,0.0072,gauss1,BP05_12MP_SLM_HEIC.mat,2,3085.5
extracted/D34_iPhone_11/IMG_4628.HEIC,fa62363dd31f978a704e53c3b318b70d55db655c3ddcc2f7f649f1c2199316c8,1,1,0.041763,0.0072,gauss1,BP05_12MP_SLM_HEIC.mat,2,3385.1
extracted/D34_iPhone_11/IMG_4629.HEIC,5a6d3ac0cffb782b79ebf1c68ba9ab35399bcbfc9dded02c9602f352773e28d5,1,1,0.037019,0.0072,gauss1,BP05_12MP_SLM_HEIC.mat,2,4093.7
extracted/D34_iPhone_11/IMG_4630.HEIC,6f18e3f94c47bd2885e9a17822f2950d6fdc49e1dfa8e1d9afbf0f97a57fef72,1,1,0.037103,0.0072,gauss1,BP05_12MP_SLM_HEIC.mat,2,2923.8
extracted/D34_iPhone_11/IMG_4631.HEIC,2b543a5c2d22eb77187d7b1213cfcf14a31a14761437e045f4e7fd516c5a3894,1,1,0.035924,0.0072,gauss1,BP05_12MP_SLM_HEIC.mat,2,3039.9
extracted/D34_iPhone_11/IMG_4632.HEIC,606c0d3ba6acdd36aa383fba507592c714fd5554299f11c61bcb6eaa62e4aee4,1,1,0.036973,0.0072,gauss1,BP05_12MP_SLM_HEIC.mat,2,2907.6
extracted/D34_iPhone_11/IMG_4633.HEIC,15b53c5d1bca6729b550fc05743f781275935c3c792681e419c1966a70dccbaf,1,1,0.036686,0.0072,gauss1,BP05_12MP_SLM_HEIC.mat,2,2953.0
extracted/D38_iPhone_11_Pro/IMG_6537.heic,0cf573d784e8b6e8ccf28479070d88b2ab4195e004e319b2672c2950e682fa7c,1,1,0.091672,0.0072,gauss1,BP05_12MP_SLM_HEIC.mat,0,2964.4
extracted/D38_iPhone_11_Pro/IMG_6538.heic,02c9777fe16b3ef2a9bf4a0414fe2df51fd30f063b7ed87268c9786379b667b5,1,1,0.053277,0.0072,gauss1,BP05_12MP_SLM_HEIC.mat,0,2994.2
extracted/D38_iPhone_11_Pro/IMG_6544.heic,626611142fde9882f8dea890a014e2031abb173be17b6258b0e64331850144ca,1,1,0.155697,0.0072,gauss1,BP05_12MP_SLM_HEIC.mat,0,3179.6
extracted/D38_iPhone_11_Pro/IMG_6545.heic,ec7e12eb1dc696f648f4177f01b75a6d7c95756903421cc012095cf02e6489ae,1,1,0.13674,0.0072,gauss1,BP05_12MP_SLM_HEIC.mat,0,2888.5
extracted/D43_iPhone_SE_2nd/IMG_2083.jpg,cc70f3039d315d3a2138adc056f82dec40258be0e13ffcc087d7e9f33b2cdaf6,1,1,0.08373,0.0072,gauss1,BP04_12MP_NL_JPEG.mat,0,2858.5
extracted/D43_iPhone_SE_2nd/IMG_2085.jpg,a9ab6b6381723c2e730a838ced41695c4a9a359bd2d38ee0cf5941b5c38c143d,1,1,0.070894,0.0072,gauss1,BP04_12MP_NL_JPEG.mat,0,2978.9
extracted/D43_iPhone_SE_2nd/IMG_2086.jpg,cbf0b738c3a8810aa5200df9196aa1857f7200f30948263642e4002540652028,1,1,0.056805,0.0072,gauss1,BP04_12MP_NL_JPEG.mat,0,2745.6
extracted/D43_iPhone_SE_2nd/IMG_2088.jpg,cf0d22598be9ca90e409528a89fc44532359736c2f61308022351d96b2aa2657,1,1,0.060794,0.0072,gauss1,BP04_12MP_NL_JPEG.mat,0,3082.2
extracted/D43_iPhone_SE_2nd/IMG_2089.jpg,1f19dcc9e750406d7be99545778eeee93e84f87815b3601e5b400c6522bba127,1,1,0.06869,0.0072,gauss1,BP04_12MP_NL_JPEG.mat,0,2729.5
extracted/D43_iPhone_SE_2nd/IMG_2090.jpg,cbaa9ccf822b7ea113973bcdba1c5d745bb3640e305e247042f73806f86a8fe2,1,1,0.069676,0.0072,gauss1,BP04_12MP_NL_JPEG.mat,0,2813.2
extracted/D43_iPhone_SE_2nd/IMG_2091.jpg,eb246b83b1de7d74beb6dd63e4b1ee6d6b63961b7ed41f81aa07458afa39863c,1,1,0.07222,0.0072,gauss1,BP04_12MP_NL_JPEG.mat,0,3013.9
extracted/D43_iPhone_SE_2nd/IMG_2092.jpg,ac79ce1480571b23dc4c121d48a5b30b701b9b6890c23a7f16fddb957ccd11e6,1,1,0.070575,0.0072,gauss1,BP04_12MP_NL_JPEG.mat,0,2839.6
extracted/D43_iPhone_SE_2nd/IMG_2093.jpg,96d1c7184b64aa4df62ec1542a1ddf93efb0a43c53694d36c6ea2255fd1853ee,1,1,0.092607,0.0072,gauss1,BP04_12MP_NL_JPEG.mat,2,2841.4
extracted/D43_iPhone_SE_2nd/IMG_2094.jpg,15de2adc571e0a285002992183f3886732a8dd63d0f40421e0ebaa838a233fb2,1,1,0.039848,0.0072,gauss1,BP04_12MP_NL_JPEG.mat,2,4197.2
extracted/D43_iPhone_SE_2nd/IMG_2095.jpg,d8ac8e9e548a32c984a7825131a35db2af6f53717f16a29ed35450a67a955b1d,1,1,0.031893,0.0072,gauss1,BP04_12MP_NL_JPEG.mat,2,3992.1
extracted/D43_iPhone_SE_2nd/IMG_2096.jpg,a1f20e9aaec171debe1aa71f4713427abb6a5a581a1ebdb9616afd0a0984a8ab,1,1,0.042331,0.0072,gauss1,BP04_12MP_NL_JPEG.mat,2,2991.6
extracted/D43_iPhone_SE_2nd/IMG_2097.jpg,f2adbbfea8888421b77003a54a4dd6b648cd16b3a8978eaaa969101402ceb064,1,1,0.032061,0.0072,gauss1,BP04_12MP_NL_JPEG.mat,2,2702.5
extracted/D43_iPhone_SE_2nd/IMG_2098.jpg,197d7186d40b83c870c95641e997c89e9b6fd3d757308924094a68cb8910fbed,1,1,0.033437,0.0072,gauss1,BP04_12MP_NL_JPEG.mat,2,2845.2
extracted/D43_iPhone_SE_2nd/IMG_2099.jpg,ff78237df1a465bfffaac211910cbcf8c57f3abf47014303426a5e2a42ef96b0,1,1,0.038637,0.0072,gauss1,BP04_12MP_NL_JPEG.mat,2,2938.0
extracted/D43_iPhone_SE_2nd/IMG_2100.jpg,82a095a1ff1fa73768959950028b9eeab9f2372909c58497fd29cb85004a2c64,1,1,0.040808,0.0072,gauss1,BP04_12MP_NL_JPEG.mat,2,2694.2
extracted/D43_iPhone_SE_2nd/IMG_2101.jpg,a2cd9ef7448cd780d4cdb401c7da38d7d4493bd08ef0381729a58a3523dce1e4,1,1,0.041529,0.0072,gauss1,BP04_12MP_NL_JPEG.mat,2,2781.0
extracted/D43_iPhone_SE_2nd/IMG_2102.jpg,f03c21bbb2c69391aba44b207114b1577f835eb4e6d992f0fbdd3d498418747f,1,1,0.041534,0.0072,gauss1,BP04_12MP_NL_JPEG.mat,2,4733.1
extracted/D51_iPhone_12_mini/IMG_0112.HEIC,6b039bb3d5ba7a7bae81315a3b9d8def89d7c28c84020d2780091422ca908346,1,1,0.0082,0.0072,gauss1,BP05_12MP_SLM_HEIC.mat,0,3276.2
extracted/D51_iPhone_12_mini/IMG_1361.HEIC,819779270de1308d4e8a8b2d2aed7b6986720d0aa300350179dd10f793234ab6,1,1,0.033988,0.0072,gauss1,BP05_12MP_NL_HEIC.mat,0,2949.1
extracted/D51_iPhone_12_mini/IMG_1904.HEIC,c3b715dfd9081b369280df36cd9a72cf99b54f359055ff354aa680d87390c97f,1,1,0.021099,0.0072,gauss1,BP05_12MP_SLM_HEIC.mat,0,3055.1
extracted/D51_iPhone_12_mini/IMG_2007.HEIC,147af59c8ef9aa0ae21a2b0b9bc61c534e4ba55524cae772a5486e52e6bbcd5e,1,1,0.053945,0.0072,gauss1,BP05_12MP_NL_HEIC.mat,0,2895.9
extracted/D51_iPhone_12_mini/IMG_2008.HEIC,26c269569a30b078d6c79f73693fa8b25bc06674cf2e13abb78cb5e7fed1673e,1,1,0.09393,0.0072,gauss1,BP05_12MP_SLM_HEIC.mat,2,3576.1
extracted/D51_iPhone_12_mini/IMG_2009.HEIC,eb0c2a33f164232e38939f1ae99b248daa2e87791615ab2d9dfb977245a80c39,1,1,0.024971,0.0072,gauss1,BP05_12MP_NL_HEIC.mat,0,2997.2
extracted/D51_iPhone_12_mini/IMG_2010.HEIC,f2d778036e96980b689c96bd34fab0d2c0d590b7ca443a4acc3d43c58ae059b6,1,0,0.005592,0.0072,gauss1,,,3103.0
extracted/D51_iPhone_12_mini/IMG_2011.HEIC,b104606922ab3cfe1ffb43db4de72f25e654e1ded667eea689bcae055e1e78c7,1,1,0.027007,0.0072,gauss1,BP05_12MP_SLM_HEIC.mat,0,2854.8
extracted/D51_iPhone_12_mini/IMG_2015.HEIC,6ed201a4713f7adaec2d08a398e7139015c493e849edbc76d4be8272cf12e59f,1,1,0.042847,0.0072,gauss1,BP05_12MP_SLM_HEIC.mat,0,4732.4
extracted/D51_iPhone_12_mini/IMG_2016.HEIC,beb9c15c84c6ee9658aef3a61d444cb06a0ba637a391eb648d47ae43cb6b60ce,1,1,0.109111,0.0072,gauss1,BP05_12MP_NL_HEIC.mat,0,3224.3
extracted/D51_iPhone_12_mini/IMG_2017.HEIC,8f2a34fe1cd19f4d9441c9eb9d6bccafd74edbdde60a9700a9acd8da6d6496d2,1,1,0.028292,0.0072,gauss1,BP05_12MP_NL_HEIC.mat,0,3150.6
extracted/D51_iPhone_12_mini/IMG_2018.HEIC,bd890742a875d7311c5a59bc00f90b309da6b6ba00cd083881514a880181990a,1,1,0.238513,0.0072,gauss1,BP05_12MP_SLM_HEIC.mat,2,3052.4
extracted/D51_iPhone_12_mini/IMG_2019.HEIC,991291ee316b6369e8005e8066c2b95dbc2cdec934f6a968bf7b73b862933f46,1,1,0.106087,0.0072,gauss1,BP05_12MP_SLM_HEIC.mat,0,2828.8
extracted/D51_iPhone_12_mini/IMG_2020.HEIC,2fe844e4e183e258f60976e64462c625ed8243f579a19a4cd14ef033eae5fee1,1,1,0.07026,0.0072,gauss1,BP05_12MP_SLM_HEIC.mat,0,3140.1
extracted/D51_iPhone_12_mini/IMG_2032.HEIC,156ce9c1c17f35db8dd1c0c382d35c9a3b1e22118d0dbe4fc7ce215423c5133b,1,1,0.010592,0.0072,gauss1,BP05_12MP_SLM_HEIC.mat,0,2783.0
extracted/D51_iPhone_12_mini/IMG_3078.HEIC,2a4e6d122508792bcac484ba234d609be5891082288b6fdd697f88020155b6d9,1,0,0.001046,0.0072,gauss1,,,2887.5
extracted/D51_iPhone_12_mini/IMG_3095.HEIC,dcc44b29d970d0c81bfd2f3ceced42b1332cbff7a7390cd723c24143c8f1c37a,1,0,0.001056,0.0072,gauss1,,,3012.9
extracted/D51_iPhone_12_mini/IMG_5533.HEIC,c1b2ae66c6cdce9fc57a529a9021d31d9cafbaf9c06766a397f166933d7de324,1,1,0.020081,0.0072,gauss1,BP05_12MP_SLM_HEIC.mat,0,2877.1
extracted/D51_iPhone_12_mini/IMG_5534.HEIC,9fa001a4e2259b962c4caf6aa6c75b0e46dec00612af131af7b01bb1844e597f,1,1,0.013977,0.0072,gauss1,BP05_12MP_NL_HEIC.mat,0,3316.6
extracted/D51_iPhone_12_mini/IMG_5535.HEIC,81658842e70a0e87110e3117cd901673b85d24ffd0e923dd360b5a9779c4e819,1,1,0.041862,0.0072,gauss1,BP05_12MP_NL_HEIC.mat,0,2814.8
extracted/D51_iPhone_12_mini/IMG_5536.HEIC,ea39253d68c0bdfde51b9fc109bca851357e86289c0df4da83edafbef0f44857,1,1,0.023888,0.0072,gauss1,BP05_12MP_SLM_HEIC.mat,0,3930.6
extracted/D51_iPhone_12_mini/IMG_5537.HEIC,cf300909f324e5f1efd68599fbde6b604c8dc30e717a8c865145dd1d6f13e329,1,1,0.032995,0.0072,gauss1,BP05_12MP_SLM_HEIC.mat,0,3036.4
extracted/D51_iPhone_12_mini/IMG_5538.HEIC,8f549eaa6e2ff8bf5ee160103a11cb88408a904a0eec4b453cf77ff51e7549cc,1,1,0.017468,0.0072,gauss1,BP05_12MP_SLM_HEIC.mat,0,3008.3
extracted/D51_iPhone_12_mini/IMG_5539.HEIC,067b3d3744e4153189c1b926bf2192eaa3baf23e4c7a695880b57fa24c40b837,1,1,0.025729,0.0072,gauss1,BP05_12MP_NL_HEIC.mat,0,2851.1
extracted/D51_iPhone_12_mini/IMG_5540.HEIC,baf8dd8044ef82bb4f2d7325bf8df5486c69eaa8144fe7c4275d4ed059aa010f,1,1,0.023209,0.0072,gauss1,BP05_12MP_SLM_HEIC.mat,0,2984.9
extracted/D51_iPhone_12_mini/IMG_5541.HEIC,e96e6b73fa69711dd3e75e5a3f5064f9c9e4a0b9679c003afc88c1b30f017a02,1,1,0.070667,0.0072,gauss1,BP05_12MP_NL_HEIC.mat,0,2785.0
extracted/D51_iPhone_12_mini/IMG_5542.HEIC,6d4e8c9bf44f33601105cbd5b240c46e85d51efb8839ec216214b454d5a402df,1,0,0.006389,0.0072,gauss1,,,3218.4
extracted/D51_iPhone_12_mini/IMG_5543.HEIC,f06c963c3a79d9e54fb4c6a5fffc037abf914857dd0e5b466aa372a2c36e203d,1,1,0.032412,0.0072,gauss1,BP05_12MP_NL_HEIC.mat,0,4261.9
extracted/D51_iPhone_12_mini/IMG_5544.HEIC,376b0440f074b209657939f0ae40e0564d7627ccb085bc74cc2ebc1b99f01552,1,0,0.006053,0.0072,gauss1,,,2845.7
extracted/D51_iPhone_12_mini/IMG_5545.HEIC,6957a1b376f5bf02bcb726e722d718334d61ebb7e61bba90a1da2dadbfbad9ff,1,1,0.017887,0.0072,gauss1,BP05_12MP_SLM_HEIC.mat,0,2922.7
extracted/D51_iPhone_12_mini/IMG_5546.HEIC,fbfcdf102e6713e6655bb7d24e7e6fd12e2e7f00ecda07e58bd2dcaec840f499,1,1,0.042006,0.0072,gauss1,BP05_12MP_SLM_HEIC.mat,0,2996.9
extracted/D51_iPhone_12_mini/IMG_5548.HEIC,5de4df815ee8b3e6de0a94618bc71b2d470d10935038db4b1c763ea84e591804,1,1,0.027701,0.0072,gauss1,BP05_12MP_SLM_HEIC.mat,0,3018.2
extracted/D51_iPhone_12_mini/IMG_5549.HEIC,1027ee8a26cc8d0dfa28bfd6d5602bfa4fcdd7755cfc8b76b5e7f46cab7a8f46,1,1,0.062142,0.0072,gauss1,BP05_12MP_SLM_HEIC.mat,0,3369.3
extracted/D51_iPhone_12_mini/IMG_5550.HEIC,0adcf045ae86dd9c5474bf935f1bcd67f116765ed38685e1af18e2dc2af631c4,1,1,0.007248,0.0072,gauss1,BP05_12MP_NL_HEIC.mat,0,3143.5
extracted/D51_iPhone_12_mini/IMG_5551.HEIC,15068bfd9f78927c53f45a1fd65cf84123c3bc7df64b1faae2203d8c8ba5fd9b,1,0,0.004751,0.0072,gauss1,,,3328.5
extracted/D51_iPhone_12_mini/IMG_5552.HEIC,6291be6aaa679bb573d593f46497b5b5cc16bd30d48b1228e274377e955062a3,1,1,0.017946,0.0072,gauss1,BP05_12MP_SLM_HEIC.mat,0,2736.1
extracted/D51_iPhone_12_mini/IMG_5553.HEIC,ffc98e873890a9748f932f28d982d4f7cfd3be9079b541b4aa5f0a8313041688,1,1,0.0173,0.0072,gauss1,BP05_12MP_SLM_HEIC.mat,0,3311.5
extracted/D51_iPhone_12_mini/IMG_5554.HEIC,eaadec79d1510d3a15b9ba1243708f32aaac0e01c2f85d13bcf074d7cf9f707d,1,1,0.017085,0.0072,gauss1,BP05_12MP_SLM_HEIC.mat,0,2812.4
extracted/D51_iPhone_12_mini/IMG_5555.HEIC,2a5719bf6344abeed318497ec14732defdb888a30779b118da37f6e37f24b967,1,1,0.018798,0.0072,gauss1,BP05_12MP_SLM_HEIC.mat,0,2911.2
extracted/D51_iPhone_12_mini/IMG_5556.HEIC,28b988032644eb9e1fb3a8d1eaddb4848e2d3d434ea8661907dd73626dc85864,1,1,0.031817,0.0072,gauss1,BP05_12MP_SLM_HEIC.mat,0,3046.4
extracted/D51_iPhone_12_mini/IMG_5557.HEIC,4ee6ca0c7c5a1461f8912d392ab4c7eba933141214c6fdb2ae84ddeb07c29136,1,1,0.052227,0.0072,gauss1,BP05_12MP_SLM_HEIC.mat,2,3196.6
extracted/D51_iPhone_12_mini/IMG_5558.HEIC,a6be9d8dbb0b13e451ba8fce8251fd2a8592ed319ea70c73d8dd322967a34d6f,1,1,0.015438,0.0072,gauss1,BP05_12MP_SLM_HEIC.mat,0,3030.8
extracted/D51_iPhone_12_mini/IMG_5559.HEIC,6346311da79f074a940d51f97e8f39936024034d3ef745dee3a5159fabb68f48,1,1,0.041111,0.0072,gauss1,BP05_12MP_NL_HEIC.mat,0,2789.0
extracted/D51_iPhone_12_mini/IMG_5560.HEIC,5583028af21f414115136762d7f3cad66345fff2e6cad9c2f6684d91e536ba29,1,1,0.01706,0.0072,gauss1,BP05_12MP_SLM_HEIC.mat,0,2992.0
extracted/D51_iPhone_12_mini/IMG_5561.HEIC,828d7664d04678ff61e70f71188d756cc6233c5dfbaadfc882b9b0fd7d802761,1,1,0.044148,0.0072,gauss1,BP05_12MP_NL_HEIC.mat,0,2843.9
extracted/D51_iPhone_12_mini/IMG_5562.HEIC,723b619ecdc780a82e7ceee3c517d78c038a540115328ef506ebd0b36e7dba24,1,1,0.029771,0.0072,gauss1,BP05_12MP_SLM_HEIC.mat,0,2850.4
extracted/D51_iPhone_12_mini/IMG_5563.HEIC,e8d8f93b994227d9a009f6afaea413b8f38156d7327f1cec9c83db19e87116b4,1,1,0.060971,0.0072,gauss1,BP05_12MP_NL_HEIC.mat,0,2788.6
extracted/D51_iPhone_12_mini/IMG_5564.HEIC,2da6b4a6b70ef061be629a3bf3fb1c3070ca055acc419e0272979a3f92e17a9b,1,1,0.023928,0.0072,gauss1,BP05_12MP_SLM_HEIC.mat,0,2874.3
extracted/D51_iPhone_12_mini/IMG_5565.HEIC,b9bae31f0d59854ff64808202e1089c5f30b2d766febcb492e6661114f415815,1,1,0.012846,0.0072,gauss1,BP05_12MP_SLM_HEIC.mat,0,4332.9
extracted/D51_iPhone_12_mini/IMG_5566.HEIC,4982954682b88d14a3facb836ccccb65dd611495ad4c9afc868300815f299e45,1,1,0.143015,0.0072,gauss1,BP05_12MP_SLM_HEIC.mat,0,3251.0
extracted/D51_iPhone_12_mini/IMG_5567.HEIC,1c1757ca2b592d468fd7d3efa3200dd8cb5234d2706fb147224f2da882663973,1,1,0.058825,0.0072,gauss1,BP05_12MP_NL_HEIC.mat,0,2823.1
extracted/D51_iPhone_12_mini/IMG_5568.HEIC,e665da37d79e48075209bdfca7130ad2dfffb61e0c0f67468288477e02931709,1,1,0.041854,0.0072,gauss1,BP05_12MP_NL_HEIC.mat,0,2861.5
extracted/D51_iPhone_12_mini/IMG_5569.HEIC,063f9548b7a12fc944e09caa0bb670180d9eb70460bd030b4ea1cca539c1976f,1,1,0.036911,0.0072,gauss1,BP05_12MP_NL_HEIC.mat,0,3026.1
extracted/D51_iPhone_12_mini/IMG_5570.HEIC,a0527565eeb7f90230889f0a85d32f3dbd14bab6ae126b79b8b8df822181e435,1,1,0.059353,0.0072,gauss1,BP05_12MP_NL_HEIC.mat,0,2765.8
extracted/D51_iPhone_12_mini/IMG_5571.HEIC,7e6e5e339b5cc3bd610802d21067094300bea674b17f1c9365ee2bf7bbb576ee,1,1,0.039909,0.0072,gauss1,BP05_12MP_NL_HEIC.mat,0,2978.4
extracted/D51_iPhone_12_mini/IMG_5572.HEIC,33dec1ee49ec96726fd4e168ff7930e29be815c48f09eb1f3b5203f729e1ee45,1,1,0.026294,0.0072,gauss1,BP05_12MP_NL_HEIC.mat,0,2703.8
extracted/D51_iPhone_12_mini/IMG_5573.HEIC,4ae82cd4b20d10041c833615f812b8ff707be74b70f0ded8f66d028fc956deea,1,1,0.014365,0.0072,gauss1,BP05_12MP_NL_HEIC.mat,0,2800.3
extracted/D51_iPhone_12_mini/IMG_5574.HEIC,7d866e264a292c0beff98b49c905da54ec549b37fee32e18355127095dfbc524,1,1,0.072741,0.0072,gauss1,BP05_12MP_NL_HEIC.mat,0,2951.2
extracted/D51_iPhone_12_mini/IMG_5575.HEIC,2f74d0c26798af6870dc0bbf2072cb58be4b187ecbb03fc2d444a1b9233831a7,1,1,0.021046,0.0072,gauss1,BP05_12MP_NL_HEIC.mat,0,2693.4
extracted/D51_iPhone_12_mini/IMG_5576.HEIC,9889bc0adb5ad5f05dc574211d9a2b25412a0b886d8d5a976f3b5cf7bae3b8a3,1,1,0.01261,0.0072,gauss1,BP05_12MP_NL_HEIC.mat,0,2788.1
extracted/D51_iPhone_12_mini/IMG_5577.HEIC,a27726ee01082b923c38d4e7ebe0d8255d9577ac0aa985ca35ed2524d9cec94a,1,1,0.007476,0.0072,gauss1,BP05_12MP_NL_HEIC.mat,0,3124.7
extracted/D51_iPhone_12_mini/IMG_5578.HEIC,34ebb8669707858c889785cae28f7f79fb15c3b8b1885619f916c9d04c42483d,1,1,0.070323,0.0072,gauss1,BP05_12MP_NL_HEIC.mat,0,2714.3
extracted/D51_iPhone_12_mini/IMG_5579.HEIC,b834103dfc4fb26cc1eacc95cca60adc3cafba8d6ae77e9801bd2a9fd79ce7f8,1,1,0.044488,0.0072,gauss1,BP05_12MP_NL_HEIC.mat,0,2952.3
extracted/D51_iPhone_12_mini/IMG_5580.HEIC,9224d1c22ec5bc1e31b8efb0afc58bde1ebc708fb2b8eb69063525267cb1d486,1,1,0.010912,0.0072,gauss1,BP05_12MP_NL_HEIC.mat,0,3747.5
extracted/D51_iPhone_12_mini/IMG_5581.HEIC,7df4f37ce93c4be5f41a348b75f73d34e36cc88422a9cb309546b7760f266a43,1,1,0.017516,0.0072,gauss1,BP05_12MP_NL_HEIC.mat,0,2994.9
extracted/D51_iPhone_12_mini/IMG_5582.HEIC,059fbb7015a137d83df52d475a351a444a9944a6dbdd668ac9a1c27ec98dc1ef,1,1,0.032846,0.0072,gauss1,BP05_12MP_NL_HEIC.mat,0,2873.2
extracted/D51_iPhone_12_mini/IMG_5583.HEIC,db70462852c2227292a6b868d0d5d034d1891e72657127e670eb16629687928b,1,1,0.033569,0.0072,gauss1,BP05_12MP_SLM_HEIC.mat,0,2712.2
extracted/D57_iPhone_13/IMG_2815.HEIC,a9aab89716c56690ab3ed1c14a3b9afa206c9d2d658d03724eb391d3b378224b,1,1,0.074871,0.0072,gauss1,BP06_12MP_SLM_HEIC.mat,0,2921.9
extracted/D57_iPhone_13/IMG_2816.HEIC,502540b83da38dbe5b535ca23fb7a1c5d1ce62222f1849f8518fd785cd628be4,1,1,0.081286,0.0072,gauss1,BP06_12MP_SLM_HEIC.mat,0,2688.3
extracted/D57_iPhone_13/IMG_2817.HEIC,9dbbb5ee3f2de7ec86dab3ce726a960008771529f180f1dd07ce9dd70ea6d5ee,1,1,0.072297,0.0072,gauss1,BP06_12MP_SLM_HEIC.mat,0,2750.4
extracted/D57_iPhone_13/IMG_2818.HEIC,8245a0ec85d6b37a65f3ed8620ad3a4e68752a79fef94c73dc7dfdc6f95612ae,1,1,0.076179,0.0072,gauss1,BP06_12MP_NL_HEIC.mat,0,3109.3
extracted/D57_iPhone_13/IMG_2819.HEIC,6a02556fb0866c15b49cee4f197df62512074a70743b1307a88b937ca3c4b4f3,1,1,0.074578,0.0072,gauss1,BP06_12MP_SLM_HEIC.mat,0,2715.3
extracted/D57_iPhone_13/IMG_2820.HEIC,99bccd2ba0377ebec0b8ec567c6d9f74b4d2abecb760cfd5b4cdfb4da1a48320,1,1,0.071807,0.0072,gauss1,BP06_12MP_NL_HEIC.mat,0,2798.1
extracted/D57_iPhone_13/IMG_2821.HEIC,87b77b4564d208583d5654d8c5738a5d1f846115ea503d1f9b494665d80bd53a,1,1,0.065822,0.0072,gauss1,BP06_12MP_NL_HEIC.mat,0,3145.0
extracted/D57_iPhone_13/IMG_2822.HEIC,3ced1e1c4264aa9c3e3c05f75a08d7bf887ec553bc345289c64a2c0ac8fbd296,1,1,0.066579,0.0072,gauss1,BP06_12MP_SLM_HEIC.mat,0,2739.2
extracted/D57_iPhone_13/IMG_2824.HEIC,f2630171ad0b531df9db8adcd0333da2d148d04f853d7de932515256d8c0b2b9,1,1,0.088372,0.0072,gauss1,BP06_12MP_SLM_HEIC.mat,0,2819.5
extracted/D57_iPhone_13/IMG_2825.HEIC,c747792987d66b9aae20339179da49c6a4dbf5f4e74e3cc6ec19a9ff86f36aa9,1,1,0.08176,0.0072,gauss1,BP06_12MP_SLM_HEIC.mat,0,3361.3
extracted/D57_iPhone_13/IMG_2826.HEIC,027948e0e24d13f4854553a8183ad4deff8412c3a9a825483025ec57bf196134,1,1,0.090597,0.0072,gauss1,BP06_12MP_SLM_HEIC.mat,2,5161.4
extracted/D57_iPhone_13/IMG_2827.HEIC,96956850f93e12b533e26e3cc54df882143016eafdffa7ceb56c4514c671918a,1,1,0.076994,0.0072,gauss1,BP06_12MP_SLM_HEIC.mat,2,2910.1
extracted/D57_iPhone_13/IMG_2828.HEIC,aa015cf555471ff6aaae68546091525e4b49578f3c1509a3b1c1a6e5270f642f,1,1,0.100819,0.0072,gauss1,BP06_12MP_SLM_HEIC.mat,2,2734.5
extracted/D57_iPhone_13/IMG_2829.HEIC,396860ff5e63c661813789281f535300d7628118f108d43b3d50225f98e41e4e,1,1,0.088212,0.0072,gauss1,BP06_12MP_SLM_HEIC.mat,2,2832.7
extracted/D57_iPhone_13/IMG_2830.HEIC,7233dc586ef40d23e7d8bf0aa2ca62ec08a358e6a4f05f47f7f5b4e0faaa39a0,1,1,0.080373,0.0072,gauss1,BP06_12MP_SLM_HEIC.mat,2,2862.0
extracted/D57_iPhone_13/IMG_2831.HEIC,4a9d0e58a448dc8ed55e560a1e538f8fa0b088fb6234bb57b8a02983a2aa3a41,1,1,0.087953,0.0072,gauss1,BP06_12MP_SLM_HEIC.mat,2,2796.3
extracted/D57_iPhone_13/IMG_2832.HEIC,ac8fe4e19eb76065b469ac1d0fb3b9d4df58e3eef193b0f287d7a20d63f06267,1,1,0.083151,0.0072,gauss1,BP06_12MP_SLM_HEIC.mat,2,2961.7
extracted/D57_iPhone_13/IMG_2833.HEIC,46991b846ebc063b7fe9510379433aa624b0109e8fa8a63bed7b20c3b910d270,1,1,0.073543,0.0072,gauss1,BP06_12MP_SLM_HEIC.mat,2,2918.4
extracted/D57_iPhone_13/IMG_2834.HEIC,fa65aacadb2b3bf153436e64db444d11d25118d342c34db68f64e5fcecc766e4,1,1,0.073228,0.0072,gauss1,BP06_12MP_SLM_HEIC.mat,2,2641.3
extracted/D57_iPhone_13/IMG_2835.HEIC,4b7af12a4fd20ff16a405a4aaeaefc76c0b901e44313dbf38edf145b2f9851b1,1,1,0.095099,0.0072,gauss1,BP06_12MP_SLM_HEIC.mat,2,2843.2
extracted/D58_iPhone_13/IMG_3131.heic,aed23a8635a9e13de122723d0dcffbba4df288c773d8b1b7f095bd73fb617df1,1,1,0.185776,0.0072,gauss1,BP06_12MP_SLM_HEIC.mat,0,2767.4
extracted/D58_iPhone_13/IMG_3132.heic,f2cacec3e2d580b521631adc4692b8cbdc32c9fe29b879aff254d83bda12a1ff,1,1,0.089014,0.0072,gauss1,BP06_12MP_NL_HEIC.mat,0,2746.5
extracted/D58_iPhone_13/IMG_3136.heic,31046f63af0b8421df90952b7e0ead47a49c4f42b2a643459bc0377c16972a72,1,1,0.091395,0.0072,gauss1,BP06_12MP_NL_HEIC.mat,0,2790.1
extracted/D58_iPhone_13/IMG_3137.heic,8513c4c02b26f73a874c8a2fb1d430e92c7c91b616cd504612fb3c7434852858,1,1,0.09028,0.0072,gauss1,BP06_12MP_NL_HEIC.mat,0,3056.3
extracted/D58_iPhone_13/IMG_3138.heic,d4834d9f54cb27b5f3b061acb9eadf4f76e2c8ca8ecb2fdd5a8dccf888fa3aec,1,1,0.197699,0.0072,gauss1,BP06_12MP_NL_HEIC.mat,0,2918.0
extracted/D58_iPhone_13/IMG_3139.heic,65afc2bd8e9ad0cc072fe2337f2db41d81856fcd66a32504b570057a3fe22954,1,1,0.082453,0.0072,gauss1,BP06_12MP_NL_HEIC.mat,0,2982.2
extracted/D58_iPhone_13/IMG_3143.heic,7bac4b64ff5ae53405863cb6ac56adbcb9feea0c573d34acc37a8b7b1ae070f7,1,1,0.102022,0.0072,gauss1,BP06_12MP_NL_HEIC.mat,0,2714.9
extracted/D58_iPhone_13/IMG_3144.heic,60a1b0f591a9baccce96644ff77fee6da13bcf850ece6a6037d0dcc74707af5c,1,1,0.080403,0.0072,gauss1,BP06_12MP_SLM_HEIC.mat,2,2845.5
extracted/D58_iPhone_13/IMG_3145.heic,33472a8b31fd707ec8b7cee101ba92d313638585cd912279c7e533d0169d00dd,1,1,0.127834,0.0072,gauss1,BP06_12MP_SLM_HEIC.mat,2,2845.6
extracted/D58_iPhone_13/IMG_3146.heic,fc7b5a129af2788c1f622811a230d5e7890e1ed12cddd90a2d0d891ff96d486c,1,1,0.125478,0.0072,gauss1,BP06_12MP_SLM_HEIC.mat,2,2690.6
extracted/D58_iPhone_13/IMG_3147.heic,a058753c577e33b03a7336367db0e96a682c045528991d95b480c3d9964efd78,1,1,0.093221,0.0072,gauss1,BP06_12MP_SLM_HEIC.mat,2,2730.7
extracted/D58_iPhone_13/IMG_3148.heic,c1d253f0f3791dbf9a54edba8bce16a1acf87b6b30ecefab40713f29a5c42889,1,1,0.09511,0.0072,gauss1,BP06_12MP_SLM_HEIC.mat,2,2866.7
extracted/D58_iPhone_13/IMG_3149.heic,6250b64da6a040be64a36b606f5c1145817b830f0297fa2aaa22405bd28809a7,1,1,0.091785,0.0072,gauss1,BP06_12MP_SLM_HEIC.mat,2,2941.9
extracted/D58_iPhone_13/IMG_3150.heic,8b35ca5415c17b56ce5f9af10dd01819aefdc515e2b660c74997e693ca3e0610,1,1,0.262434,0.0072,gauss1,BP06_12MP_SLM_HEIC.mat,2,2807.4
extracted/D58_iPhone_13/IMG_3151.heic,4650369990488fcb42c039e38c7bf033453ef93bdbe30ca50924811b6d3e7b63,1,1,0.075864,0.0072,gauss1,BP06_12MP_SLM_HEIC.mat,2,2887.3
extracted/D58_iPhone_13/IMG_3152.heic,a376871bec904c25567c731a12ae8f876944d977c6b7c46bf5b159e21bea5779,1,1,0.095005,0.0072,gauss1,BP06_12MP_SLM_HEIC.mat,2,2656.4
extracted/D58_iPhone_13/IMG_3201.heic,644f98f7af9c33235b1e5465be11c4abda4927740bea2c7e481610ce3fbd9fd5,1,1,0.250448,0.0072,gauss1,BP06_12MP_NL_HEIC.mat,0,2751.3
extracted/D58_iPhone_13/IMG_3202.heic,e4492a30eca604974cbf905aa84d2660119190d2fd327b11a53e815ed269431d,1,1,0.30048,0.0072,gauss1,BP06_12MP_NL_HEIC.mat,0,3010.0
extracted/D58_iPhone_13/IMG_3203.heic,7438fd50d97bfedcd697c7e879b689a9e0abc1c971be19bbea7eb2a81803fa77,1,1,0.190494,0.0072,gauss1,BP06_12MP_NL_HEIC.mat,0,2931.3
extracted/D58_iPhone_13/IMG_3222.heic,e0b0ebd181cf2e120880a3174991425a5b6f0245e9d5e50f0528624fe03bcd83,1,1,0.142117,0.0072,gauss1,BP06_12MP_SLM_HEIC.mat,2,2749.4
extracted/D60_iPhone_13/IMG_1342.heic,e4b39b739ea5fd659387fb9d54019ecd99584fd783292d08131a8a686f9f3cd9,1,1,0.296101,0.0072,gauss1,BP06_12MP_SLM_HEIC.mat,0,4087.6
extracted/D60_iPhone_13/IMG_1344.heic,6b525eba26ef9ce1066b2a9a5a198185540f969fea6dc2892017f88282e60e8b,1,1,0.396126,0.0072,gauss1,BP06_12MP_SLM_HEIC.mat,0,3130.8
extracted/D60_iPhone_13/IMG_1345.heic,43f046aebc009c9146a892d6753612777fd852b8d83b4a81ecd8f1cfd40cfc84,1,1,0.355989,0.0072,gauss1,BP06_12MP_SLM_HEIC.mat,0,2729.7
extracted/D60_iPhone_13/IMG_1346.heic,9b44b68323845b32df2824fb062800187f7fc6eb5c5c6dbf0b2bb6a5095ddd51,1,1,0.339696,0.0072,gauss1,BP06_12MP_SLM_HEIC.mat,0,2811.1
extracted/D60_iPhone_13/IMG_1347.heic,ba5b2db9aa5ffb728002b8e1339870bfac568e43e48daa715a27f28ad778a4d3,1,1,0.390188,0.0072,gauss1,BP06_12MP_SLM_HEIC.mat,0,2918.4
extracted/D60_iPhone_13/IMG_1348.heic,cb6e1c69f826a70c2ca5ec20b2c730685fab93986aee332de426db0f242cc36d,1,1,0.408413,0.0072,gauss1,BP06_12MP_SLM_HEIC.mat,0,2731.7
extracted/D60_iPhone_13/IMG_1349.heic,04561371a6c020ea0dca5d6acbc7e5d2286c43d499144b61382d66cd2b95ea28,1,1,0.418886,0.0072,gauss1,BP06_12MP_SLM_HEIC.mat,0,2801.8
extracted/D60_iPhone_13/IMG_1350.heic,3b01d7d521a549fb6932966b347ed320af9cc28556883413c104303c168ac4bf,1,1,0.342883,0.0072,gauss1,BP06_12MP_SLM_HEIC.mat,0,3183.6
extracted/D60_iPhone_13/IMG_1364.heic,7dfe3fd10990c22eee66d023e35e9a26fca1cfe9228ad16d563901588213b024,1,1,0.453228,0.0072,gauss1,BP06_12MP_SLM_HEIC.mat,2,2797.9
extracted/D60_iPhone_13/IMG_1365.heic,4f3e4875baded836f1277e0c3cb8dba5d2506ea356afa97577fdc7ec2bf50efe,1,1,0.430187,0.0072,gauss1,BP06_12MP_SLM_HEIC.mat,2,2808.5
extracted/D60_iPhone_13/IMG_1366.heic,649d8205d58ffece4edf2915b7f588225d95782112817ccf83bcb54e6975ea6d,1,1,0.433733,0.0072,gauss1,BP06_12MP_SLM_HEIC.mat,2,3579.5
extracted/D60_iPhone_13/IMG_1367.heic,8a71d2dbe7095025181d7b820304192a82241d93f1d4318721c9c437ba596ca5,1,1,0.422551,0.0072,gauss1,BP06_12MP_SLM_HEIC.mat,2,6681.6
extracted/D60_iPhone_13/IMG_1368.heic,330da561b3595ef3a9bdbad221b698af713010a728e44d7a814866af4f3dbf5b,1,1,0.440012,0.0072,gauss1,BP06_12MP_SLM_HEIC.mat,2,3332.8
extracted/D60_iPhone_13/IMG_1369.heic,a14f5926ca365884dd065968dae87edf353df673dea079a356b2a08f4099e698,1,1,0.449019,0.0072,gauss1,BP06_12MP_SLM_HEIC.mat,2,2666.0
extracted/D60_iPhone_13/IMG_1370.heic,b5c589cf766b1ea529af87f7080e69fa4f10a676e08204bf0d1d4a725780905f,1,1,0.443108,0.0072,gauss1,BP06_12MP_SLM_HEIC.mat,2,2918.9
extracted/D60_iPhone_13/IMG_1371.heic,cea25964e38b781b72e1c4402169b9427e84a195639d74ae745063d0644966a2,1,1,0.445137,0.0072,gauss1,BP06_12MP_SLM_HEIC.mat,2,2927.5
extracted/D60_iPhone_13/IMG_1372.heic,ce4782770f26f722a5aba42487cd0058c432402ccc0f82268022c6cfb5126af1,1,1,0.430859,0.0072,gauss1,BP06_12MP_SLM_HEIC.mat,2,2771.0
extracted/D60_iPhone_13/IMG_1373.heic,fe36b3c0836e1a930e1582887e8b89f3f7bd0793fe6d49f1ac3f81a8d4be3c71,1,1,0.429328,0.0072,gauss1,BP06_12MP_SLM_HEIC.mat,2,3096.0
extracted/D61_iPhone_13/IMG_8848.heic,03b3f833f94083ff54dd187e850b9b0123ddc136902d141c5eb8119faf7fe05f,1,1,0.067317,0.0072,gauss1,BP06_12MP_NL_HEIC.mat,0,3094.1
extracted/D61_iPhone_13/IMG_8849.heic,51baa8147ba6ff9542dd5e90591c9b3e48310fd4a179a9c7017a2807dd68369e,1,1,0.070881,0.0072,gauss1,BP06_12MP_NL_HEIC.mat,0,4884.9
extracted/D61_iPhone_13/IMG_8850.heic,1e075618b3b5b27f4befe2626818b5f5087f0cfebfdf5c79c6ff1d3f18efea5c,1,1,0.075302,0.0072,gauss1,BP06_12MP_NL_HEIC.mat,0,2967.4
extracted/D61_iPhone_13/IMG_8851.heic,bb49a000825aec5080f9b0d8de5120ec528c63c6556ed0273d19475174edc1cc,1,1,0.072461,0.0072,gauss1,BP06_12MP_NL_HEIC.mat,0,2792.7
extracted/D61_iPhone_13/IMG_8852.heic,f7a7abc230357b448a1868a5ebccf3caed5b05d3bce5fd44d7251f7b02df517c,1,1,0.076159,0.0072,gauss1,BP06_12MP_NL_HEIC.mat,0,3108.3
extracted/D61_iPhone_13/IMG_8853.heic,186a3793816c60b63a5830521129130e78ca07efeb7d76adda976a54f6095be4,1,1,0.072203,0.0072,gauss1,BP06_12MP_NL_HEIC.mat,0,2763.9
extracted/D61_iPhone_13/IMG_8854.heic,b70852c3709ebca72324acfd474a348cdef8570609a50fc3cd73351da8188e2b,1,1,0.082846,0.0072,gauss1,BP06_12MP_NL_HEIC.mat,0,2825.0
extracted/D61_iPhone_13/IMG_8855.heic,d1782e576bb2f6cc10697fce644104abcae920099a7bcbdc26e7b5e6d25b39a1,1,1,0.082156,0.0072,gauss1,BP06_12MP_NL_HEIC.mat,0,2973.2
extracted/D61_iPhone_13/IMG_8856.heic,aa82fc7fd4365365d600de7b85252616d0016b0483fe8e48b0bfc450075bbf02,1,1,0.060826,0.0072,gauss1,BP06_12MP_NL_HEIC.mat,0,2800.5
extracted/D61_iPhone_13/IMG_8857.heic,f94131d1debcaa295d0a6e792da834375de304a370a2e240b94f8f09737997b0,1,1,0.05928,0.0072,gauss1,BP06_12MP_NL_HEIC.mat,0,3021.6
extracted/D61_iPhone_13/IMG_8858.heic,f6e95d258b619c8dd1fbb2e2a79886a7d2f2423561eaafd3e55b3d21b2cb14b0,1,1,0.081042,0.0072,gauss1,BP06_12MP_SLM_HEIC.mat,2,2676.8
extracted/D61_iPhone_13/IMG_8859.heic,a65f8f1bf0dee2e72c34a81a5b849017a928c70118373b6315652af599a2df3e,1,1,0.075678,0.0072,gauss1,BP06_12MP_SLM_HEIC.mat,2,2734.7
extracted/D61_iPhone_13/IMG_8860.heic,8ecd4bfd8d4076cc3827dd43eef96c81cc1463351ccfc6ad1af25134f7b5a841,1,1,0.073048,0.0072,gauss1,BP06_12MP_SLM_HEIC.mat,2,2812.8
extracted/D61_iPhone_13/IMG_8861.heic,4049139a3fb3eaf12e2ecfb20f3aa0128b05e3e0c7b9fe7c60677cdd3ebe7461,1,1,0.075933,0.0072,gauss1,BP06_12MP_SLM_HEIC.mat,2,2872.8
extracted/D61_iPhone_13/IMG_8862.heic,c14f121742a5385e885a91b5eef578757fa165298b6c6f933655da7b8c0953ed,1,1,0.085958,0.0072,gauss1,BP06_12MP_SLM_HEIC.mat,2,2818.1
extracted/D61_iPhone_13/IMG_8863.heic,207ce0ea2f19b30ba03dadc04a2808466425dd296f2fd8e4c09c61e542cc2088,1,1,0.070958,0.0072,gauss1,BP06_12MP_SLM_HEIC.mat,2,3003.3
extracted/D61_iPhone_13/IMG_8864.heic,5452a26e8a125fa433233ddc69ad44c6f90bef30264ab36c69ffb4a706f61e82,1,1,0.081637,0.0072,gauss1,BP06_12MP_SLM_HEIC.mat,2,2646.8
extracted/D61_iPhone_13/IMG_8865.heic,fd38002082c340aac3d663ab43d678f3fedc06cfb33980b5c8b56befa5afd648,1,1,0.076437,0.0072,gauss1,BP06_12MP_SLM_HEIC.mat,2,2803.9
extracted/D61_iPhone_13/IMG_8866.heic,cc419e1bb11854a83d2752d8d73d618fe8756920def9ebb9ae55b0372335bd37,1,1,0.083904,0.0072,gauss1,BP06_12MP_SLM_HEIC.mat,2,3034.2
extracted/D61_iPhone_13/IMG_8867.heic,3ebc06a9dfe73eb0c1b51d3d261c028255a680b0c39f7a247af595a2c28f2e39,1,1,0.082311,0.0072,gauss1,BP06_12MP_SLM_HEIC.mat,2,2695.9
extracted/D63_iPhone_13_mini/IMG_0098.HEIC,3c9509222cd854d071feb4a15e59b6e7dcc9a5e75398d316875d03c66785745d,1,1,0.206956,0.0072,gauss1,BP06_12MP_SLM_HEIC.mat,0,2750.8
extracted/D63_iPhone_13_mini/IMG_0099.HEIC,043e69987ba52e2e6fd80d33473815f6d7269efc71327974921033eb4d87d07e,1,1,0.176114,0.0072,gauss1,BP06_12MP_SLM_HEIC.mat,0,4612.3
extracted/D63_iPhone_13_mini/IMG_0100.HEIC,6ecea8ed0d4854b3779c64058401b81313eda8a8be12e8fd70e8243fdafbfeb8,1,1,0.175271,0.0072,gauss1,BP06_12MP_SLM_HEIC.mat,0,3068.1
extracted/D63_iPhone_13_mini/IMG_0101.HEIC,1317b264dcb4ae98d595518f25368ebc78887c8b21633c4d4478b8e129896849,1,1,0.18201,0.0072,gauss1,BP06_12MP_SLM_HEIC.mat,0,2760.9
extracted/D63_iPhone_13_mini/IMG_0102.HEIC,7c1105d7296e217198b5ded46f4ed9fcc9851aebb51eeb74cc94009bf1503841,1,1,0.156383,0.0072,gauss1,BP06_12MP_SLM_HEIC.mat,0,2914.2
extracted/D63_iPhone_13_mini/IMG_0103.HEIC,494bb504d2916e89dac0c124cd1c7567d317214993f246ec53a4e438bfa3bfe4,1,1,0.16968,0.0072,gauss1,BP06_12MP_SLM_HEIC.mat,0,2857.9
extracted/D63_iPhone_13_mini/IMG_0104.HEIC,2fe30ad8bbda3eae893a4fffa5c891dbd31813b26c8b0aeae9d9c238bafe946d,1,1,0.182762,0.0072,gauss1,BP06_12MP_SLM_HEIC.mat,0,2853.9
extracted/D63_iPhone_13_mini/IMG_0105.HEIC,41a6e8d1b48b81c622d50d2dab290eb226e3454fc3a3edee16bb03417c618ac9,1,1,0.188187,0.0072,gauss1,BP06_12MP_SLM_HEIC.mat,0,2998.8
extracted/D63_iPhone_13_mini/IMG_0112.HEIC,82a55d8e6b68d096979893b5e86f8080575c7fdf56bb69fdaa98b53b0ff8bef0,1,1,0.101079,0.0072,gauss1,BP06_12MP_SLM_HEIC.mat,2,2720.3
extracted/D63_iPhone_13_mini/IMG_0113.HEIC,31342774d5ef941089b07562c49a5a26875bb25a968c1e6c3bf9d28228946221,1,1,0.10694,0.0072,gauss1,BP06_12MP_SLM_HEIC.mat,2,2808.2
extracted/D63_iPhone_13_mini/IMG_0114.HEIC,02e5e8f4389f27bec1df08c929af8d3af6d10413969b86f1f113976a88e1ba90,1,1,0.11254,0.0072,gauss1,BP06_12MP_SLM_HEIC.mat,2,3633.4
extracted/D63_iPhone_13_mini/IMG_0115.HEIC,f379a7c74b3c1052c557fa26b4a5ec97567e8f275b51ced9e5781c21bd78752c,1,1,0.116401,0.0072,gauss1,BP06_12MP_SLM_HEIC.mat,2,5026.7
extracted/D63_iPhone_13_mini/IMG_0116.HEIC,2a3077ddb0fdc79ebe903d8d553c77a3ada7ca87647a64c143a4ff0da2b36fac,1,1,0.120384,0.0072,gauss1,BP06_12MP_SLM_HEIC.mat,2,3284.6
extracted/D63_iPhone_13_mini/IMG_0117.HEIC,8607a2ccbf9a96624e64a3e1759146e8fd0698c0ce30e461339fdff7ce8833e8,1,1,0.131245,0.0072,gauss1,BP06_12MP_SLM_HEIC.mat,2,2819.8
extracted/D63_iPhone_13_mini/IMG_0118.HEIC,69dac64b64a61d501436301906a9b0b19a104cbc62c6654c588047501ddcacf4,1,1,0.15563,0.0072,gauss1,BP06_12MP_SLM_HEIC.mat,2,2936.0
extracted/D63_iPhone_13_mini/IMG_0119.HEIC,faa8bd3ab002434d0076b24a94e1e9602e2d786fa5ada391b070e6bdedbb5f2b,1,1,0.135983,0.0072,gauss1,BP06_12MP_SLM_HEIC.mat,2,2692.9
extracted/D63_iPhone_13_mini/IMG_0120.HEIC,ab08ca3d60a3b0fd78bc146d548bf9a0948c5c1c44528e3b84b3ed9661e34a52,1,1,0.12763,0.0072,gauss1,BP06_12MP_SLM_HEIC.mat,2,2794.7
extracted/D63_iPhone_13_mini/IMG_0121.HEIC,83f51736e8c3ad7757e8c0b92acb2e43fb599d61a902d84c50a8abd7aaa441b8,1,1,0.132415,0.0072,gauss1,BP06_12MP_SLM_HEIC.mat,2,3054.6
extracted/D63_iPhone_13_mini/IMG_0122.HEIC,b29863a638c8c0e7288aa90f58efe44421ab1a7af9a2b32394cee0e818449f7e,1,1,0.145593,0.0072,gauss1,BP06_12MP_SLM_HEIC.mat,0,2712.6
extracted/D63_iPhone_13_mini/IMG_0123.HEIC,606701321b14e850e06b9fe992d8a09ad304ea07ed86c45eeefbe217d138eb1a,1,1,0.132986,0.0072,gauss1,BP06_12MP_SLM_HEIC.mat,0,2717.3
extracted/D73_iPhone_14/IMG_7740.heic,aa6d1e7de4fccf4e402b47bfae56d6072e8cf1e69fba7e1ea7a15f9d2c767c1f,1,1,0.184262,0.0072,gauss1,BP06_12MP_SLM_HEIC.mat,0,5033.3
extracted/D73_iPhone_14/IMG_7741.heic,c7fee57582ec5254ba2d955f2385ab71e08074183fbb1269d9f1ab098f413e82,1,1,0.191099,0.0072,gauss1,BP06_12MP_SLM_HEIC.mat,0,3216.8
extracted/D73_iPhone_14/IMG_7742.heic,243a7c48147efe188323f8eb0c443c7c4345220f629b07d6ad660db01be75ee8,1,1,0.200322,0.0072,gauss1,BP06_12MP_SLM_HEIC.mat,0,2944.3
extracted/D73_iPhone_14/IMG_7743.heic,6c746f392442c9f653cfb2e35abc4364146e4a2c165ecb5a4db0f2654292e564,1,1,0.201812,0.0072,gauss1,BP06_12MP_SLM_HEIC.mat,0,2897.9
extracted/D73_iPhone_14/IMG_7744.heic,31da9f57e25020b94ddf278a85b5fa6b14bc5252980e36ba1721c9ea19d80605,1,1,0.198271,0.0072,gauss1,BP06_12MP_SLM_HEIC.mat,0,2726.0
extracted/D73_iPhone_14/IMG_7745.heic,474c47554749bf529d7775a901f5cfe53c22bdf3fa326e6bf191ebc70e165186,1,1,0.201673,0.0072,gauss1,BP06_12MP_SLM_HEIC.mat,0,2960.3
extracted/D73_iPhone_14/IMG_7746.heic,fd90f35a6849d31e3b8f4ea679ca30d692c813ea23180cb0fc60b18f63eb570a,1,1,0.193394,0.0072,gauss1,BP06_12MP_SLM_HEIC.mat,0,2656.4
extracted/D73_iPhone_14/IMG_7747.heic,0e1500eb4434ba534aacfe724a2671a29805732ee11e3cd9a63147dcb5787b75,1,1,0.191381,0.0072,gauss1,BP06_12MP_SLM_HEIC.mat,0,2730.9
extracted/D73_iPhone_14/IMG_7748.heic,8584b0fc001370cf1c695b50b6d230435e92c40537892d188aa737cdb27a999d,1,1,0.191416,0.0072,gauss1,BP06_12MP_SLM_HEIC.mat,0,3815.2
extracted/D73_iPhone_14/IMG_7749.heic,239122d111f148a899da0badf5b37ab775b51e6e2c24a096df221e98761926c0,1,1,0.198636,0.0072,gauss1,BP06_12MP_SLM_HEIC.mat,0,2820.5
extracted/D73_iPhone_14/IMG_7750.heic,c86db1c298f92ecb88558c5b2c0f4977d7eeb62a1541e4f07c2ba4cd22052bc5,1,1,0.179659,0.0072,gauss1,BP06_12MP_SLM_HEIC.mat,2,2986.7
extracted/D73_iPhone_14/IMG_7751.heic,1647e1dfd365627f9ab9a9a8446eb3c7c2fd1553d348929431edd0e6833d9f94,1,1,0.192891,0.0072,gauss1,BP06_12MP_SLM_HEIC.mat,2,2746.2
extracted/D73_iPhone_14/IMG_7752.heic,66e7a26a35d9961dd1486ccd71953de04d56b4859c979d2d66aeac3abc579988,1,1,0.187809,0.0072,gauss1,BP06_12MP_SLM_HEIC.mat,2,2804.2
extracted/D73_iPhone_14/IMG_7753.heic,d3236ac201ed4c643372d0aa1bd6998c2e6ae1f19dd5418a79578eb42481c356,1,1,0.167442,0.0072,gauss1,BP06_12MP_SLM_HEIC.mat,2,3256.3
extracted/D73_iPhone_14/IMG_7754.heic,c8b0b32cdf6ff2458285c63777880e99f3f30dcdc191ab84dfeb66b34ff1ea62,1,1,0.173067,0.0072,gauss1,BP06_12MP_SLM_HEIC.mat,2,2807.9
extracted/D73_iPhone_14/IMG_7755.heic,a6d8730d8ae79f3a15403ea584e85b52df00d47a250367539944274a79c679fd,1,1,0.172661,0.0072,gauss1,BP06_12MP_SLM_HEIC.mat,2,2950.8
extracted/D73_iPhone_14/IMG_7756.heic,d83f717187da3780037afc32d378226a59b8de79feca1e4089b68fafebc283d5,1,1,0.167586,0.0072,gauss1,BP06_12MP_SLM_HEIC.mat,2,2691.7
extracted/D73_iPhone_14/IMG_7757.heic,322c456bafa5e3291c0b657f7f265ebea6ffb467e5e33b19d378f53c85939a18,1,1,0.187139,0.0072,gauss1,BP06_12MP_SLM_HEIC.mat,2,2722.8
extracted/D73_iPhone_14/IMG_7758.heic,c38dd33f253b4cffe89f2a7a2848b7816c7baf8a84235080bdd64e6724d46358,1,1,0.1776,0.0072,gauss1,BP06_12MP_SLM_HEIC.mat,2,2959.6
extracted/D73_iPhone_14/IMG_7759.heic,50b8f92a692da652f7f3b1b81a483685a405ea899d68c93b034907727af233b8,1,1,0.174708,0.0072,gauss1,BP06_12MP_SLM_HEIC.mat,2,2742.4
extracted/D76_iPhone_14_Pro_Max/IMG_2983.HEIC,7014b9732308ccfe03c5e85e6da0505eb31db1df97981cac8d6178598e83ed1f,1,1,0.141128,0.0072,gauss1,BP06_12MP_NL_HEIC.mat,0,2727.7
extracted/D76_iPhone_14_Pro_Max/IMG_2984.HEIC,ae318b95e12c7c363f643fb477f6ce53ff79f476c3611864ec92d878575209af,1,1,0.099859,0.0072,gauss1,BP06_12MP_NL_HEIC.mat,0,3714.4
extracted/D76_iPhone_14_Pro_Max/IMG_2985.HEIC,604479b420ad35e38ff7aa584ae24d1151d1db3479e1b0fa4140d1f3943c6c49,1,1,0.133346,0.0072,gauss1,BP06_12MP_NL_HEIC.mat,0,2838.4
extracted/D76_iPhone_14_Pro_Max/IMG_2986.HEIC,d7917f86a01f7f20bbc74e44b8ae0f079f331621e4900145a6eeb7c4124b36c2,1,1,0.11409,0.0072,gauss1,BP06_12MP_NL_HEIC.mat,0,3016.3
extracted/D76_iPhone_14_Pro_Max/IMG_2987.HEIC,8c576bba9403d8f77bcd7b47511bfd30d2694ab9a875b994423131e456272ce9,1,1,0.107504,0.0072,gauss1,BP06_12MP_NL_HEIC.mat,0,2707.7
extracted/D76_iPhone_14_Pro_Max/IMG_2988.HEIC,d39ebead13e0a49e9d9f60dc6e6505f1ceadcee296ffc8cf35e001eaec3e6005,1,1,0.108956,0.0072,gauss1,BP06_12MP_NL_HEIC.mat,0,2752.3
extracted/D76_iPhone_14_Pro_Max/IMG_2989.HEIC,e10cd01b75528a60928dfff4a873044836487e3dec893470af4c43526a70b9f3,1,1,0.119824,0.0072,gauss1,BP06_12MP_NL_HEIC.mat,0,2922.0
extracted/D76_iPhone_14_Pro_Max/IMG_2990.HEIC,54b04365a8d7237c928e0c6198bd8ab9085c0a87b6b221bc5dd72e75acca9826,1,1,0.105934,0.0072,gauss1,BP06_12MP_NL_HEIC.mat,0,2772.7
extracted/D76_iPhone_14_Pro_Max/IMG_2991.HEIC,178434aafd308af3649b4ddba8fa085577454818080d2b0b6c540e39ec9e7d66,1,1,0.105154,0.0072,gauss1,BP06_12MP_NL_HEIC.mat,0,2771.7
extracted/D76_iPhone_14_Pro_Max/IMG_2992.HEIC,afedf2ed08e57d0a235326f1d406a3d6ceb50f9ce0b4d4abb87c34ebef77f724,1,1,0.075647,0.0072,gauss1,BP06_12MP_NL_HEIC.mat,0,3357.2
extracted/D76_iPhone_14_Pro_Max/IMG_2993.HEIC,9fe6eaff8ea15d503067ec0467fb8db06e4e9a29f6dc28840e7545fb1186d1d9,1,1,0.119573,0.0072,gauss1,BP06_12MP_NL_HEIC.mat,0,5446.2
extracted/D76_iPhone_14_Pro_Max/IMG_2994.HEIC,a4a1522baef5616a91c5987b5af7b4dc53f7f400be66dca1fa61bd03ddc9b0f0,1,1,0.12484,0.0072,gauss1,BP06_12MP_NL_HEIC.mat,0,3048.0
extracted/D76_iPhone_14_Pro_Max/IMG_2995.HEIC,1dd96a1e72499e12bf4386bbd1acb7628623c37d2da25cba0755856b08b4c8e8,1,1,0.109846,0.0072,gauss1,BP06_12MP_NL_HEIC.mat,0,2860.0
extracted/D80_iPhone_14_Pro_Max/IMG_9703.HEIC,76487b79c061efead4e1a5808fea53b5771c55fb4c28d3f7a6ff2aefc0106a94,1,1,0.15507,0.0072,gauss1,BP06_12MP_NL_HEIC.mat,0,3488.6
extracted/D80_iPhone_14_Pro_Max/IMG_9704.HEIC,f2f3b2fc2aa91954217da08e77ec39009e3f1eb63c46aed1bcdb15f9953204f9,1,1,0.141801,0.0072,gauss1,BP06_12MP_NL_HEIC.mat,0,3073.0
extracted/D80_iPhone_14_Pro_Max/IMG_9705.HEIC,0b2455d1c8e616f999e759174ea6dc13084c45fc98da98f514cbcc247505d9f9,1,1,0.136278,0.0072,gauss1,BP06_12MP_NL_HEIC.mat,0,2960.9
extracted/D80_iPhone_14_Pro_Max/IMG_9706.HEIC,2f93a9f418163535ec95b6ecf852f9446a68ca8092bce278a08379be92f3ff8d,1,1,0.15547,0.0072,gauss1,BP06_12MP_NL_HEIC.mat,0,2789.0
extracted/D80_iPhone_14_Pro_Max/IMG_9707.HEIC,0eed4a11bd543b79eeb0efb5eb4bd6d98fe09d7deee4475f264175cd4e61f069,1,1,0.17679,0.0072,gauss1,BP06_12MP_NL_HEIC.mat,0,2933.3
extracted/D80_iPhone_14_Pro_Max/IMG_9708.HEIC,bb1593362502537d2d11f121351a79ed7a2ae9d494b88d87b4a9147679b440a7,1,1,0.156137,0.0072,gauss1,BP06_12MP_NL_HEIC.mat,0,4422.2
extracted/D80_iPhone_14_Pro_Max/IMG_9710.HEIC,7248e79aecd205af2bae88193fe01d58930b4e3406ce824e0853ead302b768e8,1,1,0.147726,0.0072,gauss1,BP06_12MP_NL_HEIC.mat,0,4252.7
extracted/D80_iPhone_14_Pro_Max/IMG_9711.HEIC,b58ab4d90e29345d60e5624da3e986b35881d1f28af4ad87efacaf5242bcb884,1,1,0.140087,0.0072,gauss1,BP06_12MP_NL_HEIC.mat,0,2639.8
extracted/D80_iPhone_14_Pro_Max/IMG_9713.HEIC,83ab6fc72e29d6de88b1deb3dffb09617df03500317b0fa6745c2f8695d30626,1,1,0.097051,0.0072,gauss1,BP06_12MP_SLM_HEIC.mat,2,2771.2
extracted/D80_iPhone_14_Pro_Max/IMG_9714.HEIC,a589af9e03d0cea2561d275defb4b28354e582a7bc1071e623f934c8ebcd0694,1,1,0.086413,0.0072,gauss1,BP06_12MP_SLM_HEIC.mat,2,2975.1
extracted/D80_iPhone_14_Pro_Max/IMG_9716.HEIC,33d18c7666f58544289c4e0897ee6bb3d2f708599e20508337c79cab14bbf6cd,1,1,0.111913,0.0072,gauss1,BP06_12MP_SLM_HEIC.mat,2,2935.2
extracted/D80_iPhone_14_Pro_Max/IMG_9719.HEIC,1880f0f99582e961fa01c323e60bc371e9324e6fd935c4b95a24013a6031099d,1,1,0.213656,0.0072,gauss1,BP06_12MP_NL_HEIC.mat,2,2871.5
extracted/D80_iPhone_14_Pro_Max/IMG_9720.HEIC,a6e96c8009e37b13c9eb13f372a8fdd7c9d4bebba3d9b2fc822fc57f384ba7ed,1,1,0.11435,0.0072,gauss1,BP06_12MP_NL_HEIC.mat,2,3421.0
extracted/D80_iPhone_14_Pro_Max/IMG_9721.HEIC,03a3b5243e6929ccf0ec60e005f593926182a916dd5a55a61da5932837191f5a,1,1,0.108314,0.0072,gauss1,BP06_12MP_SLM_HEIC.mat,2,2973.8
extracted/D81_iPhone_15/IMG_2872.HEIC,f110b22a1296f5a0f9d52a20fdf4a616bf7efc9f6e6358bb490a7cc3c47ddcf2,1,1,0.193283,0.0072,gauss1,BP06_12MP_NL_HEIC.mat,0,4079.3
extracted/D81_iPhone_15/IMG_2873.HEIC,447182710f1433460eca9b4ff72b423b902d5e8ee8fc4a096399dd82017216d2,1,1,0.057086,0.0072,gauss1,BP06_12MP_NL_HEIC.mat,0,3216.4
extracted/D81_iPhone_15/IMG_2874.HEIC,83ce1644e093ed105a0e96e8e97a38658cf00a21766a9fb8f2607f581771f57d,1,1,0.054892,0.0072,gauss1,BP06_12MP_NL_HEIC.mat,0,2735.4
extracted/D81_iPhone_15/IMG_2925.HEIC,137ced1179b54e277f5113c89a41a984191519f8c67a233059d473b8eab1eec9,1,1,0.05856,0.0072,gauss1,BP06_12MP_NL_HEIC.mat,0,2949.0
extracted/D81_iPhone_15/IMG_2926.HEIC,6fa4c7ca214dc1d6e45e896cb2645d75aed04e4e67925dc04e4bef44648f67da,1,1,0.031816,0.0072,gauss1,BP06_12MP_NL_HEIC.mat,0,2875.8
extracted/D81_iPhone_15/IMG_2927.HEIC,3e064d0708eef2827e0b66817e515dfc59e52bd40c4bf79ef3d8705815a37895,1,1,0.040096,0.0072,gauss1,BP06_12MP_NL_HEIC.mat,0,3913.2
extracted/D81_iPhone_15/IMG_2928.HEIC,0d051dc0e97ab5e6d0f4c39066d5f248e2587da5cbb9fbe5361d96595c555f1f,1,1,0.058656,0.0072,gauss1,BP06_12MP_NL_HEIC.mat,0,2830.2
extracted/D81_iPhone_15/IMG_2930.HEIC,05277a0b71fe9722c272e2b7a6b9042f1cbd1f5ef284d619891d5123de05e722,1,1,0.189498,0.0072,gauss1,BP06_12MP_NL_HEIC.mat,0,2821.3
extracted/D81_iPhone_15/IMG_2931.HEIC,b8f206da793a56a050bd9b2b4f48b5bdf8629e0f3eee300af851d67dfb24b5fc,1,1,0.049188,0.0072,gauss1,BP06_12MP_NL_HEIC.mat,0,4673.1
extracted/D81_iPhone_15/IMG_2932.HEIC,16f58a00923c25c0f727945bf534ba821f77d5abbac625478e5bf20ea62942f1,1,1,0.04904,0.0072,gauss1,BP06_12MP_NL_HEIC.mat,0,3864.6
extracted/D81_iPhone_15/IMG_2933.HEIC,f6071557fd70a19dd377df2aa5716771ce34326c998f0fa66cf3c521e911d940,1,1,0.060349,0.0072,gauss1,BP06_12MP_NL_HEIC.mat,0,4870.8
extracted/D81_iPhone_15/IMG_2935.HEIC,6e88c80bc64774adfd0f2b4ae72e8f5c2ff39ded7b2f4209e1b7e4bfa2ddd714,1,1,0.070943,0.0072,gauss1,BP06_12MP_NL_HEIC.mat,0,2739.3
extracted/D81_iPhone_15/IMG_2936.HEIC,feb370a1d73f41741256f9156e49e1dbb99cf53d11e8faaaae46d95387097064,1,1,0.069358,0.0072,gauss1,BP06_12MP_NL_HEIC.mat,0,2795.3
extracted/D81_iPhone_15/IMG_2937.HEIC,2b6f46e834fd19b895d7fd319bca785e5aea2cb0f0c2ff65acf5d47ca48d2b56,1,1,0.10502,0.0072,gauss1,BP06_12MP_NL_HEIC.mat,0,3217.5
extracted/D81_iPhone_15/IMG_2938.HEIC,893b5aacd486d70f46a9a840617c54476ce6d953a580b4df7c7924932a449449,1,1,0.228464,0.0072,gauss1,BP06_12MP_NL_HEIC.mat,0,2772.1
extracted/D81_iPhone_15/IMG_2939.HEIC,e7a4a273426aaba18e4170404cab8d7004abdc59a35cfc134247f779074c84ff,1,1,0.090886,0.0072,gauss1,BP06_12MP_NL_HEIC.mat,0,2847.9
extracted/D81_iPhone_15/IMG_2940.HEIC,a64ff1f4c22fa7978cb3f1283847934cbde4f7af4cc747dc939d97dd1cb71611,1,1,0.187649,0.0072,gauss1,BP06_12MP_NL_HEIC.mat,0,2928.5
extracted/D81_iPhone_15/IMG_2941.HEIC,f1203961bf29daa907e6e81422bf624ee70e6cf4af5a882d2ad3b8895e0ae573,1,1,0.170256,0.0072,gauss1,BP06_12MP_NL_HEIC.mat,0,2778.6
extracted/D81_iPhone_15/IMG_2942.HEIC,ce3a909461b07c942215f2066278cdbd7d52bff8780eb1f5c965427dd003224c,1,1,0.152069,0.0072,gauss1,BP06_12MP_NL_HEIC.mat,0,2988.6
extracted/D81_iPhone_15/IMG_2943.HEIC,a6cea6935ebae726540ba4b8924c709c1658b26cfb4226d1b3f1bd15ac7fc7ee,1,1,0.035485,0.0072,gauss1,BP06_12MP_NL_HEIC.mat,0,2679.7
extracted/D81_iPhone_15/IMG_2944.HEIC,8d93e865623d0a462f7b68f90e811c8b629d02ba8a418fc4fb3575533e24e31f,1,1,0.072785,0.0072,gauss1,BP06_12MP_NL_HEIC.mat,0,2731.9
extracted/D81_iPhone_15/IMG_2945.HEIC,0675552fe72eae9c30c4d9de89e85a4a669974046ac7f420be4d706371ebcb15,1,1,0.059145,0.0072,gauss1,BP06_12MP_NL_HEIC.mat,0,2876.0
extracted/D81_iPhone_15/IMG_2946.HEIC,b233226a0161e62e3d9b81d60a26a722d9c0de7546c8676f9d82c72055f1defc,1,1,0.061307,0.0072,gauss1,BP06_12MP_NL_HEIC.mat,0,2905.0
extracted/D81_iPhone_15/IMG_2947.HEIC,b0c2814c11070d970274eb615d99c272ff454ef76d369746c5b43aa72c642fd0,1,1,0.033262,0.0072,gauss1,BP06_12MP_NL_HEIC.mat,0,2834.2
extracted/D81_iPhone_15/IMG_2948.HEIC,d53588cc376a0ba0c20b4e20e8ab4e986e8d1de907bf2b49c9fbda287bc46040,1,1,0.072381,0.0072,gauss1,BP06_12MP_NL_HEIC.mat,0,2870.8
extracted/D81_iPhone_15/IMG_2949.HEIC,ca486fb6ebf396dae14b5f191e23d88664bc492aed48aa179c7754c924d5d1c1,1,1,0.10475,0.0072,gauss1,BP06_12MP_NL_HEIC.mat,0,2643.9
extracted/D81_iPhone_15/IMG_2950.HEIC,9f09aa34ee20ce199ad46c1da46eefbae1a5fbc9ed019106633bed9638e2785b,1,1,0.077518,0.0072,gauss1,BP06_12MP_NL_HEIC.mat,0,2736.3
extracted/D81_iPhone_15/IMG_2951.HEIC,0ed805688486486f34caf4ad2bd9344f20ec23a95e885d231a82b6fe34498240,1,1,0.046527,0.0072,gauss1,BP06_12MP_NL_HEIC.mat,0,4082.4
extracted/D81_iPhone_15/IMG_2952.HEIC,1434eb4bd0cea120a8289d29d4a0ede454a459790ef17c66dbb1c35d3073d2a9,1,1,0.035828,0.0072,gauss1,BP06_12MP_NL_HEIC.mat,0,2807.0
extracted/D81_iPhone_15/IMG_2953.HEIC,abeba60bc07cff7e8f5c432f5fd4f8584f0bce8cd43e348fa70d3e3b800cdfad,1,1,0.040064,0.0072,gauss1,BP06_12MP_NL_HEIC.mat,0,3144.7
extracted/D81_iPhone_15/IMG_2954.HEIC,7333754895b0b264e6162f4b74fe3f8dabe31b4e020d666687fd02fc8a164e9b,1,1,0.068356,0.0072,gauss1,BP06_12MP_NL_HEIC.mat,0,5173.5
extracted/D81_iPhone_15/IMG_2955.HEIC,086ab0709fe221f61e2eb5eca2b8cc775aa47466ee7195a6bf2c8e1209e5f328,1,1,0.025114,0.0072,gauss1,BP06_12MP_NL_HEIC.mat,0,2952.0
extracted/D81_iPhone_15/IMG_2956.HEIC,bf5a9bdbc2495f743dc94b271898c8c4359e06350414d03330adfc6c042823c9,1,1,0.035599,0.0072,gauss1,BP06_12MP_NL_HEIC.mat,0,2722.6
extracted/D81_iPhone_15/IMG_2957.HEIC,7ecce1e380d24435c720d3c67d9f0f6624f602fc17e95dc4fb581d8bcd6f25ae,1,1,0.053474,0.0072,gauss1,BP06_12MP_NL_HEIC.mat,0,2755.3
extracted/D81_iPhone_15/IMG_2958.HEIC,e76058474d8ead9af20b7476c4ac459bc5290ddf6c88b7bc05d959c13ef887dd,1,1,0.042008,0.0072,gauss1,BP06_12MP_NL_HEIC.mat,0,2968.0
extracted/D81_iPhone_15/IMG_2959.HEIC,aaa70d40eef2568fb61364a568fdf9736534cb6c4a30711744d045357d851310,1,1,0.033507,0.0072,gauss1,BP06_12MP_NL_HEIC.mat,0,2643.2
extracted/D81_iPhone_15/IMG_2960.HEIC,6c1333ed128dadc4ce75b9fa7956f43043568fc6d02cbed41bf7049f95506f51,1,1,0.051321,0.0072,gauss1,BP06_12MP_NL_HEIC.mat,0,2698.0
extracted/D81_iPhone_15/IMG_2961.HEIC,f57a5386188b8e40b7272ed66ca7818f1e01f98df064078c6764e0b05b117c03,1,1,0.047169,0.0072,gauss1,BP06_12MP_NL_HEIC.mat,0,2796.7
extracted/D81_iPhone_15/IMG_2962.HEIC,2fa95e80c315a878ac9e38564e3653a7470c2bfb647cb46e897d1428633b8418,1,1,0.020903,0.0072,gauss1,BP06_12MP_NL_HEIC.mat,0,2933.0
extracted/D81_iPhone_15/IMG_2963.HEIC,109aed065fbbc87f92f8646e4e7a4c37b2eb5c715c93180a6a6d3fbe217ad066,1,1,0.019522,0.0072,gauss1,BP06_12MP_NL_HEIC.mat,0,2721.1
extracted/D81_iPhone_15/IMG_2964.HEIC,eb83558ace36ac009ab576dc7c08e18b9699d0f9c1ec9a32c1fb2760a4a94a29,1,1,0.098425,0.0072,gauss1,BP06_12MP_NL_HEIC.mat,0,2934.9
extracted/D81_iPhone_15/IMG_2965.HEIC,60add8a4f1d93dbe849d0380b89ec30747af52429cccc09ed3a69adc6a35a489,1,1,0.034971,0.0072,gauss1,BP06_12MP_NL_HEIC.mat,0,2868.7
extracted/D81_iPhone_15/IMG_2966.HEIC,e1700646db6bc259c54cd33c3191a24a5c337cb0bea9c08db6f8c7cedb16f68e,1,1,0.161962,0.0072,gauss1,BP06_12MP_NL_HEIC.mat,0,2732.6
extracted/D81_iPhone_15/IMG_2967.HEIC,22a8850058c39a843a8b0178c29e6c23d7015424ff4868420d04c710555b106d,1,1,0.138961,0.0072,gauss1,BP06_12MP_NL_HEIC.mat,0,2903.7
extracted/D81_iPhone_15/IMG_2968.HEIC,5d5f659371907d0eede933b65d77d7de2407552339d794b74fa252e0e4c17714,1,1,0.088282,0.0072,gauss1,BP06_12MP_NL_HEIC.mat,0,2912.8
extracted/D81_iPhone_15/IMG_2969.HEIC,9c54826925f4083b5d5fe53904b1e08b1414b36b44276cd692d640631310f3b0,1,1,0.141621,0.0072,gauss1,BP06_12MP_NL_HEIC.mat,0,2752.6
extracted/D81_iPhone_15/IMG_2970.HEIC,2739de7310a23713e2a80b8d7804b6d4fc05eb9c3cf65586637e51e121c44a3d,1,1,0.435663,0.0072,gauss1,BP06_12MP_NL_HEIC.mat,0,2926.8
extracted/D81_iPhone_15/IMG_2971.HEIC,fd1baf4445f5b7727722735806347aadc8555b7da95beade856f11eede885c13,1,1,0.098427,0.0072,gauss1,BP06_12MP_NL_HEIC.mat,0,2720.5
extracted/D81_iPhone_15/IMG_2972.HEIC,e05608904e5f8d75cdfdb2ddf722af71c26445e775997a6d6d61e377078bd44c,1,1,0.221728,0.0072,gauss1,BP06_12MP_NL_HEIC.mat,0,2756.7
extracted/D81_iPhone_15/IMG_2973.HEIC,56187cb8cd3e50b836fc69b18f5b0f17bac2e40987f195c4fdad93670db604bb,1,1,0.073355,0.0072,gauss1,BP06_12MP_NL_HEIC.mat,0,3341.4
extracted/D81_iPhone_15/IMG_2974.HEIC,01ac8ca5918ac77b384c05ebab1ae817df0ef0f5578dd8cffa383eaaab2e00ba,1,1,0.220524,0.0072,gauss1,BP06_12MP_NL_HEIC.mat,0,5372.4
extracted/D81_iPhone_15/IMG_2975.HEIC,47452472db8abe2258e04d9d096fab3da0d03fa462c154ae14ef6f7dd3774e5a,1,1,0.192185,0.0072,gauss1,BP06_12MP_NL_HEIC.mat,0,3315.8
extracted/D81_iPhone_15/IMG_2976.HEIC,e1fde374cf44f51871a3e6fcc2c834dd1e64ce1e83f8cb9a88bffecbc7212e6f,1,1,0.152652,0.0072,gauss1,BP06_12MP_NL_HEIC.mat,0,2704.3
extracted/D81_iPhone_15/IMG_2977.HEIC,41e95ec1c8b19e2ab49fb1bf49b40886d5048c9da8bdc0d147bdc91e401d3fde,1,1,0.075622,0.0072,gauss1,BP06_12MP_NL_HEIC.mat,0,2807.9
extracted/D81_iPhone_15/IMG_2978.HEIC,ab1bc292c223d5b4c0f6752bd99a3273db1b9d92c8366052b2438925b4490d34,1,1,0.172851,0.0072,gauss1,BP06_12MP_NL_HEIC.mat,0,2816.9
extracted/D81_iPhone_15/IMG_2979.HEIC,0c33cffcfa75a71f65eaa210b553603405b4ce53718d047875355a3e55f2eb92,1,1,0.018204,0.0072,gauss1,BP06_12MP_NL_HEIC.mat,0,2650.3
extracted/D81_iPhone_15/IMG_2983.HEIC,3362258861db2b5f39e7a64cb32c4a12d877700b4c51d611b527bf168b8eeb44,1,1,0.016586,0.0072,gauss1,BP06_12MP_NL_HEIC.mat,0,2716.5
extracted/D81_iPhone_15/IMG_2984.HEIC,b6f507c7335e6ed1ce3709c37739fe1364d3e898eb00d21a16a9215857fcf82b,1,1,0.012245,0.0072,gauss1,BP06_12MP_NL_HEIC.mat,0,2878.9
extracted/D81_iPhone_15/IMG_2985.HEIC,0a8e0baafe298bb55726b07dc2bc30d13677dd454fc97c7f39721d2ad410eefb,1,1,0.011543,0.0072,gauss1,BP06_12MP_NL_HEIC.mat,0,2909.7
extracted/D81_iPhone_15/IMG_2986.HEIC,5989074b4aebef5476a9e08b9400585ac3dc1427a37d7861d7efd3c2417ada18,1,1,0.017312,0.0072,gauss1,BP06_12MP_NL_HEIC.mat,0,2752.0
extracted/D81_iPhone_15/IMG_2987.HEIC,fece15b48b9194bc5cb4473501c06c92562c03a3880f5a550cc3307e76e67a7f,1,1,0.034939,0.0072,gauss1,BP06_12MP_NL_HEIC.mat,0,2989.9
extracted/D81_iPhone_15/IMG_2988.HEIC,6cfdbec3d6cf104f6176fa5648d9742d06db3901a540debf0613ff51ccb4aeb5,1,1,0.030075,0.0072,gauss1,BP06_12MP_NL_HEIC.mat,0,2614.3
extracted/D81_iPhone_15/IMG_2989.HEIC,8b13cff1b250b31f072740cb50876a4e610daaae076808269377df89b76a46bf,1,1,0.026757,0.0072,gauss1,BP06_12MP_NL_HEIC.mat,0,2751.8
extracted/D81_iPhone_15/IMG_2990.HEIC,5e3b7f08777a6b721160536b3100965ca2f8905dd675b658c893b989674c9a9a,1,1,0.040686,0.0072,gauss1,BP06_12MP_NL_HEIC.mat,0,2808.2
extracted/D81_iPhone_15/IMG_2991.HEIC,fe7815c46eed9932f5cd899f6a569ee27d512fefc6e1ca6d93c32ad40cc7832d,1,1,0.012454,0.0072,gauss1,BP06_12MP_NL_HEIC.mat,0,2922.9
extracted/D81_iPhone_15/IMG_2992.HEIC,ca5cf4093e7087c541b208ac145a51f81f240fb87a51753ad14cb993fe547c8a,1,1,0.014819,0.0072,gauss1,BP06_12MP_NL_HEIC.mat,0,2753.0
extracted/D81_iPhone_15/IMG_2993.HEIC,d3d1485b1eacf916b3986d397fdb09a3f7b0c7f42726c9713e611e7f0e437943,1,1,0.030679,0.0072,gauss1,BP06_12MP_NL_HEIC.mat,0,2970.3
extracted/D81_iPhone_15/IMG_2994.HEIC,71ae43f3799fa341d07a0b31c38caf9efd31cce7a55ebdcb498f019f246cf3c8,1,1,0.030571,0.0072,gauss1,BP06_12MP_NL_HEIC.mat,0,2677.3
extracted/D81_iPhone_15/IMG_2995.HEIC,d080c716505e000b62627281ff9c059de4b10a8c0f55a4e48d83c38dda968250,1,1,0.0177,0.0072,gauss1,BP06_12MP_NL_HEIC.mat,0,2709.5
extracted/D81_iPhone_15/IMG_2996.HEIC,e4927f8e610c66f675c7cecd1b61495fff6560a2e0fef70ffa6e36aaf90e1925,1,1,0.014404,0.0072,gauss1,BP06_12MP_NL_HEIC.mat,0,3302.7
extracted/D81_iPhone_15/IMG_2997.HEIC,e97ac9d2fd347c0a81cf14ec7154f76f4d4657bb5a5ac8213e105210b66d6ef8,1,1,0.01484,0.0072,gauss1,BP06_12MP_NL_HEIC.mat,0,5397.2
extracted/D81_iPhone_15/IMG_2998.HEIC,4cb5d19ba15695123cad113f772918085efc7db92c2f6bd442dedbcbacb9ea10,1,1,0.012812,0.0072,gauss1,BP06_12MP_NL_HEIC.mat,0,3217.5
extracted/D81_iPhone_15/IMG_2999.HEIC,42b2080c5645ec209cc3bb71920a23501d63bff449994b40a750e4afa75cb926,1,1,0.037106,0.0072,gauss1,BP06_12MP_NL_HEIC.mat,0,2624.3
extracted/D81_iPhone_15/IMG_3001.HEIC,29e0f882838718ee18e9ad030a9a51ab410bca0d6ac449186eb1d087cbad48dd,1,1,0.016181,0.0072,gauss1,BP06_12MP_NL_HEIC.mat,0,2813.7
extracted/D81_iPhone_15/IMG_3002.HEIC,035020ef6efca191c2a99353d20951ae03bfc56f784b263d59cf2332b8665fbf,1,1,0.018357,0.0072,gauss1,BP06_12MP_NL_HEIC.mat,0,2904.5
extracted/D81_iPhone_15/IMG_3003.HEIC,7eba463988d67c0354c1ef6ea52713c0168df86f4076a36b8498fdeae3617101,1,1,0.027626,0.0072,gauss1,BP06_12MP_NL_HEIC.mat,0,2911.3
extracted/D81_iPhone_15/IMG_3004.HEIC,ba0d4877a474260384a8e35d9c1e9450d54b6785d34ae5941f646bd516c50e73,1,1,0.015472,0.0072,gauss1,BP06_12MP_NL_HEIC.mat,0,2760.7
extracted/D81_iPhone_15/IMG_3005.HEIC,8438fd8d8ee92f55d621b15cd29f1940841effb5fdf46e1c2dc9704f3ab9bdee,1,1,0.019334,0.0072,gauss1,BP06_12MP_NL_HEIC.mat,0,2919.6
extracted/D81_iPhone_15/IMG_3006.HEIC,d44c2fcc1af06b349f5aff0df902b5d97776378009e98bce934835713fcf07ee,1,1,0.025371,0.0072,gauss1,BP06_12MP_NL_HEIC.mat,0,2683.0
extracted/D81_iPhone_15/IMG_3007.HEIC,298588c33691b76a7b5345f878ec65ac3606fc665984ef47b734f69b1e3a1292,1,1,0.028393,0.0072,gauss1,BP06_12MP_NL_HEIC.mat,0,2681.3
extracted/D81_iPhone_15/IMG_3008.HEIC,cda930acfd75030a1b3ab23f648e8c0a9529cb8e5d360ba6797c0e6e8c237636,1,1,0.01063,0.0072,gauss1,BP06_12MP_NL_HEIC.mat,0,2847.6
extracted/D81_iPhone_15/IMG_3009.HEIC,b1e80bb10f3206b7170380396b9d3dbc42370dd4382fbfc79c229d5bc4b1c3d3,1,1,0.016101,0.0072,gauss1,BP06_12MP_NL_HEIC.mat,0,2878.8
extracted/D81_iPhone_15/IMG_3010.HEIC,ae24822cd01df6cd24f99cefc3d2444c1ee2b753ca3ad0c229e2fe8afc6dc8fe,1,1,0.014817,0.0072,gauss1,BP06_12MP_NL_HEIC.mat,0,2738.5
extracted/D81_iPhone_15/IMG_3011.HEIC,3177ce104ae1782bfc8047e45135b7f1f273f1e1c8cbd38473107acd2179d76e,1,1,0.020004,0.0072,gauss1,BP06_12MP_NL_HEIC.mat,0,2904.3
extracted/D81_iPhone_15/IMG_3012.HEIC,d24ca9a79c0a150a3e50e041a6c91d22e874ea1f2617c47ed9ca854d654a1326,1,1,0.014702,0.0072,gauss1,BP06_12MP_NL_HEIC.mat,0,2676.5
extracted/D81_iPhone_15/IMG_3013.HEIC,e90c2637a1dec18703291d4f96636c43645b11834762fefa5d1005d7a22a1af1,1,1,0.018128,0.0072,gauss1,BP06_12MP_NL_HEIC.mat,0,2734.2
extracted/D81_iPhone_15/IMG_3014.HEIC,226597a76481139c14eb395812cd2a816da6f456e4533a7a0dde2af8dbb69a6c,1,1,0.008141,0.0072,gauss1,BP06_12MP_NL_HEIC.mat,0,2958.8
extracted/D81_iPhone_15/IMG_3015.HEIC,fb909442a55747e6dbe4b3b056cde180dee38c6cfa8686e8d15158487ee809f3,1,1,0.016496,0.0072,gauss1,BP06_12MP_NL_HEIC.mat,0,2905.4
extracted/D81_iPhone_15/IMG_3016.HEIC,232b0bfaf302090942492457d6968a4e795b5568b0f65948236deccb5709d884,1,1,0.022109,0.0072,gauss1,BP06_12MP_NL_HEIC.mat,0,2761.0
extracted/D81_iPhone_15/IMG_3017.HEIC,ecc0c9ef3f0914dff9cacb6c58b93dc44ef2444281471214cc02bd0ca0c2a9e2,1,1,0.014313,0.0072,gauss1,BP06_12MP_NL_HEIC.mat,0,2914.2
extracted/D81_iPhone_15/IMG_3018.HEIC,ecae2ab12c44fa0a305bf9aeb539397751c417c488b223b2ab00acaa7b514d38,1,1,0.0191,0.0072,gauss1,BP06_12MP_NL_HEIC.mat,0,2646.4
extracted/D81_iPhone_15/IMG_3019.HEIC,226616c2067b1740e188c976e675002bca019d4972f80a62257f1bcdf76716c6,1,1,0.01649,0.0072,gauss1,BP06_12MP_NL_HEIC.mat,0,3345.8
extracted/D81_iPhone_15/IMG_3020.HEIC,e791e9c06f090c14ddc50ca596442cf48325d5886125f7b96ffa6571a815f369,1,1,0.021222,0.0072,gauss1,BP06_12MP_NL_HEIC.mat,0,5081.8
extracted/D81_iPhone_15/IMG_3021.HEIC,a2091720b5336737587cdbd5c92f407a6207562abb7d6588eeb830bc0ee0826a,1,1,0.020837,0.0072,gauss1,BP06_12MP_NL_HEIC.mat,0,2878.5
extracted/D81_iPhone_15/IMG_3022.HEIC,10e65863ef6c560d4355718b8844a930a1bc1c324bdeccd65e305b0f948f6683,1,1,0.034922,0.0072,gauss1,BP06_12MP_NL_HEIC.mat,0,3003.0
extracted/D81_iPhone_15/IMG_3023.HEIC,f2437d46f8fd0d3d2ea3824965b762ee5d9e36baa9827a04df22ae34e2a6602b,1,1,0.026176,0.0072,gauss1,BP06_12MP_NL_HEIC.mat,0,2714.4
extracted/D81_iPhone_15/IMG_3024.HEIC,07fafe30d002fd395fd7e22636f87d4fab628ad90f15dfd05cdb13c5e23256a4,1,1,0.017146,0.0072,gauss1,BP06_12MP_NL_HEIC.mat,0,2728.8
extracted/D81_iPhone_15/IMG_3025.HEIC,627f06daff71c0e98d9482dbac33200a86c295483f1e0e5c96946f8dab8fefcb,1,1,0.019629,0.0072,gauss1,BP06_12MP_NL_HEIC.mat,0,4582.5
extracted/D81_iPhone_15/IMG_3026.HEIC,f132b95a0d474e2546eaf4ca0a5e5cc065ef3d9dc7a049c05fbc6568e2f98e80,1,1,0.018451,0.0072,gauss1,BP06_12MP_NL_HEIC.mat,0,3052.6
extracted/D81_iPhone_15/IMG_3027.HEIC,9e9f7ad76d7ec1c4fa5542f0ecf8aeb6fa518ab542ca6cc5174a7f16b9133f16,1,1,0.018177,0.0072,gauss1,BP06_12MP_NL_HEIC.mat,0,4897.6
extracted/D81_iPhone_15/IMG_3028.HEIC,1006bcf765129b1aab856d911960ab1a68045a4100e269bdba29483eca10de80,1,1,0.020061,0.0072,gauss1,BP06_12MP_NL_HEIC.mat,0,4005.8
extracted/D81_iPhone_15/IMG_3029.HEIC,9c35720a7beee4a57ce3bcaf58f59618cea16348ce5405f1bdc663041bb61adf,1,1,0.023115,0.0072,gauss1,BP06_12MP_NL_HEIC.mat,0,2690.6
extracted/D81_iPhone_15/IMG_3030.HEIC,56c79b7814f0ac16b26a4698599e0c2a92db827f3794bd90f168e4c0c559c47f,1,1,0.019388,0.0072,gauss1,BP06_12MP_NL_HEIC.mat,0,2744.3
extracted/D81_iPhone_15/IMG_3031.HEIC,deab79995a6058626e6480471e1e0d76ea591510553664e7b6fa1a63adeec8f6,1,1,0.029013,0.0072,gauss1,BP06_12MP_NL_HEIC.mat,0,2922.2
extracted/D81_iPhone_15/IMG_3032.HEIC,0d65f37b1de04efeb242e27a8b52e07b82867fc8980838389c28149d3805243f,1,1,0.037238,0.0072,gauss1,BP06_12MP_NL_HEIC.mat,0,2614.7
extracted/D81_iPhone_15/IMG_3033.HEIC,966879f45ff5fcee2f53783eacbbee1ecf468fcc1176564777afac89f9653816,1,1,0.028789,0.0072,gauss1,BP06_12MP_NL_HEIC.mat,0,2706.7
extracted/D81_iPhone_15/IMG_3034.HEIC,5555fc250276e5bc31e63c0f8f1247b6eaf80dce71c1d78abec81da67f735eb9,1,1,0.025043,0.0072,gauss1,BP06_12MP_NL_HEIC.mat,0,2839.7
extracted/D81_iPhone_15/IMG_3035.HEIC,f3b5a2c097192dae7dedd6ac7e2de8cfdb6c1644a60edbd2f4763e1e495141fe,1,1,0.024125,0.0072,gauss1,BP06_12MP_NL_HEIC.mat,0,2871.9
extracted/D81_iPhone_15/IMG_3036.HEIC,6031e287b6f9e00edff611271ab8211880d2eb002fa28137e0ed0935696e241d,1,1,0.013506,0.0072,gauss1,BP06_12MP_NL_HEIC.mat,0,2735.6
extracted/D81_iPhone_15/IMG_3037.HEIC,ad4a16149701443df1c531f6de24bc9d248b774d633e04e8ed56f998f0a02f57,1,1,0.014286,0.0072,gauss1,BP06_12MP_NL_HEIC.mat,0,2897.9
extracted/D81_iPhone_15/IMG_3038.HEIC,a54113dac7cae6f2783031aa2929a988b460eb0a4f6e8f11f858f93671cb13af,1,1,0.015992,0.0072,gauss1,BP06_12MP_NL_HEIC.mat,0,2943.9
extracted/D81_iPhone_15/IMG_3039.HEIC,8b4d06d9d3622bf937b33a3ea588016b9382140e94af0fcf0cb5a0de78a66ab3,1,1,0.012998,0.0072,gauss1,BP06_12MP_NL_HEIC.mat,0,2699.5
extracted/D84_iPhone_15/IMG_1277.HEIC,fc467db9634bf8333366521ae480c00e4386fc3918c4243da33fcd656ca3bbef,1,1,0.122239,0.0072,gauss1,BP06_12MP_NL_HEIC.mat,0,2927.3
extracted/D84_iPhone_15/IMG_1286.HEIC,89641141128518305f4053f2dc32f12177c935fcc60f5357239e5aa4c1a24958,1,1,0.134086,0.0072,gauss1,BP06_12MP_NL_HEIC.mat,0,2638.4
extracted/D88_iPhone_16/IMG_0003.HEIC,94a409e790ecd0f7452f6d2a33fe051cdbeaa23fbbe63352b72b12abd72e0c97,1,1,0.107605,0.0072,gauss1,BP07_12MP_SLM_HEIC.mat,0,2744.7
extracted/D88_iPhone_16/IMG_0004.HEIC,ddb15b99e7bb77ecc9a0f8a547eaecebb4d557577299f31ebc19958745d9909b,1,1,0.101953,0.0072,gauss1,BP07_12MP_SLM_HEIC.mat,0,2982.3
extracted/D88_iPhone_16/IMG_0005.HEIC,64a73e14d4ce50fb2a1cd0e7dc8ac8f40a29fae60edfb130479e6596f150cdee,1,1,0.117745,0.0072,gauss1,BP07_12MP_SLM_HEIC.mat,0,2686.2
extracted/D88_iPhone_16/IMG_0006.HEIC,e543da4434b6902ddae2ae8d3d682e38776b9104e8da0490a763bfc81cfc28e1,1,1,0.460004,0.0072,gauss1,BP07_12MP_SLM_HEIC.mat,0,2722.1
extracted/D88_iPhone_16/IMG_0007.HEIC,770316a1dcedbe099147596e6b94408a46cf9b0e1369edebf38d3ea45c30df83,1,1,0.76909,0.0072,gauss1,BP07_12MP_SLM_HEIC.mat,0,3153.0
extracted/D88_iPhone_16/IMG_0011.HEIC,8c177a1223f80475bde0ca90142d39d5cf6ccc3a9291af5ae87aec0956795c88,1,1,0.333126,0.0072,gauss1,BP07_12MP_SLM_HEIC.mat,0,5523.0
extracted/D88_iPhone_16/IMG_0012.HEIC,97e27d4364a14b2bfda630ec4057b50bfc6b9f08e9fb20de94ae8d284c5a948e,1,1,0.107874,0.0072,gauss1,BP07_12MP_SLM_HEIC.mat,0,5264.0
extracted/D88_iPhone_16/IMG_0013.HEIC,d62b7c84acf71d2897c62145f1b8762fde2016a7196d0d3c7e7fe06f109df519,1,1,0.73193,0.0072,gauss1,BP07_12MP_SLM_HEIC.mat,0,2945.1
extracted/D88_iPhone_16/IMG_0014.HEIC,c07ac1ef9301c3aeff54d2f401aa096bec4c4f2a98511ae70c9fa0a4caf9cc5d,1,1,0.307959,0.0072,gauss1,BP07_12MP_SLM_HEIC.mat,0,2842.5
extracted/D88_iPhone_16/IMG_0015.HEIC,447fa478d046f1aa314aea198efb64fb4d022150fd9479e19bbcad5a1ff1b137,1,1,0.21248,0.0072,gauss1,BP07_12MP_SLM_HEIC.mat,0,2926.6
extracted/D88_iPhone_16/IMG_0017.HEIC,9e30c3916697dd5edd6eaef4f2b6871d9876545bf1567f75f01bbcc6a03d607d,1,1,0.35729,0.0072,gauss1,BP07_12MP_SLM_HEIC.mat,0,2764.0
extracted/D88_iPhone_16/IMG_0018.HEIC,8fda1ede94d3e80e210fa815a9e2e8d59d77898dc07c82d4e8a4c9808d2c3115,1,1,0.725654,0.0072,gauss1,BP07_12MP_SLM_HEIC.mat,0,2982.9
extracted/D88_iPhone_16/IMG_0019.HEIC,7e31f4be1a4ebbcac6a079f7096b6bbf123394a60433cda3ef4baf4a70219a1b,1,1,0.79252,0.0072,gauss1,BP07_12MP_SLM_HEIC.mat,0,2635.6
extracted/D88_iPhone_16/IMG_0020.HEIC,11b26d71dd99ed7f8bc5b2815fceae829034ad1b91fb525e1befcd5f040b7db2,1,1,0.341296,0.0072,gauss1,BP07_12MP_SLM_HEIC.mat,0,2749.0
extracted/D88_iPhone_16/IMG_0021.HEIC,7b970471e979f981eb2e47cb8ec3af3e05b761f78d531684f6792965eafa3e2b,1,1,0.538762,0.0072,gauss1,BP07_12MP_SLM_HEIC.mat,0,2930.6
extracted/D88_iPhone_16/IMG_0022.HEIC,728effb55ddf3ff1c05ba5f6dfea7831611587523e0f13699275df8478f3d283,1,1,0.580091,0.0072,gauss1,BP07_12MP_SLM_HEIC.mat,0,2891.2
extracted/D88_iPhone_16/IMG_0023.HEIC,35d1e7676eee00ba899581c8f0bf0a910620b57f451b28d4813b983b38b39956,1,1,0.804338,0.0072,gauss1,BP07_12MP_SLM_HEIC.mat,0,2685.3
extracted/D88_iPhone_16/IMG_0024.HEIC,5096149157a44f3d67ceaa38fd25f890022df16a17e944a2df86855828c9efff,1,1,0.017727,0.0072,gauss1,BP07_12MP_SLM_HEIC.mat,0,2892.2
extracted/D88_iPhone_16/IMG_0025.HEIC,33d2a72c9bd6bfd67952f798be23d1ebb6ff7f93cb94b0925e02f94e25fa9331,1,1,0.824138,0.0072,gauss1,BP07_12MP_SLM_HEIC.mat,0,2939.8
extracted/D88_iPhone_16/IMG_0026.HEIC,bd44a7fceef9144f256b6a178349c8f4248f35d02873da8ade1803a82ec55911,1,1,0.615092,0.0072,gauss1,BP07_12MP_SLM_HEIC.mat,0,2730.3
extracted/D88_iPhone_16/IMG_0027.HEIC,c5defcf5abad38b487bd68a6c8bb353da4fc49603ccdfa2c3135e3555b518292,1,1,0.917541,0.0072,gauss1,BP07_12MP_SLM_HEIC.mat,0,2949.1
extracted/D88_iPhone_16/IMG_0028.HEIC,9e68d33b780234c67b0a055ee7b5c65759722b60388d808422243cb4657c63b1,1,1,0.50696,0.0072,gauss1,BP07_12MP_SLM_HEIC.mat,0,2675.0
extracted/D88_iPhone_16/IMG_0029.HEIC,ce210a472ffc1ba9c3735f0455ec9827f73c74e5c5082121d67e09082d9caa00,1,1,0.407746,0.0072,gauss1,BP07_12MP_SLM_HEIC.mat,0,2759.0
extracted/D88_iPhone_16/IMG_0030.HEIC,2d3eb9dda1e7de9f5f2a8e699d998e441ad6d9a5bd0f6055d26f3453cce5d1bc,1,1,0.240214,0.0072,gauss1,BP07_12MP_SLM_HEIC.mat,0,2816.1
extracted/D88_iPhone_16/IMG_0031.HEIC,aa3499949142aee04b314cdb3afb2b535a0aa5f778c29cabd43d63f333f0cdc9,1,1,0.264364,0.0072,gauss1,BP07_12MP_SLM_HEIC.mat,0,5455.2
extracted/D88_iPhone_16/IMG_0032.HEIC,2cb2b8d568b981baf2b8ac53be51448cb28a24de0039a1a42153eb305c202f07,1,1,0.305357,0.0072,gauss1,BP07_12MP_SLM_HEIC.mat,0,3077.1
extracted/D88_iPhone_16/IMG_0033.HEIC,f64a165e0bc1140cfb9b4f4c282951dc67478052ef3555a00b3666868d5dfd6e,1,1,0.23716,0.0072,gauss1,BP07_12MP_SLM_HEIC.mat,0,2879.3
extracted/D88_iPhone_16/IMG_0034.HEIC,e1b0edc898e41f6f360f04aa08e12324fb051ad921932344cf0d59e854b9a5c4,1,1,0.242261,0.0072,gauss1,BP07_12MP_SLM_HEIC.mat,0,2716.5
extracted/D88_iPhone_16/IMG_0035.HEIC,e779155c581b46e8c004bc77b8d0ccaedec1f2abe0a5d84acc9a442a9ee7fce1,1,1,0.190315,0.0072,gauss1,BP07_12MP_SLM_HEIC.mat,0,2704.8
extracted/D88_iPhone_16/IMG_0036.HEIC,fd31ada6e66c3176fb3acf7e5639459c5ad2cfff88ce69e9b09d081a6d3d6a5e,1,0,0.000893,0.0072,gauss1,,,2936.1
extracted/D88_iPhone_16/IMG_0037.HEIC,10c96e07a3f91b7eb00d753e439a61a9a0239564efaa365d14355133727dace9,1,1,0.451641,0.0072,gauss1,BP07_12MP_SLM_HEIC.mat,0,2613.6
extracted/D88_iPhone_16/IMG_0038.HEIC,1d03b2acec063d330fc684a5ede8a1a0d6c1315b34635e7a2071e9edf88d621c,1,1,0.438397,0.0072,gauss1,BP07_12MP_SLM_HEIC.mat,0,2742.2
extracted/D88_iPhone_16/IMG_0039.HEIC,8d4c0ac7a150b4d22ab46f40b0271da7e8287a8f0e66363550a06d14bbfc13d8,1,1,0.384345,0.0072,gauss1,BP07_12MP_SLM_HEIC.mat,0,2985.2
extracted/D88_iPhone_16/IMG_0040.HEIC,0a0e33b9a70213d2b1543a036e35d5c02d089c9773d54a14883ba460b9d562be,1,1,0.427708,0.0072,gauss1,BP07_12MP_SLM_HEIC.mat,0,2833.4
extracted/D88_iPhone_16/IMG_0041.HEIC,38621d68c50fa3f33e4f9dafceb32264c9d78a8e6642edd97a9dba7ebdf0fff9,1,1,0.434111,0.0072,gauss1,BP07_12MP_SLM_HEIC.mat,0,2730.4
flickr_referenced/D02_iPhone_7_Plus/D02_iPhone_7_Plus_26007302297.jpg,49d820b17c115fde563d41444405c1b133aceb265c6da80e362e0bb4e7684905,1,1,0.125688,0.0072,gauss1,BP02_12MP_NL_JPEG.mat,0,2857.1
flickr_referenced/D02_iPhone_7_Plus/D02_iPhone_7_Plus_26014838817.jpg,329363d58d9769a9537212e387c74d8848092dd6e8aa20a07173d12b46fed45f,1,1,0.178785,0.0072,gauss1,BP02_12MP_NL_JPEG.mat,2,5091.0
flickr_referenced/D02_iPhone_7_Plus/D02_iPhone_7_Plus_26014961487.jpg,aa89cc8d92913d25f7d7e6705e7684be38ef85665f3164f64f77ff3ff372837e,1,1,0.243292,0.0072,gauss1,BP02_12MP_NL_JPEG.mat,2,3120.8
flickr_referenced/D02_iPhone_7_Plus/D02_iPhone_7_Plus_26014961687.jpg,efedc4a75d54816d5d40eb937713056854aff18cc33eccea56cba16dea547375,1,1,0.245036,0.0072,gauss1,BP02_12MP_NL_JPEG.mat,2,3205.2
flickr_referenced/D02_iPhone_7_Plus/D02_iPhone_7_Plus_26014961847.jpg,0c643b85281d5d0b1cda498c4585975e600a2ffeafd5a4af7174270398829356,1,1,0.223574,0.0072,gauss1,BP02_12MP_NL_JPEG.mat,2,2897.3
flickr_referenced/D02_iPhone_7_Plus/D02_iPhone_7_Plus_26435888907.jpg,82c60d41ea27797155fdc0bfd507ae2abed92e668182d3c9a7ee0311f7830803,1,1,0.277356,0.0072,gauss1,BP02_12MP_NL_JPEG.mat,0,2998.8
flickr_referenced/D02_iPhone_7_Plus/D02_iPhone_7_Plus_26435939707.jpg,06baee69919071ebd73c6230018b9962d61b37bf7a9b0272b8862f91ab05c020,1,1,0.247688,0.0072,gauss1,BP02_12MP_NL_JPEG.mat,0,2591.6
flickr_referenced/D02_iPhone_7_Plus/D02_iPhone_7_Plus_26435985387.jpg,6776062dc35f4e409f2bfd509cb3e4b4e189fdd48536fbf06734d2bab43451e4,1,1,0.337696,0.0072,gauss1,BP02_12MP_NL_JPEG.mat,0,2640.2
flickr_referenced/D02_iPhone_7_Plus/D02_iPhone_7_Plus_27009346648.jpg,c77845a4d28531c43918cd87974f6f36bd0b4ec5bc24f6cc23b0c52d392f1a4d,1,1,0.120352,0.0072,gauss1,BP02_12MP_NL_JPEG.mat,0,2688.1
flickr_referenced/D02_iPhone_7_Plus/D02_iPhone_7_Plus_27016689238.jpg,7f43e7b74c2817fcbb9f778e3bd9e250d3413a7a2700d1f53ffb61cc3a43368b,1,1,0.246497,0.0072,gauss1,BP02_12MP_NL_JPEG.mat,2,5386.4
flickr_referenced/D02_iPhone_7_Plus/D02_iPhone_7_Plus_27016689668.jpg,674b924c34b4a51ed090a70d31edf1a4ddd5458e300ea2af7cef7ac258d3b851,1,1,0.199731,0.0072,gauss1,BP02_12MP_NL_JPEG.mat,2,3086.4
flickr_referenced/D02_iPhone_7_Plus/D02_iPhone_7_Plus_27016690078.jpg,6569fbb6d0e15ae15abd74880cd5b219246e7bfb90e7f233ae6a3dc5019f59eb,1,1,0.161159,0.0072,gauss1,BP02_12MP_NL_JPEG.mat,2,3155.2
flickr_referenced/D02_iPhone_7_Plus/D02_iPhone_7_Plus_27016864138.jpg,a3bea850b144c5a2ff6e817a19c89084ad8666a241ced6a83b678f295aea9cdb,1,1,0.262455,0.0072,gauss1,BP02_12MP_NL_JPEG.mat,2,2921.4
flickr_referenced/D02_iPhone_7_Plus/D02_iPhone_7_Plus_27016864368.jpg,4af316dfdb9a955a714d27914970a17d50f853cbea77c023a83a268ba7a56b90,1,1,0.240883,0.0072,gauss1,BP02_12MP_NL_JPEG.mat,2,2964.9
flickr_referenced/D02_iPhone_7_Plus/D02_iPhone_7_Plus_27016866638.jpg,96622de53a755f6a1aa0786fd317c742c1b92b9930b8b6dcdb9dee2238d97558,1,1,0.166011,0.0072,gauss1,BP02_12MP_NL_JPEG.mat,2,4351.0
flickr_referenced/D02_iPhone_7_Plus/D02_iPhone_7_Plus_27016897458.jpg,e5a6712fe0d3d5fd380deebd94d22530bc7cb61a5249e7bbc1dd2b8abbd10448,1,1,0.440565,0.0072,gauss1,BP02_12MP_NL_JPEG.mat,2,3183.5
flickr_referenced/D02_iPhone_7_Plus/D02_iPhone_7_Plus_27016899098.jpg,dbc0f7ed1697cf331d363517db7ae369701ff4504234246094908e66512b9ef2,1,1,0.178962,0.0072,gauss1,BP02_12MP_NL_JPEG.mat,2,2988.1
flickr_referenced/D02_iPhone_7_Plus/D02_iPhone_7_Plus_27016899278.jpg,1a53383eec8e88389da15dd3a10703805195fdda08e96a94a81b3e866da92bda,1,1,0.17118,0.0072,gauss1,BP02_12MP_NL_JPEG.mat,2,3089.8
flickr_referenced/D02_iPhone_7_Plus/D02_iPhone_7_Plus_27016900418.jpg,d52b314db65741aae6a123646f2186be073b9ec25a7d377e7842b4befe73c7f8,1,1,0.161034,0.0072,gauss1,BP02_12MP_NL_JPEG.mat,2,2893.5
flickr_referenced/D02_iPhone_7_Plus/D02_iPhone_7_Plus_27017000558.jpg,a60a19254537cc4591c9e3e0d5051bd819e45bb23cc763425c0120163e1dc549,1,1,0.319518,0.0072,gauss1,BP02_12MP_NL_JPEG.mat,2,3117.8
flickr_referenced/D02_iPhone_7_Plus/D02_iPhone_7_Plus_27017001368.jpg,64d98afe07036f66397c340e946fcff177274447fb6a4e1ab0519796606e2a85,1,1,0.214939,0.0072,gauss1,BP02_12MP_NL_JPEG.mat,2,2915.7
flickr_referenced/D02_iPhone_7_Plus/D02_iPhone_7_Plus_27017002208.jpg,aca4872120a692f7789bd0f10c6d561b19e77f61d813f5178e62d258d6397830,1,1,0.153466,0.0072,gauss1,BP02_12MP_NL_JPEG.mat,2,3179.1
flickr_referenced/D02_iPhone_7_Plus/D02_iPhone_7_Plus_27017046098.jpg,cc382a32de43561bc324df10e12701979cd31d0c325d9af85e16eae553597b52,1,1,0.317528,0.0072,gauss1,BP02_12MP_NL_JPEG.mat,2,2845.2
flickr_referenced/D02_iPhone_7_Plus/D02_iPhone_7_Plus_27017047378.jpg,601f081db228747ac3cbfbdba13bee7c620c3c4aa9e339f748a33dbfb6a338de,1,1,0.238166,0.0072,gauss1,BP02_12MP_NL_JPEG.mat,2,2902.8
flickr_referenced/D02_iPhone_7_Plus/D02_iPhone_7_Plus_27017048598.jpg,3e80db8e96a8f07c59f076c4f6f19ca72cf72382fbca70353f70232fdaa886f3,1,1,0.165624,0.0072,gauss1,BP02_12MP_NL_JPEG.mat,2,3245.5
flickr_referenced/D02_iPhone_7_Plus/D02_iPhone_7_Plus_27017048618.jpg,2b072931dc5a7b659a35741c47aea8429259f83c2f747af26def0ba9b2d097ee,1,1,0.161045,0.0072,gauss1,BP02_12MP_NL_JPEG.mat,2,2945.2
flickr_referenced/D02_iPhone_7_Plus/D02_iPhone_7_Plus_27017104048.jpg,35694a244868944af2c73947b9283087b2323dc905556a665d34a52d6531286f,1,1,0.140765,0.0072,gauss1,BP02_12MP_NL_JPEG.mat,0,2851.4
flickr_referenced/D02_iPhone_7_Plus/D02_iPhone_7_Plus_27435596638.jpg,accf0ee2696830bb31b4620d16a6de67376627ad57eee4c1e748af95a399773f,1,1,0.293332,0.0072,gauss1,BP02_12MP_NL_JPEG.mat,0,2591.4
flickr_referenced/D02_iPhone_7_Plus/D02_iPhone_7_Plus_27435597078.jpg,b36fcf32ab973c522e1741914a1c3ad21bd6f68c44594003336faab4228ce530,1,1,0.296671,0.0072,gauss1,BP02_12MP_NL_JPEG.mat,0,2591.6
flickr_referenced/D02_iPhone_7_Plus/D02_iPhone_7_Plus_27435597088.jpg,c978f099426a9fb7452f562851b3e3172498d44c656d2b88e1f78ecee2622f7c,1,1,0.327693,0.0072,gauss1,BP02_12MP_NL_JPEG.mat,0,2740.2
flickr_referenced/D02_iPhone_7_Plus/D02_iPhone_7_Plus_33080745734.jpg,1aeea385655b3c3734fd1933b792e971554e14562b54e20e988650c47734b94c,1,1,0.562881,0.0072,gauss1,BP01_12MP_NL_JPEG.mat,0,4873.2
flickr_referenced/D02_iPhone_7_Plus/D02_iPhone_7_Plus_33096526094.jpg,7daf6536163c8f75a0767da25daf8c381d2d210563d8396317761fadee22224d,1,1,0.080425,0.0072,gauss1,BP01_12MP_NL_JPEG.mat,0,3353.5
flickr_referenced/D02_iPhone_7_Plus/D02_iPhone_7_Plus_33096539084.jpg,a59ddb4ed65629fd70a99341a2ad114cf3525218ed1a8a59562aa6da3d555004,1,1,0.574652,0.0072,gauss1,BP01_12MP_NL_JPEG.mat,2,2877.0
flickr_referenced/D02_iPhone_7_Plus/D02_iPhone_7_Plus_33096966234.jpg,0c2572ea7294c79f10b81fa17374b944fa3299ca1355625b0cf47f2484a75d7b,1,1,0.110274,0.0072,gauss1,BP01_12MP_NL_JPEG.mat,2,2608.9
flickr_referenced/D02_iPhone_7_Plus/D02_iPhone_7_Plus_33097972904.jpg,43de300355f4247d8ef36acc606f44b416b19c36236f78c8c99eb1af1af2388c,1,1,0.197948,0.0072,gauss1,BP01_12MP_NL_JPEG.mat,2,2654.7
flickr_referenced/D02_iPhone_7_Plus/D02_iPhone_7_Plus_33098060534.jpg,61827a8ab3699750b9abee003c384299ac28a51709c3bd34302f48e9b7560a29,1,1,0.08497,0.0072,gauss1,BP01_12MP_NL_JPEG.mat,2,2788.9
flickr_referenced/D02_iPhone_7_Plus/D02_iPhone_7_Plus_33100993144.jpg,f019e9e4d9925c0bd828ec21735a95984c687e710d79a4c8947eed773bd5e943,1,1,0.63872,0.0072,gauss1,BP01_12MP_NL_JPEG.mat,0,3052.9
flickr_referenced/D02_iPhone_7_Plus/D02_iPhone_7_Plus_33111501063.jpg,8e5e1c9b3c1785428607b8e8f9255df2fea1ac383d2d1127a73bb73aaf94a999,1,1,0.638602,0.0072,gauss1,BP01_12MP_NL_JPEG.mat,0,2875.2
flickr_referenced/D02_iPhone_7_Plus/D02_iPhone_7_Plus_33111503513.jpg,994b4353966b9053761bdfeb9ff2c0c9aa4763de47f0986f2ad9fc3a4ea93c47,1,1,0.652976,0.0072,gauss1,BP01_12MP_NL_JPEG.mat,0,3060.8
flickr_referenced/D02_iPhone_7_Plus/D02_iPhone_7_Plus_33111507843.jpg,4d866a4bdaa69f648a136a24ee0a9853f161b8853dca3d92feac9b4b43c9b68b,1,1,0.121737,0.0072,gauss1,BP01_12MP_NL_JPEG.mat,0,2911.7
flickr_referenced/D02_iPhone_7_Plus/D02_iPhone_7_Plus_33111515463.jpg,31de43bafa0663ffc9dca7959f3dd9180912a121248a482ee7c3c274d5751bda,1,1,0.570921,0.0072,gauss1,BP01_12MP_NL_JPEG.mat,0,2992.4
flickr_referenced/D02_iPhone_7_Plus/D02_iPhone_7_Plus_33111518303.jpg,26fbdfdb4399927c4d94934926f7997c8a7427122700bcae1343103de503255b,1,1,0.235624,0.0072,gauss1,BP01_12MP_NL_JPEG.mat,0,3166.0
flickr_referenced/D02_iPhone_7_Plus/D02_iPhone_7_Plus_33111528503.jpg,e248acb2910aecd4a4bb68b95c8a8c1d4244d9d4f20c29582ef182a2446ec08b,1,1,0.462015,0.0072,gauss1,BP01_12MP_NL_JPEG.mat,0,2921.1
flickr_referenced/D02_iPhone_7_Plus/D02_iPhone_7_Plus_33111530793.jpg,9f670f3560b374113c19dde659ad815e131ecb05e332613ee43087ad54b7515a,1,1,0.413158,0.0072,gauss1,BP01_12MP_NL_JPEG.mat,0,3277.2
flickr_referenced/D02_iPhone_7_Plus/D02_iPhone_7_Plus_33122781944.jpg,a504cf83a9339cce2ad8c9618b1aedd6e8688a37c0f536999a1b9f7f294e8ef6,1,1,0.31216,0.0072,gauss1,BP01_12MP_NL_JPEG.mat,0,2896.8
flickr_referenced/D02_iPhone_7_Plus/D02_iPhone_7_Plus_33126870063.jpg,362f9a460ac6e7813c114eaf4c6fc79a4e302ecbe8ea9aa801708d7d0c107d24,1,1,0.604401,0.0072,gauss1,BP01_12MP_NL_JPEG.mat,2,2940.9
flickr_referenced/D02_iPhone_7_Plus/D02_iPhone_7_Plus_33126881123.jpg,79d8d602f1d265f8750d79eaa210342844b0262274634b3d72d705a3c082fd30,1,1,0.571202,0.0072,gauss1,BP01_12MP_NL_JPEG.mat,2,4456.9
flickr_referenced/D02_iPhone_7_Plus/D02_iPhone_7_Plus_33127192133.jpg,991a9d26f3ae04f1c57a96e9d7d87f0b6cf84f31643f9363fe78045650210aee,1,1,0.304903,0.0072,gauss1,BP01_12MP_NL_JPEG.mat,0,2966.3
flickr_referenced/D02_iPhone_7_Plus/D02_iPhone_7_Plus_33128519203.jpg,1d64cedae1490950a85d9939fb47bda4707a1d4645f9937ab32cd53b1cd61863,1,1,0.206625,0.0072,gauss1,BP01_12MP_NL_JPEG.mat,2,2673.9
flickr_referenced/D02_iPhone_7_Plus/D02_iPhone_7_Plus_33128522103.jpg,351befc54e9cccf6da24d7451b4e9e43ee0df554c4d841149ebfc771c23ccae0,1,1,0.062176,0.0072,gauss1,BP01_12MP_NL_JPEG.mat,2,2921.1
flickr_referenced/D02_iPhone_7_Plus/D02_iPhone_7_Plus_33128522653.jpg,e865acc32cc835177ee72228a3f5b24c0d85769886735bb274ad363e23fd85fd,1,1,0.167131,0.0072,gauss1,BP01_12MP_NL_JPEG.mat,2,2552.6
flickr_referenced/D02_iPhone_7_Plus/D02_iPhone_7_Plus_33128522663.jpg,6d68894e681ebef42dd5f272b77b2137c5011b27ea8f9c2ac7829a426b2b0a3c,1,1,0.185111,0.0072,gauss1,BP01_12MP_NL_JPEG.mat,2,2686.0
flickr_referenced/D02_iPhone_7_Plus/D02_iPhone_7_Plus_33131332473.jpg,01e99f43694c125c84bfadbda12df1892f1ad0e25ea68fc8b6d2ac907f960977,1,1,0.359481,0.0072,gauss1,BP01_12MP_NL_JPEG.mat,0,3141.7
flickr_referenced/D02_iPhone_7_Plus/D02_iPhone_7_Plus_33143261453.jpg,52a9465e4260ab6a23d4660838f1726ad93ac61fe6eddc13728c98ede11332a8,1,1,0.475154,0.0072,gauss1,BP01_12MP_NL_JPEG.mat,0,2956.8
flickr_referenced/D02_iPhone_7_Plus/D02_iPhone_7_Plus_33143262283.jpg,1def2016f00b3f21c98d51cc45b48444c52c41b85e5057f7fdee7c2c71b5ad2e,1,1,0.226578,0.0072,gauss1,BP01_12MP_NL_JPEG.mat,0,3047.5
flickr_referenced/D02_iPhone_7_Plus/D02_iPhone_7_Plus_33143295523.jpg,021306f6691a5db0dabf03879c280b0412a2fd02be6237cc7fcae58700cbc95e,1,1,0.44446,0.0072,gauss1,BP01_12MP_NL_JPEG.mat,0,3016.2
flickr_referenced/D02_iPhone_7_Plus/D02_iPhone_7_Plus_33143297223.jpg,76609cf5300a20f3f01ed95ded457a8d47150cacd9973642c567a3a82628b004,1,1,0.541684,0.0072,gauss1,BP01_12MP_NL_JPEG.mat,0,2854.4
flickr_referenced/D02_iPhone_7_Plus/D02_iPhone_7_Plus_33143297383.jpg,048d3533fa76eec5f52eb03d2720d64d6d29d224773ec01aae8c67dbc678e5c8,1,1,0.535082,0.0072,gauss1,BP01_12MP_NL_JPEG.mat,0,5501.2
flickr_referenced/D02_iPhone_7_Plus/D02_iPhone_7_Plus_33158072044.jpg,6c2af6b15b70eedf6c251a0ef5799488ccf1834633a7de6fcd8a9a83b3864f1f,1,1,0.298419,0.0072,gauss1,BP01_12MP_NL_JPEG.mat,0,2984.8
flickr_referenced/D02_iPhone_7_Plus/D02_iPhone_7_Plus_33158073804.jpg,7ff520a441be264f14a6520bef0f4b0aa4422950911182f891fdb4f834900271,1,1,0.343096,0.0072,gauss1,BP01_12MP_NL_JPEG.mat,0,3074.8
flickr_referenced/D02_iPhone_7_Plus/D02_iPhone_7_Plus_33158073874.jpg,44266c53ad69d308556058b288a5231454559d0b09f75abf25242efa84fd85dd,1,1,0.192886,0.0072,gauss1,BP01_12MP_NL_JPEG.mat,0,3066.7
flickr_referenced/D02_iPhone_7_Plus/D02_iPhone_7_Plus_33158074104.jpg,a05f44115413ec993bb09a5bf053c7690b056ce4ae69b5876446cbee4c97ca27,1,1,0.180675,0.0072,gauss1,BP01_12MP_NL_JPEG.mat,0,3064.3
flickr_referenced/D02_iPhone_7_Plus/D02_iPhone_7_Plus_33182726123.jpg,35f9928d0ffb5ef071dec8eab16f3d3f51fa06a8fbb4bedf1cc810c24eb8ab1d,1,1,0.484129,0.0072,gauss1,BP01_12MP_NL_JPEG.mat,0,3123.9
flickr_referenced/D02_iPhone_7_Plus/D02_iPhone_7_Plus_33182727063.jpg,4689a59260254eeba9ae6a91548eb6e244c7f019cee69c75b623e6eeee62a6e3,1,1,0.016231,0.0072,gauss1,BP01_12MP_NL_JPEG.mat,0,2962.9
flickr_referenced/D02_iPhone_7_Plus/D02_iPhone_7_Plus_33188621223.jpg,121d424fd37409c65e5ea08e457ca88162b424dea5414b7c28b59f853d5c50cf,1,1,0.229868,0.0072,gauss1,BP01_12MP_NL_JPEG.mat,0,3104.4
flickr_referenced/D02_iPhone_7_Plus/D02_iPhone_7_Plus_33188647623.jpg,4ee028f4911587785c1e485e3bf0408dc1702efe42521641928a958ae69daed4,1,1,0.310665,0.0072,gauss1,BP01_12MP_NL_JPEG.mat,0,6267.1
flickr_referenced/D02_iPhone_7_Plus/D02_iPhone_7_Plus_33240929814.jpg,360007e4139374dcabc6ca9f2cb1fc163d4f0940fc03a24339b726d09d035df6,1,1,0.507208,0.0072,gauss1,BP01_12MP_NL_JPEG.mat,0,3173.3
flickr_referenced/D02_iPhone_7_Plus/D02_iPhone_7_Plus_33241240074.jpg,ea0fc155227076d7b3887c6cfa0a8c7a421d15ddc5e845048d38a22ff3e1b6b6,1,1,0.368575,0.0072,gauss1,BP01_12MP_NL_JPEG.mat,0,3178.7
flickr_referenced/D02_iPhone_7_Plus/D02_iPhone_7_Plus_33273734423.jpg,e10858f63a4267210ddfe45fdf53ccd3e4509bfecdea25d3d8147ac8db7aa6fd,1,1,0.355946,0.0072,gauss1,BP01_12MP_NL_JPEG.mat,0,2864.1
flickr_referenced/D02_iPhone_7_Plus/D02_iPhone_7_Plus_33273742023.jpg,f1daf6b81b4b1c8144d36d791280162317e4b3a2875e597b9ed700e6459230bb,1,1,0.482467,0.0072,gauss1,BP01_12MP_NL_JPEG.mat,0,3072.5
flickr_referenced/D02_iPhone_7_Plus/D02_iPhone_7_Plus_33274714013.jpg,c136cdf1e9981e337d1b889a8f8a1d756c2c364ebdd1e50eefd4cf2a9fede874,1,1,0.126426,0.0072,gauss1,BP01_12MP_NL_JPEG.mat,0,3115.6
flickr_referenced/D02_iPhone_7_Plus/D02_iPhone_7_Plus_33554760210.jpg,b9b2f3e17cee335ec18304a94e7f2e8b7bbb39108e7f2548c5aaa9593e374818,1,1,0.635066,0.0072,gauss1,BP01_12MP_NL_JPEG.mat,0,3061.7
flickr_referenced/D02_iPhone_7_Plus/D02_iPhone_7_Plus_33555253410.jpg,ec1e73f28372d92f6ed92cf1ed9af59da3716abc51e3836c03a65af935be0d87,1,1,0.128663,0.0072,gauss1,BP01_12MP_NL_JPEG.mat,2,2905.3
flickr_referenced/D02_iPhone_7_Plus/D02_iPhone_7_Plus_33556128590.jpg,bbab0e127584090b2d9e25a0aa825a6fe833677df4e997e2d3ace2ceb2e7b139,1,1,0.354856,0.0072,gauss1,BP01_12MP_NL_JPEG.mat,2,2589.4
flickr_referenced/D02_iPhone_7_Plus/D02_iPhone_7_Plus_33559244670.jpg,889bfb4a8d0f17e847dcd0491b478a13973251ea6a1fbcd7b97419a24cf75429,1,1,0.658054,0.0072,gauss1,BP01_12MP_NL_JPEG.mat,0,2854.7
flickr_referenced/D02_iPhone_7_Plus/D02_iPhone_7_Plus_33610151270.jpg,3cfa1ba3f1f33da49e224b469db92a99beede38e7971cff6b6aeb0594ef96f51,1,1,0.404328,0.0072,gauss1,BP01_12MP_NL_JPEG.mat,0,3092.6
flickr_referenced/D02_iPhone_7_Plus/D02_iPhone_7_Plus_33610151760.jpg,163d40ae362f1b1f5e02394a434a2c3f47ac19ddb17ed3a4f7edb93c9f0b8772,1,1,0.13587,0.0072,gauss1,BP01_12MP_NL_JPEG.mat,0,2892.2
flickr_referenced/D02_iPhone_7_Plus/D02_iPhone_7_Plus_33614787534.jpg,cf224d331e8324e56ba2bc64e96c9234be3a4701b82bd1cd3681ad780fc929fe,1,1,0.522232,0.0072,gauss1,BP01_12MP_NL_JPEG.mat,0,3024.5
flickr_referenced/D02_iPhone_7_Plus/D02_iPhone_7_Plus_33616024780.jpg,d743040b74324893719d0669b747551f8e87fb2581939ae50a3aa1a7e6026c89,1,1,0.298344,0.0072,gauss1,BP01_12MP_NL_JPEG.mat,0,3120.8
flickr_referenced/D02_iPhone_7_Plus/D02_iPhone_7_Plus_33616042260.jpg,359e3d0259368551e32a2dd2b7fd870880635c3681dbfff424f955f0a47fc042,1,1,0.302554,0.0072,gauss1,BP01_12MP_NL_JPEG.mat,0,2928.2
flickr_referenced/D02_iPhone_7_Plus/D02_iPhone_7_Plus_33616060730.jpg,e9e77362a23125d65a6c33dfba3226d0198f98a4774e9afa0fc157cdb0bcb821,1,1,0.412187,0.0072,gauss1,BP01_12MP_NL_JPEG.mat,0,3160.0
flickr_referenced/D02_iPhone_7_Plus/D02_iPhone_7_Plus_33616504340.jpg,cced03f6a1584aa770e68e2e6c0251aa5af0d18ec06889d7bd4bd584a98c09d8,1,1,0.305696,0.0072,gauss1,BP01_12MP_NL_JPEG.mat,0,2918.2
flickr_referenced/D02_iPhone_7_Plus/D02_iPhone_7_Plus_33695849760.jpg,e07ba1948c19c033220975edc19f9fc950c2238d05194644a6efc2a082ac0888,1,1,0.427352,0.0072,gauss1,BP01_12MP_NL_JPEG.mat,0,3252.9
flickr_referenced/D02_iPhone_7_Plus/D02_iPhone_7_Plus_33700834120.jpg,c58951773e0d8da39d2146cee98f1770e1abc091e19315a7cdcee4185803abd6,1,1,0.125735,0.0072,gauss1,BP01_12MP_NL_JPEG.mat,2,2595.7
flickr_referenced/D02_iPhone_7_Plus/D02_iPhone_7_Plus_33767232162.jpg,0017b4fa8b6c07f81d11c2fbd2945b3ac37bc0bf082e82f59d981e3bbe1c0d23,1,1,0.49379,0.0072,gauss1,BP01_12MP_NL_JPEG.mat,0,2869.2
flickr_referenced/D02_iPhone_7_Plus/D02_iPhone_7_Plus_33782818362.jpg,03447585c6446eed7442204715d3c881a3c682a4eaab4095147d4a56d1a6dfc2,1,1,0.606834,0.0072,gauss1,BP01_12MP_NL_JPEG.mat,0,3103.7
flickr_referenced/D02_iPhone_7_Plus/D02_iPhone_7_Plus_33783924302.jpg,e0e21aca47b8da6d65c327248fa5d493e4be392a9526b13ba927a9a367824c7f,1,1,0.414064,0.0072,gauss1,BP01_12MP_NL_JPEG.mat,2,2644.2
flickr_referenced/D02_iPhone_7_Plus/D02_iPhone_7_Plus_33786951022.jpg,95b3997a159a96da9ad346d7fda2bb06931305f0836924e4c11f561959d55dc1,1,1,0.307519,0.0072,gauss1,BP01_12MP_NL_JPEG.mat,0,2967.5
flickr_referenced/D02_iPhone_7_Plus/D02_iPhone_7_Plus_33786953572.jpg,5a17e4bb0f9f331ecac285a4a60fb3ca876c7ebd9156bf0ba90c9e672de5a632,1,1,0.13876,0.0072,gauss1,BP01_12MP_NL_JPEG.mat,0,3171.1
flickr_referenced/D02_iPhone_7_Plus/D02_iPhone_7_Plus_33794557961.jpg,528846885281be69163b9de834061832f380b169c5aa8037114e3732249adf45,1,1,0.517351,0.0072,gauss1,BP01_12MP_NL_JPEG.mat,0,2941.3
flickr_referenced/D02_iPhone_7_Plus/D02_iPhone_7_Plus_33794569261.jpg,e25e319aacdbe8b12b76fb72e3bd6979e071d58216091e0d0bdbacbe4fa45035,1,1,0.174974,0.0072,gauss1,BP01_12MP_NL_JPEG.mat,0,5176.3
flickr_referenced/D02_iPhone_7_Plus/D02_iPhone_7_Plus_33794570971.jpg,009f8b07bb97b749927f2ded162a7f4f178e27a9b364e25ae719e6ea6ae29810,1,1,0.222772,0.0072,gauss1,BP01_12MP_NL_JPEG.mat,0,3445.9
flickr_referenced/D02_iPhone_7_Plus/D02_iPhone_7_Plus_33794572501.jpg,1a04eb062fb285e115305fe304ef671f7ba93f52be404ce5bf04004b29f07ab6,1,1,0.366833,0.0072,gauss1,BP01_12MP_NL_JPEG.mat,0,3042.2
flickr_referenced/D02_iPhone_7_Plus/D02_iPhone_7_Plus_33794574481.jpg,1430a51cb6a62f969d303d50b359f3ccce5880c85598e450a3e443396afe48b0,1,1,0.447666,0.0072,gauss1,BP01_12MP_NL_JPEG.mat,0,2933.6
flickr_referenced/D02_iPhone_7_Plus/D02_iPhone_7_Plus_33798980302.jpg,ce1fb0080a4e7da741adcfd643659d2cee56604766c5107251e8add261f4f664,1,1,0.131935,0.0072,gauss1,BP01_12MP_NL_JPEG.mat,0,5611.2
flickr_referenced/D02_iPhone_7_Plus/D02_iPhone_7_Plus_33798980472.jpg,6c26d98c50a7eaf4e7d50dab3c2d29646bebc7e4deb62c58b971040d7cd1dcd0,1,1,0.300256,0.0072,gauss1,BP01_12MP_NL_JPEG.mat,0,4340.7
flickr_referenced/D02_iPhone_7_Plus/D02_iPhone_7_Plus_33798982122.jpg,d4148421a2fe0d1de6d4ed193567a50289cd62c75b9055e20918322ca7e6b0f1,1,1,0.391553,0.0072,gauss1,BP01_12MP_NL_JPEG.mat,0,2901.3
flickr_referenced/D02_iPhone_7_Plus/D02_iPhone_7_Plus_33798983422.jpg,1ffd3d2b3accd070734c99c3be1acea273d4b98f92504fb82ed9b642d86fbcca,1,1,0.47763,0.0072,gauss1,BP01_12MP_NL_JPEG.mat,0,3218.6
flickr_referenced/D02_iPhone_7_Plus/D02_iPhone_7_Plus_33808680722.jpg,38fa761c709e51ef62ac9184ff4abce276ed126e8f4d3d0012cec41467450a09,1,1,0.132136,0.0072,gauss1,BP01_12MP_NL_JPEG.mat,0,2880.4
flickr_referenced/D02_iPhone_7_Plus/D02_iPhone_7_Plus_33810026361.jpg,e93c844ea6d1b71e3cd98b930fb5d89ff62bdd53a50fddab277158830337c427,1,1,0.588746,0.0072,gauss1,BP01_12MP_NL_JPEG.mat,0,3143.0
flickr_referenced/D02_iPhone_7_Plus/D02_iPhone_7_Plus_33811320681.jpg,09dcff3b4948e267104c7534953013479d4472cfdd442701156bd387fcf89554,1,1,0.123452,0.0072,gauss1,BP01_12MP_NL_JPEG.mat,2,2727.1
flickr_referenced/D02_iPhone_7_Plus/D02_iPhone_7_Plus_33814401431.jpg,bfeb9b91bf2a8629f5d224ffe0002f91a7b734ae40a2178d730670f9b164437a,1,1,0.292145,0.0072,gauss1,BP01_12MP_NL_JPEG.mat,0,3001.1
flickr_referenced/D02_iPhone_7_Plus/D02_iPhone_7_Plus_33814402241.jpg,2f7fd41f7e1be9d540538cbb1889b8b3f36692af74cbcc70849504c7b471e476,1,1,0.655675,0.0072,gauss1,BP01_12MP_NL_JPEG.mat,0,3101.6
flickr_referenced/D02_iPhone_7_Plus/D02_iPhone_7_Plus_33826678001.jpg,524cb17408e916094bb0a7624c0bf83b769767f7687b1dbb04eb38335b20cc62,1,1,0.114594,0.0072,gauss1,BP01_12MP_NL_JPEG.mat,0,2928.9
flickr_referenced/D02_iPhone_7_Plus/D02_iPhone_7_Plus_33836216971.jpg,e243ca12835737c3e72e39aa4b1b63fb90564bbc620e11470b97f0f43fe32c38,1,1,0.236475,0.0072,gauss1,BP01_12MP_NL_JPEG.mat,0,5567.3
flickr_referenced/D02_iPhone_7_Plus/D02_iPhone_7_Plus_33843985312.jpg,5841a5ad3170b8114b6f5c4e0b01d37f292bbb59648a12c46dc505041876babe,1,1,0.085033,0.0072,gauss1,BP01_12MP_NL_JPEG.mat,0,3368.9
flickr_referenced/D02_iPhone_7_Plus/D02_iPhone_7_Plus_33844005012.jpg,71a3ef81d206ae14ecedcd90cfbbb1d50cc654c3a248a924385c96ccfddc87f7,1,1,0.341972,0.0072,gauss1,BP01_12MP_NL_JPEG.mat,0,3012.1
flickr_referenced/D02_iPhone_7_Plus/D02_iPhone_7_Plus_33871837181.jpg,893d023dab57ab360f1e2faf8cd52f057d82e5e58f29f4ebfe8b353cb9675a77,1,1,0.168122,0.0072,gauss1,BP01_12MP_NL_JPEG.mat,0,2875.4
flickr_referenced/D02_iPhone_7_Plus/D02_iPhone_7_Plus_33882932036.jpg,3633c01020b418445cfa9612deb7978614a8abf417f75fa2bea932f1462d8ddb,1,1,0.445847,0.0072,gauss1,BP01_12MP_NL_JPEG.mat,0,3241.1
flickr_referenced/D02_iPhone_7_Plus/D02_iPhone_7_Plus_33898966896.jpg,748c817637779b7dc6ffe1bd3f8bcbbb77d78ee2f29aa4b8273902c210bc470a,1,1,0.246047,0.0072,gauss1,BP01_12MP_NL_JPEG.mat,2,2740.9
flickr_referenced/D02_iPhone_7_Plus/D02_iPhone_7_Plus_33899906564.jpg,3d499e010734b8e6aeb90001dce8b82138ba05b0ceb9785753838ebd521afa75,1,1,0.121196,0.0072,gauss1,BP01_12MP_NL_JPEG.mat,0,3142.8
flickr_referenced/D02_iPhone_7_Plus/D02_iPhone_7_Plus_33900060544.jpg,56e1b9884d158e414da26b775e9776ea3f7c5ca2b1c6aaf1f426c86a5a1ad54b,1,1,0.087096,0.0072,gauss1,BP01_12MP_NL_JPEG.mat,0,2940.9
flickr_referenced/D02_iPhone_7_Plus/D02_iPhone_7_Plus_33900576116.jpg,d1fe34f0679a99c12c6601e70a2b0360caf97aa9b79eb4fb18579be2a440ae0a,1,1,0.159999,0.0072,gauss1,BP01_12MP_NL_JPEG.mat,2,2607.3
flickr_referenced/D02_iPhone_7_Plus/D02_iPhone_7_Plus_33900576606.jpg,43429601e87f5cb7ab13c68a5c6fb48c37e4b318cc6727935c14d44c1eaccc61,1,1,0.238721,0.0072,gauss1,BP01_12MP_NL_JPEG.mat,2,2846.3
flickr_referenced/D02_iPhone_7_Plus/D02_iPhone_7_Plus_33915743666.jpg,caf3b69ef222e8ddbe5c40bddf57098427578e91aabae99a7d8620fa3e1f81cc,1,1,0.480034,0.0072,gauss1,BP01_12MP_NL_JPEG.mat,0,2856.9
flickr_referenced/D02_iPhone_7_Plus/D02_iPhone_7_Plus_33915744436.jpg,09b3264d46a5de96ff637598f9ccb822f9dac710909c390e8652f58db463cb67,1,1,0.256711,0.0072,gauss1,BP01_12MP_NL_JPEG.mat,0,5348.0
flickr_referenced/D02_iPhone_7_Plus/D02_iPhone_7_Plus_33923344202.jpg,cd80cdd44093b3256fdf9a2c0522d33905bcf7e0cc246065a0d040ae9035d828,1,1,0.189788,0.0072,gauss1,BP01_12MP_NL_JPEG.mat,0,4511.7
flickr_referenced/D02_iPhone_7_Plus/D02_iPhone_7_Plus_33923381012.jpg,1a0a267ec80546e74d59c3bb82548c6fcee0f5bd44565c3267e90818e44863a1,1,1,0.411541,0.0072,gauss1,BP01_12MP_NL_JPEG.mat,0,3207.8
flickr_referenced/D02_iPhone_7_Plus/D02_iPhone_7_Plus_33926606542.jpg,40a03376161c92b767b49d387409ff17e85fed503edd024f9948cbb2f5c90720,1,1,0.380734,0.0072,gauss1,BP01_12MP_NL_JPEG.mat,0,2906.0
flickr_referenced/D02_iPhone_7_Plus/D02_iPhone_7_Plus_33933501913.jpg,918f163c580aef7a65e93c4279f2769fcf0e4bbeb605a7328ab07dc4086f5a68,1,1,0.102431,0.0072,gauss1,BP01_12MP_NL_JPEG.mat,0,3006.5
flickr_referenced/D02_iPhone_7_Plus/D02_iPhone_7_Plus_33934008823.jpg,72917cce21bea1b06c4d111eb43e28594f6e3ad96a34bdd8a5de0292dc30c5d7,1,1,0.02642,0.0072,gauss1,BP01_12MP_NL_JPEG.mat,0,5482.5
flickr_referenced/D02_iPhone_7_Plus/D02_iPhone_7_Plus_33953121431.jpg,93f2f019101ba6eee1886886423f9fadb273401c9621b87c3924875eaf7f40cc,1,1,0.478588,0.0072,gauss1,BP01_12MP_NL_JPEG.mat,0,3900.0
flickr_referenced/D02_iPhone_7_Plus/D02_iPhone_7_Plus_33953918506.jpg,e820d1cde089a16d34edc9bcd1ddc890c7b164ae4052261a28913804de512bfe,1,1,0.023577,0.0072,gauss1,BP01_12MP_NL_JPEG.mat,0,2952.9
flickr_referenced/D02_iPhone_7_Plus/D02_iPhone_7_Plus_33955030041.jpg,857f07b59e606284a92d02fe8a17a8a1f8595e68951531f08d8ee059fce07976,1,1,0.186875,0.0072,gauss1,BP01_12MP_NL_JPEG.mat,0,3083.9
flickr_referenced/D02_iPhone_7_Plus/D02_iPhone_7_Plus_33955064531.jpg,5c2fd1e172d023753aa14eb46211e3a976e79ec1f6573ce427f249f0892df50b,1,1,0.410817,0.0072,gauss1,BP01_12MP_NL_JPEG.mat,0,2934.0
flickr_referenced/D02_iPhone_7_Plus/D02_iPhone_7_Plus_33956561315.jpg,e7e14c5ec296f72926cebb601d0b41b4c99272f40752cae0aa97b5382f9154bc,1,1,0.348907,0.0072,gauss1,BP01_12MP_NL_JPEG.mat,0,3123.8
flickr_referenced/D02_iPhone_7_Plus/D02_iPhone_7_Plus_33959346094.jpg,9401ab5851fdd698f9ca6b05afd183cca9c61236af10be3bc1055b8638d07146,1,1,0.197094,0.0072,gauss1,BP01_12MP_NL_JPEG.mat,0,3171.2
flickr_referenced/D02_iPhone_7_Plus/D02_iPhone_7_Plus_33959988656.jpg,22c2532650d7de5b94cac1a3fb231164972f0b8815d2e560f3dfe67ded149b01,1,1,0.133909,0.0072,gauss1,BP01_12MP_NL_JPEG.mat,0,3048.9
flickr_referenced/D02_iPhone_7_Plus/D02_iPhone_7_Plus_33959989056.jpg,7230abb999c6d42e247588e0c4dee3edfe9ef83957dda1872c7e3331fd23320b,1,1,0.339471,0.0072,gauss1,BP01_12MP_NL_JPEG.mat,0,3035.1
flickr_referenced/D02_iPhone_7_Plus/D02_iPhone_7_Plus_34001560455.jpg,b757fe071be46bf1fd639a70842ca8135eab5acf2ec29ba67d782d648d3eedf0,1,1,0.229694,0.0072,gauss1,BP01_12MP_NL_JPEG.mat,0,2986.1
flickr_referenced/D02_iPhone_7_Plus/D02_iPhone_7_Plus_34001563195.jpg,6b38b21afdcfe336eb665e3acf2346cf417716462d54445c3b8db991167c627b,1,1,0.18478,0.0072,gauss1,BP01_12MP_NL_JPEG.mat,0,3352.2
flickr_referenced/D02_iPhone_7_Plus/D02_iPhone_7_Plus_34001598375.jpg,cd1bc5caf2edc29df96bf0871ea798ce74a48ece881721ea4f9056d8815d297e,1,1,0.119701,0.0072,gauss1,BP01_12MP_NL_JPEG.mat,0,2996.4
flickr_referenced/D02_iPhone_7_Plus/D02_iPhone_7_Plus_34039952036.jpg,1bdc424dfcd978defad4ab6530636c3f22cc619f657931c9f5092801cb41ab23,1,1,0.283798,0.0072,gauss1,BP01_12MP_NL_JPEG.mat,0,3237.3
flickr_referenced/D02_iPhone_7_Plus/D02_iPhone_7_Plus_34043076666.jpg,bbbba38c79e6756d9a60a566b700f4328630630cb6b4190b84a6744385260aed,1,1,0.50097,0.0072,gauss1,BP01_12MP_NL_JPEG.mat,0,2914.7
flickr_referenced/D02_iPhone_7_Plus/D02_iPhone_7_Plus_34044760226.jpg,06f23f3bac2352e15ac65c12019aa03e6363ffbb008a3d510125c8b544cab01b,1,1,0.363252,0.0072,gauss1,BP01_12MP_NL_JPEG.mat,0,3152.5
flickr_referenced/D02_iPhone_7_Plus/D02_iPhone_7_Plus_34051086574.jpg,6f1d0ebf2deeadb0225a8c0312d8f64a7e643ad6496c1b774b960c8638bc5385,1,1,0.260889,0.0072,gauss1,BP01_12MP_NL_JPEG.mat,0,2879.2
flickr_referenced/D02_iPhone_7_Plus/D02_iPhone_7_Plus_34079983615.jpg,4459f26032aa28af2838fb6bf655c4d175db25e14a517bf2d58f5a53c7693fd4,1,1,0.229643,0.0072,gauss1,BP01_12MP_NL_JPEG.mat,0,3020.7
flickr_referenced/D02_iPhone_7_Plus/D02_iPhone_7_Plus_34083228023.jpg,781087a66cf0eff6a16310b3b2bde5b84f9b09876d285768df34b0100ff956f0,1,1,0.306006,0.0072,gauss1,BP01_12MP_NL_JPEG.mat,0,3065.8
flickr_referenced/D02_iPhone_7_Plus/D02_iPhone_7_Plus_34083230273.jpg,6d75751d224ea8195e589d122e77089cd34caf4d0f7a11301f7a4e8672bb00b3,1,1,0.304991,0.0072,gauss1,BP01_12MP_NL_JPEG.mat,0,2890.6
flickr_referenced/D02_iPhone_7_Plus/D02_iPhone_7_Plus_34083231413.jpg,c4a6bd455326760653b73d3ab4c6a83ff9af60227bf52dabad73f454ae56eb30,1,1,0.448512,0.0072,gauss1,BP01_12MP_NL_JPEG.mat,0,3221.9
flickr_referenced/D02_iPhone_7_Plus/D02_iPhone_7_Plus_34083234863.jpg,c4784bda2181737a90a71ca6325a8bd6f2d4d48a8e97ba95b6d8181c234aae4c,1,1,0.262635,0.0072,gauss1,BP01_12MP_NL_JPEG.mat,0,2871.0
flickr_referenced/D02_iPhone_7_Plus/D02_iPhone_7_Plus_34083346935.jpg,d5662bd3ea827cf31616c5b4af6de66a41028dff5b30089b0d3070fbba95b6af,1,1,0.556631,0.0072,gauss1,BP01_12MP_NL_JPEG.mat,0,2969.3
flickr_referenced/D02_iPhone_7_Plus/D02_iPhone_7_Plus_34297390802.jpg,6088edb54f4b79b1df650eba19d89a5104afa13ae31cf83521237afa625ffefd,1,1,0.615538,0.0072,gauss1,BP01_12MP_NL_JPEG.mat,0,3044.2
flickr_referenced/D02_iPhone_7_Plus/D02_iPhone_7_Plus_34326494891.jpg,36ca5e8db0b42d99abbb64b588c406b28372df0ade87df81ac60535b282910f9,1,1,0.399722,0.0072,gauss1,BP01_12MP_NL_JPEG.mat,0,2931.3
flickr_referenced/D02_iPhone_7_Plus/D02_iPhone_7_Plus_34357706450.jpg,8ef870169c2c71ba13599acadafbb85923233079ab16cf34376d24d9a3a28cd6,1,1,0.143275,0.0072,gauss1,BP01_12MP_NL_JPEG.mat,0,3320.4
flickr_referenced/D02_iPhone_7_Plus/D02_iPhone_7_Plus_34422415620.jpg,b1dbf7e29d4819639c7cabe1607bb2515f39187e6f0f989767e47e83965ea32d,1,1,0.053002,0.0072,gauss1,BP01_12MP_NL_JPEG.mat,0,2920.1
flickr_referenced/D02_iPhone_7_Plus/D02_iPhone_7_Plus_34456935365.jpg,8e5249287643dde9c9d9b008a090a3ce2e6bd4ec0a398dae07ead2f13042093b,1,1,0.434252,0.0072,gauss1,BP01_12MP_NL_JPEG.mat,0,5164.6
flickr_referenced/D02_iPhone_7_Plus/D02_iPhone_7_Plus_34507224290.jpg,454962674c553d84878266d23419f2e03132f47b7f44d9991872673f0701e4f5,1,1,0.372469,0.0072,gauss1,BP01_12MP_NL_JPEG.mat,0,4696.2
flickr_referenced/D02_iPhone_7_Plus/D02_iPhone_7_Plus_34580161062.jpg,af88a81b2ded39cc1a8f5cd0f29f4bf9dd2be4578a8af401770afa975d7573a9,1,1,0.209525,0.0072,gauss1,BP01_12MP_NL_JPEG.mat,0,5671.1
flickr_referenced/D02_iPhone_7_Plus/D02_iPhone_7_Plus_34580225962.jpg,c5276eb3d125c08e2cc3cee0dd88f03d81fda97a2330ff025e346fc64ec8bace,1,1,0.30617,0.0072,gauss1,BP01_12MP_NL_JPEG.mat,0,3201.0
flickr_referenced/D02_iPhone_7_Plus/D02_iPhone_7_Plus_34702071466.jpg,b25c8b91ac047e3f1fd1b242c252a50381a0365501f0e4f010f9063296c854c7,1,1,0.280602,0.0072,gauss1,BP01_12MP_NL_JPEG.mat,0,3051.3
flickr_referenced/D02_iPhone_7_Plus/D02_iPhone_7_Plus_34702209856.jpg,a694c5d727523d832fe038fac69db46aa8d4d9e696eb358892b155c334f2065c,1,1,0.15164,0.0072,gauss1,BP01_12MP_NL_JPEG.mat,0,3136.2
flickr_referenced/D02_iPhone_7_Plus/D02_iPhone_7_Plus_34730582242.jpg,93aa5a89c31222eccc6581fb092fca35036b40ea67bea27f0a350334093cc0b9,1,1,0.106112,0.0072,gauss1,BP01_12MP_NL_JPEG.mat,0,2869.6
flickr_referenced/D02_iPhone_7_Plus/D02_iPhone_7_Plus_34730590822.jpg,52d217cf1e6866e64020f554f9ba9695493b619c20088b4d3c092cb6f0cee179,1,1,0.212965,0.0072,gauss1,BP01_12MP_NL_JPEG.mat,0,3217.0
flickr_referenced/D02_iPhone_7_Plus/D02_iPhone_7_Plus_34730593782.jpg,0bf6aaea00340da0ea43ebc347d1518274f111b75d0b3b5d15bc6c0bc2e1f981,1,1,0.434376,0.0072,gauss1,BP01_12MP_NL_JPEG.mat,0,2957.7
flickr_referenced/D02_iPhone_7_Plus/D02_iPhone_7_Plus_34893886585.jpg,b67cba51309d5be3fe76a655494807e25f8c57d3c6d2a4bc7bf3ce4be3558dc3,1,1,0.315696,0.0072,gauss1,BP01_12MP_NL_JPEG.mat,0,3134.2
flickr_referenced/D02_iPhone_7_Plus/D02_iPhone_7_Plus_34893895485.jpg,8d59b0221dfe7fbb3e2667f121e13e259a90078087b78c6014d9e502934ca6e0,1,1,0.337426,0.0072,gauss1,BP01_12MP_NL_JPEG.mat,0,5230.1
flickr_referenced/D02_iPhone_7_Plus/D02_iPhone_7_Plus_34986515104.jpg,47f1a21086a55c207237fb926662f6617c2cd2e6ac56c0cc3d86157402768688,1,1,0.134008,0.0072,gauss1,BP01_12MP_NL_JPEG.mat,0,3173.3
flickr_referenced/D02_iPhone_7_Plus/D02_iPhone_7_Plus_34986515374.jpg,d91d411ba06307a686773924d27faed2ce08f86cc188e4e279acedab0bdf7d3c,1,1,0.050865,0.0072,gauss1,BP01_12MP_NL_JPEG.mat,0,3116.2
flickr_referenced/D02_iPhone_7_Plus/D02_iPhone_7_Plus_35280267714.jpg,eab01518fcfb81c22ec1de4ce331477584a36a24cf45d177f90f1abc3a6ebf82,1,1,0.434958,0.0072,gauss1,BP01_12MP_NL_JPEG.mat,0,2994.2
flickr_referenced/D02_iPhone_7_Plus/D02_iPhone_7_Plus_35280268594.jpg,2578eca7f40b991b49054224dda3ec1831f03274a98b63561726a7fb90fe7f99,1,1,0.167269,0.0072,gauss1,BP01_12MP_NL_JPEG.mat,0,3032.6
flickr_referenced/D02_iPhone_7_Plus/D02_iPhone_7_Plus_35280269064.jpg,589428ac1a6b22e8bc8b10c2fb3456a78d50949c9bf7ca3220308ea0ae90cbcd,1,1,0.040011,0.0072,gauss1,BP01_12MP_NL_JPEG.mat,0,2936.2
flickr_referenced/D02_iPhone_7_Plus/D02_iPhone_7_Plus_35280279014.jpg,eaa450efda850058ba953fbf064d07a2a732a8c255c2e5ae809f5c91557520ba,1,1,0.060971,0.0072,gauss1,BP01_12MP_NL_JPEG.mat,0,3282.8
flickr_referenced/D02_iPhone_7_Plus/D02_iPhone_7_Plus_35313104033.jpg,b02b6e0b7d2b1105ebd5f406409cec69ece519b2e7eb2565acc5613afb1c4825,1,1,0.037492,0.0072,gauss1,BP01_12MP_NL_JPEG.mat,0,3008.3
flickr_referenced/D02_iPhone_7_Plus/D02_iPhone_7_Plus_35313113253.jpg,5506a9573f3ac89c7b347ce719a91398ad8d4449d3b4d2767abd73472fb013df,1,1,0.149838,0.0072,gauss1,BP01_12MP_NL_JPEG.mat,0,3109.5
flickr_referenced/D02_iPhone_7_Plus/D02_iPhone_7_Plus_35657661162.jpg,13124f40024a9db9b748fe3746404119bc0d7d39e97479dda01e5c373cdebda6,1,1,0.119446,0.0072,gauss1,BP01_12MP_NL_JPEG.mat,0,3587.5
flickr_referenced/D02_iPhone_7_Plus/D02_iPhone_7_Plus_35730043920.jpg,8ae0794bfddf58c5ccb3baa74d0a75667baba574f3f4d3945c1412690b752241,1,1,0.111156,0.0072,gauss1,BP01_12MP_NL_JPEG.mat,0,5499.6
flickr_referenced/D02_iPhone_7_Plus/D02_iPhone_7_Plus_35878291040.jpg,46f74fd5e786cf25d93b102bfc0df1032b086578ee671b90676712a9e504d9f3,1,0,0.006164,0.0072,gauss1,,,3278.6
flickr_referenced/D02_iPhone_7_Plus/D02_iPhone_7_Plus_35951838852.jpg,d5606fdf51842f98cac6095b7a19aa3ca0791fc1074ec786a92255e7d8e8bb42,1,1,0.186247,0.0072,gauss1,BP01_12MP_NL_JPEG.mat,0,2900.2
flickr_referenced/D02_iPhone_7_Plus/D02_iPhone_7_Plus_35988028671.jpg,78545275bde3afa3ad069220e42da9dcca608fb1d2c6b74b117d2c8e1e1b70fb,1,1,0.173621,0.0072,gauss1,BP01_12MP_NL_JPEG.mat,2,2734.2
flickr_referenced/D02_iPhone_7_Plus/D02_iPhone_7_Plus_35988030351.jpg,85948d7dc0964febe5cb67c033839e7d6faa17d249fb6722020bfce913ce4775,1,1,0.338976,0.0072,gauss1,BP01_12MP_NL_JPEG.mat,0,3050.6
flickr_referenced/D02_iPhone_7_Plus/D02_iPhone_7_Plus_36041837814.jpg,6deacf9458bb7404f80bcf3b082997525f558bfcc9a6d3f22d438aaeff2ca7b9,1,1,0.027377,0.0072,gauss1,BP01_12MP_NL_JPEG.mat,0,2928.0
flickr_referenced/D02_iPhone_7_Plus/D02_iPhone_7_Plus_36041987364.jpg,296ebca1635788cf5bcdd875d6dfa557cf4b2c42497f0dfcb876d51c7875fd21,1,1,0.06171,0.0072,gauss1,BP01_12MP_NL_JPEG.mat,0,3199.9
flickr_referenced/D02_iPhone_7_Plus/D02_iPhone_7_Plus_36041988894.jpg,f490d1baf86eab315ac9e3238dad17da25fbf13e402dbd1b6fce2992c11a7a2d,1,1,0.022775,0.0072,gauss1,BP01_12MP_NL_JPEG.mat,0,2907.1
flickr_referenced/D02_iPhone_7_Plus/D02_iPhone_7_Plus_36041991754.jpg,949046696c443b911631de45c8d1bff052b6871b88a7a8ca7698d7839a28623d,1,1,0.008309,0.0072,gauss1,BP01_12MP_NL_JPEG.mat,0,3012.9
flickr_referenced/D02_iPhone_7_Plus/D02_iPhone_7_Plus_36041993484.jpg,78bc4934a62da53338c734814533c73c5403f9817df6214b7a4db26ce2821824,1,1,0.014619,0.0072,gauss1,BP01_12MP_NL_JPEG.mat,0,3074.5
flickr_referenced/D02_iPhone_7_Plus/D02_iPhone_7_Plus_36067743933.jpg,794f53f83250824ee5d751e56a5e4bd922d31927332410c31fad484055253161,1,1,0.091564,0.0072,gauss1,BP01_12MP_NL_JPEG.mat,0,2936.6
flickr_referenced/D02_iPhone_7_Plus/D02_iPhone_7_Plus_36067745813.jpg,2228054716e24e7cd61429d1aada9df818d79196c09510bf6601ca78f5619c2c,1,1,0.080514,0.0072,gauss1,BP01_12MP_NL_JPEG.mat,0,3242.2
flickr_referenced/D02_iPhone_7_Plus/D02_iPhone_7_Plus_36067747193.jpg,8f9ef9769cdc2298ad0720e69b1ad37a73e8cf1f75d7d3549c392c946ea5249f,1,1,0.448439,0.0072,gauss1,BP01_12MP_NL_JPEG.mat,0,2867.0
flickr_referenced/D02_iPhone_7_Plus/D02_iPhone_7_Plus_36067748633.jpg,1445b202a69747d2e522af81844cc8617423ccdcefbbf8e5e6b93459b1636308,1,1,0.056968,0.0072,gauss1,BP01_12MP_NL_JPEG.mat,0,3056.2
flickr_referenced/D02_iPhone_7_Plus/D02_iPhone_7_Plus_36067750143.jpg,dcb4b1ee97071fcc772c2ae697c07a85e2cad0e07b66b9843014400d55bb348f,1,1,0.056154,0.0072,gauss1,BP01_12MP_NL_JPEG.mat,0,3039.2
flickr_referenced/D02_iPhone_7_Plus/D02_iPhone_7_Plus_36067751583.jpg,8fdae225a659549f7d3886a4514583a2625b853ac0ae496685ba65cc9087e72e,1,1,0.0496,0.0072,gauss1,BP01_12MP_NL_JPEG.mat,0,2929.7
flickr_referenced/D02_iPhone_7_Plus/D02_iPhone_7_Plus_36067753083.jpg,08e2abb9d03f89413e92ad03dc44012c9bdbcfdce7e62c21cfa8505028045ecb,1,1,0.285259,0.0072,gauss1,BP01_12MP_NL_JPEG.mat,0,3155.1
flickr_referenced/D02_iPhone_7_Plus/D02_iPhone_7_Plus_36067754513.jpg,6ccee467375f0be85d7d104d1c17e6f047a086004fd8646d33edcfbe2b3bb4d4,1,1,0.306942,0.0072,gauss1,BP01_12MP_NL_JPEG.mat,0,2832.8
flickr_referenced/D02_iPhone_7_Plus/D02_iPhone_7_Plus_36067756993.jpg,86d8c3d6600a62a8f990e22008f2d419b9e3f590f019ceed7878c091d749dd74,1,1,0.013133,0.0072,gauss1,BP01_12MP_NL_JPEG.mat,0,2857.8
flickr_referenced/D02_iPhone_7_Plus/D02_iPhone_7_Plus_36079776936.jpg,7f467b0c93fdfa853313180351c1aba181c6bbe6052313b88d47ac8a57570155,1,1,0.210817,0.0072,gauss1,BP01_12MP_NL_JPEG.mat,0,5388.0
flickr_referenced/D02_iPhone_7_Plus/D02_iPhone_7_Plus_36121239575.jpg,ee459c86e778bedbcb5823c92bcb487595151d657361f7efc6ab01cdc2b52115,1,1,0.048973,0.0072,gauss1,BP01_12MP_NL_JPEG.mat,0,3992.9
flickr_referenced/D02_iPhone_7_Plus/D02_iPhone_7_Plus_36121245975.jpg,113b70b48323cb3fd9420f1fa1cfbdd0706f1c6af781cb3120d624c42429d6be,1,1,0.386031,0.0072,gauss1,BP01_12MP_NL_JPEG.mat,0,2907.1
flickr_referenced/D02_iPhone_7_Plus/D02_iPhone_7_Plus_36121248975.jpg,763255665f14927d31f9f365249caaff9b5c7d39c46f594d14ef012c28e8fbec,1,1,0.029464,0.0072,gauss1,BP01_12MP_NL_JPEG.mat,0,3010.9
flickr_referenced/D02_iPhone_7_Plus/D02_iPhone_7_Plus_36217053644.jpg,7591e4c24fa4329b0ea8118f48ff6ffa1e05bd0909e006b4945035916e147eea,1,1,0.011456,0.0072,gauss1,BP01_12MP_NL_JPEG.mat,0,3080.2
flickr_referenced/D02_iPhone_7_Plus/D02_iPhone_7_Plus_36244134193.jpg,0e2b2b6c21a79786f467f8a40a2f601a5b5b3ef082e1655d6c56b5495294f159,1,1,0.024673,0.0072,gauss1,BP01_12MP_NL_JPEG.mat,0,2928.0
flickr_referenced/D02_iPhone_7_Plus/D02_iPhone_7_Plus_36272684525.jpg,171e24700c22046b559ae214285ace078077720a93d0ae2b0ab63e9cbebd58dd,1,1,0.014427,0.0072,gauss1,BP01_12MP_NL_JPEG.mat,0,3273.8
flickr_referenced/D02_iPhone_7_Plus/D02_iPhone_7_Plus_36316639484.jpg,1cff1e8529ea469d9125fb52998a396f27674f88cb356c75ab571981853365a9,1,1,0.047386,0.0072,gauss1,BP01_12MP_NL_JPEG.mat,0,2913.2
flickr_referenced/D02_iPhone_7_Plus/D02_iPhone_7_Plus_36316640064.jpg,3cf59cf17934a6e35a650d3f1102de754fb425ae69c7a998dc97a4235960198f,1,1,0.054258,0.0072,gauss1,BP01_12MP_NL_JPEG.mat,0,3099.8
flickr_referenced/D02_iPhone_7_Plus/D02_iPhone_7_Plus_36316655444.jpg,f86d4cde2e394377968d8ef9fba915b78146f002204e49682fbf3796df1a2b8d,1,1,0.08475,0.0072,gauss1,BP01_12MP_NL_JPEG.mat,0,4484.3
flickr_referenced/D02_iPhone_7_Plus/D02_iPhone_7_Plus_36338976933.jpg,a62da73fa810426a9e18bece22712720e8c0fed3ade694fac97a50c725a702c2,1,1,0.176001,0.0072,gauss1,BP01_12MP_NL_JPEG.mat,0,3010.1
flickr_referenced/D02_iPhone_7_Plus/D02_iPhone_7_Plus_36338985973.jpg,10a86da51ec1ce33a51a7bfa848aea42123e5871f1654941eaa87937610ee222,1,1,0.06928,0.0072,gauss1,BP01_12MP_NL_JPEG.mat,0,2990.9
flickr_referenced/D02_iPhone_7_Plus/D02_iPhone_7_Plus_36473336824.jpg,99c4630c7a745204d365d329f65a846b37ff56f2caea7e23f291dad660084851,1,1,0.27323,0.0072,gauss1,BP01_12MP_NL_JPEG.mat,0,3055.1
flickr_referenced/D02_iPhone_7_Plus/D02_iPhone_7_Plus_36473343244.jpg,15f7518c719f15824da4d55bb70dcbc7a2af8aa005496bbc15d9e9bf1f341045,1,1,0.029395,0.0072,gauss1,BP01_12MP_NL_JPEG.mat,0,3013.1
flickr_referenced/D02_iPhone_7_Plus/D02_iPhone_7_Plus_36497386573.jpg,b1d3c2aeaacd8de03d573ceb7942b6b9938a967ee23ec0d7ba02919a7bea2056,1,1,0.044583,0.0072,gauss1,BP01_12MP_NL_JPEG.mat,0,3377.5
flickr_referenced/D02_iPhone_7_Plus/D02_iPhone_7_Plus_36497387733.jpg,675525fb3ea25531e70e1cb2355cb14e1d5e1c627350c8657235903392855c6c,1,1,0.04582,0.0072,gauss1,BP01_12MP_NL_JPEG.mat,0,2981.0
flickr_referenced/D02_iPhone_7_Plus/D02_iPhone_7_Plus_36497388173.jpg,5712faa1d2c3a8392f971bfeb316a63225a98209ae7981f7a833bc3c3ed2c911,1,1,0.046862,0.0072,gauss1,BP01_12MP_NL_JPEG.mat,0,3647.8
flickr_referenced/D02_iPhone_7_Plus/D02_iPhone_7_Plus_36497394823.jpg,31df8a0bcbbbfa6bbf2e8f0820ae78079c1aade8e2e646d7d232c5348496bd8f,1,1,0.036937,0.0072,gauss1,BP01_12MP_NL_JPEG.mat,0,6290.5
flickr_referenced/D02_iPhone_7_Plus/D02_iPhone_7_Plus_36532950406.jpg,1c9d8f264963e096a9d7272974c51eb76f899a1dc031a4b84555f5beb909a862,1,1,0.438876,0.0072,gauss1,BP01_12MP_NL_JPEG.mat,0,3101.8
flickr_referenced/D02_iPhone_7_Plus/D02_iPhone_7_Plus_36612130056.jpg,13319614e3863dcc0dc2508b9c8eb0eb79d5eb53ae4f17648b3a69addf7bc209,1,1,0.150565,0.0072,gauss1,BP01_12MP_NL_JPEG.mat,0,2948.5
flickr_referenced/D02_iPhone_7_Plus/D02_iPhone_7_Plus_36705131032.jpg,2125c96707a99c2f3d8c329fd568953f357eebfc509e590f69638f06d1db0c21,1,1,0.096155,0.0072,gauss1,BP01_12MP_NL_JPEG.mat,0,3088.7
flickr_referenced/D02_iPhone_7_Plus/D02_iPhone_7_Plus_36705134422.jpg,603ef8a40be8a8340cfc1469a236d3803702eee401e7d2cd2ce991cd5bd022bf,1,1,0.013537,0.0072,gauss1,BP01_12MP_NL_JPEG.mat,0,2968.8
flickr_referenced/D02_iPhone_7_Plus/D02_iPhone_7_Plus_36705137962.jpg,628d9d5879ea5dadbee26d7cf15d127cd445ed01efc79244db3fbdb705e19a75,1,1,0.012201,0.0072,gauss1,BP01_12MP_NL_JPEG.mat,0,3398.5
flickr_referenced/D02_iPhone_7_Plus/D02_iPhone_7_Plus_36736439881.jpg,b92f79baaecf46fa30d9ef58212fb38cb4f5837057a07514b988eb4968e02b70,1,1,0.009851,0.0072,gauss1,BP01_12MP_NL_JPEG.mat,0,2961.1
flickr_referenced/D02_iPhone_7_Plus/D02_iPhone_7_Plus_36736522781.jpg,ef2f2f53af939b0ea81dbd81b65e3233633e03a335674bb404f92b1e88e2064a,1,1,0.271576,0.0072,gauss1,BP01_12MP_NL_JPEG.mat,0,3108.4
flickr_referenced/D02_iPhone_7_Plus/D02_iPhone_7_Plus_36736523031.jpg,9a2a0d6a536308a9a620a97f14cb03feaa82aafc8da08f23704da630c0fce435,1,1,0.329888,0.0072,gauss1,BP01_12MP_NL_JPEG.mat,0,6214.6
flickr_referenced/D02_iPhone_7_Plus/D02_iPhone_7_Plus_36736523451.jpg,0c17fa69d577c70c7ed76d082f14bec93b71233ebaa100291652947219f1db56,1,1,0.396333,0.0072,gauss1,BP01_12MP_NL_JPEG.mat,0,3072.1
flickr_referenced/D02_iPhone_7_Plus/D02_iPhone_7_Plus_36736596051.jpg,1e866f4e60888fa6a7589808070555750acb492df80932e46cb90750b3e3d49b,1,1,0.189662,0.0072,gauss1,BP01_12MP_NL_JPEG.mat,0,4062.0
flickr_referenced/D02_iPhone_7_Plus/D02_iPhone_7_Plus_36736597241.jpg,8c6ec85d896d57d2926b701c509fd3044d85868a5233361d376d2455bbfec4a3,1,1,0.196035,0.0072,gauss1,BP01_12MP_NL_JPEG.mat,0,5222.9
flickr_referenced/D02_iPhone_7_Plus/D02_iPhone_7_Plus_36736598851.jpg,ae14be1951b8ca4ef8b2fb82e7cd9e796b2e740cd7506ed15e808cd02d0f4d4e,1,1,0.261591,0.0072,gauss1,BP01_12MP_NL_JPEG.mat,0,3160.9
flickr_referenced/D02_iPhone_7_Plus/D02_iPhone_7_Plus_36736600341.jpg,466cd41a30c45976a1ec99ba7f9c4cf8b71e4c77d264b4a5c78818ca8277f957,1,1,0.15191,0.0072,gauss1,BP01_12MP_NL_JPEG.mat,0,2875.8
flickr_referenced/D02_iPhone_7_Plus/D02_iPhone_7_Plus_36736602521.jpg,0185d9df9420fc5c4ca56067d05a7e57c64ec3eb5b0de034a0f9a78b11fb4806,1,1,0.162098,0.0072,gauss1,BP01_12MP_NL_JPEG.mat,0,2983.2
flickr_referenced/D02_iPhone_7_Plus/D02_iPhone_7_Plus_36736603551.jpg,c5ca3d2872885a6f00071c3cd960826934a161cd74121a8c691ce49eec79189c,1,1,0.321838,0.0072,gauss1,BP01_12MP_NL_JPEG.mat,0,3379.9
flickr_referenced/D02_iPhone_7_Plus/D02_iPhone_7_Plus_36736605421.jpg,599e8fbd316ab385819abf1e38ba70f067b8e09389fd4f10e8ad9571bc835240,1,1,0.12293,0.0072,gauss1,BP01_12MP_NL_JPEG.mat,0,6188.1
flickr_referenced/D02_iPhone_7_Plus/D02_iPhone_7_Plus_36736608131.jpg,4abb1f1513ed1e1aa19093d68e3aa5dcb7c6f9170b38e0185335af67ee7b8738,1,1,0.025482,0.0072,gauss1,BP01_12MP_NL_JPEG.mat,0,3231.0
flickr_referenced/D02_iPhone_7_Plus/D02_iPhone_7_Plus_36755295860.jpg,414a3d2142282dbca94ac943f3a53b0250d0f708b0d26fa1ca1f67cf54125e49,1,1,0.60598,0.0072,gauss1,BP01_12MP_NL_JPEG.mat,0,5322.9
flickr_referenced/D02_iPhone_7_Plus/D02_iPhone_7_Plus_36755301040.jpg,0e8159270cb951c503ff28c1efce9ae62646e9077a469e5023ec57f39b666087,1,1,0.066878,0.0072,gauss1,BP01_12MP_NL_JPEG.mat,0,3957.7
flickr_referenced/D02_iPhone_7_Plus/D02_iPhone_7_Plus_36755311010.jpg,5d9d82cf844ced02ddf77b8437dceed5d1323a496349c864c544f135eab1a60e,1,1,0.038066,0.0072,gauss1,BP01_12MP_NL_JPEG.mat,0,2882.2
flickr_referenced/D02_iPhone_7_Plus/D02_iPhone_7_Plus_36755871460.jpg,cc6ecc84a91df8e42fdbc38929d744888ea199d886e311c43eb527b5f09036bc,1,1,0.149867,0.0072,gauss1,BP01_12MP_NL_JPEG.mat,0,2986.7
flickr_referenced/D02_iPhone_7_Plus/D02_iPhone_7_Plus_36863673596.jpg,902c8a6c571d8fa4b3bf319f45b0d62805ceedac18692eccea49cbc6bce1cac9,1,1,0.190428,0.0072,gauss1,BP01_12MP_NL_JPEG.mat,0,3275.5
flickr_referenced/D02_iPhone_7_Plus/D02_iPhone_7_Plus_36876238155.jpg,4cb50c748ee4971f4d49774e287b02bdaf88a37cdd7bb4e5084b723efbec3210,1,1,0.372942,0.0072,gauss1,BP01_12MP_NL_JPEG.mat,0,2994.1
flickr_referenced/D02_iPhone_7_Plus/D02_iPhone_7_Plus_36876240155.jpg,97572ea757204d7722afeb8be44abfd48f34383da15e75e0f64c924ea6044be1,1,1,0.32299,0.0072,gauss1,BP01_12MP_NL_JPEG.mat,0,3145.9
flickr_referenced/D02_iPhone_7_Plus/D02_iPhone_7_Plus_36876241915.jpg,40b81548c4c143c8bc6a67f6c12e0f6ae401f08163c3ab87f0a641850de25a8f,1,1,0.28976,0.0072,gauss1,BP01_12MP_NL_JPEG.mat,0,2882.7
flickr_referenced/D02_iPhone_7_Plus/D02_iPhone_7_Plus_36876243955.jpg,887abe7fe892ea3fb1cb71968635f1663945530a0adcb5b38372e4a7d0460b2f,1,1,0.073423,0.0072,gauss1,BP01_12MP_NL_JPEG.mat,0,3069.1
flickr_referenced/D02_iPhone_7_Plus/D02_iPhone_7_Plus_36913152380.jpg,5edb77c70bbe0261f53ade6e1cc575a710845ec8042bdbbd18a5b25ff11cd05a,1,1,0.046861,0.0072,gauss1,BP01_12MP_NL_JPEG.mat,0,2893.6
flickr_referenced/D02_iPhone_7_Plus/D02_iPhone_7_Plus_36963480766.jpg,c72c7acac1205c06eae31e4a1477d1acf460b8b21fe52a4eb71e99be03668897,1,1,0.116026,0.0072,gauss1,BP01_12MP_NL_JPEG.mat,0,2930.6
flickr_referenced/D02_iPhone_7_Plus/D02_iPhone_7_Plus_36963488826.jpg,512b301aeebd3a10fc2fed3524f93435d2de90334d6244b6cd0a8c7a6381a355,1,1,0.066407,0.0072,gauss1,BP01_12MP_NL_JPEG.mat,0,3233.1
flickr_referenced/D02_iPhone_7_Plus/D02_iPhone_7_Plus_36963935736.jpg,99a225b177bcf97fe16534d6e2a23862330c1c808bf260ca97258571d83c54e1,1,1,0.074026,0.0072,gauss1,BP01_12MP_NL_JPEG.mat,0,2860.3
flickr_referenced/D02_iPhone_7_Plus/D02_iPhone_7_Plus_36981473502.jpg,cc0a2469cc0245dc998d31b87b758a5f537f1fda15bfdff514b4e1c7aa7d9c75,1,1,0.285218,0.0072,gauss1,BP01_12MP_NL_JPEG.mat,0,3100.1
flickr_referenced/D02_iPhone_7_Plus/D02_iPhone_7_Plus_36981480252.jpg,a3e4d422161926211e2afdcdb5efd77181d45628d432811f755d4286115d8462,1,1,0.104537,0.0072,gauss1,BP01_12MP_NL_JPEG.mat,0,2926.7
flickr_referenced/D02_iPhone_7_Plus/D02_iPhone_7_Plus_36981997932.jpg,9256707f05f7ab76e6a5106a61ae3718ba6fef1d509e3595d4ee4ca2f8b4b73c,1,1,0.146035,0.0072,gauss1,BP01_12MP_NL_JPEG.mat,0,3629.5
flickr_referenced/D02_iPhone_7_Plus/D02_iPhone_7_Plus_36982030742.jpg,159798527b26d58a07d47907eb3af764adc83a524e3c8ab5edefe1c65a9bed78,1,1,0.076962,0.0072,gauss1,BP01_12MP_NL_JPEG.mat,0,6148.2
flickr_referenced/D02_iPhone_7_Plus/D02_iPhone_7_Plus_37010342111.jpg,03c1dd98c6a42488977c3ff78fa860be42ce596e473a0a24e6fafcc750b70d1a,1,1,0.015785,0.0072,gauss1,BP01_12MP_NL_JPEG.mat,0,3016.6
flickr_referenced/D02_iPhone_7_Plus/D02_iPhone_7_Plus_37051639745.jpg,6d54b0736af151cba4cc702971b708b3cca1152df3b48c42fcaae38d57c9fcd9,1,1,0.031852,0.0072,gauss1,BP01_12MP_NL_JPEG.mat,0,2974.3
flickr_referenced/D02_iPhone_7_Plus/D02_iPhone_7_Plus_37137973102.jpg,b9ad286f941eb7d571ef8cd0ec6d5913f50d0782eb0c3957d90c2a492c62666b,1,1,0.058436,0.0072,gauss1,BP01_12MP_NL_JPEG.mat,0,3089.8
flickr_referenced/D02_iPhone_7_Plus/D02_iPhone_7_Plus_37137981122.jpg,f1fbe14577ab410bf3814d325fca197f1a43b9539929181d0bb7782ea8a335f6,1,1,0.1039,0.0072,gauss1,BP01_12MP_NL_JPEG.mat,0,2912.0
flickr_referenced/D02_iPhone_7_Plus/D02_iPhone_7_Plus_37153282565.jpg,b97ff9669dbb0465041284b691862735ebe67b2844ae689e27e66dbdbbbac5aa,1,1,0.019955,0.0072,gauss1,BP01_12MP_NL_JPEG.mat,0,3219.1
flickr_referenced/D02_iPhone_7_Plus/D02_iPhone_7_Plus_37153285305.jpg,5a9ca60d2cff312928d0e0394b78ecdf202767150a7d53016ac4c11f052c6583,1,1,0.021913,0.0072,gauss1,BP01_12MP_NL_JPEG.mat,0,2868.5
flickr_referenced/D02_iPhone_7_Plus/D02_iPhone_7_Plus_37153288245.jpg,caa319498d1f1a83122882287db0199c6365baecc793219f9543c62784986822,1,1,0.103091,0.0072,gauss1,BP01_12MP_NL_JPEG.mat,0,2956.0
flickr_referenced/D02_iPhone_7_Plus/D02_iPhone_7_Plus_37168027741.jpg,7f2bdca08ff3488d093f30875528d91a6c46b4d7d12af3abe29db4b2d1282505,1,1,0.046487,0.0072,gauss1,BP01_12MP_NL_JPEG.mat,0,5530.5
flickr_referenced/D02_iPhone_7_Plus/D02_iPhone_7_Plus_37168027761.jpg,ceca5cb9226978bdde8bfd057c0f7e5bf3089104b1ac14b29ded3deb2a3deece,1,1,0.041471,0.0072,gauss1,BP01_12MP_NL_JPEG.mat,0,3345.3
flickr_referenced/D02_iPhone_7_Plus/D02_iPhone_7_Plus_37311207675.jpg,3d82310649d2134ab7217ff5021b343962f192daa2a031cab7f57d8f5d47516e,1,1,0.129903,0.0072,gauss1,BP01_12MP_NL_JPEG.mat,0,2845.9
flickr_referenced/D02_iPhone_7_Plus/D02_iPhone_7_Plus_37311209095.jpg,f5bf52c7be7eaad72535e53aa7855b47149b027b4fc61d29082571d2936a6583,1,1,0.0398,0.0072,gauss1,BP01_12MP_NL_JPEG.mat,0,2988.1
flickr_referenced/D02_iPhone_7_Plus/D02_iPhone_7_Plus_37311211805.jpg,3265de2474929f5684dbdfc7df05534be74998a6ec656f1de68b2dc35bbbd8b7,1,1,0.06735,0.0072,gauss1,BP01_12MP_NL_JPEG.mat,0,3049.2
flickr_referenced/D02_iPhone_7_Plus/D02_iPhone_7_Plus_39069899060.jpg,e058a1b831b38d216fb6e0572d425bacb352f252f85e205b95c4c80fcaea24f9,1,1,0.132716,0.0072,gauss1,BP02_12MP_NL_JPEG.mat,0,2700.6
flickr_referenced/D02_iPhone_7_Plus/D02_iPhone_7_Plus_39069899200.jpg,cbf7b587651f533665eeabf67e102348f45ac20b7c8292370f2dc5c533b6e3cb,1,1,0.043336,0.0072,gauss1,BP02_12MP_NL_JPEG.mat,0,2921.5
flickr_referenced/D02_iPhone_7_Plus/D02_iPhone_7_Plus_39069899230.jpg,bb5dc74ca8f22f56a47f880e6b6513ef74b70befbab326b1b203ddb93e197871,1,1,0.15982,0.0072,gauss1,BP02_12MP_NL_JPEG.mat,0,2611.3
flickr_referenced/D02_iPhone_7_Plus/D02_iPhone_7_Plus_39077333850.jpg,10ebb550deedd233a10ee2d7d1aea03773b2863e3480b0151e8c051662496cb5,1,1,0.197118,0.0072,gauss1,BP02_12MP_NL_JPEG.mat,2,2812.7
flickr_referenced/D02_iPhone_7_Plus/D02_iPhone_7_Plus_39080249910.jpg,cc33ca3a770f13b3905cd2bb6ddc53f19b0e49b0f0ddc3836602bea1513ac391,1,1,0.184632,0.0072,gauss1,BP02_12MP_NL_JPEG.mat,0,5908.0
flickr_referenced/D02_iPhone_7_Plus/D02_iPhone_7_Plus_39498513310.jpg,29eb76c43b5ac1e36d1dfde39575ed64c6fcaad17b8fb1e98fe95cab69eedc9f,1,1,0.417881,0.0072,gauss1,BP02_12MP_NL_JPEG.mat,0,4293.7
flickr_referenced/D02_iPhone_7_Plus/D02_iPhone_7_Plus_39498513390.jpg,c4f437978f04e3c2e0cea251e79b5355b328361380624c40e5298495da74d4ee,1,1,0.373415,0.0072,gauss1,BP02_12MP_NL_JPEG.mat,0,2695.7
flickr_referenced/D02_iPhone_7_Plus/D02_iPhone_7_Plus_39498557790.jpg,8aef2fe677cd1a917e1b871ca866bf0727754042a06bc059f644f8625c494943,1,1,0.250552,0.0072,gauss1,BP02_12MP_NL_JPEG.mat,2,3184.7
flickr_referenced/D02_iPhone_7_Plus/D02_iPhone_7_Plus_39498557850.jpg,fc0a6060a95f2ad6af019bb71e8658a47d8986f15ddbf769793e4a0b75543721,1,1,0.304068,0.0072,gauss1,BP02_12MP_NL_JPEG.mat,0,2667.6
flickr_referenced/D02_iPhone_7_Plus/D02_iPhone_7_Plus_39498563200.jpg,20bc3d8fd38856e2157ab4cc247175802479633ee684b4af6afe1871efc01081,1,1,0.275061,0.0072,gauss1,BP02_12MP_NL_JPEG.mat,0,2769.7
flickr_referenced/D02_iPhone_7_Plus/D02_iPhone_7_Plus_39985949865.jpg,4c309a4d6d315c1a9150d53e9af75a6ce8767c57726f8639ca5d057859686a2a,1,1,0.146839,0.0072,gauss1,BP02_12MP_NL_JPEG.mat,0,2795.8
flickr_referenced/D02_iPhone_7_Plus/D02_iPhone_7_Plus_39993466325.jpg,3368856d0aefe26b2b2f4b022eaf91c13b453b1fede566313525b86072aae03c,1,1,0.14074,0.0072,gauss1,BP02_12MP_NL_JPEG.mat,2,2853.3
flickr_referenced/D02_iPhone_7_Plus/D02_iPhone_7_Plus_39993480255.jpg,4b3149fe2457d9d6b71879a323e34693140b72a39f221ceba54e3bec56d9164a,1,1,0.201308,0.0072,gauss1,BP02_12MP_NL_JPEG.mat,2,3361.8
flickr_referenced/D02_iPhone_7_Plus/D02_iPhone_7_Plus_39993565125.jpg,7d928625a6e0fa5bfa3a25eee76656a71de558088fdcb9fd9a733756f3f3bdc4,1,1,0.255064,0.0072,gauss1,BP02_12MP_NL_JPEG.mat,2,5731.2
flickr_referenced/D02_iPhone_7_Plus/D02_iPhone_7_Plus_39993598265.jpg,d3a2884934c0cd6ce43a688564941923414783c59c31ab14a8ebb4511ede8366,1,1,0.312928,0.0072,gauss1,BP02_12MP_NL_JPEG.mat,2,3230.8
flickr_referenced/D02_iPhone_7_Plus/D02_iPhone_7_Plus_39993600715.jpg,a48c83e30b1f90de2feb869562a9e0ef40e36da1f5fd3c4648e28494c8464ebe,1,1,0.191758,0.0072,gauss1,BP02_12MP_NL_JPEG.mat,2,2950.1
flickr_referenced/D02_iPhone_7_Plus/D02_iPhone_7_Plus_39993600745.jpg,c16118300b319dd7bcd1fa282615f42d89510192077aed34a8a862e0d9f03e00,1,1,0.207367,0.0072,gauss1,BP02_12MP_NL_JPEG.mat,2,3210.7
flickr_referenced/D02_iPhone_7_Plus/D02_iPhone_7_Plus_39993608355.jpg,c48b25ae3d224c8540f85f6d456d8fa9cb2119f772e685f847cb007d4d0d1671,1,1,0.162536,0.0072,gauss1,BP02_12MP_NL_JPEG.mat,2,2895.6
flickr_referenced/D02_iPhone_7_Plus/D02_iPhone_7_Plus_39993657445.jpg,906278b5a4fd1f33db96e7fd832672d65f454e5696af3ab23646c11052e8ea75,1,1,0.139397,0.0072,gauss1,BP02_12MP_NL_JPEG.mat,2,3886.2
flickr_referenced/D02_iPhone_7_Plus/D02_iPhone_7_Plus_39993658215.jpg,36588135936011c7dc7a34081c1f7b7e35030a14a7bb3157677d48a082f6d350,1,1,0.165089,0.0072,gauss1,BP02_12MP_NL_JPEG.mat,2,3114.0
flickr_referenced/D02_iPhone_7_Plus/D02_iPhone_7_Plus_39993658785.jpg,c6b988529dce1404c2102f55ac1b953f5ed01acbd4a5d2b48493889d00855319,1,1,0.162814,0.0072,gauss1,BP02_12MP_NL_JPEG.mat,0,2927.8
flickr_referenced/D02_iPhone_7_Plus/D02_iPhone_7_Plus_39996075975.jpg,6c4d7da1a3389a07f61c6d747d52d436e54644ff7bacf03d156378f40b0f1223,1,1,0.148212,0.0072,gauss1,BP02_12MP_NL_JPEG.mat,2,3048.6
flickr_referenced/D02_iPhone_7_Plus/D02_iPhone_7_Plus_40179215494.jpg,d70d87f2beaec1efec5eec5012686523af69f30cb5d96396b6dba47f92d8defd,1,1,0.203266,0.0072,gauss1,BP02_12MP_NL_JPEG.mat,0,2847.9
flickr_referenced/D02_iPhone_7_Plus/D02_iPhone_7_Plus_40179215564.jpg,848d82edabd37eeee3de03b49a27a587aca19463bbc0fdd0fc3559923329ecc4,1,1,0.239206,0.0072,gauss1,BP02_12MP_NL_JPEG.mat,0,2553.6
flickr_referenced/D02_iPhone_7_Plus/D02_iPhone_7_Plus_40179269434.jpg,7d7199108302cfc2f8741d9f1196884d647375d7be634926842f14d5ffc2f346,1,1,0.189792,0.0072,gauss1,BP02_12MP_NL_JPEG.mat,2,2979.0
flickr_referenced/D02_iPhone_7_Plus/D02_iPhone_7_Plus_40179345494.jpg,032706e479e999766f3234fc01ed7496391035ebdf97a26a9caa220e813b0770,1,1,0.314329,0.0072,gauss1,BP02_12MP_NL_JPEG.mat,2,3198.9
flickr_referenced/D02_iPhone_7_Plus/D02_iPhone_7_Plus_40179346604.jpg,984d72e1536868901753c0dcf68b4cfff291a64cfc38e6f5973e7aea19ad53ae,1,1,0.155107,0.0072,gauss1,BP02_12MP_NL_JPEG.mat,2,2974.0
flickr_referenced/D02_iPhone_7_Plus/D02_iPhone_7_Plus_40179483594.jpg,6bb37700c610decf20a5fb5600c709187ebd9cd33bf4659fb5f634df687db807,1,1,0.142551,0.0072,gauss1,BP02_12MP_NL_JPEG.mat,2,3263.2
flickr_referenced/D02_iPhone_7_Plus/D02_iPhone_7_Plus_40179483764.jpg,613f32649d18ceaead1fdad6a0801796173dcbb75fe1e9e6aca6455cd720276e,1,1,0.149878,0.0072,gauss1,BP02_12MP_NL_JPEG.mat,2,3014.8
flickr_referenced/D02_iPhone_7_Plus/D02_iPhone_7_Plus_40179530254.jpg,9fe694d18ca9e358f27522e4d2af9a769d17462f7bf99e810f5d2f83a98d795f,1,1,0.422929,0.0072,gauss1,BP02_12MP_NL_JPEG.mat,2,3193.1
flickr_referenced/D02_iPhone_7_Plus/D02_iPhone_7_Plus_40179530874.jpg,ef27cd2b77eee9e6ed495b7803a4782c1b1efa90ed39b93e02d8f75c897bc8aa,1,1,0.227756,0.0072,gauss1,BP02_12MP_NL_JPEG.mat,2,3034.2
flickr_referenced/D02_iPhone_7_Plus/D02_iPhone_7_Plus_40179531104.jpg,f8d81baf165cd24045d7fa1b29a8b0ceb398e2517093e3d3f55e60a3e2268778,1,1,0.141312,0.0072,gauss1,BP02_12MP_NL_JPEG.mat,2,3160.2
flickr_referenced/D02_iPhone_7_Plus/D02_iPhone_7_Plus_40412244685.jpg,5b7140979a78da22d4d28460fa6e3a136a6ce75afa662b35ba73fececeee8916,1,1,0.386762,0.0072,gauss1,BP02_12MP_NL_JPEG.mat,0,2837.8
flickr_referenced/D02_iPhone_7_Plus/D02_iPhone_7_Plus_40412245835.jpg,0f2c7ce7bf3afcfb73374fef4f4452778ad3847e570c691085f2cd7d73fa9236,1,1,0.278322,0.0072,gauss1,BP02_12MP_NL_JPEG.mat,0,2605.1
flickr_referenced/D02_iPhone_7_Plus/D02_iPhone_7_Plus_40594327814.jpg,bb15f22c037ca69b6242d9ef4190725dc527245626ea81e55a120185bd3c1950,1,1,0.348665,0.0072,gauss1,BP02_12MP_NL_JPEG.mat,0,2754.7
flickr_referenced/D02_iPhone_7_Plus/D02_iPhone_7_Plus_40594362374.jpg,94cd33b258f253770062fcce99316cc497a8acc3b6e9593f35f8fefdc7c2d415,1,1,0.300636,0.0072,gauss1,BP02_12MP_NL_JPEG.mat,0,2809.0
flickr_referenced/D02_iPhone_7_Plus/D02_iPhone_7_Plus_40594371334.jpg,49ffeef46b3963331ec4e8813afc46eff22598b3858457ff58e78b974c197d31,1,1,0.220309,0.0072,gauss1,BP02_12MP_NL_JPEG.mat,0,2581.0
flickr_referenced/D02_iPhone_7_Plus/D02_iPhone_7_Plus_40838022182.jpg,95805ef980d3901668e1d1f83321ffee02e89a982e1819c961ece7bcaebf1f66,1,1,0.134914,0.0072,gauss1,BP02_12MP_NL_JPEG.mat,2,2857.9
flickr_referenced/D02_iPhone_7_Plus/D02_iPhone_7_Plus_40845150772.jpg,9f6eb72d1a177025fb5bf72f88a28b5d11e9bf90c8dbf5818ca112bea9a035f0,1,1,0.227536,0.0072,gauss1,BP02_12MP_NL_JPEG.mat,2,3124.4
flickr_referenced/D02_iPhone_7_Plus/D02_iPhone_7_Plus_40845246212.jpg,adbed3333b7f559c25cfefaeca937247329218454898f432fa254f7ad560a2d0,1,1,0.171861,0.0072,gauss1,BP02_12MP_NL_JPEG.mat,2,2925.2
flickr_referenced/D02_iPhone_7_Plus/D02_iPhone_7_Plus_40845246232.jpg,27f8e1b33602c80d465727cf36b7fa21523db76d78f56eb4f4d722d1bbae4a62,1,1,0.191439,0.0072,gauss1,BP02_12MP_NL_JPEG.mat,2,3132.6
flickr_referenced/D02_iPhone_7_Plus/D02_iPhone_7_Plus_40845246372.jpg,e2d35febdd5170ead6c10122436093fd6ac3ef0fc5ac7993b67c63c292417241,1,1,0.174082,0.0072,gauss1,BP02_12MP_NL_JPEG.mat,2,3812.0
flickr_referenced/D02_iPhone_7_Plus/D02_iPhone_7_Plus_40845293792.jpg,87c856503cc4f926dff306c124657be3e22ffe68e2b544d6aa0f54509688b481,1,1,0.237219,0.0072,gauss1,BP02_12MP_NL_JPEG.mat,2,5327.6
flickr_referenced/D02_iPhone_7_Plus/D02_iPhone_7_Plus_40845293862.jpg,c13e57fc5847848a659cdccd05ba873cc9301b66d0944c9c6c7db59a7ec8762d,1,1,0.253043,0.0072,gauss1,BP02_12MP_NL_JPEG.mat,2,2933.1
flickr_referenced/D02_iPhone_7_Plus/D02_iPhone_7_Plus_40845293912.jpg,f9ccceb400d276dbb8f7ee58e955dbc06dd8c0be0cbebd49f8a770590e27ab2e,1,1,0.241149,0.0072,gauss1,BP02_12MP_NL_JPEG.mat,2,3129.6
flickr_referenced/D02_iPhone_7_Plus/D02_iPhone_7_Plus_40845293952.jpg,bf7d4189d3f46713bcc19abb97c8e21f4eae33cc4762173e2c8f0f3f3d3cef59,1,1,0.298599,0.0072,gauss1,BP02_12MP_NL_JPEG.mat,2,3153.5
flickr_referenced/D02_iPhone_7_Plus/D02_iPhone_7_Plus_40845294282.jpg,70df809ba662079dc93957b71f2541226101f4d643463ffbd2e5dfc694a9f964,1,1,0.183296,0.0072,gauss1,BP02_12MP_NL_JPEG.mat,2,3101.8
flickr_referenced/D02_iPhone_7_Plus/D02_iPhone_7_Plus_40845294352.jpg,ed4d6a2aec2393c529d73a1ee6036327aa9c9a8791025a1b65f81dc978e4cd47,1,1,0.162678,0.0072,gauss1,BP02_12MP_NL_JPEG.mat,2,3132.8
flickr_referenced/D02_iPhone_7_Plus/D02_iPhone_7_Plus_40845294392.jpg,4f99036177d12842a3ab03599ac0c783d971db024691db76dab0cfe77cbd1ad9,1,1,0.180938,0.0072,gauss1,BP02_12MP_NL_JPEG.mat,2,3060.0
flickr_referenced/D02_iPhone_7_Plus/D02_iPhone_7_Plus_40845394152.jpg,5757d54b41675e3aeb43eb1d540cc581ac3d1243c85ee328d702dd0068da1d3b,1,1,0.169674,0.0072,gauss1,BP02_12MP_NL_JPEG.mat,2,3287.7
flickr_referenced/D02_iPhone_7_Plus/D02_iPhone_7_Plus_40845394872.jpg,171184a2f5546a9913651f77283d4b560db8fc356b7b9d977bc6ba6aea93ed8d,1,1,0.152069,0.0072,gauss1,BP02_12MP_NL_JPEG.mat,2,3174.8
flickr_referenced/D02_iPhone_7_Plus/D02_iPhone_7_Plus_40879516151.jpg,66ae5735237e4f9c909a6858ea6abaf5615c66817c92ee94d20a1166d6f6c9ef,1,1,0.117894,0.0072,gauss1,BP02_12MP_NL_JPEG.mat,0,2583.9
flickr_referenced/D02_iPhone_7_Plus/D02_iPhone_7_Plus_40879517371.jpg,0ce3d6a2330605331edd16832e0560103340024667e8bb8b5ac64c9878ccb840,1,1,0.114327,0.0072,gauss1,BP02_12MP_NL_JPEG.mat,0,2706.1
flickr_referenced/D02_iPhone_7_Plus/D02_iPhone_7_Plus_40886799231.jpg,f68fae60ba68977c815863918d53ee38de22b6d5af4b5c21ace4ef3d1e5901e0,1,1,0.192983,0.0072,gauss1,BP02_12MP_NL_JPEG.mat,2,3184.3
flickr_referenced/D02_iPhone_7_Plus/D02_iPhone_7_Plus_40886857921.jpg,fe803c15cbfc12536b1c52d44787ec67cd7aad49ae4a8454250108ded2e377d0,1,1,0.194094,0.0072,gauss1,BP02_12MP_NL_JPEG.mat,2,2892.9
flickr_referenced/D02_iPhone_7_Plus/D02_iPhone_7_Plus_40886858181.jpg,a5670aeaa424c55e58cef3a27f79d5ffed71dcbbcec46f37ff70fb37cc15198a,1,1,0.141537,0.0072,gauss1,BP02_12MP_NL_JPEG.mat,2,2937.9
flickr_referenced/D02_iPhone_7_Plus/D02_iPhone_7_Plus_40889675601.jpg,277c4299333913164633e6ca8cef42c877f0ad492088c1f00de47c53c4f333f8,1,1,0.132067,0.0072,gauss1,BP02_12MP_NL_JPEG.mat,0,2877.9
flickr_referenced/D02_iPhone_7_Plus/D02_iPhone_7_Plus_41265339962.jpg,cb15b3c621142ab6519234e40de24d8e61de95f4a5e135c2dcd7fbe7dc8b5186,1,1,0.270693,0.0072,gauss1,BP02_12MP_NL_JPEG.mat,0,2666.6
flickr_referenced/D02_iPhone_7_Plus/D02_iPhone_7_Plus_41307634491.jpg,755d362783cdb01254ca870f6d3b3d034df0b46459fe3f613bad3dd020ebbcce,1,1,0.499424,0.0072,gauss1,BP02_12MP_NL_JPEG.mat,0,2756.3
flickr_referenced/D02_iPhone_7_Plus/D02_iPhone_7_Plus_41307716931.jpg,351886d3ac05582fcbab8a4d8ff4ba6b925e7681dcd4a253cd739e17fb288f19,1,1,0.157475,0.0072,gauss1,BP02_12MP_NL_JPEG.mat,0,2977.0
flickr_referenced/D02_iPhone_7_Plus/D02_iPhone_7_Plus_42821157632.jpg,d831cf157625e14cdf11822ba8059dfaf370e6da78cb11cd49b91eca4ef1770d,1,1,0.235589,0.0072,gauss1,BP02_12MP_NL_JPEG.mat,0,2683.3
flickr_referenced/D02_iPhone_7_Plus/D02_iPhone_7_Plus_42925428641.jpg,9df95855cbca8a3d668b3e105240a114f41fd533e3034006f8c0cf545037dabc,1,1,0.194147,0.0072,gauss1,BP02_12MP_NL_JPEG.mat,0,2719.3
flickr_referenced/D03_iPhone_7_Plus/D03_iPhone_7_Plus_24351158838.jpg,b0669446b781a198c054d7cea0066f64480a055947861cad9491439fbab495ac,1,1,0.031376,0.0072,gauss1,BP02_12MP_NL_JPEG.mat,0,2845.2
flickr_referenced/D03_iPhone_7_Plus/D03_iPhone_7_Plus_24351159808.jpg,536aafef82b4b3ce5e9fd9888790035f4c845fc44e5a11f2b8ed40df073e2316,1,1,0.020253,0.0072,gauss1,BP02_12MP_NL_JPEG.mat,2,4504.2
flickr_referenced/D03_iPhone_7_Plus/D03_iPhone_7_Plus_24351161648.jpg,40fbc592b1e42688189ad050aea57d0b1a3e1198def754621a745c14a6b5f2c7,1,1,0.012919,0.0072,gauss1,BP02_12MP_NL_JPEG.mat,0,2705.7
flickr_referenced/D03_iPhone_7_Plus/D03_iPhone_7_Plus_24351392178.jpg,363a132d296f56ce63bb11e9787f80539c26932d51bbaaf2fe9b4db69d7824f2,1,1,0.235525,0.0072,gauss1,BP02_12MP_NL_JPEG.mat,0,2670.9
flickr_referenced/D03_iPhone_7_Plus/D03_iPhone_7_Plus_24357210388.jpg,b35cf70b8c74bc1e9c12715644cf3f21ce471898002bf5616d0da04e0e44dd6c,1,1,0.27623,0.0072,gauss1,BP02_12MP_NL_JPEG.mat,0,2838.8
flickr_referenced/D03_iPhone_7_Plus/D03_iPhone_7_Plus_24357222428.jpg,48121d282c0650bfa14aad93be6496befe5f448babd688d94fbe05a5fe503dfd,1,1,0.043384,0.0072,gauss1,BP02_12MP_NL_JPEG.mat,0,2722.6
flickr_referenced/D03_iPhone_7_Plus/D03_iPhone_7_Plus_26432991489.jpg,c1a27fd3ed7b30d146d585576cad0b4c34e79306caec510b81300741b64e7528,1,1,0.016172,0.0072,gauss1,BP02_12MP_NL_JPEG.mat,0,2710.0
flickr_referenced/D03_iPhone_7_Plus/D03_iPhone_7_Plus_26433018749.jpg,f0d55b9580eb23b64fc98704125c805aaf5b9a1c176bea2bb6f4b879ab536f94,1,1,0.334175,0.0072,gauss1,BP02_12MP_NL_JPEG.mat,0,3145.3
flickr_referenced/D03_iPhone_7_Plus/D03_iPhone_7_Plus_26433023049.jpg,26cae323eb4ef51f5c43fa080637a9b09fe95bc3e6ee2e2768d83768aa3c9d1c,1,1,0.018172,0.0072,gauss1,BP02_12MP_NL_JPEG.mat,2,2950.7
flickr_referenced/D03_iPhone_7_Plus/D03_iPhone_7_Plus_26433334249.jpg,fa0aa592423516cbd4bf06cd008532dd23577b91f42d7548b35e203e492da53d,1,1,0.304119,0.0072,gauss1,BP02_12MP_NL_JPEG.mat,0,3058.8
flickr_referenced/D03_iPhone_7_Plus/D03_iPhone_7_Plus_26433365049.jpg,200d151ae747cd70c93a4f3e655b292a4ae3cd1c3e063cede268b7e949ad1ab0,1,1,0.252613,0.0072,gauss1,BP02_12MP_NL_JPEG.mat,0,2866.8
flickr_referenced/D03_iPhone_7_Plus/D03_iPhone_7_Plus_26433366969.jpg,15df7eab4de6e75157d9ce7689eeb5e170cd7b7ff2e2f6c6d5293875ff212f8b,1,1,0.021373,0.0072,gauss1,BP02_12MP_NL_JPEG.mat,2,2931.9
flickr_referenced/D03_iPhone_7_Plus/D03_iPhone_7_Plus_37492961454.jpg,36f153a8bb6c9c9dd7dab31083de54458cb0de70255350f2941b16384bccadf8,1,1,0.02744,0.0072,gauss1,BP02_12MP_NL_JPEG.mat,0,2772.9
flickr_referenced/D03_iPhone_7_Plus/D03_iPhone_7_Plus_37492972514.jpg,af84bc67124de75d69b2e97a57b1569bee242c5c9ca7d1bad10ddf2d73a91cd2,1,1,0.285327,0.0072,gauss1,BP02_12MP_NL_JPEG.mat,0,3085.6
flickr_referenced/D03_iPhone_7_Plus/D03_iPhone_7_Plus_37492973644.jpg,481ead076518f1714e2eb2f06afa91ef3943c2e896ab2982a6a68043fa6e4d76,1,1,0.021429,0.0072,gauss1,BP02_12MP_NL_JPEG.mat,2,2980.0
flickr_referenced/D03_iPhone_7_Plus/D03_iPhone_7_Plus_37496531974.jpg,df9fc657d49a8ca5fac1b4dec4f15dda269edb154386254e5f24111c8db01719,1,1,0.160886,0.0072,gauss1,BP02_12MP_NL_JPEG.mat,2,3120.5
flickr_referenced/D03_iPhone_7_Plus/D03_iPhone_7_Plus_37498450194.jpg,9730f9a6ee4fc058041a18e636ec44d9dfd7d662faeed3c6a52cff7f0b55cf85,1,1,0.038971,0.0072,gauss1,BP02_12MP_NL_JPEG.mat,0,2564.0
flickr_referenced/D03_iPhone_7_Plus/D03_iPhone_7_Plus_37498489264.jpg,9c9d3af2373f31ecaf8fea951eb1b38f7c97a2eeaa4a575ca29927af05ea8b1d,1,1,0.019457,0.0072,gauss1,BP02_12MP_NL_JPEG.mat,0,2647.1
flickr_referenced/D03_iPhone_7_Plus/D03_iPhone_7_Plus_37498833494.jpg,b19971d3ceb3b09a5d0035000ba6004d92c2f0b868af61af94211e972cd924b3,1,1,0.013002,0.0072,gauss1,BP02_12MP_NL_JPEG.mat,0,2834.3
flickr_referenced/D03_iPhone_7_Plus/D03_iPhone_7_Plus_38147783586.jpg,dab09a48a418a411337f8834251c421824e97944f49db312fddc4fca8e3c896e,1,1,0.042441,0.0072,gauss1,BP02_12MP_NL_JPEG.mat,0,2699.2
flickr_referenced/D03_iPhone_7_Plus/D03_iPhone_7_Plus_38147921426.jpg,0e3fe2a0e878c3d46fd5763e9493138ef666f0f2d79c09ee6d740583d15ff2bc,1,1,0.266708,0.0072,gauss1,BP02_12MP_NL_JPEG.mat,0,2626.4
flickr_referenced/D03_iPhone_7_Plus/D03_iPhone_7_Plus_38147921846.jpg,0596262dd60c992c9a10b6629bb48e3d839dad6db9ed2e6ff80a3d40493e8e7b,1,1,0.225771,0.0072,gauss1,BP02_12MP_NL_JPEG.mat,0,2969.9
flickr_referenced/D03_iPhone_7_Plus/D03_iPhone_7_Plus_38153380676.jpg,eb99ff9db5b9a04be3fb7a6c819ea69f98a3ef58945bdd28b42b68251e9ed067,1,1,0.036915,0.0072,gauss1,BP02_12MP_NL_JPEG.mat,0,3053.0
flickr_referenced/D03_iPhone_7_Plus/D03_iPhone_7_Plus_38153408696.jpg,53567c499ccb365fe95b140c02971c98f7753cfc5e12e3409c957ed75b46136c,1,1,0.015326,0.0072,gauss1,BP02_12MP_NL_JPEG.mat,0,2736.0
flickr_referenced/D03_iPhone_7_Plus/D03_iPhone_7_Plus_38153421936.jpg,cb986023fe11d675362c9d6a03fb1c860e94648ed55dc58e9c156dbf3b11f2b0,1,0,0.006276,0.0072,gauss1,,,2734.6
flickr_referenced/D03_iPhone_7_Plus/D03_iPhone_7_Plus_38153423836.jpg,7f2abd510583cdc30464ad7efc05902f23a3244fc8b5bcea7bad2724811e0291,1,1,0.023222,0.0072,gauss1,BP02_12MP_NL_JPEG.mat,0,2936.4
flickr_referenced/D03_iPhone_7_Plus/D03_iPhone_7_Plus_38153560506.jpg,c3dffeed71c93ac9de59949f676481fd6fecb2914baab8a3a32f813aeb52f7da,1,1,0.022962,0.0072,gauss1,BP02_12MP_NL_JPEG.mat,0,2589.2
flickr_referenced/D03_iPhone_7_Plus/D03_iPhone_7_Plus_38153763406.jpg,f66b850e26fbd3992a90ddcd140a6d95188dea2cc8ce58c4274a48cf79577d87,1,1,0.012624,0.0072,gauss1,BP02_12MP_NL_JPEG.mat,2,2917.3
flickr_referenced/D03_iPhone_7_Plus/D03_iPhone_7_Plus_38153767786.jpg,96adbfa25268e8935a9aeb168e1d8838dbc93bd1070af23386f464eef94e1d66,1,1,0.248295,0.0072,gauss1,BP02_12MP_NL_JPEG.mat,0,4822.4
flickr_referenced/D03_iPhone_7_Plus/D03_iPhone_7_Plus_38153774256.jpg,adb182964f5b3fe3c28bef4dab9eaf954c2775db3699b0a8c17db032afefba3d,1,1,0.282778,0.0072,gauss1,BP02_12MP_NL_JPEG.mat,0,3208.2
flickr_referenced/D03_iPhone_7_Plus/D03_iPhone_7_Plus_38153778726.jpg,83224f7f8292102acfbe880fe72234f19eb289c19b006097a6ce76d5945bb510,1,1,0.007944,0.0072,gauss1,BP02_12MP_NL_JPEG.mat,0,2693.9
flickr_referenced/D03_iPhone_7_Plus/D03_iPhone_7_Plus_38172147622.jpg,5a90026d97b9714edcec6bd41c71c0a52d521f119ce1e692967000e22f39aa33,1,1,0.238697,0.0072,gauss1,BP02_12MP_NL_JPEG.mat,0,3074.9
flickr_referenced/D03_iPhone_7_Plus/D03_iPhone_7_Plus_38172178532.jpg,c1657b175c7b0bbaef50c236bc1eb009a7109cdecaa78291e4732dbd24864e54,1,1,0.017257,0.0072,gauss1,BP02_12MP_NL_JPEG.mat,2,2991.8
flickr_referenced/D03_iPhone_7_Plus/D03_iPhone_7_Plus_38177562242.jpg,e71ce47671a83920223d24cf8d775e3f904b28d6901f3577add7de34c94cd31d,1,1,0.023895,0.0072,gauss1,BP02_12MP_NL_JPEG.mat,2,3202.4
flickr_referenced/D03_iPhone_7_Plus/D03_iPhone_7_Plus_38177587772.jpg,4b4ae77482c7138c96cffc0c447c3dc1948fa4218dd6e26f0bd4d1bafc0668ff,1,1,0.015353,0.0072,gauss1,BP02_12MP_NL_JPEG.mat,0,2670.0
flickr_referenced/D03_iPhone_7_Plus/D03_iPhone_7_Plus_38177913392.jpg,fe175efd9646166f966cd1f7d0455ca4e50f585ace64408acbdd4b538bed25f5,1,1,0.033189,0.0072,gauss1,BP02_12MP_NL_JPEG.mat,0,3196.4
flickr_referenced/D03_iPhone_7_Plus/D03_iPhone_7_Plus_38177956202.jpg,98b87dccbd0a2a32a998b1cb9da7828f308623c8a5e096c1a0fa050ffe03e5f1,1,1,0.025143,0.0072,gauss1,BP02_12MP_NL_JPEG.mat,0,2828.1
flickr_referenced/D03_iPhone_7_Plus/D03_iPhone_7_Plus_38177961522.jpg,21b13b7ef147ed658a2dd0e89af635486ae50032bfa75655ef539db546d410f9,1,1,0.318563,0.0072,gauss1,BP02_12MP_NL_JPEG.mat,0,2901.6
flickr_referenced/D03_iPhone_7_Plus/D03_iPhone_7_Plus_38204118621.jpg,b9277281c9c169e2cdd8f56d3435f4118b5c23d9ec1eb361b1c9ee4adba9bf48,1,1,0.22786,0.0072,gauss1,BP02_12MP_NL_JPEG.mat,0,4769.9
flickr_referenced/D03_iPhone_7_Plus/D03_iPhone_7_Plus_38209573931.jpg,1a111f58cebb8f8dce5ab62bfd1abbda1288f22d63ddc9fd182c9f2594f95dc1,1,1,0.295566,0.0072,gauss1,BP02_12MP_NL_JPEG.mat,0,3133.1
flickr_referenced/D03_iPhone_7_Plus/D03_iPhone_7_Plus_38209722611.jpg,e8545fd02d1c168f1697208da6d5ab865eab9696d36ccb04d4ed56124aa6ac13,1,0,0.002442,0.0072,gauss1,,,4416.4
flickr_referenced/D03_iPhone_7_Plus/D03_iPhone_7_Plus_38209974241.jpg,797f11cd86989f7bdd0b4ff253af278c5bd1e1e6655958aba8f70446299d8ca6,1,1,0.250217,0.0072,gauss1,BP02_12MP_NL_JPEG.mat,2,4540.1
flickr_referenced/D03_iPhone_7_Plus/D03_iPhone_7_Plus_38210000511.jpg,da589b4e91b06ff1cd8e91a73ec1db4802a9858439c1efaf768ca1200cec126e,1,1,0.218996,0.0072,gauss1,BP02_12MP_NL_JPEG.mat,0,3172.3
flickr_referenced/D03_iPhone_7_Plus/D03_iPhone_7_Plus_38210001031.jpg,3482cebc8d5a93f97bf769b1ee844a69db155bae8fe41ff83ad16b867ba20288,1,1,0.264246,0.0072,gauss1,BP02_12MP_NL_JPEG.mat,0,2844.6
flickr_referenced/D03_iPhone_7_Plus/D03_iPhone_7_Plus_38210001751.jpg,bff2f23cd2a2952643a2af587fb9dc29bc369babff9878aa451c54ccf1bb8030,1,1,0.300465,0.0072,gauss1,BP02_12MP_NL_JPEG.mat,0,2716.0
flickr_referenced/D03_iPhone_7_Plus/D03_iPhone_7_Plus_38210009651.jpg,74fff75b4b7f630ab557763ac42df1938b687ede5087806dc3d7a62b4f7b7554,1,1,0.022497,0.0072,gauss1,BP02_12MP_NL_JPEG.mat,0,2902.4
flickr_referenced/D04_iPhone_7_Plus/D04_iPhone_7_Plus_25157336087.jpg,30a40c752834bcbf9060cfebd48278193b1b494a9dc8b5993e1440b744ea59ff,1,1,0.030969,0.0072,gauss1,BP02_12MP_NL_JPEG.mat,0,2911.5
flickr_referenced/D04_iPhone_7_Plus/D04_iPhone_7_Plus_33916732263.jpg,16c538385773c137dec2bbe7b21756045263e7b9a3f5c1662f5634e5ece08130,1,1,0.060239,0.0072,gauss1,BP01_12MP_NL_JPEG.mat,0,2977.8
flickr_referenced/D04_iPhone_7_Plus/D04_iPhone_7_Plus_33916735823.jpg,4f97b6322e9f7c1785c3bdda7e4ddfd96ec8f432c11bb40f5c6e30c7ad307f00,1,1,0.336462,0.0072,gauss1,BP01_12MP_NL_JPEG.mat,0,2954.5
flickr_referenced/D04_iPhone_7_Plus/D04_iPhone_7_Plus_33916743473.jpg,53f7a2a3e1e5764f1e38bd425b1c53a0074149f3ce1fd18766c4cf6f3053432b,1,1,0.201563,0.0072,gauss1,BP01_12MP_NL_JPEG.mat,0,4015.2
flickr_referenced/D04_iPhone_7_Plus/D04_iPhone_7_Plus_34564374602.jpg,a5cc0b02b0618ab9e77eb05a2167afc770f2496b13af810d6dbc77cc6c35d7c6,1,1,0.543787,0.0072,gauss1,BP01_12MP_NL_JPEG.mat,0,5022.3
flickr_referenced/D04_iPhone_7_Plus/D04_iPhone_7_Plus_34686075736.jpg,c8a211d4e3dcfbf8ccedb49660bd9263b80ab2dec0c3ef3be2bc0c0f59666bb8,1,1,0.373418,0.0072,gauss1,BP01_12MP_NL_JPEG.mat,0,3092.1
flickr_referenced/D04_iPhone_7_Plus/D04_iPhone_7_Plus_36821606474.jpg,712d86cc1e75ad27943e3aef03835e26867c7e2ef8797f7a61eebf6ca1e1a3cf,1,1,0.085574,0.0072,gauss1,BP02_12MP_NL_JPEG.mat,2,3167.0
flickr_referenced/D04_iPhone_7_Plus/D04_iPhone_7_Plus_36821609274.jpg,5010990dee1c1fc82e0a4d861c3f3e7bad543ebb00c1db108c992aca312d1c84,1,1,0.103081,0.0072,gauss1,BP02_12MP_NL_JPEG.mat,2,2999.3
flickr_referenced/D04_iPhone_7_Plus/D04_iPhone_7_Plus_36862182723.jpg,180c7c89ae9c78d0300805ed54ccfa7fc467b2c122ff1eed1e5e6e3252b806bd,1,1,0.231423,0.0072,gauss1,BP02_12MP_NL_JPEG.mat,2,3111.7
flickr_referenced/D04_iPhone_7_Plus/D04_iPhone_7_Plus_37821837015.jpg,5b875f7fb4c1edc2946a95fe4df902cea75bd267918774043f4797a2cde08dd1,1,1,0.556656,0.0072,gauss1,BP01_12MP_NL_JPEG.mat,0,3022.8
flickr_referenced/D04_iPhone_7_Plus/D04_iPhone_7_Plus_37992059314.jpg,1be611d19dd3ce6d087de73753952b1c19f033d9fe0067af18e8db22c593d5e1,1,1,0.64375,0.0072,gauss1,BP01_12MP_NL_JPEG.mat,0,3124.0
flickr_referenced/D04_iPhone_7_Plus/D04_iPhone_7_Plus_39318057334.jpg,8a81ee2279779ef2462fde19065b2e6981018e20d3cb3c30751bf5a995ed442a,1,1,0.036914,0.0072,gauss1,BP02_12MP_NL_JPEG.mat,2,2914.1
flickr_referenced/D05_iPhone_7_Plus/D05_iPhone_7_Plus_28163282677.jpg,2c8077703dc92ebb2069b2703eadf390a3e73e62614d02808690e7a3dc4d0832,1,1,0.119764,0.0072,gauss1,BP02_12MP_NL_JPEG.mat,2,3211.3
flickr_referenced/D05_iPhone_7_Plus/D05_iPhone_7_Plus_29160176698.jpg,b5096185681dac193f0679223f8e2433f53bda0fcb4df8d73d62f46bd51f64fa,1,1,0.143881,0.0072,gauss1,BP02_12MP_NL_JPEG.mat,0,2671.5
flickr_referenced/D05_iPhone_7_Plus/D05_iPhone_7_Plus_29160176918.jpg,00b409e2be71b2a2ae336db53a13f90f47840faaa16639411aa6e06ff69028e5,1,1,0.132383,0.0072,gauss1,BP02_12MP_NL_JPEG.mat,2,3014.0
flickr_referenced/D05_iPhone_7_Plus/D05_iPhone_7_Plus_30191303957.jpg,0ac056072c9f9fc87b579e14d1cf9c8a7e1531c3ec2a246e88b3de3491db8dc5,1,1,0.147005,0.0072,gauss1,BP02_12MP_NL_JPEG.mat,2,3118.6
flickr_referenced/D05_iPhone_7_Plus/D05_iPhone_7_Plus_30191307557.jpg,c666cbe7e1fc173db2aa06504e7628dc21db5e6953ce708333fd3f42e6f1e58a,1,1,0.149882,0.0072,gauss1,BP02_12MP_NL_JPEG.mat,2,3087.8
flickr_referenced/D05_iPhone_7_Plus/D05_iPhone_7_Plus_31255444798.jpg,736ac83dfebe4e33d16a6bbead54e3b13775b3cd38c46eb5ccc7a0a00d8e3c61,1,1,0.119498,0.0072,gauss1,BP02_12MP_NL_JPEG.mat,2,3478.1
flickr_referenced/D05_iPhone_7_Plus/D05_iPhone_7_Plus_41222012130.jpg,699bd7a386bd56e1d51b025d8184a2b9bedffcd5749edfc26b873ca2a00b0b36,1,1,0.097565,0.0072,gauss1,BP02_12MP_NL_JPEG.mat,2,3033.2
flickr_referenced/D05_iPhone_7_Plus/D05_iPhone_7_Plus_42982202982.jpg,62e7846408b8344b66a9d7d0e2ba3342cb36a4d6abe30b5229f836c1d2689111,1,1,0.106115,0.0072,gauss1,BP02_12MP_NL_JPEG.mat,2,5294.8
flickr_referenced/D05_iPhone_7_Plus/D05_iPhone_7_Plus_42982203802.jpg,a223d182bb3ed70e2da9403eaddc1bfaac4ce85d783ae35f9923fb92c75ba707,1,1,0.162336,0.0072,gauss1,BP02_12MP_NL_JPEG.mat,2,3041.4
flickr_referenced/D05_iPhone_7_Plus/D05_iPhone_7_Plus_43315818130.jpg,890c30ce6ae0ae7f14e36ec97119a81a7db5ca0aa4579218adaac8a76c92d7fd,1,1,0.128936,0.0072,gauss1,BP02_12MP_NL_JPEG.mat,2,3034.9
flickr_referenced/D05_iPhone_7_Plus/D05_iPhone_7_Plus_44217328155.jpg,f78534430b07e7d5a59b9f5cc9cedecf51f95f5cba8e1d0a51dabbef59fa3e93,1,1,0.22244,0.0072,gauss1,BP02_12MP_NL_JPEG.mat,2,5511.8
flickr_referenced/D05_iPhone_7_Plus/D05_iPhone_7_Plus_44408429414.jpg,bd29f1550964cb437585e715dafa8e23de2b8aefb670b7aa0270d4f1e8e217c8,1,1,0.1217,0.0072,gauss1,BP02_12MP_NL_JPEG.mat,2,3274.9
flickr_referenced/D05_iPhone_7_Plus/D05_iPhone_7_Plus_45129105141.jpg,f735c3beb6a7b9422bbb86b6ba917f3805d8841292f53e4e628e6f4cc55b87c0,1,1,0.129873,0.0072,gauss1,BP02_12MP_NL_JPEG.mat,0,2689.2
flickr_referenced/D06_iPhone_7_Plus/D06_iPhone_7_Plus_32296985854.jpg,9c7479463fcf3c144d628a614fc33294161bdc5b30a0a0b9decf2f6c3c584db8,1,1,0.134137,0.0072,gauss1,BP01_12MP_NL_JPEG.mat,0,2915.2
flickr_referenced/D06_iPhone_7_Plus/D06_iPhone_7_Plus_32296988114.jpg,d78ebd45d3bfd6c667f3bcea81a34198d3a330c63c5628a4693adae6e2618877,1,1,0.099247,0.0072,gauss1,BP01_12MP_NL_JPEG.mat,0,3259.1
flickr_referenced/D06_iPhone_7_Plus/D06_iPhone_7_Plus_32296989344.jpg,f51d24678c824fe1aa3db14d70f51bdde3b91bb8e9a5e18d25fd1d6bae21f3f6,1,1,0.020281,0.0072,gauss1,BP01_12MP_NL_JPEG.mat,0,2918.1
flickr_referenced/D06_iPhone_7_Plus/D06_iPhone_7_Plus_32297088504.jpg,b4d6d82fd53713caeda2716dcc58e734c205ff05c80bb1589957658ccde60a07,1,1,0.139584,0.0072,gauss1,BP01_12MP_NL_JPEG.mat,0,3158.4
flickr_referenced/D06_iPhone_7_Plus/D06_iPhone_7_Plus_32297326864.jpg,b6720d65465299b3360da6815a575011a42cb75b082d7254614a03ada759efed,1,1,0.042471,0.0072,gauss1,BP01_12MP_NL_JPEG.mat,0,2901.4
flickr_referenced/D06_iPhone_7_Plus/D06_iPhone_7_Plus_32297865594.jpg,a67186bb20d5c3353653244a6cac48aa17c94816ac27c00d6e2a55e6c40b02c0,1,1,0.133924,0.0072,gauss1,BP01_12MP_NL_JPEG.mat,0,3002.1
flickr_referenced/D06_iPhone_7_Plus/D06_iPhone_7_Plus_32326337793.jpg,a35dee5f4d9cc25001436f90b26bdca15a09f05a1032b12c5ddad4b83e8c55b8,1,1,0.008047,0.0072,gauss1,BP01_12MP_NL_JPEG.mat,0,3076.5
flickr_referenced/D06_iPhone_7_Plus/D06_iPhone_7_Plus_32326338543.jpg,370b042735b73f276af6cd8e11392efc8b9582bff2c536b64177eff2afca8931,1,1,0.060389,0.0072,gauss1,BP01_12MP_NL_JPEG.mat,0,3004.8
flickr_referenced/D06_iPhone_7_Plus/D06_iPhone_7_Plus_32326339953.jpg,b17db49d4314d983a0c09738c5960f814a129b57265a3dd039301961f2728303,1,1,0.031129,0.0072,gauss1,BP01_12MP_NL_JPEG.mat,2,2938.5
flickr_referenced/D06_iPhone_7_Plus/D06_iPhone_7_Plus_32327074053.jpg,0609c79b57018bb52c052a03ccf4a8f6f0cee944b540ae3477d5c66e07917e9a,1,1,0.04533,0.0072,gauss1,BP01_12MP_NL_JPEG.mat,0,2913.5
flickr_referenced/D06_iPhone_7_Plus/D06_iPhone_7_Plus_32327074833.jpg,1e0b9cb2dd1c0c9c96cbdf76842eda62fa6213fc4a36415c79f569255ab9cb04,1,1,0.085716,0.0072,gauss1,BP01_12MP_NL_JPEG.mat,0,3072.7
flickr_referenced/D06_iPhone_7_Plus/D06_iPhone_7_Plus_32327130013.jpg,27f50c3ad443139361352646033f765f655510825f310a7357eb8af100da931d,1,1,0.538035,0.0072,gauss1,BP01_12MP_NL_JPEG.mat,0,3249.1
flickr_referenced/D06_iPhone_7_Plus/D06_iPhone_7_Plus_32327131533.jpg,07bef89dbc7178f0f7f44465c972dcee4febaa6bedacba1c09b9693cd104fe36,1,1,0.530299,0.0072,gauss1,BP01_12MP_NL_JPEG.mat,0,3021.8
flickr_referenced/D06_iPhone_7_Plus/D06_iPhone_7_Plus_32327313953.jpg,80571bfa84f9af5c5b806c301f28e37e1fb709676136f5525e31c212656c63f4,1,1,0.043835,0.0072,gauss1,BP01_12MP_NL_JPEG.mat,0,3137.8
flickr_referenced/D06_iPhone_7_Plus/D06_iPhone_7_Plus_32327519723.jpg,bd2d538b53d44b56af7f03c893866ff6055269de7ba1ff555b58ffca798f4b73,1,1,0.386019,0.0072,gauss1,BP01_12MP_NL_JPEG.mat,0,2924.4
flickr_referenced/D06_iPhone_7_Plus/D06_iPhone_7_Plus_32327521083.jpg,46b165ce27fe861f4a0a71c11b30d91be2e30eaa95d1e8eb3a5a93e82ae9b374,1,1,0.121011,0.0072,gauss1,BP01_12MP_NL_JPEG.mat,0,3490.5
flickr_referenced/D06_iPhone_7_Plus/D06_iPhone_7_Plus_32327522433.jpg,116216e00db2ef35bc6adccf5bd68110ce688f5dbc12b945907a45db0a2586b1,1,1,0.256785,0.0072,gauss1,BP01_12MP_NL_JPEG.mat,0,2862.7
flickr_referenced/D06_iPhone_7_Plus/D06_iPhone_7_Plus_32327523523.jpg,392507b1e5e9e0eef852620ce6113fc4eb05adb93be0d14d1be4fa951d0fe359,1,1,0.10226,0.0072,gauss1,BP01_12MP_NL_JPEG.mat,0,3271.8
flickr_referenced/D06_iPhone_7_Plus/D06_iPhone_7_Plus_32517340173.jpg,ec0c99ed80ce654cee3a4c398234c27b09e35db90100f7dd614fcd51150fe27d,1,1,0.016082,0.0072,gauss1,BP01_12MP_NL_JPEG.mat,0,2903.3
flickr_referenced/D06_iPhone_7_Plus/D06_iPhone_7_Plus_32642031204.jpg,8d62a755d47c6764474a774ed1039c85bb1b6bdbce4df9a94794bc04ab4dd43b,1,1,0.024326,0.0072,gauss1,BP01_12MP_NL_JPEG.mat,0,3139.5
flickr_referenced/D06_iPhone_7_Plus/D06_iPhone_7_Plus_32739873164.jpg,250570e4fcc356c5e90b0fa62e95303ad842b1c3b48dd70a6e4094a933619166,1,1,0.047029,0.0072,gauss1,BP01_12MP_NL_JPEG.mat,0,2959.2
flickr_referenced/D06_iPhone_7_Plus/D06_iPhone_7_Plus_32759870630.jpg,125cd8783801984cf66fc6fc47ed113f733ba9d3cea4ad8f3d9f2166e644541c,1,1,0.091407,0.0072,gauss1,BP01_12MP_NL_JPEG.mat,0,3200.0
flickr_referenced/D06_iPhone_7_Plus/D06_iPhone_7_Plus_32760378540.jpg,486bf5f1095a6649928a60032ca5934b400381fd9951e5c1ebbcc459704d937c,1,1,0.04985,0.0072,gauss1,BP01_12MP_NL_JPEG.mat,0,2870.1
flickr_referenced/D06_iPhone_7_Plus/D06_iPhone_7_Plus_32807596074.jpg,05d998558c5c818fd39c93222a2507e216476e35fb89df0434a376ecbd9a29b2,1,1,0.363313,0.0072,gauss1,BP01_12MP_NL_JPEG.mat,0,3002.3
flickr_referenced/D06_iPhone_7_Plus/D06_iPhone_7_Plus_32866556954.jpg,42b6b23f2206ad96e04552cf208333b55466baeb594e23df9efb1f351b813714,1,1,0.07886,0.0072,gauss1,BP01_12MP_NL_JPEG.mat,0,3290.4
flickr_referenced/D06_iPhone_7_Plus/D06_iPhone_7_Plus_32866561364.jpg,1a7811885ffbbb9bae0ba2ceddc7a0abc47f6555cb6b25c0ba1ae4e948b855c7,1,1,0.023432,0.0072,gauss1,BP01_12MP_NL_JPEG.mat,0,4978.9
flickr_referenced/D06_iPhone_7_Plus/D06_iPhone_7_Plus_32866561574.jpg,c7b1bceeceb3134de377cdf2bb9e8324d012b7402baa3d2e39c5a8e381272892,1,1,0.022408,0.0072,gauss1,BP01_12MP_NL_JPEG.mat,0,3487.2
flickr_referenced/D06_iPhone_7_Plus/D06_iPhone_7_Plus_32866564634.jpg,7f245dc1fd390cf33a53f472e28ae11c99af7ecfda6a92d98447febf3986f4ba,1,1,0.064581,0.0072,gauss1,BP01_12MP_NL_JPEG.mat,0,2927.1
flickr_referenced/D06_iPhone_7_Plus/D06_iPhone_7_Plus_32866565404.jpg,87c692d591c72c1183cf036811b575c6fd42a8cf2952ee0bcebd4f4c3ad56dcd,1,1,0.033641,0.0072,gauss1,BP01_12MP_NL_JPEG.mat,0,2879.0
flickr_referenced/D06_iPhone_7_Plus/D06_iPhone_7_Plus_32866565894.jpg,64380ade0031266b8f63ffcfb2d492a1129c2e06f988992ad58e5007bf7f6101,1,1,0.027118,0.0072,gauss1,BP01_12MP_NL_JPEG.mat,0,3272.1
flickr_referenced/D06_iPhone_7_Plus/D06_iPhone_7_Plus_32866566164.jpg,d838c07f24c1e7782f56356904346f83f22da4dfbec49405939741485d7e20f3,1,1,0.034952,0.0072,gauss1,BP01_12MP_NL_JPEG.mat,0,2928.2
flickr_referenced/D06_iPhone_7_Plus/D06_iPhone_7_Plus_32866567304.jpg,e15d63f9354ac02355e06d5bb0122d8f85e3d724dca35686b8aa3a607d8f5887,1,1,0.032793,0.0072,gauss1,BP01_12MP_NL_JPEG.mat,0,3308.6
flickr_referenced/D06_iPhone_7_Plus/D06_iPhone_7_Plus_32986098242.jpg,f24687b107db6ddd677e708bd789dbcd6a71626c9a8f6b0150e6e13d175ec1ad,1,1,0.106885,0.0072,gauss1,BP01_12MP_NL_JPEG.mat,0,2952.6
flickr_referenced/D06_iPhone_7_Plus/D06_iPhone_7_Plus_32986290352.jpg,f0ec55c1f03b47b825cc7f97864c7d4aba6cdc5cde7f85a8e4c909b499af68ba,1,1,0.031262,0.0072,gauss1,BP01_12MP_NL_JPEG.mat,0,3460.3
flickr_referenced/D06_iPhone_7_Plus/D06_iPhone_7_Plus_32986291792.jpg,e27da2aabcb4b58adfe4e39f2fdd9a2ea8a789feadb7b630911924cbd86634fe,1,1,0.023621,0.0072,gauss1,BP01_12MP_NL_JPEG.mat,0,2958.9
flickr_referenced/D06_iPhone_7_Plus/D06_iPhone_7_Plus_32986293892.jpg,68954bf169a792f58bea94b437606cd5ae4937fbed1dea1e669f98bb0de9bb90,1,1,0.036844,0.0072,gauss1,BP01_12MP_NL_JPEG.mat,0,3276.9
flickr_referenced/D06_iPhone_7_Plus/D06_iPhone_7_Plus_32986295582.jpg,874fb0b9f45165b55231e78da0cf0fc5ed2237df1d21919551accedce8e417bd,1,1,0.03848,0.0072,gauss1,BP01_12MP_NL_JPEG.mat,0,2890.2
flickr_referenced/D06_iPhone_7_Plus/D06_iPhone_7_Plus_32986296992.jpg,45228ff5b91870b684eae4beb5d08427f0128e284ae076aa90d547b61ac4b2e1,1,1,0.041179,0.0072,gauss1,BP01_12MP_NL_JPEG.mat,0,3375.6
flickr_referenced/D06_iPhone_7_Plus/D06_iPhone_7_Plus_32986297702.jpg,afefc621d68ed267e08a24cd30efe1674d21cb0e411585f02d08983b4202e605,1,1,0.035114,0.0072,gauss1,BP01_12MP_NL_JPEG.mat,0,2888.9
flickr_referenced/D06_iPhone_7_Plus/D06_iPhone_7_Plus_32986298392.jpg,f44828f37ba5a7ff6a08cea1a48e462b1c28d024a063d81386db18bb68d63d2d,1,1,0.045748,0.0072,gauss1,BP01_12MP_NL_JPEG.mat,0,3170.5
flickr_referenced/D06_iPhone_7_Plus/D06_iPhone_7_Plus_32986300512.jpg,8f9cfe9900c19b96cc85bceda91d4c183f4f3c80fb5600daaf212f7b77935dbd,1,1,0.172748,0.0072,gauss1,BP01_12MP_NL_JPEG.mat,0,2923.5
flickr_referenced/D06_iPhone_7_Plus/D06_iPhone_7_Plus_32986392732.jpg,0fb0f393f3075e5ebc06cdf546a133bf9bf079248c80db2ca7a59ee62920280a,1,1,0.043159,0.0072,gauss1,BP01_12MP_NL_JPEG.mat,0,3177.3
flickr_referenced/D06_iPhone_7_Plus/D06_iPhone_7_Plus_32986394062.jpg,10ff5bd45d4d7786a249c881387aca589c8a3336e85f4f580d7567bb5101e3b5,1,1,0.11695,0.0072,gauss1,BP01_12MP_NL_JPEG.mat,0,5004.8
flickr_referenced/D06_iPhone_7_Plus/D06_iPhone_7_Plus_32986531422.jpg,f27f90d45893971adb1e0435bb87ead6ca26d31762ed569893340ee233cafcbe,1,1,0.207628,0.0072,gauss1,BP01_12MP_NL_JPEG.mat,0,3182.9
flickr_referenced/D06_iPhone_7_Plus/D06_iPhone_7_Plus_32986542802.jpg,86af8e9d1b32915852ca27ee3e171bc13bf427c642d7bbef8a8698134b098af6,1,1,0.02406,0.0072,gauss1,BP01_12MP_NL_JPEG.mat,0,3059.6
flickr_referenced/D06_iPhone_7_Plus/D06_iPhone_7_Plus_32986543842.jpg,1c0c2712fef007c3e4353e06ba8f99bfb7e997c9be73d230e056b3d4c2366462,1,1,0.188914,0.0072,gauss1,BP01_12MP_NL_JPEG.mat,0,2995.2
flickr_referenced/D06_iPhone_7_Plus/D06_iPhone_7_Plus_32986544302.jpg,0b31dc10924216dece6eafdb23dacea2b44b37fc24a5a3ae0542738c9434cfdc,1,1,0.194039,0.0072,gauss1,BP01_12MP_NL_JPEG.mat,0,3059.1
flickr_referenced/D06_iPhone_7_Plus/D06_iPhone_7_Plus_32986548212.jpg,4a729808301aded8bc797880a197b22d959588cf0066203745b1d476ff9097b9,1,1,0.188356,0.0072,gauss1,BP01_12MP_NL_JPEG.mat,0,2935.5
flickr_referenced/D06_iPhone_7_Plus/D06_iPhone_7_Plus_33015266451.jpg,d5eb8da991b5493b570e8d3820512a85d255085f97540ddc08fbedb7793123d9,1,1,0.052825,0.0072,gauss1,BP01_12MP_NL_JPEG.mat,0,3104.8
flickr_referenced/D06_iPhone_7_Plus/D06_iPhone_7_Plus_33015669501.jpg,536e0f44efc2abbafa636eaf8276f61c36603707501c4b996bae2fbe9cdb1bbc,1,1,0.138664,0.0072,gauss1,BP01_12MP_NL_JPEG.mat,0,2931.7
flickr_referenced/D06_iPhone_7_Plus/D06_iPhone_7_Plus_33015670521.jpg,6ac992c126fb1c4098f537ab9de6b130b45893395a199050a8f000f83c35574e,1,1,0.080521,0.0072,gauss1,BP01_12MP_NL_JPEG.mat,0,3034.7
flickr_referenced/D06_iPhone_7_Plus/D06_iPhone_7_Plus_33015875471.jpg,bb04385ff942ab5ae173ec763e0c28330e91f1bb2699adbbb9c2dfed5a5a5c29,1,1,0.120979,0.0072,gauss1,BP01_12MP_NL_JPEG.mat,0,3218.6
flickr_referenced/D06_iPhone_7_Plus/D06_iPhone_7_Plus_33015876711.jpg,c560695ab9fb2c6288d2fcd346a194a1d4bba6699ebd13696f9e59e9e29fb49f,1,1,0.022079,0.0072,gauss1,BP01_12MP_NL_JPEG.mat,0,2947.1
flickr_referenced/D06_iPhone_7_Plus/D06_iPhone_7_Plus_33015879951.jpg,28c697504950707a63dbd561dde81a4d072660fc36abc44e573d0f436225c609,1,1,0.220483,0.0072,gauss1,BP01_12MP_NL_JPEG.mat,0,5669.4
flickr_referenced/D06_iPhone_7_Plus/D06_iPhone_7_Plus_33015881081.jpg,b6764de5b62e617acbfb1ab42d7c7bc591ad8d6007218e92b1ae234d223c2418,1,1,0.057853,0.0072,gauss1,BP01_12MP_NL_JPEG.mat,0,3048.3
flickr_referenced/D06_iPhone_7_Plus/D06_iPhone_7_Plus_33015882041.jpg,d2c0971d68798362a5513aebcbd0693347181ca4cc84b3461e2fe880b07475a1,1,1,0.09076,0.0072,gauss1,BP01_12MP_NL_JPEG.mat,0,3119.2
flickr_referenced/D06_iPhone_7_Plus/D06_iPhone_7_Plus_33015882741.jpg,4631a2981149dd9c0d81c26ee64a6015702eb48761415a6eebd13157f24a26a0,1,1,0.04855,0.0072,gauss1,BP01_12MP_NL_JPEG.mat,0,2929.2
flickr_referenced/D06_iPhone_7_Plus/D06_iPhone_7_Plus_33015883591.jpg,71ecba3fa52ead35d4e384399d033c4c42d6f7a88a4d1dd6ed974f4b591f093d,1,1,0.049753,0.0072,gauss1,BP01_12MP_NL_JPEG.mat,0,3081.1
flickr_referenced/D06_iPhone_7_Plus/D06_iPhone_7_Plus_33015884091.jpg,5c5dab2e80db56e6ad7288fc287dc5b6e6671d0afb34b63ab2bf0c407dc52439,1,1,0.147242,0.0072,gauss1,BP01_12MP_NL_JPEG.mat,0,3123.4
flickr_referenced/D06_iPhone_7_Plus/D06_iPhone_7_Plus_33101149986.jpg,7dde4e196ecb3dd5b61ee849388a27b3a52586629b6083fc3d9d88d235e4b21f,1,1,0.285763,0.0072,gauss1,BP01_12MP_NL_JPEG.mat,0,3142.4
flickr_referenced/D06_iPhone_7_Plus/D06_iPhone_7_Plus_33101208376.jpg,0c0e1a1eea1b3b4b466ca824a89d94328a7799a22d2410fb94c276251a634e8f,1,1,0.036887,0.0072,gauss1,BP01_12MP_NL_JPEG.mat,0,3216.3
flickr_referenced/D06_iPhone_7_Plus/D06_iPhone_7_Plus_33101488726.jpg,fff0b391aca38daeafccd07e5247d88e132bf057d733234c7301988e899454ce,1,1,0.077796,0.0072,gauss1,BP01_12MP_NL_JPEG.mat,0,3097.7
flickr_referenced/D06_iPhone_7_Plus/D06_iPhone_7_Plus_33101489656.jpg,1011034162020f71a41f0c05fea0f918cacaf5f3f60b8ae439ee135ca11d7aed,1,1,0.039758,0.0072,gauss1,BP01_12MP_NL_JPEG.mat,0,4828.9
flickr_referenced/D06_iPhone_7_Plus/D06_iPhone_7_Plus_33101493666.jpg,200b265abc87776c7aa6a1a5991a5c4dcc17a0206bcf588d9558132b26ba64b4,1,1,0.188334,0.0072,gauss1,BP01_12MP_NL_JPEG.mat,0,3077.3
flickr_referenced/D06_iPhone_7_Plus/D06_iPhone_7_Plus_33101495296.jpg,9ed97e86f12342a3f0c1da60adee158f1be38a0abf76cfcad6e861691b56525b,1,1,0.040073,0.0072,gauss1,BP01_12MP_NL_JPEG.mat,0,2993.4
flickr_referenced/D06_iPhone_7_Plus/D06_iPhone_7_Plus_33101495756.jpg,b90e25912e3b6cd7472f823280b31221bd649374266cdf5d1e4f3c711a851a4b,1,1,0.072332,0.0072,gauss1,BP01_12MP_NL_JPEG.mat,0,3074.3
flickr_referenced/D06_iPhone_7_Plus/D06_iPhone_7_Plus_33101504266.jpg,f1a1b4bd196193e764ab1a860d8b4e01ea5abbc4330f2d01086168adcfe73348,1,1,0.073404,0.0072,gauss1,BP01_12MP_NL_JPEG.mat,0,3000.4
flickr_referenced/D06_iPhone_7_Plus/D06_iPhone_7_Plus_33101506466.jpg,75e832dd8c3063f08256bd3401f3aac42cea524c581984fafe1901d959961437,1,1,0.077935,0.0072,gauss1,BP01_12MP_NL_JPEG.mat,0,3091.4
flickr_referenced/D06_iPhone_7_Plus/D06_iPhone_7_Plus_33101617696.jpg,0236ac797f13dfe76624e3c25a44e297d26ec9507e50acb6490d236d390a45aa,1,1,0.081209,0.0072,gauss1,BP01_12MP_NL_JPEG.mat,0,2916.7
flickr_referenced/D06_iPhone_7_Plus/D06_iPhone_7_Plus_33143115345.jpg,7ac54c45864418352bfcf9ae42b0e3da07604453eaf4d7159e2ecc2ddd523b14,1,1,0.059837,0.0072,gauss1,BP01_12MP_NL_JPEG.mat,0,3355.8
flickr_referenced/D06_iPhone_7_Plus/D06_iPhone_7_Plus_33199550310.jpg,c82d5d7357614c9b234c23bfe0aa6a681fdb10c07055855e9460a86a0d59b540,1,1,0.065332,0.0072,gauss1,BP01_12MP_NL_JPEG.mat,2,2666.8
flickr_referenced/D06_iPhone_7_Plus/D06_iPhone_7_Plus_33204106911.jpg,912971be2e1d3bf771bbfd0c62f878dac9bacc4d24bfe8343fa9335235dea880,1,1,0.029401,0.0072,gauss1,BP01_12MP_NL_JPEG.mat,0,3840.3
flickr_referenced/D06_iPhone_7_Plus/D06_iPhone_7_Plus_33267991622.jpg,6d7289da1ce09475b91e6606771b68cd6aed89434f67821d547cf892e790bcb9,1,1,0.100331,0.0072,gauss1,BP01_12MP_NL_JPEG.mat,0,4777.6
flickr_referenced/D06_iPhone_7_Plus/D06_iPhone_7_Plus_33290786226.jpg,abf94be05762d31ed58c0fba476c7e3b4836451fa1c122419cdd899d4a5aa344,1,1,0.047328,0.0072,gauss1,BP01_12MP_NL_JPEG.mat,2,2831.4
flickr_referenced/D06_iPhone_7_Plus/D06_iPhone_7_Plus_33290796386.jpg,2b0a902cb05bb8dfcccf9497152d1bb5e2ec4b358e2cc2a8709385858f3c3602,1,1,0.067874,0.0072,gauss1,BP01_12MP_NL_JPEG.mat,0,4242.1
flickr_referenced/D06_iPhone_7_Plus/D06_iPhone_7_Plus_33295285051.jpg,2aea86968663cfce0e80228c1bd4b20632f2ad4fd2b676fe9f7dd8dc3ba44c2b,1,1,0.100573,0.0072,gauss1,BP01_12MP_NL_JPEG.mat,0,3287.8
flickr_referenced/D06_iPhone_7_Plus/D06_iPhone_7_Plus_33295286061.jpg,5ef82149d87015431655e01bd8195aa907b9cefa722a251dd0d86c3f74fd997c,1,1,0.130125,0.0072,gauss1,BP01_12MP_NL_JPEG.mat,0,2993.7
flickr_referenced/D06_iPhone_7_Plus/D06_iPhone_7_Plus_33324883810.jpg,e602fac492e6e7b197e617914ed7df62d1b0ee93fd204786ac0b12726d28cc15,1,1,0.027824,0.0072,gauss1,BP01_12MP_NL_JPEG.mat,0,3377.5
flickr_referenced/D06_iPhone_7_Plus/D06_iPhone_7_Plus_33324884460.jpg,20f0606df8151e416943c072e64cf03d2f801a0b62a51299c9e24010f0226799,1,0,0.001959,0.0072,gauss1,,,3087.1
flickr_referenced/D06_iPhone_7_Plus/D06_iPhone_7_Plus_33423730695.jpg,ccdd6058023f0debf3ae0a499f1b82bc75bde430f7a6486b619bad74f74cdaa1,1,1,0.041163,0.0072,gauss1,BP01_12MP_NL_JPEG.mat,0,3125.7
flickr_referenced/D06_iPhone_7_Plus/D06_iPhone_7_Plus_33423733055.jpg,c5d1f579754a391365d118a9c5db77aa2e24c3dff9fab445c34ecdd369611834,1,1,0.028694,0.0072,gauss1,BP01_12MP_NL_JPEG.mat,0,4757.7
flickr_referenced/D06_iPhone_7_Plus/D06_iPhone_7_Plus_33423733875.jpg,f4f6e5a553b6efd6ba0665a741fe8b6d5fd2fe2d8105f9a9293fa3c7916cc22a,1,1,0.056856,0.0072,gauss1,BP01_12MP_NL_JPEG.mat,0,5024.2
flickr_referenced/D06_iPhone_7_Plus/D06_iPhone_7_Plus_33426072112.jpg,da3016cd2561238604685da6684cc86b7cc1db705553b28d0fda387fa6c96e49,1,1,0.077947,0.0072,gauss1,BP01_12MP_NL_JPEG.mat,0,3183.4
flickr_referenced/D06_iPhone_7_Plus/D06_iPhone_7_Plus_33426073512.jpg,b10c6b5e77309bf0c3a2e28e86e6b4ec6d0a518d7627cc3cf026d1f3291c294c,1,1,0.071638,0.0072,gauss1,BP01_12MP_NL_JPEG.mat,0,2950.6
flickr_referenced/D06_iPhone_7_Plus/D06_iPhone_7_Plus_33542216356.jpg,9a8fba1152a483ba6c56d98039606076a23e7b4a3b0c7f29f7596d6b5b8bfa54,1,1,0.119732,0.0072,gauss1,BP01_12MP_NL_JPEG.mat,0,3095.1
flickr_referenced/D06_iPhone_7_Plus/D06_iPhone_7_Plus_33542217286.jpg,91f3fa8eeb7096d75e223f005f60ec7e237c640192a67af82d3011383e1e23d1,1,1,0.054897,0.0072,gauss1,BP01_12MP_NL_JPEG.mat,0,2921.9
flickr_referenced/D06_iPhone_7_Plus/D06_iPhone_7_Plus_33542217776.jpg,97c3994f3e13a62966aa9596c6833a17f191e64c080a06123b228d947319891b,1,1,0.108742,0.0072,gauss1,BP01_12MP_NL_JPEG.mat,0,2951.6
flickr_referenced/D06_iPhone_7_Plus/D06_iPhone_7_Plus_33542218626.jpg,075409d17e35966c9bd79ba4d364c472a654c0704792217b5467aa0e4ebcd974,1,1,0.074938,0.0072,gauss1,BP01_12MP_NL_JPEG.mat,0,3159.2
flickr_referenced/D06_iPhone_7_Plus/D06_iPhone_7_Plus_33542219506.jpg,175a25909ec2221d3333ee50663a7229c3ac76bf34aebc6a94bd4197b83f353f,1,1,0.098744,0.0072,gauss1,BP01_12MP_NL_JPEG.mat,0,2903.9
flickr_referenced/D06_iPhone_7_Plus/D06_iPhone_7_Plus_33542219896.jpg,f5e33bcb5730778bd4a10ec233729b38ff88659a313f16029cfc774453e71d17,1,1,0.121646,0.0072,gauss1,BP01_12MP_NL_JPEG.mat,2,3082.9
flickr_referenced/D06_iPhone_7_Plus/D06_iPhone_7_Plus_33552753292.jpg,abac92c6258420b299997a22ab464d0b7a5ccbfe4299b201a18b18900f6e2801,1,1,0.08068,0.0072,gauss1,BP01_12MP_NL_JPEG.mat,0,2998.1
flickr_referenced/D06_iPhone_7_Plus/D06_iPhone_7_Plus_33690868980.jpg,51244034bcdc9f367b28facf75bfd6c00825ca94f0e1c738c3e42b27659733b5,1,1,0.116463,0.0072,gauss1,BP01_12MP_NL_JPEG.mat,0,3322.3
flickr_referenced/D06_iPhone_7_Plus/D06_iPhone_7_Plus_33690870820.jpg,52858199511483e2e08c33cbbfc49455647a6fa17e2187baa875f4a8549d1d86,1,1,0.055545,0.0072,gauss1,BP01_12MP_NL_JPEG.mat,0,2961.1
flickr_referenced/D06_iPhone_7_Plus/D06_iPhone_7_Plus_33709047345.jpg,95e0af3334b85d5bf4bce1ce8401f8d92777f6605346578c2fdb63afb6f74f9f,1,1,0.049227,0.0072,gauss1,BP01_12MP_NL_JPEG.mat,0,3094.2
flickr_referenced/D06_iPhone_7_Plus/D06_iPhone_7_Plus_33709050505.jpg,a6054ef229ebbc142a12f38ff27618aa51eff9ac847d120e9e79ad946075de10,1,0,0.00223,0.0072,gauss1,,,2884.3
flickr_referenced/D06_iPhone_7_Plus/D06_iPhone_7_Plus_33709052455.jpg,a2ad899c1a2d3501f0fb4294a5bc8e77c3264bab20c7d5c9595580fbd28f0891,1,1,0.046136,0.0072,gauss1,BP01_12MP_NL_JPEG.mat,0,2952.6
flickr_referenced/D06_iPhone_7_Plus/D06_iPhone_7_Plus_33709052725.jpg,5e1724c92442e3655c47d97ac29b5aaf108cde8019d0e33d7ad963502047f2c7,1,1,0.028497,0.0072,gauss1,BP01_12MP_NL_JPEG.mat,0,3068.9
flickr_referenced/D06_iPhone_7_Plus/D06_iPhone_7_Plus_33709054835.jpg,6a84ee594e3499bc99981020dae907c3656e8cac91c7db1a77a734cd28f82fba,1,1,0.020482,0.0072,gauss1,BP01_12MP_NL_JPEG.mat,0,2984.3
flickr_referenced/D06_iPhone_7_Plus/D06_iPhone_7_Plus_33793029211.jpg,b7c428f5a5561201375e2218b1a0439cc313d8db4631c8dd0d249f31b0ce6f6a,1,1,0.042409,0.0072,gauss1,BP01_12MP_NL_JPEG.mat,2,2937.5
flickr_referenced/D06_iPhone_7_Plus/D06_iPhone_7_Plus_33793031291.jpg,ff5b5e541097a5927fb3c133150b8b2d5700be19084e1a22cacba3630dbf1f9c,1,1,0.100054,0.0072,gauss1,BP01_12MP_NL_JPEG.mat,2,2706.6
flickr_referenced/D06_iPhone_7_Plus/D06_iPhone_7_Plus_34034793406.jpg,185a3204f405feed850a125d6cc234d7ed14c0c46e02da2ea6403f7f1986533f,1,1,0.045344,0.0072,gauss1,BP01_12MP_NL_JPEG.mat,0,3003.8
flickr_referenced/D06_iPhone_7_Plus/D06_iPhone_7_Plus_34034794916.jpg,00a01f9a656f13db5767bf801745b536dbf8401f6f3605cc30ea91c5c2c38060,1,1,0.020522,0.0072,gauss1,BP01_12MP_NL_JPEG.mat,0,3322.8
flickr_referenced/D06_iPhone_7_Plus/D06_iPhone_7_Plus_34034796526.jpg,459047114762190881e2311f4511de35a00058c6724b66555d81737753abb9c0,1,1,0.02497,0.0072,gauss1,BP01_12MP_NL_JPEG.mat,0,2984.2
flickr_referenced/D06_iPhone_7_Plus/D06_iPhone_7_Plus_34034799836.jpg,dea8bf8363f303ea4db4395a2b678417916a9ef6f11c4a64414ab01fe8628ded,1,1,0.045969,0.0072,gauss1,BP01_12MP_NL_JPEG.mat,0,3347.9
flickr_referenced/D06_iPhone_7_Plus/D06_iPhone_7_Plus_34074605675.jpg,9a4b6db31d5cc4103cd47fd6b5a9534d502dd27987d6d898766c0dc0580fa263,1,1,0.047627,0.0072,gauss1,BP01_12MP_NL_JPEG.mat,0,2976.4
flickr_referenced/D06_iPhone_7_Plus/D06_iPhone_7_Plus_34074606845.jpg,8a2aba027cace64a870ab74c7a2a2c4e41bcd368fd3fc37bb9d753a74af054da,1,1,0.027722,0.0072,gauss1,BP01_12MP_NL_JPEG.mat,0,3408.2
flickr_referenced/D06_iPhone_7_Plus/D06_iPhone_7_Plus_34074705055.jpg,126d50b8dfa13ae310ddabdd0c1f3c9a2ae26ee0a2213919eee97e21bded3fe8,1,1,0.048498,0.0072,gauss1,BP01_12MP_NL_JPEG.mat,2,2616.2
flickr_referenced/D06_iPhone_7_Plus/D06_iPhone_7_Plus_34710481730.jpg,e513ff339bac13603cfb1df80eac598c65798b0c1008cc63059ae3e0e71620a7,1,1,0.117071,0.0072,gauss1,BP01_12MP_NL_JPEG.mat,0,3160.7
flickr_referenced/D06_iPhone_7_Plus/D06_iPhone_7_Plus_34874526573.jpg,78305ad3d1f03dd861e61a69b01bd3222df4b6bbaf10592831be6cc4abb5fc12,1,1,0.177844,0.0072,gauss1,BP01_12MP_NL_JPEG.mat,2,2636.0
flickr_referenced/D06_iPhone_7_Plus/D06_iPhone_7_Plus_34874527063.jpg,5f9519209ea697bc0d99a816371708628a53ee61026042dad4c1f10c06935d19,1,1,0.047854,0.0072,gauss1,BP01_12MP_NL_JPEG.mat,0,3012.8
flickr_referenced/D06_iPhone_7_Plus/D06_iPhone_7_Plus_34874528073.jpg,45ce295c0f5a027ac5883ce4987f2eee8c970ab1b9fa10bc04bb97ec6188373e,1,1,0.042189,0.0072,gauss1,BP01_12MP_NL_JPEG.mat,0,3108.7
flickr_referenced/D06_iPhone_7_Plus/D06_iPhone_7_Plus_34874528723.jpg,7b3df6bb831dffe6e4ac140673bbec177fec45b4eba9a7c5680165051a97dae0,1,1,0.04502,0.0072,gauss1,BP01_12MP_NL_JPEG.mat,0,3037.3
flickr_referenced/D06_iPhone_7_Plus/D06_iPhone_7_Plus_34966749161.jpg,9e9ab9a46b7c3d87def36f8193ec5c43505a42539d20a27ab37ad1b678516376,1,1,0.019536,0.0072,gauss1,BP01_12MP_NL_JPEG.mat,0,3276.7
flickr_referenced/D06_iPhone_7_Plus/D06_iPhone_7_Plus_34966750231.jpg,ca4a28e10a317eb822fcda3d4e2b2423124e9f5ab7eaaf491a4dc158ef937528,1,1,0.037212,0.0072,gauss1,BP01_12MP_NL_JPEG.mat,0,2982.3
flickr_referenced/D06_iPhone_7_Plus/D06_iPhone_7_Plus_35057420476.jpg,a60c31df9f1610d32d0a6480a8b8784059a66361dcfde8edca4423c58139669b,1,1,0.016358,0.0072,gauss1,BP01_12MP_NL_JPEG.mat,0,3210.0
flickr_referenced/D06_iPhone_7_Plus/D06_iPhone_7_Plus_35644309376.jpg,8c378c31b86ed0c98a975e8f012312f6b069d9d4a348a34225cc06ec046d9439,1,1,0.058455,0.0072,gauss1,BP01_12MP_NL_JPEG.mat,0,2907.4
flickr_referenced/D06_iPhone_7_Plus/D06_iPhone_7_Plus_35683705985.jpg,11e35f0f8d2a97309379f0150b89d0bdb579eeb02433b709ef8eff957b918ad3,1,1,0.014359,0.0072,gauss1,BP01_12MP_NL_JPEG.mat,0,3083.2
flickr_referenced/D06_iPhone_7_Plus/D06_iPhone_7_Plus_38019556686.jpg,6d54b581cebec390a4a3005088f0ee62dea83134a3400afc75f373e1d40a82c8,1,1,0.056947,0.0072,gauss1,BP01_12MP_NL_JPEG.mat,0,2932.7
flickr_referenced/D10_iPhone_8_Plus/D10_iPhone_8_Plus_28124787877.jpg,70364c4fa3875ce83f2dd9a1e1a5ce7b16ede4c19de6ca7537ff64bc5fd26642,1,1,0.009212,0.0072,gauss1,BP03_12MP_NL_JPEG.mat,0,2641.7
flickr_referenced/D10_iPhone_8_Plus/D10_iPhone_8_Plus_28124823417.jpg,92b2a5bb60d9ef9d0efd2ab384c0b2078816af9b61cdb6b70ffb4d179638d465,1,1,0.070913,0.0072,gauss1,BP03_12MP_NL_JPEG.mat,2,3149.6
flickr_referenced/D10_iPhone_8_Plus/D10_iPhone_8_Plus_28124823717.jpg,908f2e6a3f55578384bc758cdd51714366f5df077d7b8344222aa4b3cb3e9a48,1,1,0.062391,0.0072,gauss1,BP03_12MP_NL_JPEG.mat,2,2876.8
flickr_referenced/D10_iPhone_8_Plus/D10_iPhone_8_Plus_28124824037.jpg,bf58e26d33348cd35ac891ae5a891aba9f5a78859b03c5ac7ad7ca6905bff3d9,1,1,0.041216,0.0072,gauss1,BP03_12MP_NL_JPEG.mat,2,3208.0
flickr_referenced/D10_iPhone_8_Plus/D10_iPhone_8_Plus_28417220097.jpg,1ab1b551f7bbfb46588cf70ad0c87306fea296ca8a3b01fc333f93275bf1fa69,1,1,0.135132,0.0072,gauss1,BP03_12MP_NL_JPEG.mat,0,2705.1
flickr_referenced/D10_iPhone_8_Plus/D10_iPhone_8_Plus_28417222057.jpg,74a91d0f859cfffa4e33909efc223205ddd9d9866da465ce4f148c89137f58ff,1,1,0.08127,0.0072,gauss1,BP03_12MP_NL_JPEG.mat,0,2806.1
flickr_referenced/D10_iPhone_8_Plus/D10_iPhone_8_Plus_28500863737.jpg,7eac15579e32cee106fd74874c6d90887060763cd84766956e48499bbb9edcf7,1,1,0.121185,0.0072,gauss1,BP03_12MP_NL_JPEG.mat,0,2912.0
flickr_referenced/D10_iPhone_8_Plus/D10_iPhone_8_Plus_28500918487.jpg,a187a38639f6141aa810e6013816173a4e41d729882f4a95f7eebc84515a4bc6,1,1,0.142894,0.0072,gauss1,BP03_12MP_NL_JPEG.mat,0,2641.2
flickr_referenced/D10_iPhone_8_Plus/D10_iPhone_8_Plus_29120805638.jpg,ca6cc23949cd31748a1d6550ec75c14aed691a038628a215db1ecc93c3a1ce17,1,1,0.071083,0.0072,gauss1,BP03_12MP_NL_JPEG.mat,2,2896.2
flickr_referenced/D10_iPhone_8_Plus/D10_iPhone_8_Plus_29120805948.jpg,984189605af0b4b75e8070a949b7a72d128903edc0a272a99fb9673777c789b5,1,1,0.048086,0.0072,gauss1,BP03_12MP_NL_JPEG.mat,2,3186.3
flickr_referenced/D10_iPhone_8_Plus/D10_iPhone_8_Plus_29500160278.jpg,27546a65b47c3172f9c12c76456ddd16548066b8591fcc63a75c59f55da79aa7,1,1,0.136334,0.0072,gauss1,BP03_12MP_NL_JPEG.mat,2,2917.3
flickr_referenced/D10_iPhone_8_Plus/D10_iPhone_8_Plus_29500161148.jpg,8420c061663f93734e638f7d6f4f97151b7d4cfc83f12c7ae9959c8d74635ffb,1,1,0.1035,0.0072,gauss1,BP03_12MP_NL_JPEG.mat,0,2861.9
flickr_referenced/D10_iPhone_8_Plus/D10_iPhone_8_Plus_29500161518.jpg,28bc5e62363558880ada86233739ae316bb6cc7baa420e269b5e49cbd9e4b32b,1,1,0.176558,0.0072,gauss1,BP03_12MP_NL_JPEG.mat,2,4585.0
flickr_referenced/D10_iPhone_8_Plus/D10_iPhone_8_Plus_41182708700.jpg,63d457952e3ec92de3a237e4247aa9e4a8b349dc7da3a079b64f94655ac3cc22,1,1,0.011348,0.0072,gauss1,BP03_12MP_NL_JPEG.mat,2,3013.4
flickr_referenced/D10_iPhone_8_Plus/D10_iPhone_8_Plus_41476701580.jpg,e2e8827770337807f90bead5c5f3b3e60471ffbab5d1ec55c15c6652ec96ddc9,1,1,0.096536,0.0072,gauss1,BP03_12MP_NL_JPEG.mat,0,2853.7
flickr_referenced/D10_iPhone_8_Plus/D10_iPhone_8_Plus_41476701660.jpg,f61f3868b6339f5b25269abd55b0e170de66b248c5f0552bbdb94723fc22f888,1,1,0.102604,0.0072,gauss1,BP03_12MP_NL_JPEG.mat,0,2932.6
flickr_referenced/D10_iPhone_8_Plus/D10_iPhone_8_Plus_41476701840.jpg,c91644b4b73aa62443e6636d760b2d83e5e9d72652e6c3a941292f09720e861f,1,1,0.068442,0.0072,gauss1,BP03_12MP_NL_JPEG.mat,0,2693.3
flickr_referenced/D10_iPhone_8_Plus/D10_iPhone_8_Plus_41476703180.jpg,c245007c38bfc7a87873b6f16075ac3284199a23dd4d102e0615ed34d0b4b642,1,1,0.14326,0.0072,gauss1,BP03_12MP_NL_JPEG.mat,0,2891.7
flickr_referenced/D10_iPhone_8_Plus/D10_iPhone_8_Plus_41476708350.jpg,bcc44344e776f15f2cb280d90fc9864c9c48e96478c01cfb5db513d229ff2720,1,1,0.029871,0.0072,gauss1,BP03_12MP_NL_JPEG.mat,0,2585.4
flickr_referenced/D10_iPhone_8_Plus/D10_iPhone_8_Plus_41476708980.jpg,5533e918c79cc34156fb13f631eb761c0da36f2921037e7716409edac7e6a2f5,1,1,0.138191,0.0072,gauss1,BP03_12MP_NL_JPEG.mat,0,2747.1
flickr_referenced/D10_iPhone_8_Plus/D10_iPhone_8_Plus_42274504364.jpg,46a9a5df274b2e7a1a5a124b74064bccf3cb9c7377db2d8c31c6d8a7ff721a72,1,1,0.013144,0.0072,gauss1,BP03_12MP_NL_JPEG.mat,2,3078.6
flickr_referenced/D10_iPhone_8_Plus/D10_iPhone_8_Plus_42382950165.jpg,07ebe77ae726b0bbcc77baacf9ec7c558caadefdc4166a583a50e22a03f840df,1,1,0.085327,0.0072,gauss1,BP03_12MP_NL_JPEG.mat,0,2646.2
flickr_referenced/D10_iPhone_8_Plus/D10_iPhone_8_Plus_42382950385.jpg,0f554ded099365d581483c312effe49a397d8610ee1eda393ea04efb7ea112e4,1,1,0.119465,0.0072,gauss1,BP03_12MP_NL_JPEG.mat,0,2672.0
flickr_referenced/D10_iPhone_8_Plus/D10_iPhone_8_Plus_42382950395.jpg,0cb5606d853bd460704888b6c46b99cb72fa4e21d3cc1efbc7322e4f0fdc88a3,1,1,0.122859,0.0072,gauss1,BP03_12MP_NL_JPEG.mat,0,6064.9
flickr_referenced/D10_iPhone_8_Plus/D10_iPhone_8_Plus_42382950415.jpg,55f5110a51e217551b6830592e2b3350374babc90bc425fa085a72b0cf11b00f,1,1,0.100179,0.0072,gauss1,BP03_12MP_NL_JPEG.mat,0,3970.1
flickr_referenced/D10_iPhone_8_Plus/D10_iPhone_8_Plus_42382950445.jpg,3187e6e5958aae7375af493cc2fa5aa311b958ca5a6411e023fe923d9e6b8564,1,1,0.066228,0.0072,gauss1,BP03_12MP_NL_JPEG.mat,0,2786.1
flickr_referenced/D10_iPhone_8_Plus/D10_iPhone_8_Plus_42382950595.jpg,ac8adad4e225919a070c76af3ee4489234458f3367f32de9eb0198fc5b9b1ee7,1,1,0.089364,0.0072,gauss1,BP03_12MP_NL_JPEG.mat,0,2941.7
flickr_referenced/D10_iPhone_8_Plus/D10_iPhone_8_Plus_42382956095.jpg,f05056e4a01dc0bc48fcc870aa59f2edc371b73890643338454e6e1ae9e79a54,1,1,0.114359,0.0072,gauss1,BP03_12MP_NL_JPEG.mat,0,2711.0
flickr_referenced/D10_iPhone_8_Plus/D10_iPhone_8_Plus_42382956385.jpg,8f5b8a40379430303410d19bfc58f7ed71589a2f625ab74268fd59f278e8fe2f,1,1,0.063441,0.0072,gauss1,BP03_12MP_NL_JPEG.mat,0,2660.2
flickr_referenced/D10_iPhone_8_Plus/D10_iPhone_8_Plus_42382956485.jpg,89a4a4c7d464aa9a50832b85386e6babd78cda1f25e604cedd7fdb3898afb05f,1,1,0.101656,0.0072,gauss1,BP03_12MP_NL_JPEG.mat,0,2961.4
flickr_referenced/D10_iPhone_8_Plus/D10_iPhone_8_Plus_42382957015.jpg,4b457eefea48d14fd7d01e39baf2284315cc71f9de59822cb98d88d41d427d0f,1,1,0.114441,0.0072,gauss1,BP03_12MP_NL_JPEG.mat,0,2580.5
flickr_referenced/D10_iPhone_8_Plus/D10_iPhone_8_Plus_42382962535.jpg,81b829f6a5fed721098e7c28d1e196f4b497f0b92a57f013ec8266d809cba322,1,1,0.038823,0.0072,gauss1,BP03_12MP_NL_JPEG.mat,0,2686.7
flickr_referenced/D10_iPhone_8_Plus/D10_iPhone_8_Plus_42382962795.jpg,a8902c3cf21c3279eed8ff9fc33ef8b601967ef2a0584e54925a2511b33e6603,1,1,0.099345,0.0072,gauss1,BP03_12MP_NL_JPEG.mat,2,5601.1
flickr_referenced/D10_iPhone_8_Plus/D10_iPhone_8_Plus_42382963285.jpg,1bfa7840735ae8919f9c6c72e41b84100e86c542d81afb6ce61b1a654c8c230c,1,1,0.027919,0.0072,gauss1,BP03_12MP_NL_JPEG.mat,0,3803.8
flickr_referenced/D10_iPhone_8_Plus/D10_iPhone_8_Plus_42382963615.jpg,80620f33796f5a5c9aad0c7550d24398689a0d25c002b6a70bd2141bf6cf3a19,1,1,0.026361,0.0072,gauss1,BP03_12MP_NL_JPEG.mat,0,2601.6
flickr_referenced/D10_iPhone_8_Plus/D10_iPhone_8_Plus_42466171875.jpg,c40b94c8ba67c17d884a23250cb001ff911b90ece291bab459b4e723a44fa575,1,1,0.17585,0.0072,gauss1,BP03_12MP_NL_JPEG.mat,0,2716.6
flickr_referenced/D10_iPhone_8_Plus/D10_iPhone_8_Plus_42466171975.jpg,6113fe545e2288067888263679e9d08173f6049ccbf5270e2134702934b7b5c1,1,1,0.121466,0.0072,gauss1,BP03_12MP_NL_JPEG.mat,2,3227.7
flickr_referenced/D10_iPhone_8_Plus/D10_iPhone_8_Plus_42466171995.jpg,260aaa9cc40835c0f05efa888f530ca50e445c2d7a3e136a22e63b3a95168409,1,1,0.123471,0.0072,gauss1,BP03_12MP_NL_JPEG.mat,2,2993.7
flickr_referenced/D10_iPhone_8_Plus/D10_iPhone_8_Plus_42466172045.jpg,ae1c08317002432a314ae18c3b7ab814d3a6852ee59cf8531c4afc31daab076b,1,1,0.155619,0.0072,gauss1,BP03_12MP_NL_JPEG.mat,0,2752.3
flickr_referenced/D10_iPhone_8_Plus/D10_iPhone_8_Plus_42466175205.jpg,2020224e4163836d2f0e35aee2b9fa2e0735decb5acb67e3b1837c3990a0487f,1,1,0.13398,0.0072,gauss1,BP03_12MP_NL_JPEG.mat,2,3161.9
flickr_referenced/D10_iPhone_8_Plus/D10_iPhone_8_Plus_42568489884.jpg,3b5e9dd4fdd969b2f6ad7ee77bf5ded609f451044d93919675742f08b366c138,1,1,0.093262,0.0072,gauss1,BP03_12MP_NL_JPEG.mat,0,3280.5
flickr_referenced/D10_iPhone_8_Plus/D10_iPhone_8_Plus_42568490354.jpg,6b628cc9ec7fcebcca3611bc9185b4bbc2a2ce5a02be24b39ddeee218d87770e,1,1,0.111847,0.0072,gauss1,BP03_12MP_NL_JPEG.mat,0,5701.5
flickr_referenced/D10_iPhone_8_Plus/D10_iPhone_8_Plus_42568491494.jpg,2f6f7446abd2a331cdbfcf87332b96266af983777a28b623455055a45aa6288e,1,1,0.137799,0.0072,gauss1,BP03_12MP_NL_JPEG.mat,0,2985.2
flickr_referenced/D10_iPhone_8_Plus/D10_iPhone_8_Plus_42568496454.jpg,b7728ff83f640f9b17f944bb4c1b7041d8f312f3a848d00afef2a81548efbbb4,1,1,0.172323,0.0072,gauss1,BP03_12MP_NL_JPEG.mat,0,2579.6
flickr_referenced/D10_iPhone_8_Plus/D10_iPhone_8_Plus_42653722014.jpg,70fc381eb154c2b6b12f164160f9068fd276c9294fff73a8b073d8f942725012,1,1,0.160713,0.0072,gauss1,BP03_12MP_NL_JPEG.mat,0,2713.5
flickr_referenced/D10_iPhone_8_Plus/D10_iPhone_8_Plus_42653723424.jpg,cad6639d47ae9c89986920b76845f669c378784e05bb2341ed6d1581a706e800,1,1,0.167494,0.0072,gauss1,BP03_12MP_NL_JPEG.mat,0,2896.6
flickr_referenced/D10_iPhone_8_Plus/D10_iPhone_8_Plus_42992887281.jpg,76a3939e4ed0a5c882d936a2cd1a2077f43f30399491a8d4973a21e2b80079fd,1,1,0.057518,0.0072,gauss1,BP03_12MP_NL_JPEG.mat,2,4958.3
flickr_referenced/D10_iPhone_8_Plus/D10_iPhone_8_Plus_43237306492.jpg,c6969daf092e2a9f1ee60aa773f56335a0c7f6abf6e3a7aa5a1c9beca99f533e,1,1,0.127272,0.0072,gauss1,BP03_12MP_NL_JPEG.mat,0,3301.8
flickr_referenced/D10_iPhone_8_Plus/D10_iPhone_8_Plus_43237306532.jpg,f2049e0ded33bb01afc0f25a134278e8c112292978dba2bbb23897f17467376d,1,1,0.139542,0.0072,gauss1,BP03_12MP_NL_JPEG.mat,0,2821.8
flickr_referenced/D10_iPhone_8_Plus/D10_iPhone_8_Plus_43237307032.jpg,4bf2ac683b98fd2dc299ce1e9aad90119d0f7b5dff7304b58d3632a45dd7b454,1,1,0.124068,0.0072,gauss1,BP03_12MP_NL_JPEG.mat,0,2719.1
flickr_referenced/D10_iPhone_8_Plus/D10_iPhone_8_Plus_43237311332.jpg,19a4b366d9a5821489b3d3acfe65000a1062ab41d4aa44b9f4470f90dd835fb7,1,1,0.118598,0.0072,gauss1,BP03_12MP_NL_JPEG.mat,2,3109.1
flickr_referenced/D10_iPhone_8_Plus/D10_iPhone_8_Plus_43237311902.jpg,4cbddf6ae46d4870ac4c8d0ccd9a880bd7a6ecd9567a273ee5fac8e5d18f1356,1,1,0.032305,0.0072,gauss1,BP03_12MP_NL_JPEG.mat,0,2862.7
flickr_referenced/D10_iPhone_8_Plus/D10_iPhone_8_Plus_43237312242.jpg,7462ae63fc37a5124216a8672f5808a7c929173981f1527dbe58967a1d3d003c,1,1,0.025238,0.0072,gauss1,BP03_12MP_NL_JPEG.mat,0,2653.6
flickr_referenced/D10_iPhone_8_Plus/D10_iPhone_8_Plus_43286603591.jpg,3a2a44529a4cc81e1a81e64fd586dac758712d8f6b9ef447f6d2dc43353d5565,1,1,0.103265,0.0072,gauss1,BP03_12MP_NL_JPEG.mat,0,2755.2
flickr_referenced/D10_iPhone_8_Plus/D10_iPhone_8_Plus_43286604941.jpg,e584a9a87103a229c990acb7e2b36769cca91c1a732ef885236977ceab1a0520,1,1,0.131192,0.0072,gauss1,BP03_12MP_NL_JPEG.mat,0,5179.5
flickr_referenced/D10_iPhone_8_Plus/D10_iPhone_8_Plus_43286608361.jpg,b650ca9dfc918ad94c23db8ce603cc28b5fd71e0c3f8efc78ea45f52180dcf78,1,1,0.104496,0.0072,gauss1,BP03_12MP_NL_JPEG.mat,0,3319.3
flickr_referenced/D10_iPhone_8_Plus/D10_iPhone_8_Plus_43286609191.jpg,3524e2f1a3347d61e80371c49d6f95bf653d9b7c1fce1d1e713bd62883d87222,1,1,0.121125,0.0072,gauss1,BP03_12MP_NL_JPEG.mat,0,2940.5
flickr_referenced/D10_iPhone_8_Plus/D10_iPhone_8_Plus_43286610151.jpg,52821f5a33d18664d5dc69a2a99e710b5fe791f47b0ff43b4125783931579166,1,1,0.029721,0.0072,gauss1,BP03_12MP_NL_JPEG.mat,0,2688.3
flickr_referenced/D10_iPhone_8_Plus/D10_iPhone_8_Plus_43286610431.jpg,d76d58562914eab97e81746381a7b4b850ebab451f7ae896d9ad9fec2cef7c35,1,1,0.108095,0.0072,gauss1,BP03_12MP_NL_JPEG.mat,0,6343.5
flickr_referenced/D10_iPhone_8_Plus/D10_iPhone_8_Plus_43321809692.jpg,d0e7f0789c4a6d2207468a07dcdffb0845a246d8659040d641772a6bad2a2e6a,1,1,0.102856,0.0072,gauss1,BP03_12MP_NL_JPEG.mat,2,4336.0
flickr_referenced/D10_iPhone_8_Plus/D10_iPhone_8_Plus_43370368381.jpg,b5be0f1548054081c24fde7e3d049b9d348e52c30f18da9226dce5f5019b7a37,1,1,0.128583,0.0072,gauss1,BP03_12MP_NL_JPEG.mat,0,2917.4
flickr_referenced/D11_iPhone_8_Plus/D11_iPhone_8_Plus_25595287527.jpg,8ca28e4363039e1a0476432e7ed0038b7a710988ab749df8a7f069e088e6e930,1,1,0.023862,0.0072,gauss1,BP03_12MP_NL_JPEG.mat,0,2737.9
flickr_referenced/D11_iPhone_8_Plus/D11_iPhone_8_Plus_25595289547.jpg,b0219883d10f0681eb48cb605bc8ee21769f3ced65a99b28a179d8c885e991c4,1,1,0.008298,0.0072,gauss1,BP03_12MP_NL_JPEG.mat,0,2640.4
flickr_referenced/D11_iPhone_8_Plus/D11_iPhone_8_Plus_25595289597.jpg,1b1a27987bd8e98cc23ad623c4f320c7541e78080a4f8dfdf3e2afec988294b4,1,0,0.006819,0.0072,gauss1,,,2724.6
flickr_referenced/D11_iPhone_8_Plus/D11_iPhone_8_Plus_25595289767.jpg,e86f8dfba327af3bd35c5568d3e0ca4eda15f73a3a55560870d5f818b60db1e3,1,0,0.006022,0.0072,gauss1,,,2984.2
flickr_referenced/D11_iPhone_8_Plus/D11_iPhone_8_Plus_26595593638.jpg,182c20be916b781dbd81005c5e147cf1665df742f32ec2419fc29fdd76620fc1,1,0,0.006279,0.0072,gauss1,,,2753.1
flickr_referenced/D11_iPhone_8_Plus/D11_iPhone_8_Plus_26595593718.jpg,2be25b85fdee691bbdac2fea154e89147f7a2e3bd17248dfda92c5d2a548ce77,1,0,0.00537,0.0072,gauss1,,,2836.5
flickr_referenced/D11_iPhone_8_Plus/D11_iPhone_8_Plus_26595594378.jpg,1b5501f25fcd6c1f4e669ee09e6758028ae85776bc52cc7705a6fa8312ab6d97,1,1,0.008281,0.0072,gauss1,BP03_12MP_NL_JPEG.mat,0,6593.6
flickr_referenced/D11_iPhone_8_Plus/D11_iPhone_8_Plus_26597793248.jpg,dd48b8fe6911cf9386ad16cfffe73aeb209aa9aa0d47916a5653dfd65fed9767,1,0,0.004059,0.0072,gauss1,,,3195.9
flickr_referenced/D11_iPhone_8_Plus/D11_iPhone_8_Plus_26597793748.jpg,8f2c9e7e8d861b961e0e4e2dc9993e66aba099bf662257426f53b60471871f0f,1,1,0.016322,0.0072,gauss1,BP03_12MP_NL_JPEG.mat,0,2810.8
flickr_referenced/D11_iPhone_8_Plus/D11_iPhone_8_Plus_38655943590.jpg,0ff219760a98300fa729f725233b171685300e797f1157981d3a8143989da29b,1,0,0.003697,0.0072,gauss1,,,2702.8
flickr_referenced/D11_iPhone_8_Plus/D11_iPhone_8_Plus_38658105280.jpg,efb3542d4030f5d5198871528c252f68f7b542148eab93ce9ad7f41e6a0ed5c9,1,1,0.008856,0.0072,gauss1,BP03_12MP_NL_JPEG.mat,0,2796.9
flickr_referenced/D11_iPhone_8_Plus/D11_iPhone_8_Plus_38658108310.jpg,650ae7272fdea248b71a4dc8ccbcb3ea3ff87e79f13de01efeca65c9ac54c6b7,1,0,0.004934,0.0072,gauss1,,,2818.0
flickr_referenced/D11_iPhone_8_Plus/D11_iPhone_8_Plus_38658110770.jpg,c1d18bf76d57e9462f112f95cce2d6968ba67df719bfe0700ee8bd37f6cca856,1,0,0.002781,0.0072,gauss1,,,2703.1
flickr_referenced/D11_iPhone_8_Plus/D11_iPhone_8_Plus_39570494505.jpg,27a60c1cc72a23323bf6167212e4cbc282da0e1d640500ebdecf33bad9cccacc,1,1,0.008969,0.0072,gauss1,BP03_12MP_NL_JPEG.mat,0,2812.6
flickr_referenced/D11_iPhone_8_Plus/D11_iPhone_8_Plus_39570494905.jpg,a72e46c5b840df4581031668f68639fc9f20cfef87bc96f2048d85968b2bd52e,1,1,0.012331,0.0072,gauss1,BP03_12MP_NL_JPEG.mat,0,4848.9
flickr_referenced/D11_iPhone_8_Plus/D11_iPhone_8_Plus_40424967512.jpg,ab3d9aa2ea3ce2b84ee237af936b6dadc8585ca8441b2080a77046fb4c2f7bde,1,0,0.003818,0.0072,gauss1,,,3780.0
flickr_referenced/D11_iPhone_8_Plus/D11_iPhone_8_Plus_40466258391.jpg,06c356dd3d62cc5699066fad12da94b5e4f8290a349b17ce412472dfbd4b1b5f,1,0,0.002694,0.0072,gauss1,,,2588.2
flickr_referenced/D17_iPhone_X/D17_iPhone_X_28643913787.jpg,8e31546373275708a8a5f89bc96ab6a0d361c3f6b28ae13e91b3b86285bbf513,1,1,0.330812,0.0072,gauss1,BP08_12MP_NL_JPEG.mat,0,2966.8
flickr_referenced/D17_iPhone_X/D17_iPhone_X_28643985937.jpg,83023cfa342d0ff2005bd95a8ea66c5ac21e425a9fc68180f4cb494435559d57,1,1,0.47858,0.0072,gauss1,BP08_12MP_NL_JPEG.mat,0,2988.0
flickr_referenced/D17_iPhone_X/D17_iPhone_X_28643991617.jpg,464a0bca92802e1dbe1ea461a2f766720e38c618e530f32013cb70130fee4ee4,1,1,0.454518,0.0072,gauss1,BP08_12MP_NL_JPEG.mat,0,2628.5
flickr_referenced/D17_iPhone_X/D17_iPhone_X_28644378137.jpg,dba8bc35c775b7cdc256f6bf6a9b2c9cff5e6dcbf1a3658c31b2eccca1f5f3fb,1,1,0.052129,0.0072,gauss1,BP03_12MP_NL_JPEG.mat,2,2819.5
flickr_referenced/D17_iPhone_X/D17_iPhone_X_28644378417.jpg,aff46b31cecc2fc4844aa96a01d31199ecc814b17d405612cefe0a3d0dad3c07,1,1,0.029082,0.0072,gauss1,BP03_12MP_NL_JPEG.mat,2,3079.5
flickr_referenced/D17_iPhone_X/D17_iPhone_X_29660046088.jpg,b3797881dccaf1fca7b549d278a30bbec2c75f5b1d353144bb8f7ab1dd3268d9,1,1,0.063544,0.0072,gauss1,BP03_12MP_NL_JPEG.mat,0,2576.6
flickr_referenced/D17_iPhone_X/D17_iPhone_X_29660047018.jpg,ba80756d9a4dc5ad0d5a318d2629ba52cade832ece73073f98c21da7d2c78768,1,1,0.020739,0.0072,gauss1,BP03_12MP_NL_JPEG.mat,0,2710.4
flickr_referenced/D17_iPhone_X/D17_iPhone_X_29775534008.jpg,da997998bb0b4f3b6f4965193b1c3a771d964bb15eb9f575505a1806cc832bd1,1,1,0.165716,0.0072,gauss1,BP03_12MP_NL_JPEG.mat,0,2915.4
flickr_referenced/D17_iPhone_X/D17_iPhone_X_41722992700.jpg,c69a7dfd56f10c053c8a3423b419dcb8bcbe317a2baecf60e1c051d1fbcb3ea6,1,1,0.32353,0.0072,gauss1,BP08_12MP_NL_JPEG.mat,0,5236.3
flickr_referenced/D17_iPhone_X/D17_iPhone_X_41723293220.jpg,81f9876791963919cf6f30dec64a3158ed0db04e739bc07d8bf6fbfff0dd9ab6,1,1,0.111569,0.0072,gauss1,BP03_12MP_NL_JPEG.mat,0,2814.5
flickr_referenced/D17_iPhone_X/D17_iPhone_X_41723441030.jpg,06b08e30dc266c2974b1a6c26c0df8c4b3203461ed4e484bf1b72001b16ebc2d,1,1,0.026004,0.0072,gauss1,BP03_12MP_NL_JPEG.mat,0,2741.3
flickr_referenced/D17_iPhone_X/D17_iPhone_X_41723492620.jpg,2edefb77335a808a1bc45f80cf90a399eb3036c6d6a2708b2dd5f10e224e9507,1,1,0.018148,0.0072,gauss1,BP03_12MP_NL_JPEG.mat,0,2584.0
flickr_referenced/D17_iPhone_X/D17_iPhone_X_42626822215.jpg,6b56605c3a893b82d2645050f199728f16274c42cfb1cf82c043b0e4edfcbeed,1,1,0.320111,0.0072,gauss1,BP08_12MP_NL_JPEG.mat,0,2929.2
flickr_referenced/D17_iPhone_X/D17_iPhone_X_42627075685.jpg,08885cf6f1172b1612893f8672bf77e653778eada627c8d72235e9dba37338e3,1,1,0.042951,0.0072,gauss1,BP03_12MP_NL_JPEG.mat,0,2875.1
flickr_referenced/D17_iPhone_X/D17_iPhone_X_42814343844.jpg,c8387ab2b6a9442afeb5c245884a2600bcfd53be07738054395643fcc2bc05d0,1,1,0.42774,0.0072,gauss1,BP08_12MP_NL_JPEG.mat,0,2604.4
flickr_referenced/D17_iPhone_X/D17_iPhone_X_42814448804.jpg,e2de7a884de00d549371fb739dfe56722152e1ce4277b13f58ee3eb83d6d4d9c,1,1,0.395155,0.0072,gauss1,BP08_12MP_NL_JPEG.mat,0,2674.9
flickr_referenced/D17_iPhone_X/D17_iPhone_X_42814596094.jpg,8ca23f27326a238789ef546cae4ddf490b537c081f17bd4f5038523d75493fb3,1,1,0.054902,0.0072,gauss1,BP03_12MP_NL_JPEG.mat,0,2781.1
flickr_referenced/D17_iPhone_X/D17_iPhone_X_43484018162.jpg,e4d62109968107f5b4c4bcc221156ea1a3158d9a62ef99fa202d4f5b08a2e82b,1,1,0.444012,0.0072,gauss1,BP08_12MP_NL_JPEG.mat,0,2941.2
flickr_referenced/D17_iPhone_X/D17_iPhone_X_43484074592.jpg,d77038befd1ca8eb04b84f0bc7dbb2dd7b744be3a7cde4aaa1192ed836c2dfd5,1,1,0.477795,0.0072,gauss1,BP08_12MP_NL_JPEG.mat,0,2692.2
flickr_referenced/D17_iPhone_X/D17_iPhone_X_43531445621.jpg,26fbef4e69412826cc4f62228b3538987f51ae56f98cc84e9751b48812042898,1,1,0.418449,0.0072,gauss1,BP08_12MP_NL_JPEG.mat,0,2712.2
flickr_referenced/D17_iPhone_X/D17_iPhone_X_43531837951.jpg,b85bdd5e14b9c42cdacb03be810e423daff77ac936def2099aa47d292ee4721a,1,1,0.037055,0.0072,gauss1,BP03_12MP_NL_JPEG.mat,0,2885.3
flickr_referenced/D17_iPhone_X/D17_iPhone_X_43531918701.jpg,5ddc39b0eef8adc65403628876d2e35195307eda6a57256be5f22c02dcb69e8b,1,1,0.013647,0.0072,gauss1,BP03_12MP_NL_JPEG.mat,2,5236.4
flickr_referenced/D18_iPhone_X/D18_iPhone_X_28320466008.jpg,758b91d3059ab72d64434a479f5afb8a7e41f0f7fb9dc927c7d1368e534e8e3a,1,0,0.00398,0.0072,gauss1,,,3045.2
flickr_referenced/D18_iPhone_X/D18_iPhone_X_28320466678.jpg,229a23aa4865e18c6f33798ef64eba3f7c24b198156b1a6576242e080cb1b195,1,1,0.007381,0.0072,gauss1,BP08_12MP_NL_JPEG.mat,2,3140.6
flickr_referenced/D18_iPhone_X/D18_iPhone_X_40385940160.jpg,ac969ee64415e621c38f377d4dd8b939dd51dfc84c30e2df621ad584b27c126b,1,0,0.00292,0.0072,gauss1,,,2940.3
flickr_referenced/D18_iPhone_X/D18_iPhone_X_41291792955.jpg,50040f51ceaabbbba1d102f1282c1128deb296b98505dbca72c05b423715a678,1,0,0.00568,0.0072,gauss1,,,2727.2
flickr_referenced/D18_iPhone_X/D18_iPhone_X_41291795015.jpg,198c76201f181773e339f8729dae89cd5a92cab60b4c5beef73c770dfa645e54,1,0,0.001346,0.0072,gauss1,,,2909.2
flickr_referenced/D18_iPhone_X/D18_iPhone_X_41292591665.jpg,16fb90a5ceda03e5b55d3510f0cfcb1e334549b79ee024f99699a57b51951a2e,1,0,0.004184,0.0072,gauss1,,,2960.0
flickr_referenced/D18_iPhone_X/D18_iPhone_X_41292593465.jpg,dd3bcf4048d6efed61039e2e13e0957564d441458af2652ac40dd0fd04ef7a78,1,1,0.00835,0.0072,gauss1,BP08_12MP_NL_JPEG.mat,0,2921.4
flickr_referenced/D18_iPhone_X/D18_iPhone_X_42192912951.jpg,9082a5a6d5afc0558bb7a11926ef3c13b41e693dafee418534c3eb5f397f6842,1,0,0.003233,0.0072,gauss1,,,3091.1
flickr_referenced/D19_iPhone_X/D19_iPhone_X_27632433907.jpg,e3107781b6c9a71ebb59a4b98a22512afc24e7001a21d2b5651101f2ca8ab2ff,1,1,0.029106,0.0072,gauss1,BP03_12MP_NL_JPEG.mat,0,2752.6
flickr_referenced/D19_iPhone_X/D19_iPhone_X_27632434347.jpg,6da17b8ca5743edf6e271042669b22cc671d8cdbbc3498198a4fef0ba337503d,1,1,0.016497,0.0072,gauss1,BP03_12MP_NL_JPEG.mat,0,2897.3
flickr_referenced/D19_iPhone_X/D19_iPhone_X_27632435167.jpg,fe514a251e9ed6ab0c4b3ada302526a74290024c48e265b4838a656fd13467b6,1,1,0.02334,0.0072,gauss1,BP03_12MP_NL_JPEG.mat,0,2645.8
flickr_referenced/D19_iPhone_X/D19_iPhone_X_27632436277.jpg,65be9f64fa0206662aecb603380e483ff312e979d376b8e2a3becceb0210fe52,1,1,0.031044,0.0072,gauss1,BP03_12MP_NL_JPEG.mat,2,2865.6
flickr_referenced/D19_iPhone_X/D19_iPhone_X_27632505557.jpg,13ab47bf41d4ca7f96f70b14e738bfdb8289c84bd69ed50085d34e2a394f977a,1,1,0.008942,0.0072,gauss1,BP03_12MP_NL_JPEG.mat,2,3079.7
flickr_referenced/D19_iPhone_X/D19_iPhone_X_27647789047.jpg,d81ab08fcb0e19a8e386ff02a07e4678ab1bec0adcde0e9b0b4d98845a62ca0b,1,1,0.020243,0.0072,gauss1,BP03_12MP_NL_JPEG.mat,2,2907.9
flickr_referenced/D19_iPhone_X/D19_iPhone_X_28630363778.jpg,94b71f23ec640a31b29970f6b46782fa1921ff736777b008c7f8af8efdfc9851,1,0,0.001347,0.0072,gauss1,,,2793.4
flickr_referenced/D19_iPhone_X/D19_iPhone_X_40695239740.jpg,2ad85cfae07ec93b15b1a9aeeb3cedf16581593b432763e3029f11068658c849,1,1,0.073503,0.0072,gauss1,BP03_12MP_NL_JPEG.mat,0,5018.0
flickr_referenced/D19_iPhone_X/D19_iPhone_X_40695248600.jpg,bd7191a0b3f874a33f78832b327b180739499cc417f86696c548e357e2f54126,1,1,0.021099,0.0072,gauss1,BP03_12MP_NL_JPEG.mat,0,3124.2
flickr_referenced/D19_iPhone_X/D19_iPhone_X_40695308750.jpg,27dfa527e1cdb2bd99a3d86c9fb36c5ee3f8977a69de82e99e536f7e064f94c7,1,1,0.021845,0.0072,gauss1,BP03_12MP_NL_JPEG.mat,0,2881.0
flickr_referenced/D19_iPhone_X/D19_iPhone_X_41596835755.jpg,8e1e4cf1962c0775620904183d4ae820be04e520d541816bb4c76018d2fda1c7,1,1,0.016293,0.0072,gauss1,BP03_12MP_NL_JPEG.mat,0,6638.7
flickr_referenced/D19_iPhone_X/D19_iPhone_X_41596836155.jpg,5375539d809918337b1d9fc9f540a4493de404b8dc9049eb099a5dcc10fcdf9d,1,1,0.04987,0.0072,gauss1,BP08_12MP_NL_JPEG.mat,2,3235.3
flickr_referenced/D19_iPhone_X/D19_iPhone_X_41596845995.jpg,6a14fa8ae026ff0e33e21b8ae9875c26e7d1d8fb37d6cd8a9a367b9bdbaf48e4,1,1,0.016613,0.0072,gauss1,BP03_12MP_NL_JPEG.mat,0,3313.2
flickr_referenced/D19_iPhone_X/D19_iPhone_X_41777147664.jpg,a7413327499aa72add1d69c7b41d4e79f6ba0bfde85902909cf24c567286ab45,1,1,0.19084,0.0072,gauss1,BP03_12MP_NL_JPEG.mat,0,2661.4
flickr_referenced/D19_iPhone_X/D19_iPhone_X_41780743784.jpg,be10d7ad0226356d7a680677eab57ad5361773ba6dfd4ffd332368c2ff440b48,1,1,0.014601,0.0072,gauss1,BP03_12MP_NL_JPEG.mat,2,3082.3
flickr_referenced/D19_iPhone_X/D19_iPhone_X_41780746014.jpg,d806cabcbe5106b3e5fae3c151eed7c41cf3097e2986b14a39acd7adddf1f0e4,1,1,0.012397,0.0072,gauss1,BP03_12MP_NL_JPEG.mat,2,2855.8
flickr_referenced/D19_iPhone_X/D19_iPhone_X_41780746974.jpg,625047cce6be7b424d44c1aaf93c132d205253e065d1b04dc9a6236c5911932d,1,1,0.017837,0.0072,gauss1,BP03_12MP_NL_JPEG.mat,0,2696.5
flickr_referenced/D19_iPhone_X/D19_iPhone_X_41780747524.jpg,c13bd46378ea71f984a702061bfa79b5492ebfa7008991d24d7170d8825feffe,1,1,0.018146,0.0072,gauss1,BP03_12MP_NL_JPEG.mat,2,3208.2
flickr_referenced/D19_iPhone_X/D19_iPhone_X_41780747924.jpg,d8f8b875c8b20dee3789793ab986e568e1f784e5c1025785e82d4a00342ef472,1,1,0.018284,0.0072,gauss1,BP03_12MP_NL_JPEG.mat,2,3006.1
flickr_referenced/D19_iPhone_X/D19_iPhone_X_42451462012.jpg,0db534b3769b4e2e1f2d4ff1200ac13294257571e99d82cf97cd9df4dd5c7010,1,1,0.008331,0.0072,gauss1,BP03_12MP_NL_JPEG.mat,2,2989.0
flickr_referenced/D19_iPhone_X/D19_iPhone_X_42499823181.jpg,2f90342a3e187d30788db3fbe181dec28cb5670ce07822220ec8d0383d9c7553,1,1,0.011165,0.0072,gauss1,BP08_12MP_NL_JPEG.mat,0,4708.3
flickr_referenced/D19_iPhone_X/D19_iPhone_X_42499940951.jpg,fa3d22abb470f3f907b33da2370ff9f7772d871edcaa129c3e6ac316c5d92579,1,1,0.014713,0.0072,gauss1,BP03_12MP_NL_JPEG.mat,0,3384.8
flickr_referenced/D19_iPhone_X/D19_iPhone_X_42499942881.jpg,0e897fe8381a9fa641dcd6d7a603a606e0ec71c3e8bb8ddf9dde83ff35bdf2e7,1,1,0.012351,0.0072,gauss1,BP03_12MP_NL_JPEG.mat,0,2958.7
flickr_referenced/D64_iPhone_13_Pro/D64_iPhone_13_Pro_53123486377.jpg,06e8decac898be1bd2600f3bb509a0f46e6c045c34c0406f69456175171dde23,1,1,0.093452,0.0072,gauss1,BP06_12MP_SLM_HEIC.mat,2,2910.5
flickr_referenced/D64_iPhone_13_Pro/D64_iPhone_13_Pro_53123519002.jpg,6181c8a9bd4553a805b13f3faad9ff5a3a30d93c2efaa51a23cc2009149df5d4,1,1,0.070883,0.0072,gauss1,BP06_12MP_SLM_HEIC.mat,2,3074.6
flickr_referenced/D64_iPhone_13_Pro/D64_iPhone_13_Pro_53123530602.jpg,80d0dfd8380fc4b2ea9b9996882730039f3ad9a7e26be4bbed2c3ed1315ae3c6,1,1,0.053077,0.0072,gauss1,BP06_12MP_NL_HEIC.mat,2,3157.6
flickr_referenced/D64_iPhone_13_Pro/D64_iPhone_13_Pro_53123534022.jpg,dcb8cb39fb4a45b4c56afad889c7614999d4cec17bd64a28713861ef27f97b77,1,1,0.094106,0.0072,gauss1,BP06_12MP_SLM_HEIC.mat,2,2992.6
flickr_referenced/D64_iPhone_13_Pro/D64_iPhone_13_Pro_53124088311.jpg,6980fb0a5a21e579a25de7feca85cf0e6e3271bb5bf958924567ad3335683232,1,1,0.09473,0.0072,gauss1,BP06_12MP_SLM_HEIC.mat,2,3313.0
flickr_referenced/D64_iPhone_13_Pro/D64_iPhone_13_Pro_53124127566.jpg,b29805945c93afee63eb08529e950f7d45d2529493dc8bfaa32c12d130eae59f,1,1,0.094815,0.0072,gauss1,BP06_12MP_SLM_HEIC.mat,2,3000.8
flickr_referenced/D64_iPhone_13_Pro/D64_iPhone_13_Pro_53124136756.jpg,1c9389e230ea87814af04746f9b393c6e966ded893f9e1cc2453c004e2e20c7d,1,1,0.097228,0.0072,gauss1,BP06_12MP_SLM_HEIC.mat,2,3264.7
flickr_referenced/D64_iPhone_13_Pro/D64_iPhone_13_Pro_53124291359.jpg,3442c7270c30720736f303fa1a20818ba1725e3121a4a4d3c65faeec0d170531,1,1,0.260135,0.0072,gauss1,BP06_12MP_SLM_HEIC.mat,2,2944.9
flickr_referenced/D64_iPhone_13_Pro/D64_iPhone_13_Pro_53124291459.jpg,ad157cbe8676cde4917b6fef4a34810df5d9c36573d8a0f57939757e458fdda6,1,1,0.080272,0.0072,gauss1,BP06_12MP_SLM_HEIC.mat,2,3252.0
flickr_referenced/D64_iPhone_13_Pro/D64_iPhone_13_Pro_53124297749.jpg,2ae95b202c7fd38697c386c847294be7614334b7687abb31b7ae91bebda837eb,1,1,0.067635,0.0072,gauss1,BP06_12MP_NL_HEIC.mat,2,2968.4
flickr_referenced/D64_iPhone_13_Pro/D64_iPhone_13_Pro_53124324714.jpg,5850f037280bb9f0e15ddad7b004ca5c6ebda22126115e793e04a05ad80178ba,1,1,0.067597,0.0072,gauss1,BP06_12MP_SLM_HEIC.mat,2,3284.2
flickr_referenced/D64_iPhone_13_Pro/D64_iPhone_13_Pro_53124326879.jpg,e7132d77344ffaf54bcf66961b78ffcedad69efc0927ec4221fa5abe3ec5eb48,1,1,0.05516,0.0072,gauss1,BP06_12MP_NL_HEIC.mat,2,2998.3
flickr_referenced/D64_iPhone_13_Pro/D64_iPhone_13_Pro_53124335974.jpg,34fe161faefd7d4eefde6fe53e8eaec96f9a619def50830e34e58da80622e29c,1,1,0.083727,0.0072,gauss1,BP06_12MP_SLM_HEIC.mat,2,3081.0
flickr_referenced/D64_iPhone_13_Pro/D64_iPhone_13_Pro_53124339229.jpg,19c4e81ce8409f19370ee7cd9de74523bb8288dee8c5c81648c14dfd38d3088c,1,1,0.053179,0.0072,gauss1,BP06_12MP_NL_HEIC.mat,2,2976.2
flickr_referenced/D64_iPhone_13_Pro/D64_iPhone_13_Pro_53124339239.jpg,a01f134552b080715420bef9bd87528ecd23f82a2659c19fd564f9aeefd9624e,1,1,0.086629,0.0072,gauss1,BP06_12MP_SLM_HEIC.mat,2,3006.5
flickr_referenced/D64_iPhone_13_Pro/D64_iPhone_13_Pro_53124489585.jpg,4f57ef03449106d3d4c5c9a368b157d6b332701e29420329994899e33494375e,1,1,0.09288,0.0072,gauss1,BP06_12MP_SLM_HEIC.mat,2,3181.9
flickr_referenced/D64_iPhone_13_Pro/D64_iPhone_13_Pro_53124500290.jpg,eb1275d8eedfcc743d80ee5c46041302deea7d5f3cc804545688b723ae1f7a38,1,1,0.115641,0.0072,gauss1,BP06_12MP_SLM_HEIC.mat,2,3087.7
flickr_referenced/D64_iPhone_13_Pro/D64_iPhone_13_Pro_53124500300.jpg,041c9699861cfbb786404fd3abaee6fcfb6c2a1f24c4a69aa4f08fab8f0e8461,1,1,0.072801,0.0072,gauss1,BP06_12MP_SLM_HEIC.mat,2,3310.9
flickr_referenced/D64_iPhone_13_Pro/D64_iPhone_13_Pro_53124520085.jpg,8a0557179327b3ae9ed1b7a940bcc407f487ae2ccc30c9d843a7401c59ca24e9,1,1,0.054879,0.0072,gauss1,BP06_12MP_NL_HEIC.mat,2,3014.0
flickr_referenced/D64_iPhone_13_Pro/D64_iPhone_13_Pro_53124521095.jpg,80c27dbf1ec062b9c9945197cb380cd8d5b05877d788b1cbd45917596fcb3e5d,1,1,0.166188,0.0072,gauss1,BP06_12MP_SLM_HEIC.mat,2,3278.5
flickr_referenced/D64_iPhone_13_Pro/D64_iPhone_13_Pro_53124532730.jpg,4a143f7dc833354f9dc38c7441977670e309c48eeb42990aad91619bdf382a8b,1,1,0.083818,0.0072,gauss1,BP06_12MP_SLM_HEIC.mat,2,2940.5
flickr_referenced/D64_iPhone_13_Pro/D64_iPhone_13_Pro_53124582328.jpg,aacff90d3e9993fa7a73f302ad5321b4b6599cc7394778545aedad8039a5fc46,1,1,0.068496,0.0072,gauss1,BP06_12MP_SLM_HEIC.mat,2,3376.9
flickr_referenced/D64_iPhone_13_Pro/D64_iPhone_13_Pro_53124603723.jpg,05414284318bed7398e07bba8c78321441e36de455e1f9a433869b10d2613144,1,1,0.074757,0.0072,gauss1,BP06_12MP_SLM_HEIC.mat,2,2824.0
flickr_referenced/D64_iPhone_13_Pro/D64_iPhone_13_Pro_53124603728.jpg,1ce71ec3e0687944c3f2ae6fa29a40732db5d4f109112da00901f9c6657fe5b3,1,1,0.081947,0.0072,gauss1,BP06_12MP_SLM_HEIC.mat,2,5865.6
flickr_referenced/D64_iPhone_13_Pro/D64_iPhone_13_Pro_53124611528.jpg,e639651db636e88b2921ff9ba1a87e2c11997878b7b7cccdd967886546396dbe,1,1,0.16648,0.0072,gauss1,BP06_12MP_SLM_HEIC.mat,2,4858.1
flickr_referenced/D64_iPhone_13_Pro/D64_iPhone_13_Pro_53124617208.jpg,8ddf87abcaf1da1ec387dfbf15a8d698321bd168081517217758f711fd971607,1,1,0.296952,0.0072,gauss1,BP06_12MP_SLM_HEIC.mat,2,3429.3
flickr_referenced/D64_iPhone_13_Pro/D64_iPhone_13_Pro_53124617248.jpg,452990daae50c4395ebdd3e8d1e3ee5b26d8f470ed130ca2da47db1e00551a51,1,1,0.091669,0.0072,gauss1,BP06_12MP_SLM_HEIC.mat,2,3026.4
flickr_referenced/D64_iPhone_13_Pro/D64_iPhone_13_Pro_53148982637.jpg,045f343891ab3b4c85a3c8065374b18fa95005c0eaaf3b1e0e0c002d42c7038b,1,1,0.255409,0.0072,gauss1,BP06_12MP_SLM_HEIC.mat,2,3102.5
flickr_referenced/D64_iPhone_13_Pro/D64_iPhone_13_Pro_53148984602.jpg,bdad2b16ce8b3954c6d7200318ab558c8e5e6385e62e45861fd88966cf1d81e1,1,1,0.322319,0.0072,gauss1,BP06_12MP_SLM_HEIC.mat,2,2886.9
flickr_referenced/D64_iPhone_13_Pro/D64_iPhone_13_Pro_53148984612.jpg,111be3c6d022ad9f242f5003f8f7e4c87cc6e992965c12b22cfddc26386411c1,1,1,0.198772,0.0072,gauss1,BP06_12MP_SLM_HEIC.mat,2,3305.1
flickr_referenced/D64_iPhone_13_Pro/D64_iPhone_13_Pro_53148987277.jpg,5bad4398420b1297a3fe404002ecd5d7f25e9c52ec95a3a8dd3c07253fc12e09,1,1,0.204403,0.0072,gauss1,BP06_12MP_SLM_HEIC.mat,2,2892.3
flickr_referenced/D64_iPhone_13_Pro/D64_iPhone_13_Pro_53148991047.jpg,07d1d3d4a6bd6c7062880e535d191d6088a0c3c106398863d5730cca047f8bdb,1,1,0.179673,0.0072,gauss1,BP06_12MP_SLM_HEIC.mat,2,6108.3
flickr_referenced/D64_iPhone_13_Pro/D64_iPhone_13_Pro_53148991052.jpg,0609ae871bf86da2ce8c148da4831835b67f7666c8cb13bba894442036478adc,1,1,0.17375,0.0072,gauss1,BP06_12MP_SLM_HEIC.mat,2,3408.8
flickr_referenced/D64_iPhone_13_Pro/D64_iPhone_13_Pro_53148991057.jpg,8b0cb09f6634424c96b6dce2282cc1dd906bcc5c1df3582a906fd577697fb55c,1,1,0.211595,0.0072,gauss1,BP06_12MP_SLM_HEIC.mat,2,2934.9
flickr_referenced/D64_iPhone_13_Pro/D64_iPhone_13_Pro_53148991062.jpg,1e1eab20525236c79327f00746eddc5097144d7b497d65306f6b156cf2fa41a1,1,1,0.231244,0.0072,gauss1,BP06_12MP_SLM_HEIC.mat,2,3039.8
flickr_referenced/D64_iPhone_13_Pro/D64_iPhone_13_Pro_53148991067.jpg,8aa1d58794592ddbed040c6659a7f544c89ee51d50ad9ee35290457967f9b65b,1,1,0.191125,0.0072,gauss1,BP06_12MP_SLM_HEIC.mat,2,3164.0
flickr_referenced/D64_iPhone_13_Pro/D64_iPhone_13_Pro_53149566566.jpg,4336d5e928146bb260a13c390c9f8035f0150ac2b65596a58a79c41d87827b63,1,1,0.302268,0.0072,gauss1,BP06_12MP_SLM_HEIC.mat,2,2971.7
flickr_referenced/D64_iPhone_13_Pro/D64_iPhone_13_Pro_53149570256.jpg,9211cebebb84a5d41db64e4bcf7c980eeb8723be6d07e1e20d5f92bf6450f6cc,1,1,0.165427,0.0072,gauss1,BP06_12MP_SLM_HEIC.mat,2,3387.6
flickr_referenced/D64_iPhone_13_Pro/D64_iPhone_13_Pro_53149570316.jpg,8a446c86bfc52b1b97b3122400e4d5a0d1124fbc06567c9fe2c5e5715557f36c,1,1,0.270347,0.0072,gauss1,BP06_12MP_SLM_HEIC.mat,2,2999.3
flickr_referenced/D64_iPhone_13_Pro/D64_iPhone_13_Pro_53149766414.jpg,37eab29ea648902ed060afd32b7f6b5f7b0178c34e7c210bd8c1506fab4dcbe2,1,1,0.251091,0.0072,gauss1,BP06_12MP_SLM_HEIC.mat,2,3099.7
flickr_referenced/D64_iPhone_13_Pro/D64_iPhone_13_Pro_53149766434.jpg,0cbcd334c4b0ab4c32b9f3b8640397ddff952f4401c0da72d0c641284e41421f,1,1,0.225189,0.0072,gauss1,BP06_12MP_SLM_HEIC.mat,2,6668.7
flickr_referenced/D64_iPhone_13_Pro/D64_iPhone_13_Pro_53149766704.jpg,f80fd224d3ec16ff9e7ef8ecd712f3e5be2816108f751d8ed583768a48ee70dd,1,1,0.150085,0.0072,gauss1,BP06_12MP_SLM_HEIC.mat,2,3235.2
flickr_referenced/D64_iPhone_13_Pro/D64_iPhone_13_Pro_53149774714.jpg,b1766f8d56536cc36dbeac8522f972be8dc3b84ecdb8b3416ee10c1fe2089107,1,1,0.314342,0.0072,gauss1,BP06_12MP_SLM_HEIC.mat,2,2870.2
flickr_referenced/D64_iPhone_13_Pro/D64_iPhone_13_Pro_53149992490.jpg,46d3fd29a5ff821969d3f9ef389db8064364ed4cf4ece230a0d92a1411226a50,1,1,0.112581,0.0072,gauss1,BP06_12MP_SLM_HEIC.mat,2,3099.6
flickr_referenced/D64_iPhone_13_Pro/D64_iPhone_13_Pro_53149992575.jpg,6745b37d48739f4748f6b6225fddce3ba275312333f767cdce3d6503fa2667a1,1,1,0.28521,0.0072,gauss1,BP06_12MP_SLM_HEIC.mat,2,3084.0
flickr_referenced/D64_iPhone_13_Pro/D64_iPhone_13_Pro_53149992770.jpg,4e4d92bd23eec0e37ac06091806eef740db6afda344a77f17c07b692839711a0,1,1,0.219199,0.0072,gauss1,BP06_12MP_SLM_HEIC.mat,2,3039.8
flickr_referenced/D64_iPhone_13_Pro/D64_iPhone_13_Pro_53150055988.jpg,4dfcc6ed4bbe44b51dcc303741701a0dc2de9ea30098ea157c8535166b5e3739,1,1,0.181159,0.0072,gauss1,BP06_12MP_SLM_HEIC.mat,2,3119.4
flickr_referenced/D64_iPhone_13_Pro/D64_iPhone_13_Pro_53150055993.jpg,1945b0db0b04308c9ee54806758c4c56e4e3eae58ce413578cdad43f5e481c22,1,1,0.201618,0.0072,gauss1,BP06_12MP_SLM_HEIC.mat,2,2992.0
flickr_referenced/D64_iPhone_13_Pro/D64_iPhone_13_Pro_53150057573.jpg,a0c7d4e6524f35a967cbcc611c5ce140879952eb53d48f02c4fcd3af751dc37b,1,1,0.29234,0.0072,gauss1,BP06_12MP_SLM_HEIC.mat,2,3270.2
flickr_referenced/D64_iPhone_13_Pro/D64_iPhone_13_Pro_53150057578.jpg,f80e9ccbc90f966ec13c84fd8f79d61035d7d5d5a0333fa3e37fe86a4214f302,1,1,0.309381,0.0072,gauss1,BP06_12MP_SLM_HEIC.mat,2,2961.4
flickr_referenced/D64_iPhone_13_Pro/D64_iPhone_13_Pro_53150060118.jpg,f44f0a442205abcc165124c625a1d0e621d7e8b4c965fc80c97dae84e7a4ce70,1,1,0.21109,0.0072,gauss1,BP06_12MP_SLM_HEIC.mat,2,3324.3
flickr_referenced/D64_iPhone_13_Pro/D64_iPhone_13_Pro_53150064128.jpg,5f351f7b791870c4e3e239fc0f8fd3a808d94f48a65e624105a434caf7a5759f,1,1,0.219509,0.0072,gauss1,BP06_12MP_SLM_HEIC.mat,2,2920.1
flickr_referenced/D64_iPhone_13_Pro/D64_iPhone_13_Pro_53178347237.jpg,b6de53c6a68c3d567351e7637a6d61963da3819974510ea9ce068afcfd5750dd,1,1,0.078767,0.0072,gauss1,BP06_12MP_SLM_HEIC.mat,2,3063.1
flickr_referenced/D64_iPhone_13_Pro/D64_iPhone_13_Pro_53178347242.jpg,1a4146de6fb56b205f70006db75467f15b950b0c9cf192c4aa56adbcdaa5e9db,1,1,0.132221,0.0072,gauss1,BP06_12MP_SLM_HEIC.mat,2,2927.0
flickr_referenced/D64_iPhone_13_Pro/D64_iPhone_13_Pro_53178347687.jpg,bbe5ebd211fcff72da27e61cd1083dc451ce4c9c753e43395280f21f45139522,1,1,0.052754,0.0072,gauss1,BP06_12MP_SLM_HEIC.mat,2,3110.6
flickr_referenced/D64_iPhone_13_Pro/D64_iPhone_13_Pro_53178349132.jpg,54a3683be1294d909c3661d6b290dd104da7712bf6a8afb9009759b828ed98d0,1,1,0.113876,0.0072,gauss1,BP06_12MP_SLM_HEIC.mat,2,3139.2
flickr_referenced/D64_iPhone_13_Pro/D64_iPhone_13_Pro_53178349137.jpg,8b3b43ab98cefaf6524c7eb9bc13ed21bfacf6f3d492ba0edc2c1038229b69f4,1,1,0.06838,0.0072,gauss1,BP06_12MP_SLM_HEIC.mat,2,3110.3
flickr_referenced/D64_iPhone_13_Pro/D64_iPhone_13_Pro_53178350142.jpg,e7744cab01e3d68837b61c5024fc344049181d717299a1cf27c22f90e67c5be6,1,1,0.087807,0.0072,gauss1,BP06_12MP_SLM_HEIC.mat,2,3162.5
flickr_referenced/D64_iPhone_13_Pro/D64_iPhone_13_Pro_53178350547.jpg,2fefda45a72146f8e424b797c4cdbcfb299911d9230f45fa26bf4d48371fd8d1,1,1,0.04749,0.0072,gauss1,BP06_12MP_SLM_HEIC.mat,2,5211.2
flickr_referenced/D64_iPhone_13_Pro/D64_iPhone_13_Pro_53178351832.jpg,cd174cf45f83cc9276c9d8efb7a1c7db87b060b59f235f1f9d5b77cbe41ea61c,1,1,0.162592,0.0072,gauss1,BP06_12MP_SLM_HEIC.mat,2,5237.3
flickr_referenced/D64_iPhone_13_Pro/D64_iPhone_13_Pro_53178352557.jpg,d7e0b7cf59b3f18bcd0ffb8f268b14a0551347a95f366b92ae8cc409de25ff72,1,1,0.070757,0.0072,gauss1,BP06_12MP_SLM_HEIC.mat,2,3037.0
flickr_referenced/D64_iPhone_13_Pro/D64_iPhone_13_Pro_53178353277.jpg,a54bd3f03268dc115d8a59841f6d187b7c91f72e8d4720e1f75c3d67b049cb9a,1,1,0.096676,0.0072,gauss1,BP06_12MP_SLM_HEIC.mat,2,3030.3
flickr_referenced/D64_iPhone_13_Pro/D64_iPhone_13_Pro_53178939846.jpg,14452282bb15db65191b9691f2c8ae61c3cee154e7f9e9b891e707d8e77b9fdd,1,1,0.093568,0.0072,gauss1,BP06_12MP_SLM_HEIC.mat,2,3085.2
flickr_referenced/D64_iPhone_13_Pro/D64_iPhone_13_Pro_53178941306.jpg,431db17aebb72dbb33f401c30b0a0f864fcf2ee5f231722496bec5df4e18eb4a,1,1,0.081693,0.0072,gauss1,BP06_12MP_SLM_HEIC.mat,2,2989.6
flickr_referenced/D64_iPhone_13_Pro/D64_iPhone_13_Pro_53178942421.jpg,a0d460cc7f4eefbc689f8391b196339f95e1e0be38c9d029fbf9fa24ca46ff15,1,1,0.167121,0.0072,gauss1,BP06_12MP_SLM_HEIC.mat,2,3256.2
flickr_referenced/D64_iPhone_13_Pro/D64_iPhone_13_Pro_53178942926.jpg,f23898742d8bf0c57b30b748b5033d56819099ba8df9c4c8db92b468b21baa1a,1,1,0.159524,0.0072,gauss1,BP06_12MP_SLM_HEIC.mat,2,2979.8
flickr_referenced/D64_iPhone_13_Pro/D64_iPhone_13_Pro_53179137069.jpg,474500db1831e761669a5fa0e226b74e0a6aa124bc0f55bd8d26a90ec6f3f6d8,1,1,0.134277,0.0072,gauss1,BP06_12MP_SLM_HEIC.mat,2,3414.7
flickr_referenced/D64_iPhone_13_Pro/D64_iPhone_13_Pro_53179137394.jpg,3c7d21bceaa7c6502054abba9d77e2ac10ffa1f9e1591d62ea23cda3e5120488,1,1,0.071798,0.0072,gauss1,BP06_12MP_SLM_HEIC.mat,2,6469.0
flickr_referenced/D64_iPhone_13_Pro/D64_iPhone_13_Pro_53179139574.jpg,1736674c56abf8146f811aa904b096d8e572bfef2d3bf2eebe4ff18a74b4d1d9,1,1,0.104587,0.0072,gauss1,BP06_12MP_SLM_HEIC.mat,2,3229.8
flickr_referenced/D64_iPhone_13_Pro/D64_iPhone_13_Pro_53179380705.jpg,e233094340c2ed11ace55f2eff786a889396d347dacbc9b00df76434611bdf7f,1,1,0.106825,0.0072,gauss1,BP06_12MP_SLM_HEIC.mat,2,3376.5
flickr_referenced/D64_iPhone_13_Pro/D64_iPhone_13_Pro_53179381720.jpg,09e61d9cd8bf21f3cf78056c0bc27d8fd78241d0e780d542052eaa59979c9131,1,1,0.086108,0.0072,gauss1,BP06_12MP_SLM_HEIC.mat,2,2935.2
flickr_referenced/D64_iPhone_13_Pro/D64_iPhone_13_Pro_53179381745.jpg,2d10d38e8d5167e9463a977373105e8bc04bdae65be48a256b9d38ca23aed169,1,1,0.089291,0.0072,gauss1,BP06_12MP_SLM_HEIC.mat,2,3345.8
flickr_referenced/D64_iPhone_13_Pro/D64_iPhone_13_Pro_53179382745.jpg,a34f917d1459a0e665f5f96cb763d0a1f431062435b39dc19564fe1b87522b83,1,1,0.110512,0.0072,gauss1,BP06_12MP_SLM_HEIC.mat,2,3027.2
flickr_referenced/D64_iPhone_13_Pro/D64_iPhone_13_Pro_53179383390.jpg,06b117561812f1b8c0592cc9745741c568733b473afb72a5002dd3d5b1c8a402,1,1,0.082903,0.0072,gauss1,BP06_12MP_SLM_HEIC.mat,2,3450.3
flickr_referenced/D64_iPhone_13_Pro/D64_iPhone_13_Pro_53179384085.jpg,aa3ca676d9058ce1dc83bb0ade8f750cee86f2119327313fc1c5d00a64510c7a,1,1,0.056873,0.0072,gauss1,BP06_12MP_SLM_HEIC.mat,2,2976.6
flickr_referenced/D64_iPhone_13_Pro/D64_iPhone_13_Pro_53179440168.jpg,68bd160963a15f1f59a4d55e25483018ce8b21dab5f269c8f911a70eabe6695f,1,1,0.077635,0.0072,gauss1,BP06_12MP_SLM_HEIC.mat,2,6102.1
flickr_referenced/D65_iPhone_13_Pro/D65_iPhone_13_Pro_53181951192.jpg,fe036c7e2e6c6c6fbaf2c12d24648c2da2c46e777bcd4b44e891b0127a580257,1,1,0.026949,0.0072,gauss1,BP06_12MP_NL_HEIC.mat,2,3268.9
flickr_referenced/D65_iPhone_13_Pro/D65_iPhone_13_Pro_53181951572.jpg,9649a30259ec5d8ab4632d3a165a637648b62c0c2ac90320362541598096914f,1,1,0.032666,0.0072,gauss1,BP06_12MP_NL_HEIC.mat,2,2924.7
flickr_referenced/D65_iPhone_13_Pro/D65_iPhone_13_Pro_53182544126.jpg,682fa41f3d9c4e98548fedc40e6605a27ab3328c2c4d482d82cb74bb067be5ca,1,1,0.022916,0.0072,gauss1,BP06_12MP_NL_HEIC.mat,2,3030.6
flickr_referenced/D65_iPhone_13_Pro/D65_iPhone_13_Pro_53182544166.jpg,cdea2f5eee7dd7c0558c14130fe568f316e882c1dfcd3eff59a7bf619bbfc5c7,1,1,0.020412,0.0072,gauss1,BP06_12MP_NL_HEIC.mat,2,3055.7
flickr_referenced/D65_iPhone_13_Pro/D65_iPhone_13_Pro_53182544211.jpg,e13da033084a2b417411d020e0c0529b06a51d5b7dbe50d2b582cc78f50ac5ab,1,1,0.024257,0.0072,gauss1,BP06_12MP_NL_HEIC.mat,2,2873.9
flickr_referenced/D65_iPhone_13_Pro/D65_iPhone_13_Pro_53182544366.jpg,80f4000c037dee897584f926a7b8755011d0ca9f5b1aad554690a201f1e73078,1,1,0.015843,0.0072,gauss1,BP06_12MP_NL_HEIC.mat,2,3246.3
flickr_referenced/D65_iPhone_13_Pro/D65_iPhone_13_Pro_53182732449.jpg,78d7aced88f1a2c3263f5890d61c2e01c1b1c26d48f4a36cb045b7ec5ac3f7d6,1,1,0.128492,0.0072,gauss1,BP06_12MP_NL_HEIC.mat,2,2946.1
flickr_referenced/D65_iPhone_13_Pro/D65_iPhone_13_Pro_53183042283.jpg,e8166f30446d660e4cd8565c1ce70c5dd2cde3433b4c40fe8b089c575c002857,1,1,0.0109,0.0072,gauss1,BP06_12MP_NL_HEIC.mat,2,3575.8
flickr_referenced/D65_iPhone_13_Pro/D65_iPhone_13_Pro_53183042983.jpg,74958841d30cdad7c7cd6bf65eac63f6cdf2a22a89dfcb7541f715cf172dc5ae,1,0,0.007014,0.0072,gauss1,,,6541.8
flickr_referenced/D65_iPhone_13_Pro/D65_iPhone_13_Pro_53183043133.jpg,de14a2581f6daaf17d2d37083d0d34fc716162ed9f38dbe31108effa04142417,1,1,0.038881,0.0072,gauss1,BP06_12MP_NL_HEIC.mat,2,3151.5
