filename,sha256,label,pred_label,rho,beta,filter_type,bp_ref,rotation_k,latency_ms
D02_iPhone_7_Plus_26007302297.jpg,3b9ef0075e05918b662364eec8616d8d732a59bfba7e9de015e469c47796902f,1,1,0.124917,0.0072,gauss1,BP02_12MP_NL_JPEG.mat,0,6285.8
D02_iPhone_7_Plus_26014838817.jpg,28af38f11b5b08dd3c920e2b62e0beef728a42ed3468c790e4f855dd079cae15,1,1,0.177542,0.0072,gauss1,BP02_12MP_NL_JPEG.mat,2,3513.2
D02_iPhone_7_Plus_26014961487.jpg,f408c60c0dc74ea40e4f84476b463925d0270e7c6daaeb90ec6c3aaa0f1abaae,1,1,0.240768,0.0072,gauss1,BP02_12MP_NL_JPEG.mat,2,3456.9
D02_iPhone_7_Plus_26014961687.jpg,608643eb4cfe61e65abf2a0c3026cb1fd07c5a4381dce51604bf03f99f6bd91e,1,1,0.243424,0.0072,gauss1,BP02_12MP_NL_JPEG.mat,2,3184.9
D02_iPhone_7_Plus_26014961847.jpg,9dabd078b3ef0265b09d348dbbd8ee6debec42369a84bda2961295bf441104cb,1,1,0.222066,0.0072,gauss1,BP02_12MP_NL_JPEG.mat,2,3604.2
D02_iPhone_7_Plus_26435888907.jpg,2ca39af7d5427de1bab4b4d25fddfe2e1f4710f8416f416f80b03ebd059c621c,1,1,0.27484,0.0072,gauss1,BP02_12MP_NL_JPEG.mat,0,3031.0
D02_iPhone_7_Plus_26435939707.jpg,c72b56d2bce0018e89f5149a118d92f7ac58c44247b9a52454cc0e7e0b21864a,1,1,0.245971,0.0072,gauss1,BP02_12MP_NL_JPEG.mat,0,3190.7
D02_iPhone_7_Plus_26435985387.jpg,d48e3a94db4d48b758b7da42e94bcf3337d521370a955b9af4309ee4d2dc7ba1,1,1,0.33411,0.0072,gauss1,BP02_12MP_NL_JPEG.mat,0,2949.1
D02_iPhone_7_Plus_27009346648.jpg,3322050b6443f5acd82a3853b9c60fcb5323a4d4d012d51278025d5d47a89301,1,1,0.119504,0.0072,gauss1,BP02_12MP_NL_JPEG.mat,0,3164.0
D02_iPhone_7_Plus_27016689238.jpg,e01a498955efab74274725b3c95bdfb3bc34a498dbf36c6bfd85e6683ac159d4,1,1,0.245401,0.0072,gauss1,BP02_12MP_NL_JPEG.mat,2,3352.8
D02_iPhone_7_Plus_27016689668.jpg,83854388848a0bb7d071d544ff650c05978d9ee30956ca8c4e395cf0a35e97e4,1,1,0.198355,0.0072,gauss1,BP02_12MP_NL_JPEG.mat,2,3304.8
D02_iPhone_7_Plus_27016690078.jpg,fc2406a68f0d40c0f37a15c9191d918eb3f74a5e45d41fa785a42baced12893b,1,1,0.160029,0.0072,gauss1,BP02_12MP_NL_JPEG.mat,2,3054.9
D02_iPhone_7_Plus_27016864138.jpg,fbd8507243d66705c548852ebdbae5c432cda9c66977cb0272b5d23ab23400f6,1,1,0.259743,0.0072,gauss1,BP02_12MP_NL_JPEG.mat,2,5627.6
D02_iPhone_7_Plus_27016864368.jpg,b935a04943d03edf6c48b79709b47c245de6488295718a4a1cf674d80069fcf6,1,1,0.238158,0.0072,gauss1,BP02_12MP_NL_JPEG.mat,2,4654.2
D02_iPhone_7_Plus_27016866638.jpg,d3c9f478dfb4ed8127759da8d1488017323378b391d349f981e84c2d63de6df3,1,1,0.16502,0.0072,gauss1,BP02_12MP_NL_JPEG.mat,2,3230.5
D02_iPhone_7_Plus_27016897458.jpg,9af6c7f5eb657f292c07f2cad10922660f0be498b2b880d374a0beef2c394d18,1,1,0.435757,0.0072,gauss1,BP02_12MP_NL_JPEG.mat,2,3535.4
D02_iPhone_7_Plus_27016899098.jpg,546321a47c17e2a57347a8767ca32c03fc5de2cd0b7edb03c2612f4246671105,1,1,0.177615,0.0072,gauss1,BP02_12MP_NL_JPEG.mat,2,3334.5
D02_iPhone_7_Plus_27016899278.jpg,5c0bc598c705bd5ed196c9e00050cf33aca64c6a83eedc8e4a771e01612e9f4b,1,1,0.16917,0.0072,gauss1,BP02_12MP_NL_JPEG.mat,2,3157.4
D02_iPhone_7_Plus_27016900418.jpg,e7467ee10bb32d29288b377da371f7ffb0e4ed78dfec6786333e6c334e10b59f,1,1,0.16013,0.0072,gauss1,BP02_12MP_NL_JPEG.mat,2,3197.5
D02_iPhone_7_Plus_27017000558.jpg,50f6c88dfb3ff012c5d20972bb08ae433201082b19764e6675ad904ebaa1e2df,1,1,0.316718,0.0072,gauss1,BP02_12MP_NL_JPEG.mat,2,3120.1
D02_iPhone_7_Plus_27017001368.jpg,b3996830e184bfa8f1c7d14702db6c42f86a715c45d6beaf481b58f3a3f6d048,1,1,0.213688,0.0072,gauss1,BP02_12MP_NL_JPEG.mat,2,3169.4
D02_iPhone_7_Plus_27017002208.jpg,5901037a0f149e502472ecfc89c487f0381156563402ab95a0b0dc4bc8765439,1,1,0.151752,0.0072,gauss1,BP02_12MP_NL_JPEG.mat,2,3046.4
D02_iPhone_7_Plus_27017046098.jpg,48bb66bb57b517dc6459c235e97abe4a51d7b774d6f0189e7b2cee9be5a743ad,1,1,0.314759,0.0072,gauss1,BP02_12MP_NL_JPEG.mat,2,3183.5
D02_iPhone_7_Plus_27017047378.jpg,3d9fb47f66a2b3628c5186408cac370b7695502d82050fb50c08934c855e0e12,1,1,0.236151,0.0072,gauss1,BP02_12MP_NL_JPEG.mat,2,3562.2
D02_iPhone_7_Plus_27017048598.jpg,b10893936137deea6e2bcdd56fe865f57762ee1b25b5cd2ef22f39c304c9f12d,1,1,0.164301,0.0072,gauss1,BP02_12MP_NL_JPEG.mat,2,3271.1
D02_iPhone_7_Plus_27017048618.jpg,d264da068a409e7dd3a4dde8149993081d0d5009826933676191c868e3b420f9,1,1,0.160173,0.0072,gauss1,BP02_12MP_NL_JPEG.mat,2,3071.2
D02_iPhone_7_Plus_27017104048.jpg,b0a063fea3b1c8feb65101ad64a5fc711884baa37b1896abb7a2b605e77e1d2e,1,1,0.139492,0.0072,gauss1,BP02_12MP_NL_JPEG.mat,0,2913.1
D02_iPhone_7_Plus_27435596638.jpg,c0fad874db4c2be992069acd8153001245f5c4d9420b5a7e04a001f0e592296f,1,1,0.291289,0.0072,gauss1,BP02_12MP_NL_JPEG.mat,0,3257.7
D02_iPhone_7_Plus_27435597078.jpg,71fa64d124ae1d943f1b98615d63ed1032623a3e6b8811e34e82ef1be7efb2b9,1,1,0.294539,0.0072,gauss1,BP02_12MP_NL_JPEG.mat,0,2796.2
D02_iPhone_7_Plus_27435597088.jpg,1be4cd1deb2a82fb6d7c1c223c41b39aa751c293cab84d11a294f2bbabef2fbd,1,1,0.325086,0.0072,gauss1,BP02_12MP_NL_JPEG.mat,0,3028.2
D02_iPhone_7_Plus_33080745734.jpg,8d0979876563a255fcc6a03f575bd4021d28f38d41d3ec925f27c30d486eebeb,1,1,0.559095,0.0072,gauss1,BP01_12MP_NL_JPEG.mat,0,3058.0
D02_iPhone_7_Plus_33096526094.jpg,3e30dcb9df18193baa01bd764bb46f04ba78cc777b8299a384a336a08804f2ab,1,1,0.079403,0.0072,gauss1,BP01_12MP_NL_JPEG.mat,0,3240.2
D02_iPhone_7_Plus_33096539084.jpg,66440014b40b1850381b5efd3c2f0b9a30cda5181defb1ccd6e403bb4647914f,1,1,0.572556,0.0072,gauss1,BP01_12MP_NL_JPEG.mat,2,2667.8
D02_iPhone_7_Plus_33096966234.jpg,0c605540a1d9b94a6a2e2999ad36882ec16c527be820ffbf0fe3fa64b79418b8,1,1,0.11041,0.0072,gauss1,BP01_12MP_NL_JPEG.mat,2,2966.5
D02_iPhone_7_Plus_33097972904.jpg,d340d7ed2faad01a7b384b20fea062c0e95f162cee132a63017432e39a16a31a,1,1,0.193842,0.0072,gauss1,BP01_12MP_NL_JPEG.mat,2,2966.9
D02_iPhone_7_Plus_33098060534.jpg,e40448f93cf56beb078d45939a9d15fa0c167b598eec2f71f68751f89a27ad08,1,1,0.083718,0.0072,gauss1,BP01_12MP_NL_JPEG.mat,2,2751.5
D02_iPhone_7_Plus_33100993144.jpg,432ff3c4c66c62932c5ded50d4c30c9815d519912b433a5040ecad01b5dd6bce,1,1,0.633977,0.0072,gauss1,BP01_12MP_NL_JPEG.mat,0,3118.5
D02_iPhone_7_Plus_33111501063.jpg,6afe6f853369fc8560c2a6ecbc0aa88644f44ce5f2b723d864b3fea09b5770ca,1,1,0.633488,0.0072,gauss1,BP01_12MP_NL_JPEG.mat,0,3571.1
D02_iPhone_7_Plus_33111503513.jpg,c5e5341441c768b750a3fca96224625c4c2b63e8e75b8ce3fadc093bd69f4e2c,1,1,0.647807,0.0072,gauss1,BP01_12MP_NL_JPEG.mat,0,3286.3
D02_iPhone_7_Plus_33111507843.jpg,8feb1a5a39859e8a5ce01c42da787c781d44cb207e52fa7729ae5012d8fde556,1,1,0.12305,0.0072,gauss1,BP01_12MP_NL_JPEG.mat,0,3104.9
D02_iPhone_7_Plus_33111515463.jpg,f1f4f2e8462dc6ba13a70b5fbf91f5693ddab53c1e200ba657e8b34b37332023,1,1,0.566977,0.0072,gauss1,BP01_12MP_NL_JPEG.mat,0,3230.1
D02_iPhone_7_Plus_33111518303.jpg,4af9d995c3f5367b2611cd19d6c09710f84fcfb0fcaefd0c62012dd4b64f54f6,1,1,0.235569,0.0072,gauss1,BP01_12MP_NL_JPEG.mat,0,3022.3
D02_iPhone_7_Plus_33111528503.jpg,9b501c5eaa21037fbd7a56ed95aea2908a5e1b14be4b48f594313dabd52aaa83,1,1,0.460152,0.0072,gauss1,BP01_12MP_NL_JPEG.mat,0,3240.1
D02_iPhone_7_Plus_33111530793.jpg,e203a4ce3b8714a659422db15559972006a8999a8939905e2661c9bdef3286bf,1,1,0.412355,0.0072,gauss1,BP01_12MP_NL_JPEG.mat,0,3055.4
D02_iPhone_7_Plus_33122781944.jpg,2c162a6f1ea57dbd365deb5a670fc092eda3a6518dac400d6ab297b9b20e7ca5,1,1,0.31435,0.0072,gauss1,BP01_12MP_NL_JPEG.mat,0,3221.0
D02_iPhone_7_Plus_33126870063.jpg,3abc3e96c0f735be6e384dfe5484375b67587243e582300969bb11272b3803a5,1,1,0.600921,0.0072,gauss1,BP01_12MP_NL_JPEG.mat,2,5181.9
D02_iPhone_7_Plus_33126881123.jpg,10386f21d21b6dfe0b23e6ddda97d7ef9154c722d98f4dbfa2b2f10f3b8aa61b,1,1,0.568274,0.0072,gauss1,BP01_12MP_NL_JPEG.mat,2,4414.7
D02_iPhone_7_Plus_33127192133.jpg,f148035e6fa2cbb2559467da7d46fcf8870e2a92b1bf49049456be2ec85aaa96,1,1,0.303994,0.0072,gauss1,BP01_12MP_NL_JPEG.mat,0,3132.5
D02_iPhone_7_Plus_33128519203.jpg,0c69751c52e9f81fc5ac9a7d01ebe65fee46ee6f49d8252e3efa0b4dc7e350cc,1,1,0.206244,0.0072,gauss1,BP01_12MP_NL_JPEG.mat,2,2914.9
D02_iPhone_7_Plus_33128522103.jpg,801f5ad51695668c9fa27beb3d0cf44ac2abd58ed91db72ba1cd076c833956d2,1,1,0.06154,0.0072,gauss1,BP01_12MP_NL_JPEG.mat,2,3244.1
D02_iPhone_7_Plus_33128522653.jpg,90c74f1590d969b9b86796ee5e4a9e9446926d42911b3c738e6fe0bddd253493,1,1,0.164167,0.0072,gauss1,BP01_12MP_NL_JPEG.mat,2,2892.9
D02_iPhone_7_Plus_33128522663.jpg,f8919f5670735a37e13fc6099913929425d59da91407584f0a3e0a2e59e3188a,1,1,0.181381,0.0072,gauss1,BP01_12MP_NL_JPEG.mat,2,3049.2
D02_iPhone_7_Plus_33131332473.jpg,2241d823c870193a8337292418d085a92511a7e62ffd4959c04759671b0ecf16,1,1,0.359472,0.0072,gauss1,BP01_12MP_NL_JPEG.mat,0,2993.1
D02_iPhone_7_Plus_33143261453.jpg,c0899afae350e35f4ae8e55e3a2d363649d7575a49b062cf8f05cc17bb053e51,1,1,0.475789,0.0072,gauss1,BP01_12MP_NL_JPEG.mat,0,3343.8
D02_iPhone_7_Plus_33143262283.jpg,3c4a9a1a8e409b6770d2308e695c634429c8ad185015f192c7cb313678ffcebc,1,1,0.228123,0.0072,gauss1,BP01_12MP_NL_JPEG.mat,0,3530.2
D02_iPhone_7_Plus_33143295523.jpg,a0a81451e98333851fd8e347a18167eeedcf7a558399379bdfa72df5dbc7cecd,1,1,0.445938,0.0072,gauss1,BP01_12MP_NL_JPEG.mat,0,3358.0
D02_iPhone_7_Plus_33143297223.jpg,0572213cbe8399a899e0c3fa0af9e9db467dfa098d86e6ee51e42c87b62e213d,1,1,0.542219,0.0072,gauss1,BP01_12MP_NL_JPEG.mat,0,3136.5
D02_iPhone_7_Plus_33143297383.jpg,ea6ed81b8b3ef72dfaad010c182deebdd496bdaa6f82b5ac9c0f61171875efa3,1,1,0.535704,0.0072,gauss1,BP01_12MP_NL_JPEG.mat,0,3230.3
D02_iPhone_7_Plus_33158072044.jpg,42b958f461d1d5bf60d52d4d48ddbeae8d2eb2b03f94e9cf29b23e86a82b0cf8,1,1,0.29993,0.0072,gauss1,BP01_12MP_NL_JPEG.mat,0,3054.8
D02_iPhone_7_Plus_33158073804.jpg,b4d23d1485b3518d3c2156c4e288f4df55088ed48de7af60cfb3a37399c719db,1,1,0.34497,0.0072,gauss1,BP01_12MP_NL_JPEG.mat,0,3191.5
D02_iPhone_7_Plus_33158073874.jpg,495c793c282ee930e2280526f0fd5f83c3fb417e3ea2889f460323c3d2b2a40a,1,1,0.194358,0.0072,gauss1,BP01_12MP_NL_JPEG.mat,0,5066.0
D02_iPhone_7_Plus_33158074104.jpg,8f6873070f6b341ef36735f7c1a0df75e07076428e4996b52256ff4364f0f204,1,1,0.182227,0.0072,gauss1,BP01_12MP_NL_JPEG.mat,0,4442.4
D02_iPhone_7_Plus_33182726123.jpg,2cb473b2d536828ab47049f70f071ec241378ec21795443dd139d0b608f802dc,1,1,0.484954,0.0072,gauss1,BP01_12MP_NL_JPEG.mat,0,3212.0
D02_iPhone_7_Plus_33182727063.jpg,f7e8d07984275fc8b761a46d0dd41c5b4af9ca13faddedba1458555f262171aa,1,1,0.016363,0.0072,gauss1,BP01_12MP_NL_JPEG.mat,0,3666.6
D02_iPhone_7_Plus_33188621223.jpg,71e43a85058927eefab09b79c805971f1791989ba6cd67ca9e47959589e1f344,1,1,0.232231,0.0072,gauss1,BP01_12MP_NL_JPEG.mat,0,3287.9
D02_iPhone_7_Plus_33188647623.jpg,63711520abfa0fdd02062a9f8f47cc8d39248b4950666dae0c0be8b9d8dba6aa,1,1,0.312305,0.0072,gauss1,BP01_12MP_NL_JPEG.mat,0,3107.4
D02_iPhone_7_Plus_33240929814.jpg,f6266828a6c8d2d5bc82548d54ce441b313c280d432c0c4ee824d2db76508322,1,1,0.50588,0.0072,gauss1,BP01_12MP_NL_JPEG.mat,0,3186.4
D02_iPhone_7_Plus_33241240074.jpg,95fe29c7cf40d5df99528147a7e1261407e50cafec360633e4b113f3c5c776af,1,1,0.368644,0.0072,gauss1,BP01_12MP_NL_JPEG.mat,0,3064.0
D02_iPhone_7_Plus_33273734423.jpg,eccd29245ed4c2f12e2e6d245cd85c65797a90f8151eda4fc6e89cfff6ddb39f,1,1,0.357909,0.0072,gauss1,BP01_12MP_NL_JPEG.mat,0,3247.1
D02_iPhone_7_Plus_33273742023.jpg,b32597b1dc934a3a0485d8c72c8df9a4cbd056289c031816201e640927a334c8,1,1,0.483565,0.0072,gauss1,BP01_12MP_NL_JPEG.mat,0,3414.4
D02_iPhone_7_Plus_33274714013.jpg,28bc3611043f8afe95433df58c89cb6c66acf9cd1eea2ecada0eb81318f4da2f,1,1,0.127713,0.0072,gauss1,BP01_12MP_NL_JPEG.mat,0,3271.3
D02_iPhone_7_Plus_33554760210.jpg,fdefed1e1c9323ba7a0c8e287c15008b7fcfd8a5ef286a77b9aca160c911b6a0,1,1,0.630652,0.0072,gauss1,BP01_12MP_NL_JPEG.mat,0,3074.8
D02_iPhone_7_Plus_33555253410.jpg,56d51e3da212ab55060cc113f7493eac55d8bee666abda0ae1221ccd708b696c,1,1,0.126445,0.0072,gauss1,BP01_12MP_NL_JPEG.mat,2,2967.4
D02_iPhone_7_Plus_33556128590.jpg,182f3d4f50e6b0e0257b3c53139fc8c5fbae3552f69a5bcbfa83c9bc1e9deb64,1,1,0.355348,0.0072,gauss1,BP01_12MP_NL_JPEG.mat,2,3196.5
D02_iPhone_7_Plus_33559244670.jpg,0c4af458e87e3631b36e82e89b3b559b4afa03571534dfb247f39cd2ea02816d,1,1,0.652906,0.0072,gauss1,BP01_12MP_NL_JPEG.mat,0,3228.1
D02_iPhone_7_Plus_33610151270.jpg,75408758b370d406394fa91eb0a8c861b9f10bab5bcaf6864cb0511ae02d4576,1,1,0.405938,0.0072,gauss1,BP01_12MP_NL_JPEG.mat,0,3465.5
D02_iPhone_7_Plus_33610151760.jpg,624465e4d2080aa0a6c675bc077f898a373c5214cad8685e8f5e0192d12a352b,1,1,0.136141,0.0072,gauss1,BP01_12MP_NL_JPEG.mat,0,3241.4
D02_iPhone_7_Plus_33614787534.jpg,7e11d01648dcda8c55709a689457f979783485c828f7dbe1160960b50e85df76,1,1,0.519635,0.0072,gauss1,BP01_12MP_NL_JPEG.mat,0,3006.3
D02_iPhone_7_Plus_33616024780.jpg,3979bd162a0ecc18ad0dfb9ea0e2038b17e266d79b410bd4ba7dad01e8ba2a7f,1,1,0.298948,0.0072,gauss1,BP01_12MP_NL_JPEG.mat,0,3103.5
D02_iPhone_7_Plus_33616042260.jpg,aa168a4b58feb0f73f7c8d39d78644a90d35b2425f5de793d2aa9849921881e0,1,1,0.304042,0.0072,gauss1,BP01_12MP_NL_JPEG.mat,0,3424.7
D02_iPhone_7_Plus_33616060730.jpg,0c333f94f3f551a4c274eb7cc88e9da2c63f3f5af9489cc55e0406c36e1756d7,1,1,0.413536,0.0072,gauss1,BP01_12MP_NL_JPEG.mat,0,3254.3
D02_iPhone_7_Plus_33616504340.jpg,97d908da70de7d6ce4b4ec653618e2ef97cb3570ae6903e0ec553cf9227a434c,1,1,0.307875,0.0072,gauss1,BP01_12MP_NL_JPEG.mat,0,2999.5
D02_iPhone_7_Plus_33695849760.jpg,6b2bff428b58d76cfbfcdd713cde0e5733c54cb83f68f520e21d811d4bbb109a,1,1,0.425506,0.0072,gauss1,BP01_12MP_NL_JPEG.mat,0,3215.4
D02_iPhone_7_Plus_33700834120.jpg,5c0ed92e54431b684c64bb449e7069c11b6d4b75d19b30996be3e4fa820fefd9,1,1,0.127849,0.0072,gauss1,BP01_12MP_NL_JPEG.mat,2,3151.6
D02_iPhone_7_Plus_33767232162.jpg,8c21bc5abb02aeda9467c0cbd36fc21a3d7d849759f41a7b60d97248036fe3d0,1,1,0.491963,0.0072,gauss1,BP01_12MP_NL_JPEG.mat,0,3272.9
D02_iPhone_7_Plus_33782818362.jpg,14d8e3dde119c91200df21f583254043f3d1f43b5ddbc7d4981079471d4c19cf,1,1,0.603607,0.0072,gauss1,BP01_12MP_NL_JPEG.mat,0,4875.4
D02_iPhone_7_Plus_33783924302.jpg,3f099a4bbf3f319ebb0061d4e9e48660a2550f61c036057d87b947b17904c225,1,1,0.414679,0.0072,gauss1,BP01_12MP_NL_JPEG.mat,2,4353.9
D02_iPhone_7_Plus_33786951022.jpg,e2f28cdef7010cd5eadd62b2a76aabacb8f04483b39db1f1726e1067a5344221,1,1,0.306589,0.0072,gauss1,BP01_12MP_NL_JPEG.mat,0,3201.7
D02_iPhone_7_Plus_33786953572.jpg,0c1da0df1bf8acf155887613ef8ca49913e7fcbad36f51c2327a208fbbfda0b9,1,1,0.138602,0.0072,gauss1,BP01_12MP_NL_JPEG.mat,0,3265.4
D02_iPhone_7_Plus_33794557961.jpg,bde4d6100abceb655b9c83bf264a42842abb6b2276afb2a5edbd087ce236e2f1,1,1,0.51348,0.0072,gauss1,BP01_12MP_NL_JPEG.mat,0,2953.6
D02_iPhone_7_Plus_33794569261.jpg,916cba878607209e46aeebe9fdbf5244694e451ab8c61cbb21bcc2953a6d9e0b,1,1,0.17565,0.0072,gauss1,BP01_12MP_NL_JPEG.mat,0,3173.0
D02_iPhone_7_Plus_33794570971.jpg,3ff0017df44b06ceae3f5f300f330f24070f0298b344e89f7c52b2077ffd13e7,1,1,0.222338,0.0072,gauss1,BP01_12MP_NL_JPEG.mat,0,3474.5
D02_iPhone_7_Plus_33794572501.jpg,31de8e1b1f2010b89cee9e1be8230758cd874c449772b6103383b3b8103883fe,1,1,0.365567,0.0072,gauss1,BP01_12MP_NL_JPEG.mat,0,3262.6
D02_iPhone_7_Plus_33794574481.jpg,1b841b87778307cbea9f14435752804f9f614e800920d27eed174522dbb4fd95,1,1,0.445885,0.0072,gauss1,BP01_12MP_NL_JPEG.mat,0,3014.8
D02_iPhone_7_Plus_33798980302.jpg,017eb09a6f3be070fe056302ed3f9b42c83601ef46485e709d063ba9f3960da1,1,1,0.131513,0.0072,gauss1,BP01_12MP_NL_JPEG.mat,0,3239.9
D02_iPhone_7_Plus_33798980472.jpg,ed99cc0443b476b8bfaf3f98764a816e71774ea4ad09ff0027658b6139be78c9,1,1,0.300027,0.0072,gauss1,BP01_12MP_NL_JPEG.mat,0,3502.7
D02_iPhone_7_Plus_33798982122.jpg,4082144b23177d29f4063857c73d257bc081a518db66c1d6d478fbacb6648433,1,1,0.392783,0.0072,gauss1,BP01_12MP_NL_JPEG.mat,0,3302.4
D02_iPhone_7_Plus_33798983422.jpg,2ba1674166194d30b385eb7e957efb80b771d52c1ab1a4dbc84d9893ec2262b6,1,1,0.478504,0.0072,gauss1,BP01_12MP_NL_JPEG.mat,0,2906.0
D02_iPhone_7_Plus_33808680722.jpg,999ef1dbdbbbd93ee3793022aca6ac86a64490d6f76470c5210e2a839b8ebfef,1,1,0.133561,0.0072,gauss1,BP01_12MP_NL_JPEG.mat,0,3182.7
D02_iPhone_7_Plus_33810026361.jpg,dd5fc60fecbe0229a60d5196a65d6b56ba4bedbd8c6cf705e71d7477cc11bd06,1,1,0.584923,0.0072,gauss1,BP01_12MP_NL_JPEG.mat,0,3403.3
D02_iPhone_7_Plus_33811320681.jpg,70d3a3c01117803d1d43fd0d624f67c111f5706c35e84e3aa53abf27cb95fde8,1,1,0.121336,0.0072,gauss1,BP01_12MP_NL_JPEG.mat,2,2939.4
D02_iPhone_7_Plus_33814401431.jpg,781cdd3ebe912fb7b06694c1758d02e986318d7bd78c5d2d98a513ac21425133,1,1,0.29157,0.0072,gauss1,BP01_12MP_NL_JPEG.mat,0,3436.1
D02_iPhone_7_Plus_33814402241.jpg,97e32bd400df195d304e57ab013d9c2bfd32ce9b3bb4b6645e3aa31a3b2432d4,1,1,0.651015,0.0072,gauss1,BP01_12MP_NL_JPEG.mat,0,3183.9
D02_iPhone_7_Plus_33826678001.jpg,5b83464e56cb93b4b62e5843f0cafbb296c3bdd8465c688388f8d8440bf7b7e6,1,1,0.114631,0.0072,gauss1,BP01_12MP_NL_JPEG.mat,0,3642.2
D02_iPhone_7_Plus_33836216971.jpg,a02c63d86beec308e59c5f9950df675c3b4e52e467e470017779340a1aad1ec6,1,1,0.23849,0.0072,gauss1,BP01_12MP_NL_JPEG.mat,0,3344.1
D02_iPhone_7_Plus_33843985312.jpg,2630072f957c5dbc85e548854820293504d1baddb1896c72b771dd244c6def37,1,1,0.085246,0.0072,gauss1,BP01_12MP_NL_JPEG.mat,0,2952.3
D02_iPhone_7_Plus_33844005012.jpg,5de08e86732e613d9edc8c06b0b788d7f1c5dd9fb57ed404cf3dd984f153002c,1,1,0.34366,0.0072,gauss1,BP01_12MP_NL_JPEG.mat,0,3179.4
D02_iPhone_7_Plus_33871837181.jpg,54a1414fe01aa0d1df1d1130d076c88d2dbddc251651eed2e22a19878c9bf2e1,1,1,0.169063,0.0072,gauss1,BP01_12MP_NL_JPEG.mat,0,3472.1
D02_iPhone_7_Plus_33882932036.jpg,59ca4484e14e8da8443b017cb28c5bc079a18d1ef799b82d244d141715300034,1,1,0.444217,0.0072,gauss1,BP01_12MP_NL_JPEG.mat,0,3196.8
D02_iPhone_7_Plus_33898966896.jpg,102a9bcd3b8861639b5d00afdd55d0e7160019dbc3f122e4adb775577daa307d,1,1,0.244964,0.0072,gauss1,BP01_12MP_NL_JPEG.mat,2,2618.7
D02_iPhone_7_Plus_33899906564.jpg,f537f841149af03974bd641c24c128d2e493bb749d678722a05d62a1183d2b8c,1,1,0.121872,0.0072,gauss1,BP01_12MP_NL_JPEG.mat,0,3010.0
D02_iPhone_7_Plus_33900060544.jpg,4fe7f0a0b16244343d01f925f027f71fe5d9f50f61ea404abe75b1ad05a39407,1,1,0.08786,0.0072,gauss1,BP01_12MP_NL_JPEG.mat,0,3269.3
D02_iPhone_7_Plus_33900576116.jpg,455bd03318b2fcee374ad8f507ad40e3f5373dcb8edc22e02445e6f504d5a8b7,1,1,0.157365,0.0072,gauss1,BP01_12MP_NL_JPEG.mat,2,2634.7
D02_iPhone_7_Plus_33900576606.jpg,2e76f826d8cce20b6b9a4db82e9f551084ff63141206aad1bb96ee531d8df012,1,1,0.233465,0.0072,gauss1,BP01_12MP_NL_JPEG.mat,2,2880.9
D02_iPhone_7_Plus_33915743666.jpg,b1494eb1efd3fcb1116c0c070e3554572b3f8d6ea80429083c1f6fa13838064e,1,1,0.480121,0.0072,gauss1,BP01_12MP_NL_JPEG.mat,0,3225.6
D02_iPhone_7_Plus_33915744436.jpg,0fa1598b202af7047c536a679be20d1f0ddfa291ee51ce6bd0f144a4b5c4c982,1,1,0.258361,0.0072,gauss1,BP01_12MP_NL_JPEG.mat,0,3027.8
D02_iPhone_7_Plus_33923344202.jpg,434735364e527504c9c26d2f174a3f45fb6e5205ee746d188293126c4da4648d,1,1,0.188763,0.0072,gauss1,BP01_12MP_NL_JPEG.mat,0,3234.9
D02_iPhone_7_Plus_33923381012.jpg,7565e5210ae1490a82e241667f521cd8eb48cb84417db158da9cd733c02fa277,1,1,0.409924,0.0072,gauss1,BP01_12MP_NL_JPEG.mat,0,3474.2
D02_iPhone_7_Plus_33926606542.jpg,c7fbd845a8e79713ddc8dc2edf0b269fbf6c53357206c816b4ee2b36a8a66517,1,1,0.379314,0.0072,gauss1,BP01_12MP_NL_JPEG.mat,0,3317.5
D02_iPhone_7_Plus_33933501913.jpg,b3f6dd8e31c977f2424fb64c4bb29cf54778827bfc08819fe4a15aa257835d76,1,1,0.103388,0.0072,gauss1,BP01_12MP_NL_JPEG.mat,0,3125.7
D02_iPhone_7_Plus_33934008823.jpg,36f848dfacb93552a7c5793a428e0c961553e991b9470d1be75d11be636fcebe,1,1,0.026617,0.0072,gauss1,BP01_12MP_NL_JPEG.mat,0,3180.1
D02_iPhone_7_Plus_33953121431.jpg,379d78856ddba89ca032485b2f1b6646b2d8e6c3da4cdea5bca2c2918006a257,1,1,0.477707,0.0072,gauss1,BP01_12MP_NL_JPEG.mat,0,3546.5
D02_iPhone_7_Plus_33953918506.jpg,9a0a2d40d2147427ac119f051872082b9e445f0d93f8717f6fa70fdf1cf0b423,1,1,0.023792,0.0072,gauss1,BP01_12MP_NL_JPEG.mat,0,3352.0
D02_iPhone_7_Plus_33955030041.jpg,81bcc03d896975bc73edb73ca8d8403f089c97c9a2a2d4de2f3e92694faf06f8,1,1,0.185548,0.0072,gauss1,BP01_12MP_NL_JPEG.mat,0,3130.9
D02_iPhone_7_Plus_33955064531.jpg,e9b3504eaf64c4f05a9209201103ef947c4d68197c4e436641f7ada09f7fb545,1,1,0.413125,0.0072,gauss1,BP01_12MP_NL_JPEG.mat,0,3281.1
D02_iPhone_7_Plus_33956561315.jpg,f8c49a54e792d31e52a474d234c17310a7e900e90b1c61f97e1abc2c654a49ba,1,1,0.349969,0.0072,gauss1,BP01_12MP_NL_JPEG.mat,0,2976.3
D02_iPhone_7_Plus_33959346094.jpg,f7e23b579f26ba4c33f6a3b8c2d2976bf9d15065167dd97698bb991105ad7d90,1,1,0.199378,0.0072,gauss1,BP01_12MP_NL_JPEG.mat,0,3206.3
D02_iPhone_7_Plus_33959988656.jpg,fe6add595e4a5f18c66e77df778a2e01b394c545660abe85bc1fb57707d9d525,1,1,0.134731,0.0072,gauss1,BP01_12MP_NL_JPEG.mat,0,4909.3
D02_iPhone_7_Plus_33959989056.jpg,696f1dc083b01c2e90b0d45e7708ccf69f5e6b815ff01fd3c82440758bed7ddc,1,1,0.341136,0.0072,gauss1,BP01_12MP_NL_JPEG.mat,0,4692.8
D02_iPhone_7_Plus_34001560455.jpg,95948a336e0c2c9a43a354d3f117097f6cfc4344b81638abb1050d4c3460582d,1,1,0.230471,0.0072,gauss1,BP01_12MP_NL_JPEG.mat,0,3326.7
D02_iPhone_7_Plus_34001563195.jpg,b2d4e59b145d5c4ff8bcf2cb30e900571f4b1ad6a6ca10accb86e383487f63d1,1,1,0.186339,0.0072,gauss1,BP01_12MP_NL_JPEG.mat,0,3354.7
D02_iPhone_7_Plus_34001598375.jpg,9324c3baf2ef7141315935bf4087f6c1edc7b5fd5ea297726e4cf3f935e41d60,1,1,0.120871,0.0072,gauss1,BP01_12MP_NL_JPEG.mat,0,3368.1
D02_iPhone_7_Plus_34039952036.jpg,d9baf3017933ad116414c36743306d6dfcdec744d2255655578f950463148b67,1,1,0.283144,0.0072,gauss1,BP01_12MP_NL_JPEG.mat,0,3070.5
D02_iPhone_7_Plus_34043076666.jpg,39fe0f52e2c497b70605b1756bd8b32cff8f7453d1d9c2274a1c07b3db225bf0,1,1,0.49951,0.0072,gauss1,BP01_12MP_NL_JPEG.mat,0,3308.6
D02_iPhone_7_Plus_34044760226.jpg,380435d581b2efc08a799e8e81367e267e2b8ba60c2820a14b9b402384af602b,1,1,0.365072,0.0072,gauss1,BP01_12MP_NL_JPEG.mat,0,3057.9
D02_iPhone_7_Plus_34051086574.jpg,784c0400ef0cdb9e0268de7cc72d7b61cb9c287e06da9f0c7bbc9ef708f85377,1,1,0.263146,0.0072,gauss1,BP01_12MP_NL_JPEG.mat,0,3201.3
D02_iPhone_7_Plus_34079983615.jpg,fb57dfbc5c779c093b5ae04a2b0be7ef0528e51d822fb3428cf49df4d45c9482,1,1,0.229618,0.0072,gauss1,BP01_12MP_NL_JPEG.mat,0,3495.1
D02_iPhone_7_Plus_34083228023.jpg,9cb32d6edc3142c0f67af611b004829aac162df6bd1995ea8819eeebed609408,1,1,0.308474,0.0072,gauss1,BP01_12MP_NL_JPEG.mat,0,3270.2
D02_iPhone_7_Plus_34083230273.jpg,e8c29c05df9cdec2572b9a0f6a05a9e7c0dd585daa0ca408adf8f6007e5409ed,1,1,0.307353,0.0072,gauss1,BP01_12MP_NL_JPEG.mat,0,3127.0
D02_iPhone_7_Plus_34083231413.jpg,762c6e4d79fce42cb8ba3f0350a3125531d6a158a0d6ce2016141b702a6a17db,1,1,0.450239,0.0072,gauss1,BP01_12MP_NL_JPEG.mat,0,3370.0
D02_iPhone_7_Plus_34083234863.jpg,83d1955f718386ac948e998b271ccd1a06039d26bbeb0fcda50c493b6c096f97,1,1,0.264598,0.0072,gauss1,BP01_12MP_NL_JPEG.mat,0,3235.7
D02_iPhone_7_Plus_34083346935.jpg,82aa22e0ad60d105da0f6cf4e447331fd66acf3cb7be8fac61efa64f922aab09,1,1,0.553658,0.0072,gauss1,BP01_12MP_NL_JPEG.mat,0,3372.3
D02_iPhone_7_Plus_34297390802.jpg,c6c13da402842e04afa07e7b71f117cfd995dca9055ab1ba65e105690e3b9ecb,1,1,0.61125,0.0072,gauss1,BP01_12MP_NL_JPEG.mat,0,3169.6
D02_iPhone_7_Plus_34326494891.jpg,746a19eb72c965208729abf3f24dca33838e493123594c49bab590df10f3837e,1,1,0.398816,0.0072,gauss1,BP01_12MP_NL_JPEG.mat,0,3331.7
D02_iPhone_7_Plus_34357706450.jpg,ff5d0fc4448eca7a7e60bcb46c40dedc6c7e25ea45d45206cd4b397b06677f76,1,1,0.144476,0.0072,gauss1,BP01_12MP_NL_JPEG.mat,0,2991.1
D02_iPhone_7_Plus_34422415620.jpg,33ce387eb3034c76df22a1d0dea0e3a75ea39366bae09a249b83fa7fdbd772ad,1,1,0.053507,0.0072,gauss1,BP01_12MP_NL_JPEG.mat,0,3215.7
D02_iPhone_7_Plus_34456935365.jpg,64b4e9303132a86a163278b515ac568834611bb8996fc564eebdd2927e1de534,1,1,0.433294,0.0072,gauss1,BP01_12MP_NL_JPEG.mat,0,4654.0
D02_iPhone_7_Plus_34507224290.jpg,b727aca3cb97167bafbc99e69745ed6272f1017def3dee000fc2b49bd9c9aa80,1,1,0.374541,0.0072,gauss1,BP01_12MP_NL_JPEG.mat,0,4640.9
D02_iPhone_7_Plus_34580161062.jpg,92e89885942324f157afb3acefe899d29a8476d01adca12dc5ce329e70273342,1,1,0.210273,0.0072,gauss1,BP01_12MP_NL_JPEG.mat,0,3148.4
D02_iPhone_7_Plus_34580225962.jpg,72b3143852801f6500ee4274bf7b4983ab263968f2bd6a65af119b9e7b68b8b8,1,1,0.307609,0.0072,gauss1,BP01_12MP_NL_JPEG.mat,0,3429.4
D02_iPhone_7_Plus_34702071466.jpg,4c5c46dc5fcc5de9c0afd1ee9a28d4dd6166e0fd829697586d4b045a873c5dae,1,1,0.281644,0.0072,gauss1,BP01_12MP_NL_JPEG.mat,0,3203.5
D02_iPhone_7_Plus_34702209856.jpg,e247309d70df4cc5b5287841a3dddd1b7758af07eceaa8cf9e214f43eb170361,1,1,0.152884,0.0072,gauss1,BP01_12MP_NL_JPEG.mat,0,3485.3
D02_iPhone_7_Plus_34730582242.jpg,14331e9690c33754dac9410f45b3313e5d5b5b853ddd345b9b40517610f66f6f,1,1,0.107077,0.0072,gauss1,BP01_12MP_NL_JPEG.mat,0,3266.5
D02_iPhone_7_Plus_34730590822.jpg,415d2ee4001c683c2b7956b18c7edf05cc43f367f80efd27de44b87efed8cbf6,1,1,0.214866,0.0072,gauss1,BP01_12MP_NL_JPEG.mat,0,3054.6
D02_iPhone_7_Plus_34730593782.jpg,0bff3f2c7903caec2d68d5344d2469a6e9cd9246e389b37f9167df226489a047,1,1,0.436016,0.0072,gauss1,BP01_12MP_NL_JPEG.mat,0,3281.4
D02_iPhone_7_Plus_34893886585.jpg,2fa0fe4befafa37a5faf7f06f1d50f4c9ba9f3b01ef524886f8566ed0ce741e4,1,1,0.318176,0.0072,gauss1,BP01_12MP_NL_JPEG.mat,0,4755.9
D02_iPhone_7_Plus_34893895485.jpg,deb028076347edf1fde7844b0c7e754e50f79deaa6c585fb58ebcde51531d544,1,1,0.339483,0.0072,gauss1,BP01_12MP_NL_JPEG.mat,0,4669.4
D02_iPhone_7_Plus_34986515104.jpg,a922d469be0acac29eef086a746ab60153bb7b97a8a226bdf7801d46630b13f7,1,1,0.13555,0.0072,gauss1,BP01_12MP_NL_JPEG.mat,0,3300.0
D02_iPhone_7_Plus_34986515374.jpg,8a37ea2aef103525840307f98eb19d74db361827da4326ec368a45ddc9af34b9,1,1,0.051452,0.0072,gauss1,BP01_12MP_NL_JPEG.mat,0,3445.9
D02_iPhone_7_Plus_35280267714.jpg,92448449cb9a2817cabad20ee63df8a7148812d40d80f7e70ba65753646d9119,1,1,0.434713,0.0072,gauss1,BP01_12MP_NL_JPEG.mat,0,3214.2
D02_iPhone_7_Plus_35280268594.jpg,b3ed46a9b15ec660d05f47cab609870efbd91f4c103652e3730bf0c49c60bebd,1,1,0.167324,0.0072,gauss1,BP01_12MP_NL_JPEG.mat,0,3007.2
D02_iPhone_7_Plus_35280269064.jpg,6729bd36bb63fd2f845c319b5340e3d7f8a6e0e09614536c274539f73920b4ed,1,1,0.040405,0.0072,gauss1,BP01_12MP_NL_JPEG.mat,0,3226.1
D02_iPhone_7_Plus_35280279014.jpg,29fafa03c86848483874855583d6c63e93ddec467df179cec3bf344081ae5b0c,1,1,0.061248,0.0072,gauss1,BP01_12MP_NL_JPEG.mat,0,3386.4
D02_iPhone_7_Plus_35313104033.jpg,c22c4d9bc9a51dc2b50614e6b814565692a7eca5c60f4d06b539c1123041e4c0,1,1,0.037938,0.0072,gauss1,BP01_12MP_NL_JPEG.mat,0,3231.1
D02_iPhone_7_Plus_35313113253.jpg,f134f223a0bdac001ba72d4b74c0db09ddb9223ad6aa0509b37182f7b465c2fa,1,1,0.150307,0.0072,gauss1,BP01_12MP_NL_JPEG.mat,0,2994.9
D02_iPhone_7_Plus_35657661162.jpg,743b46f9e8f69605846cbe8820f326dafc7ddb7bd36133354e4e75e0be8076c1,1,1,0.12082,0.0072,gauss1,BP01_12MP_NL_JPEG.mat,0,3312.9
D02_iPhone_7_Plus_35730043920.jpg,495bcdbbfdce452053662e292ee83aab96d8173fee39b0a959d0d46ca1cbc080,1,1,0.112335,0.0072,gauss1,BP01_12MP_NL_JPEG.mat,0,3323.5
D02_iPhone_7_Plus_35878291040.jpg,095c295392cf664e728bfafe6935b5320864b6bf03429a6d438fecf2ab33667c,1,0,0.006162,0.0072,gauss1,,,3288.3
D02_iPhone_7_Plus_35951838852.jpg,0bef55b4e4f1d7dea6818c05b7e5eeb45c114c44adccb3f6e05e1013017ee4bd,1,1,0.186912,0.0072,gauss1,BP01_12MP_NL_JPEG.mat,0,2950.1
D02_iPhone_7_Plus_35988028671.jpg,a671d010f7daa2ac34c08487f86cccdc5bf7024d7daa5fb03c191b0252b11625,1,1,0.173291,0.0072,gauss1,BP01_12MP_NL_JPEG.mat,2,2863.4
D02_iPhone_7_Plus_35988030351.jpg,2cb97a97977cb735e8f9364d669c83390d5b4c0935934922ecbe2075b8ae1b4b,1,1,0.340021,0.0072,gauss1,BP01_12MP_NL_JPEG.mat,0,3481.7
D02_iPhone_7_Plus_36041837814.jpg,991852cdf2727237336a77964cd8215e426adc6cadd5dfb5051de752ccddf1fc,1,1,0.027601,0.0072,gauss1,BP01_12MP_NL_JPEG.mat,0,3259.3
D02_iPhone_7_Plus_36041987364.jpg,21b82a512ee333a899ba54043cd3e1e127b34bcc26cb93a609f3d7377794608d,1,1,0.062119,0.0072,gauss1,BP01_12MP_NL_JPEG.mat,0,4764.6
D02_iPhone_7_Plus_36041988894.jpg,6e46b5ed9b078851012b964451d4157399d13ffb9c8468618b68f149c92dd822,1,1,0.022945,0.0072,gauss1,BP01_12MP_NL_JPEG.mat,0,4509.7
D02_iPhone_7_Plus_36041991754.jpg,f54ec2e9075b1445ac753da59403a198deb24c87bbb71a4565e2ab394b036cbf,1,1,0.008366,0.0072,gauss1,BP01_12MP_NL_JPEG.mat,0,3067.9
D02_iPhone_7_Plus_36041993484.jpg,662f7fb74246511b0791fa2ed32ce1986e5df4326b2716a68daa2c88fae71c17,1,1,0.014695,0.0072,gauss1,BP01_12MP_NL_JPEG.mat,0,3178.4
D02_iPhone_7_Plus_36067743933.jpg,b9422f283f5499279e5b4e9826693dd0ccaa8637819ad7d7375eb76e0ad76149,1,1,0.092362,0.0072,gauss1,BP01_12MP_NL_JPEG.mat,0,3443.9
D02_iPhone_7_Plus_36067745813.jpg,4af2fbdf347d33edef76746e8ff3ba861ac594850d08614001cfca30f39f2e40,1,1,0.080837,0.0072,gauss1,BP01_12MP_NL_JPEG.mat,0,3255.2
D02_iPhone_7_Plus_36067747193.jpg,18c5b5848a21c63f71c13fb189eda248af7276bdc02146967010c7a81ee55f2b,1,1,0.449922,0.0072,gauss1,BP01_12MP_NL_JPEG.mat,0,2930.4
D02_iPhone_7_Plus_36067748633.jpg,ad411caa93074feaa021c2875527fe373b8e336a720d15f563ee5e018639ac51,1,1,0.057515,0.0072,gauss1,BP01_12MP_NL_JPEG.mat,0,3220.8
D02_iPhone_7_Plus_36067750143.jpg,fbfc4bbbf67da494287e941ef7257813a5a380a931a14d0bb2c14aab2bcf3e1e,1,1,0.05665,0.0072,gauss1,BP01_12MP_NL_JPEG.mat,0,3424.7
D02_iPhone_7_Plus_36067751583.jpg,3e25e45a13318e1b298cdb40905e8ee8dcc0a91635db821e0f378659cfe87042,1,1,0.050114,0.0072,gauss1,BP01_12MP_NL_JPEG.mat,0,3302.4
D02_iPhone_7_Plus_36067753083.jpg,868b5521bcc0bfd87d3f48c0cd902bff546e7e7d03b96bbb20b10b381babcfbe,1,1,0.286937,0.0072,gauss1,BP01_12MP_NL_JPEG.mat,0,2981.2
D02_iPhone_7_Plus_36067754513.jpg,1405251f2f7c1c9c20be2d5bc9b1af0d5cf71891a78349949635bf2438e6e426,1,1,0.308983,0.0072,gauss1,BP01_12MP_NL_JPEG.mat,0,3247.6
D02_iPhone_7_Plus_36067756993.jpg,8116c1729e5ed0d1c5e517f12983b0f836426dd25720f24fd0b067509bbd6447,1,1,0.013153,0.0072,gauss1,BP01_12MP_NL_JPEG.mat,0,3250.0
D02_iPhone_7_Plus_36079776936.jpg,5957c91d1b792ae8c193a8e588b40dd6a9ffac068880bfe79b43ad2d223b36a7,1,1,0.212968,0.0072,gauss1,BP01_12MP_NL_JPEG.mat,0,3223.0
D02_iPhone_7_Plus_36121239575.jpg,6a95438514093885411aaaa206a875add79f4ca3db3d745a4a73395641e8afc5,1,1,0.049651,0.0072,gauss1,BP01_12MP_NL_JPEG.mat,0,3014.4
D02_iPhone_7_Plus_36121245975.jpg,f862cf3790652d83ffc6d98183f1ad6979ba12b140b077d59c6ae79a4608f1d7,1,1,0.384894,0.0072,gauss1,BP01_12MP_NL_JPEG.mat,0,3276.4
D02_iPhone_7_Plus_36121248975.jpg,9314adcbd613a702773fc63d55877e58bd9b4191ffd8cc122db2d26284e464c4,1,1,0.029768,0.0072,gauss1,BP01_12MP_NL_JPEG.mat,0,2942.8
D02_iPhone_7_Plus_36217053644.jpg,5427cb33763071e956c95d582bde2bb1f204ee6e3af378469c9942aa4f92a9ea,1,1,0.011475,0.0072,gauss1,BP01_12MP_NL_JPEG.mat,0,3281.0
D02_iPhone_7_Plus_36244134193.jpg,7aa4957edb3d8e2b478683ef1ca12dab1b8362503ccdc8bf275e81dc2993c201,1,1,0.024812,0.0072,gauss1,BP01_12MP_NL_JPEG.mat,0,4643.7
D02_iPhone_7_Plus_36272684525.jpg,6c7a1599bd14ef6680bb5a72119fc44ea33c2fb9e7abcfb06f9647b3a3bea48d,1,1,0.014552,0.0072,gauss1,BP01_12MP_NL_JPEG.mat,0,4785.2
D02_iPhone_7_Plus_36316639484.jpg,936cb0492a2ac07da7fa4ce7e0d8d3c2e68f5155748168053057db4897fe0222,1,1,0.047809,0.0072,gauss1,BP01_12MP_NL_JPEG.mat,0,3393.6
D02_iPhone_7_Plus_36316640064.jpg,56967cd40024a9f0fe79c34a8c8c36108ebaea01d56a58cc891fa575c3bb7975,1,1,0.054732,0.0072,gauss1,BP01_12MP_NL_JPEG.mat,0,3050.6
D02_iPhone_7_Plus_36316655444.jpg,2ad788bd2943c32fbea650e652ad5d958152bfec330c6000e81bcdf951ee969f,1,1,0.085465,0.0072,gauss1,BP01_12MP_NL_JPEG.mat,0,3132.1
D02_iPhone_7_Plus_36338976933.jpg,78ecb4506c2b042ea3e54dc3dd40cdacaf6aec39c5dba326f5caeb11c19afcd0,1,1,0.176205,0.0072,gauss1,BP01_12MP_NL_JPEG.mat,0,3438.9
D02_iPhone_7_Plus_36338985973.jpg,0b4934789f7a96377da4cfd65357af619e2910ab069c6035c46de58b1f976d29,1,1,0.069762,0.0072,gauss1,BP01_12MP_NL_JPEG.mat,0,3226.9
D02_iPhone_7_Plus_36473336824.jpg,4f1bcae1ba051ea016b759906a08245def94b9b7feaabca6eb47ec0214a7e5eb,1,1,0.274811,0.0072,gauss1,BP01_12MP_NL_JPEG.mat,0,3053.2
D02_iPhone_7_Plus_36473343244.jpg,0b47655a00f72ffd6a9283b9ac1a386f1b903a61af9cd7c2ad8c50b35853b6d3,1,1,0.029624,0.0072,gauss1,BP01_12MP_NL_JPEG.mat,0,3257.3
D02_iPhone_7_Plus_36497386573.jpg,3a775b6d652aac88c8be1f9287a7f7236d9faa1501e5a6c300c014ac93d5a4f3,1,1,0.044958,0.0072,gauss1,BP01_12MP_NL_JPEG.mat,0,3033.7
D02_iPhone_7_Plus_36497387733.jpg,8db119844bf3d98932049747521ef1989a626929648b557cecb7e5a8049c4569,1,1,0.046223,0.0072,gauss1,BP01_12MP_NL_JPEG.mat,0,3198.6
D02_iPhone_7_Plus_36497388173.jpg,69cf22349f66c05bac29ba2c6d170f882081c98655a1c236ddeb364362bf33a0,1,1,0.047263,0.0072,gauss1,BP01_12MP_NL_JPEG.mat,0,3435.1
D02_iPhone_7_Plus_36497394823.jpg,8ec0d4521b5f8b642c07b985a3bc90ce076f32b5ac5c8f65036ab215e93f2f49,1,1,0.037224,0.0072,gauss1,BP01_12MP_NL_JPEG.mat,0,3135.2
D02_iPhone_7_Plus_36532950406.jpg,1bf9d1004eb82eaa1119cb8b77ca6fde76633160d79d8e8f135d0910ad29fad6,1,1,0.440539,0.0072,gauss1,BP01_12MP_NL_JPEG.mat,0,3039.7
D02_iPhone_7_Plus_36612130056.jpg,7fbf490500bd8ab43b5b221ba6eecd4307069eaa94d41d3454dfada8efb87704,1,1,0.150651,0.0072,gauss1,BP01_12MP_NL_JPEG.mat,0,3111.3
D02_iPhone_7_Plus_36705131032.jpg,0c46df58e51592e5136316b9506440a0f0190596777b83cd844259f87da32f40,1,1,0.097039,0.0072,gauss1,BP01_12MP_NL_JPEG.mat,0,3353.2
D02_iPhone_7_Plus_36705134422.jpg,e596812f9d74376f19e3e2e3a8dbd4901f4b3fa4acfbed9fd61787625eb4491f,1,1,0.013592,0.0072,gauss1,BP01_12MP_NL_JPEG.mat,0,3218.3
D02_iPhone_7_Plus_36705137962.jpg,b96aa4c0808b8b3149488b50162c837ae6bb547a1249aea0aadb59ab996dbbaf,1,1,0.012238,0.0072,gauss1,BP01_12MP_NL_JPEG.mat,0,3123.2
D02_iPhone_7_Plus_36736439881.jpg,60823c43caa4b70242e442d7d33f282ddcdc71fcc1d62af19e204ccc74f0197b,1,1,0.009946,0.0072,gauss1,BP01_12MP_NL_JPEG.mat,0,3319.3
D02_iPhone_7_Plus_36736522781.jpg,b0a38a6756fd95791ecaa1fb5bd95825c123c356914e9d0c6f298fb76625f021,1,1,0.27392,0.0072,gauss1,BP01_12MP_NL_JPEG.mat,0,3084.5
D02_iPhone_7_Plus_36736523031.jpg,fee479c4aed620ad12684a5a1ae9c38564a1e90052ad338a1a46531745a846d1,1,1,0.331916,0.0072,gauss1,BP01_12MP_NL_JPEG.mat,0,3249.8
D02_iPhone_7_Plus_36736523451.jpg,dd9a5bf90cc151dcdd925f207b0f6fae6e6e2d46d2ce8745aa6c69ce14ddb621,1,1,0.397386,0.0072,gauss1,BP01_12MP_NL_JPEG.mat,0,3051.3
D02_iPhone_7_Plus_36736596051.jpg,db7f6f78f2358b929cafa51f7fc3e0f62f5f5a730c5474680fde66fd18baae99,1,1,0.190493,0.0072,gauss1,BP01_12MP_NL_JPEG.mat,0,3223.0
D02_iPhone_7_Plus_36736597241.jpg,3f6b127129ee4d058097b19e6c4cda883186f6f2f1258e14a58fe7cebb2e4a32,1,1,0.195894,0.0072,gauss1,BP01_12MP_NL_JPEG.mat,0,2922.5
D02_iPhone_7_Plus_36736598851.jpg,a7cf841f413a339853aaa33d35b167cd2212cfe31b3eeabd1bf793da128ca96b,1,1,0.263594,0.0072,gauss1,BP01_12MP_NL_JPEG.mat,0,3116.4
D02_iPhone_7_Plus_36736600341.jpg,b1d140c696771936a08f20fc62106b523aa7cbf4eae3f2a214c1e73ef39826b3,1,1,0.152398,0.0072,gauss1,BP01_12MP_NL_JPEG.mat,0,3336.1
D02_iPhone_7_Plus_36736602521.jpg,983e76b9a873ade98f9a9b456bec07f11cdbe4c11d9230a1c18b75825aab2804,1,1,0.163627,0.0072,gauss1,BP01_12MP_NL_JPEG.mat,0,3173.7
D02_iPhone_7_Plus_36736603551.jpg,af53143a35daf48e0c09fdd560e726f677ad0200ee47f13f77c59967e65cb4b9,1,1,0.323534,0.0072,gauss1,BP01_12MP_NL_JPEG.mat,0,3305.4
D02_iPhone_7_Plus_36736605421.jpg,fb628e7fe5efe6ddb41b2192ef4e58c2799e5649f19b7c174e92cf6e807dc198,1,1,0.123787,0.0072,gauss1,BP01_12MP_NL_JPEG.mat,0,3156.2
D02_iPhone_7_Plus_36736608131.jpg,d161584a5add21afc9a5c91963abc8e9fdb8640ecd837389ff84d415f3efbf80,1,1,0.025444,0.0072,gauss1,BP01_12MP_NL_JPEG.mat,0,3322.2
D02_iPhone_7_Plus_36755295860.jpg,22008092a2dd893fc2c5997a96f56ab584696e2c0c970b834ad3c95c4a0692af,1,1,0.601285,0.0072,gauss1,BP01_12MP_NL_JPEG.mat,0,3184.7
D02_iPhone_7_Plus_36755301040.jpg,5e418f91ab37e441a2496b910d61f23845159b302ec9134228604759daf32ee4,1,1,0.067321,0.0072,gauss1,BP01_12MP_NL_JPEG.mat,0,3224.9
D02_iPhone_7_Plus_36755311010.jpg,f26de0c481db8495377629479e2f7ff68d839a7d6848ca0c2ccee54d6d4e13b3,1,1,0.038344,0.0072,gauss1,BP01_12MP_NL_JPEG.mat,0,3995.3
D02_iPhone_7_Plus_36755871460.jpg,007f2b71c9f6dcfc4521e65238155edc58368d47f1827458b0bb5b8738cafc46,1,1,0.151443,0.0072,gauss1,BP01_12MP_NL_JPEG.mat,0,5177.0
D02_iPhone_7_Plus_36863673596.jpg,6912e79b2daefe363d894555b44186d15774b27299dccc8002653ba7f07b6686,1,1,0.191119,0.0072,gauss1,BP01_12MP_NL_JPEG.mat,0,3559.8
D02_iPhone_7_Plus_36876238155.jpg,8fb3000eaf8b34830bf8b237f4a83bc044532f8c82b4666f851c5ecea7f80c2f,1,1,0.375239,0.0072,gauss1,BP01_12MP_NL_JPEG.mat,0,3254.0
D02_iPhone_7_Plus_36876240155.jpg,df982cd2e1af23c9f3c1f0b5843f39787b33eeaea216b3ca24b488453750dc92,1,1,0.32538,0.0072,gauss1,BP01_12MP_NL_JPEG.mat,0,3216.4
D02_iPhone_7_Plus_36876241915.jpg,ada0436d7f59a6ae438fdc3386ce157d825bc9d2a7914344e1767a96a6699bda,1,1,0.291921,0.0072,gauss1,BP01_12MP_NL_JPEG.mat,0,3115.7
D02_iPhone_7_Plus_36876243955.jpg,f56218f971fd7dd3ef52597aa91fce901d201d60bb6dede8b3e032d08c3188ce,1,1,0.073927,0.0072,gauss1,BP01_12MP_NL_JPEG.mat,0,3243.4
D02_iPhone_7_Plus_36913152380.jpg,e3e37a005705686cebbad6748cb9f269fbeba8923edec7dd914eb62a4dc9ece1,1,1,0.04725,0.0072,gauss1,BP01_12MP_NL_JPEG.mat,0,2969.2
D02_iPhone_7_Plus_36963480766.jpg,a9ebac84e6126eed68f1586e968f1207a81d7bf9d5a12196a0463f90c59eebb8,1,1,0.117171,0.0072,gauss1,BP01_12MP_NL_JPEG.mat,0,3145.3
D02_iPhone_7_Plus_36963488826.jpg,51d9d0f9b449e7f7a54ac46f30463f64cc4d2ae711f45cc760c3a62c3815dc47,1,1,0.067044,0.0072,gauss1,BP01_12MP_NL_JPEG.mat,0,3462.2
D02_iPhone_7_Plus_36963935736.jpg,5ec4a87d1b34a91afff192aff5760a27d0aa706bc9e68e90def1df6a5ed15753,1,1,0.074634,0.0072,gauss1,BP01_12MP_NL_JPEG.mat,0,3254.5
D02_iPhone_7_Plus_36981473502.jpg,a9e3160c191402351bf6cbe8dc8763cf10d8638f54707290591c9d5768cc3ebd,1,1,0.286686,0.0072,gauss1,BP01_12MP_NL_JPEG.mat,0,3068.4
D02_iPhone_7_Plus_36981480252.jpg,2ca3081f87f9bcc9c3513e2aac59aaf2403b1e1cc1bc2ce47c57e0592b0e3152,1,1,0.105198,0.0072,gauss1,BP01_12MP_NL_JPEG.mat,0,3160.6
D02_iPhone_7_Plus_36981997932.jpg,fb14b5dbd4e651bed9b67993acd02843548a1f6e88856c83727248ba5e7ee302,1,1,0.147349,0.0072,gauss1,BP01_12MP_NL_JPEG.mat,0,3481.8
D02_iPhone_7_Plus_36982030742.jpg,5f08add4b84060d7762f117740c4d09d4d1ec21237e4b2773664471a12312d61,1,1,0.077643,0.0072,gauss1,BP01_12MP_NL_JPEG.mat,0,3294.9
D02_iPhone_7_Plus_37010342111.jpg,1bd7a7df09e0f0d839cf1290f3af85385d36754d6da6d9167945348aa3bd4fe6,1,1,0.015849,0.0072,gauss1,BP01_12MP_NL_JPEG.mat,0,3062.5
D02_iPhone_7_Plus_37051639745.jpg,955d73150ef7fbdf41e178b86a9a8f029049221d9ebebe8bd698c92c6279ec86,1,1,0.032085,0.0072,gauss1,BP01_12MP_NL_JPEG.mat,0,3292.7
D02_iPhone_7_Plus_37137973102.jpg,78c19b0b175508c626a57f62e8199556f96dea69a416ae3c40a49f7b7af3e4e5,1,1,0.059033,0.0072,gauss1,BP01_12MP_NL_JPEG.mat,0,3253.1
D02_iPhone_7_Plus_37137981122.jpg,ca5e7b89eb878c589714497029137193e0b8fa3b65698fc29b863174e2bab6df,1,1,0.104721,0.0072,gauss1,BP01_12MP_NL_JPEG.mat,0,3267.0
D02_iPhone_7_Plus_37153282565.jpg,b2f23ca373c3faa3f184fce896a7b63d2b96a8c4a4e45da7a5e8933070c72948,1,1,0.020027,0.0072,gauss1,BP01_12MP_NL_JPEG.mat,0,3086.6
D02_iPhone_7_Plus_37153285305.jpg,6873bfa485d00833a13a18224a2acf5c89853f387b920b625caadf677143ea88,1,1,0.022047,0.0072,gauss1,BP01_12MP_NL_JPEG.mat,0,3265.3
D02_iPhone_7_Plus_37153288245.jpg,98e76eb429ca3af3a5970f0ad0385c837de82d575e43a5e9cb8c1d4749e5cedf,1,1,0.104098,0.0072,gauss1,BP01_12MP_NL_JPEG.mat,0,3057.2
D02_iPhone_7_Plus_37168027741.jpg,8979b9772ad99a3525a3afa861d06bded5bf8cc75bb8df7174340715217e3271,1,1,0.0469,0.0072,gauss1,BP01_12MP_NL_JPEG.mat,0,3251.8
D02_iPhone_7_Plus_37168027761.jpg,c7eebc266895a3b1306b4d9f3cb3ad8aa7b9b4f0c907a6b10b1b633e95616ae5,1,1,0.041872,0.0072,gauss1,BP01_12MP_NL_JPEG.mat,0,3382.1
D02_iPhone_7_Plus_37311207675.jpg,695d576d1747118f02f6c2733c0110deca1fc56f18680f9b607a0361773f0be6,1,1,0.130751,0.0072,gauss1,BP01_12MP_NL_JPEG.mat,0,3232.8
D02_iPhone_7_Plus_37311209095.jpg,1fad9ad5ca4c36e7a70e4c31636c6508493d3efa58f5b50aadf1e90c201cc415,1,1,0.040127,0.0072,gauss1,BP01_12MP_NL_JPEG.mat,0,3045.2
D02_iPhone_7_Plus_37311211805.jpg,b8300d3e9163cdb6807aaa47636f2a6a7ead7c740b2d38c37a9a267c64421bb9,1,1,0.068035,0.0072,gauss1,BP01_12MP_NL_JPEG.mat,0,3246.1
D02_iPhone_7_Plus_39069899060.jpg,0df8131946010160d634a4ca217b3dab6ac85ffa90ad550c04fc6216b3fbca06,1,1,0.131647,0.0072,gauss1,BP02_12MP_NL_JPEG.mat,0,2675.5
D02_iPhone_7_Plus_39069899200.jpg,f8af4d861974b34695526aa1cc28bed703e622bb8a7ed653900c923bc26c3ad9,1,1,0.04329,0.0072,gauss1,BP02_12MP_NL_JPEG.mat,0,2868.0
D02_iPhone_7_Plus_39069899230.jpg,a2e401b92e433378ed1fa83a839f67cfee888449cd8d04b1eac249d167af9a2a,1,1,0.158728,0.0072,gauss1,BP02_12MP_NL_JPEG.mat,0,2984.9
D02_iPhone_7_Plus_39077333850.jpg,9b81fff4c3c93eb0c87ecd52937d6063314884ac8bcb30a25d287de706355027,1,1,0.196012,0.0072,gauss1,BP02_12MP_NL_JPEG.mat,2,2965.4
D02_iPhone_7_Plus_39080249910.jpg,e2f51096a0b56f292f19c6a9a2c0c786c877b8f01f54bed3d4d36e846f61f562,1,1,0.1838,0.0072,gauss1,BP02_12MP_NL_JPEG.mat,0,2853.1
D02_iPhone_7_Plus_39498513310.jpg,04b6b4169e6fe3375880713efec3ca255ea936495804092ed20fe93011e22886,1,1,0.41406,0.0072,gauss1,BP02_12MP_NL_JPEG.mat,0,2986.9
D02_iPhone_7_Plus_39498513390.jpg,dd3f68d42a75df173873f9224571c7bb6a5952ab70b496b0a6e597075b451dff,1,1,0.369741,0.0072,gauss1,BP02_12MP_NL_JPEG.mat,0,2645.3
D02_iPhone_7_Plus_39498557790.jpg,6c70aff3eeed8bfae254f0231bf36cc27f722a72afd8f878b400ece059249ac9,1,1,0.248811,0.0072,gauss1,BP02_12MP_NL_JPEG.mat,2,3203.7
D02_iPhone_7_Plus_39498557850.jpg,79d7caf0b71962eee10feba67779746bb55f61580e4bd6a79cacecd1957c5448,1,1,0.301284,0.0072,gauss1,BP02_12MP_NL_JPEG.mat,0,3011.3
D02_iPhone_7_Plus_39498563200.jpg,f6ce118edc71825674c3b84780a3e415f2a51b5331e29de6c91981d41afcf4bd,1,1,0.272328,0.0072,gauss1,BP02_12MP_NL_JPEG.mat,0,2763.1
D02_iPhone_7_Plus_39985949865.jpg,ef3a8025172e06e1c7aa7abfc8e6220c12914a36ee590e7f9086ae012f3a6bf0,1,1,0.146127,0.0072,gauss1,BP02_12MP_NL_JPEG.mat,0,2982.2
D02_iPhone_7_Plus_39993466325.jpg,bd76fb3fa8c40ffc0dac22615e637b5e171a0b2dbd9a218b198261a28f8e1a0a,1,1,0.139554,0.0072,gauss1,BP02_12MP_NL_JPEG.mat,2,3487.5
D02_iPhone_7_Plus_39993480255.jpg,ba1522358adcbb26fbc841bc9054f5f4a627d323c80305ef446dbfff185ac286,1,1,0.199863,0.0072,gauss1,BP02_12MP_NL_JPEG.mat,2,3206.7
D02_iPhone_7_Plus_39993565125.jpg,a69d82ff8616afbbafb149a1671f548c28293d59761d618db3c7c625e8364565,1,1,0.252942,0.0072,gauss1,BP02_12MP_NL_JPEG.mat,2,3320.8
D02_iPhone_7_Plus_39993598265.jpg,d44008ec2ff78f85e0dc3ec55a667c62aec280e8f8821ccd2b604f0571682536,1,1,0.309141,0.0072,gauss1,BP02_12MP_NL_JPEG.mat,2,3289.7
D02_iPhone_7_Plus_39993600715.jpg,2d0eb4073487d079835027d2a118aab7f6edb3faf74cc98f77a640554d8a3270,1,1,0.190414,0.0072,gauss1,BP02_12MP_NL_JPEG.mat,2,3036.1
D02_iPhone_7_Plus_39993600745.jpg,bdcc0d23e21214be448db4dfb3bbc4c5da4df342dfd2c90144f9068672e74fbd,1,1,0.205995,0.0072,gauss1,BP02_12MP_NL_JPEG.mat,2,3286.3
D02_iPhone_7_Plus_39993608355.jpg,eb00db01cdd3c1e850ec4dae60292a46e7992f3afe6147dffa1264c130a3120d,1,1,0.161607,0.0072,gauss1,BP02_12MP_NL_JPEG.mat,2,2971.8
D02_iPhone_7_Plus_39993657445.jpg,49cb318b273334eca802a6344d344ed07174604e117b81b3c7b62d1d308563ae,1,1,0.138748,0.0072,gauss1,BP02_12MP_NL_JPEG.mat,2,3158.0
D02_iPhone_7_Plus_39993658215.jpg,43be99ec9ec467139441d4dcf09950fed57d2f9a6635acd54f81e868f6d30631,1,1,0.164359,0.0072,gauss1,BP02_12MP_NL_JPEG.mat,2,3319.9
D02_iPhone_7_Plus_39993658785.jpg,98154146796f0b48c7d489e3bfdbee863fda0a3e14e243d8c37c29a4b49e876f,1,1,0.162098,0.0072,gauss1,BP02_12MP_NL_JPEG.mat,0,3017.7
D02_iPhone_7_Plus_39996075975.jpg,4ec1a1dd0f03933a31a65f7be0f4989c27bebebcf1c95c6d9e1ddea38b53ce16,1,1,0.14684,0.0072,gauss1,BP02_12MP_NL_JPEG.mat,2,4481.8
D02_iPhone_7_Plus_40179215494.jpg,b1d981bd166626e9d53e55c4dd6b32af1b16b9269577bc409c5b9d7b3344b083,1,1,0.201476,0.0072,gauss1,BP02_12MP_NL_JPEG.mat,0,4415.7
D02_iPhone_7_Plus_40179215564.jpg,7bc5c81d4edfe51baf3d1df0ab03e585ff7fb9bedf6f1c16bf27ad0f4ba3d7a6,1,1,0.237494,0.0072,gauss1,BP02_12MP_NL_JPEG.mat,0,2709.2
D02_iPhone_7_Plus_40179269434.jpg,ca268db0054243b7b63bd0da5c69f6ea84495b8db6bcaffb08baf0ae6e0ea377,1,1,0.188419,0.0072,gauss1,BP02_12MP_NL_JPEG.mat,2,3062.2
D02_iPhone_7_Plus_40179345494.jpg,515ca97e4c4d6ebe474b1d46833f37b2301455121a1e60b0344dfe2608c6d9c5,1,1,0.312373,0.0072,gauss1,BP02_12MP_NL_JPEG.mat,2,3370.9
D02_iPhone_7_Plus_40179346604.jpg,eb3acff9a9e066e7618e2ad46687f57a3301e6210f7ee7dfab7e9e5ca498d198,1,1,0.153897,0.0072,gauss1,BP02_12MP_NL_JPEG.mat,2,3153.5
D02_iPhone_7_Plus_40179483594.jpg,7bdd1ee86c7768e0c57c7554c94a42cf0e8f24bd2c3db304d6da2c1005a2adbd,1,1,0.1414,0.0072,gauss1,BP02_12MP_NL_JPEG.mat,2,3303.9
D02_iPhone_7_Plus_40179483764.jpg,f47511a67561618c2e2b3b5567fc90480d714e14bf776a62dd9298c6be4950ec,1,1,0.14888,0.0072,gauss1,BP02_12MP_NL_JPEG.mat,2,3147.5
D02_iPhone_7_Plus_40179530254.jpg,3d52eb342713ee84ba4e8d0c6bbfb5283f1640abe1cedd593e82794d7df11196,1,1,0.41888,0.0072,gauss1,BP02_12MP_NL_JPEG.mat,2,3427.5
D02_iPhone_7_Plus_40179530874.jpg,0ce3a35558994ed64135f35ecd0f6b0de21c58a49a3edbeecad665148905789e,1,1,0.226357,0.0072,gauss1,BP02_12MP_NL_JPEG.mat,2,3211.2
D02_iPhone_7_Plus_40179531104.jpg,76c0d3d152b28eff59dc6f194d9038c377614838ef1cca93971c0bfebbd411bc,1,1,0.140255,0.0072,gauss1,BP02_12MP_NL_JPEG.mat,2,3359.2
D02_iPhone_7_Plus_40412244685.jpg,fe1f9fcddd21700ba4f113ea3b07b270fc2aa1d7713f48d729a85275b20dedbb,1,1,0.3835,0.0072,gauss1,BP02_12MP_NL_JPEG.mat,0,2904.0
D02_iPhone_7_Plus_40412245835.jpg,cda560664bddd321f01cf935716cc33d63541f3b7e186a0c09d057fd7c8654ab,1,1,0.276166,0.0072,gauss1,BP02_12MP_NL_JPEG.mat,0,3056.0
D02_iPhone_7_Plus_40594327814.jpg,e884a6860bb7a84ec6bc630a56a680b979ea2c1b904faa65e58bb64c23af54cc,1,1,0.345243,0.0072,gauss1,BP02_12MP_NL_JPEG.mat,0,2675.4
D02_iPhone_7_Plus_40594362374.jpg,e4c21351bcbaaedfeb8c104de8838ffb5bd8d4833db5d4878f38b9382c6d1bf2,1,1,0.29847,0.0072,gauss1,BP02_12MP_NL_JPEG.mat,0,2801.9
D02_iPhone_7_Plus_40594371334.jpg,15c968390be7b8a99aa9824edf8e35ac68bf7af6b02f955c4421252cb8e86783,1,1,0.219132,0.0072,gauss1,BP02_12MP_NL_JPEG.mat,0,2982.9
D02_iPhone_7_Plus_40838022182.jpg,ac38eb0fcf5334561de704be577b61c9d18caddf969ae84157452b6015212fa3,1,1,0.134161,0.0072,gauss1,BP02_12MP_NL_JPEG.mat,2,3392.4
D02_iPhone_7_Plus_40845150772.jpg,0c5213509ae6cadd2bc2226daed1bffe83ba6fdffd3bdcb50ca04471e46aaae6,1,1,0.225679,0.0072,gauss1,BP02_12MP_NL_JPEG.mat,2,3357.6
D02_iPhone_7_Plus_40845246212.jpg,56b702a5c28434471ee742ac41fda1d701502902609f74c38fa2d344b4a96229,1,1,0.170601,0.0072,gauss1,BP02_12MP_NL_JPEG.mat,2,2948.9
D02_iPhone_7_Plus_40845246232.jpg,81a1b3d08c53a2be2dcc62df0cf2d15efcdccdfd551492c9a4605d591737ced0,1,1,0.190058,0.0072,gauss1,BP02_12MP_NL_JPEG.mat,2,3219.0
D02_iPhone_7_Plus_40845246372.jpg,24f2c35a6969c2ec81f27410532cbbdeb65b74aff1f4c7726f1e1266b1dfbbd7,1,1,0.173044,0.0072,gauss1,BP02_12MP_NL_JPEG.mat,2,3508.7
D02_iPhone_7_Plus_40845293792.jpg,7d3d4354255a55b3164c355781fea9e579c2d52a3803146deb7ba6c8965119d6,1,1,0.235383,0.0072,gauss1,BP02_12MP_NL_JPEG.mat,2,3285.3
D02_iPhone_7_Plus_40845293862.jpg,4e8d0531eeedfffbcb5c1dfc33203ab770386861b7c28de03824459b0636bea0,1,1,0.250594,0.0072,gauss1,BP02_12MP_NL_JPEG.mat,2,3027.0
D02_iPhone_7_Plus_40845293912.jpg,d1ac6d66e97330070abda8e0f7032d461aabc08f72b2362bb032fa4a1799388b,1,1,0.239307,0.0072,gauss1,BP02_12MP_NL_JPEG.mat,2,3259.8
D02_iPhone_7_Plus_40845293952.jpg,51304935eb1cb8fa47e03b89ab2aca88416f8fbc491dec386900acbb8da1505e,1,1,0.296315,0.0072,gauss1,BP02_12MP_NL_JPEG.mat,2,2942.8
D02_iPhone_7_Plus_40845294282.jpg,c81dfff5055fca3a17329c6162e1e0a480d2b24a954f44e414d2789f158005d9,1,1,0.182235,0.0072,gauss1,BP02_12MP_NL_JPEG.mat,2,3206.3
D02_iPhone_7_Plus_40845294352.jpg,abfb5e1b29b15d8eb9e02a4612f09e7a212ac2b67e0e9fe1c5c94c96b8c7f7e5,1,1,0.161564,0.0072,gauss1,BP02_12MP_NL_JPEG.mat,2,3157.0
D02_iPhone_7_Plus_40845294392.jpg,2317a46af3ab674074d03e87e41c498f9a6cae57bbf18b20ec9c310baa37718c,1,1,0.179877,0.0072,gauss1,BP02_12MP_NL_JPEG.mat,2,3091.7
D02_iPhone_7_Plus_40845394152.jpg,3c849fede94b833b822f6365f3fbe19de23a92ca1bf870b6246c531f1782d441,1,1,0.1682,0.0072,gauss1,BP02_12MP_NL_JPEG.mat,2,4346.0
D02_iPhone_7_Plus_40845394872.jpg,5ee0de4e0c6a0d2ad0afd2b69e7d438fb99f9fa363ef18884ffe0e9d123a3812,1,1,0.150926,0.0072,gauss1,BP02_12MP_NL_JPEG.mat,2,4783.5
D02_iPhone_7_Plus_40879516151.jpg,2b2c3321998946333dd2fe00cd16761e2a35f1327c8bd5c717178d6d6db336ba,1,1,0.116772,0.0072,gauss1,BP02_12MP_NL_JPEG.mat,0,2778.4
D02_iPhone_7_Plus_40879517371.jpg,9d654faaaf5aae6fd5dd9757ee6ec5dd422e90fcfbb533da132b2c632dd8cb0f,1,1,0.113095,0.0072,gauss1,BP02_12MP_NL_JPEG.mat,0,2837.8
D02_iPhone_7_Plus_40886799231.jpg,36a2b15619b98a70655d801ad9f2808164040a684d13c76cad8216f401325977,1,1,0.191832,0.0072,gauss1,BP02_12MP_NL_JPEG.mat,2,3374.4
D02_iPhone_7_Plus_40886857921.jpg,769bc25ef9408f513520ab14c3cbd745aa566ff9de9d7fc1fc06b6a9cf71a146,1,1,0.1926,0.0072,gauss1,BP02_12MP_NL_JPEG.mat,2,3064.9
D02_iPhone_7_Plus_40886858181.jpg,1fb1663d3953b27ecb8f4d95f88cd21a5a1d49bb85b77f692dc7f905a8d0e2d9,1,1,0.140564,0.0072,gauss1,BP02_12MP_NL_JPEG.mat,2,3243.8
D02_iPhone_7_Plus_40889675601.jpg,e23fa35d64e0f78aac78ee7fd7d1620a4a87c7b0fe56e0674579e704c18fb36b,1,1,0.129725,0.0072,gauss1,BP02_12MP_NL_JPEG.mat,0,2954.2
D02_iPhone_7_Plus_41265339962.jpg,e863e40f4a3e01b8811c978973f5ac44c95f20510f5dbed7675de48f3667d1b7,1,1,0.268584,0.0072,gauss1,BP02_12MP_NL_JPEG.mat,0,2985.9
D02_iPhone_7_Plus_41307634491.jpg,b3b5eaef9b357773286302ee31172d9ab8897644bab2d478650e0c8039401193,1,1,0.4936,0.0072,gauss1,BP02_12MP_NL_JPEG.mat,0,3097.2
D02_iPhone_7_Plus_41307716931.jpg,36719c27a8892ed0a10228f374b2bde885386e4deac5fd22c8102a232e603c9c,1,1,0.156258,0.0072,gauss1,BP02_12MP_NL_JPEG.mat,0,2626.7
D02_iPhone_7_Plus_42821157632.jpg,73a2709221b85438d62d12ba169879789238948a9f813f199199f9f7fa9847f9,1,1,0.234295,0.0072,gauss1,BP02_12MP_NL_JPEG.mat,0,2935.7
D02_iPhone_7_Plus_42925428641.jpg,c9a693bd277fc657d4ee4d7df7e38652c8384d8173b15a50713d72d96777665b,1,1,0.192785,0.0072,gauss1,BP02_12MP_NL_JPEG.mat,0,3015.6
D03_iPhone_7_Plus_24351158838.jpg,bb4482289783d92b6441f8dbcb97255dba6a193cd1909aa99c714afbc8cbe61b,1,1,0.031079,0.0072,gauss1,BP02_12MP_NL_JPEG.mat,0,2676.3
D03_iPhone_7_Plus_24351159808.jpg,e6b82ef026fa9069d7dba4ba8763a6edf8a0d22c7c50344fee245e2798ce2af4,1,1,0.02021,0.0072,gauss1,BP02_12MP_NL_JPEG.mat,2,3100.3
D03_iPhone_7_Plus_24351161648.jpg,7ee67bd495b4f74ea31bd5fa50f4e9272189df7aadea549651372ad5de6392b0,1,1,0.012789,0.0072,gauss1,BP02_12MP_NL_JPEG.mat,0,3040.3
D03_iPhone_7_Plus_24351392178.jpg,e1f69c6a13645b7e757c25c36337800d9f5e8cbad25c281fa8e6a12f4932278f,1,1,0.234805,0.0072,gauss1,BP02_12MP_NL_JPEG.mat,0,2777.0
D03_iPhone_7_Plus_24357210388.jpg,25f809372a1b56d07ff01f4181ad6a8a2f4fb00ef0f3c106bd97dba2f19c3cbb,1,1,0.274798,0.0072,gauss1,BP02_12MP_NL_JPEG.mat,0,2828.3
D03_iPhone_7_Plus_24357222428.jpg,9756c839a6297d6ba5214c2963f68b9053b1c81e0b57cb3121cec20360f967cb,1,1,0.043233,0.0072,gauss1,BP02_12MP_NL_JPEG.mat,0,2969.4
D03_iPhone_7_Plus_26432991489.jpg,a24677c11aa4a86e4c0a29df30e12172ecb7e658813f7224b143bded928ea4b6,1,1,0.015937,0.0072,gauss1,BP02_12MP_NL_JPEG.mat,0,2674.1
D03_iPhone_7_Plus_26433018749.jpg,9982d6e170dacc6f41ce08c7b8223e1b7e0770c096b48d55a626b6bd322993c0,1,1,0.331344,0.0072,gauss1,BP02_12MP_NL_JPEG.mat,0,3175.8
D03_iPhone_7_Plus_26433023049.jpg,8cbfe5f4378ddc1de8eabce3a690ad5eea8e4660aa0e374192c60e77e0cf71ab,1,1,0.018012,0.0072,gauss1,BP02_12MP_NL_JPEG.mat,2,4793.8
D03_iPhone_7_Plus_26433334249.jpg,72554efec6f5be43a516ceeb8303194d019bbfc6dceb0dfc93052562ec7baa14,1,1,0.302341,0.0072,gauss1,BP02_12MP_NL_JPEG.mat,0,4617.2
D03_iPhone_7_Plus_26433365049.jpg,249f145b2de31d584753f6e4e9ee160dfac18c6e3737fa15285a84f1af7c6b7b,1,1,0.250635,0.0072,gauss1,BP02_12MP_NL_JPEG.mat,0,2725.8
D03_iPhone_7_Plus_26433366969.jpg,f77ccd12e1f5a90b0e525721532b649084675c56e27eeeffcdbf8de220ca43a2,1,1,0.021158,0.0072,gauss1,BP02_12MP_NL_JPEG.mat,2,3218.3
D03_iPhone_7_Plus_37492961454.jpg,b0fbf7f533566e9c184d65209ac96df5a0579ceae101e607bdd59eba7c860121,1,1,0.02728,0.0072,gauss1,BP02_12MP_NL_JPEG.mat,0,3035.1
D03_iPhone_7_Plus_37492972514.jpg,bd9316abedaa179e939fd85288086e22d214225f213cf7f7874f8e905edd88e0,1,1,0.284159,0.0072,gauss1,BP02_12MP_NL_JPEG.mat,0,3127.3
D03_iPhone_7_Plus_37492973644.jpg,d93cfb12f6dc663c2455872f7961237c31de085c6cb16f7c8653a6797788225e,1,1,0.021166,0.0072,gauss1,BP02_12MP_NL_JPEG.mat,2,3330.3
D03_iPhone_7_Plus_37496531974.jpg,f2f11fb769852262d582376573a39cebc51e4a9628201599906881401a7714ba,1,1,0.160106,0.0072,gauss1,BP02_12MP_NL_JPEG.mat,2,3171.6
D03_iPhone_7_Plus_37498450194.jpg,a971fcd104c7ee9062ecb63bf72bff9cd47d15af84917832f320d3609a84d00a,1,1,0.038768,0.0072,gauss1,BP02_12MP_NL_JPEG.mat,0,3061.2
D03_iPhone_7_Plus_37498489264.jpg,6d7e6bf4ea2f85ec5b30424a7ba60c29e8d18764c5604df5a51eec71bfe21697,1,1,0.01928,0.0072,gauss1,BP02_12MP_NL_JPEG.mat,0,2613.2
D03_iPhone_7_Plus_37498833494.jpg,d448be445a343f02a8dff7f9145f1db3b35638b9f6717b2083dbe1427f0a1ccd,1,1,0.012894,0.0072,gauss1,BP02_12MP_NL_JPEG.mat,0,2866.9
D03_iPhone_7_Plus_38147783586.jpg,a9506db4429732a9c20dbdd7742d7795f51dc053e3ad7819959ab7a9d7640c90,1,1,0.041883,0.0072,gauss1,BP02_12MP_NL_JPEG.mat,0,3087.9
D03_iPhone_7_Plus_38147921426.jpg,97c6e8c33949f862b0c052104b4abe0f266792fd51525eab30e71e53312f782a,1,1,0.265848,0.0072,gauss1,BP02_12MP_NL_JPEG.mat,0,2663.9
D03_iPhone_7_Plus_38147921846.jpg,a23cb3a6e2e462ad5007ddede5a8ba6819503c6b782ba7a5569b31f5d0e91a16,1,1,0.224617,0.0072,gauss1,BP02_12MP_NL_JPEG.mat,0,3087.8
D03_iPhone_7_Plus_38153380676.jpg,0d8012a8475c8f85f8a7a0a95b50ae741354d18551e806b9988b9398aa5f3d42,1,1,0.036602,0.0072,gauss1,BP02_12MP_NL_JPEG.mat,0,3136.5
D03_iPhone_7_Plus_38153408696.jpg,70d36555ad8254abbf17b917d4ceb9884377371b103458438653f7098c89096c,1,1,0.015163,0.0072,gauss1,BP02_12MP_NL_JPEG.mat,0,2798.5
D03_iPhone_7_Plus_38153421936.jpg,ff84996cbe7b4c9afcaa887bf873a58e4adb2522bc269731fe5e57e1c5bc40c3,1,0,0.006216,0.0072,gauss1,,,2932.9
D03_iPhone_7_Plus_38153423836.jpg,3064a81813b42706ba59de7ae3f21672dfb6ddbbecab63d5240f6f8b49aef814,1,1,0.022936,0.0072,gauss1,BP02_12MP_NL_JPEG.mat,0,3082.2
D03_iPhone_7_Plus_38153560506.jpg,2dc7623a521a1115380a5d06c5351806382a22ce9f647b826a01956519c26683,1,1,0.022819,0.0072,gauss1,BP02_12MP_NL_JPEG.mat,0,2596.4
D03_iPhone_7_Plus_38153763406.jpg,6f31977c03d367cf8ef98db103cb942d37f6841d12d4c850c2470b2202d527e5,1,1,0.012502,0.0072,gauss1,BP02_12MP_NL_JPEG.mat,2,3156.0
D03_iPhone_7_Plus_38153767786.jpg,7ead44e47790a3e57e4bdb987751b8183dd80cb2d6dbcdf66247cb3082b3777f,1,1,0.247253,0.0072,gauss1,BP02_12MP_NL_JPEG.mat,0,3013.0
D03_iPhone_7_Plus_38153774256.jpg,7d499c030ec9748cbe733a7ee7a39c420fabfce1b2dc30a37af725a2e561cc2d,1,1,0.280695,0.0072,gauss1,BP02_12MP_NL_JPEG.mat,0,2985.9
D03_iPhone_7_Plus_38153778726.jpg,754341ebc63429860b5afedccbc702d9d9bacdeb2327e4ad16f1c11e2133c20a,1,1,0.007823,0.0072,gauss1,BP02_12MP_NL_JPEG.mat,0,2886.4
D03_iPhone_7_Plus_38172147622.jpg,8c81ff94fcc55a5ed7a300ae826665b6536f816b488a922113565bce9618c5d0,1,1,0.237718,0.0072,gauss1,BP02_12MP_NL_JPEG.mat,0,4462.3
D03_iPhone_7_Plus_38172178532.jpg,d253c0357cda9ed658a49ce00ed59ccfe42fe76449550e749cadff495e8b2a36,1,1,0.017115,0.0072,gauss1,BP02_12MP_NL_JPEG.mat,2,4592.6
D03_iPhone_7_Plus_38177562242.jpg,0b01fc35b3800da81801ba5e05771297d2309c5230d826604dfbedc89fa79eeb,1,1,0.023774,0.0072,gauss1,BP02_12MP_NL_JPEG.mat,2,3090.6
D03_iPhone_7_Plus_38177587772.jpg,88d31cf3580afb84742db19e4cae93fb1c53040477199a7b9b7a7d06a474fdd8,1,1,0.01519,0.0072,gauss1,BP02_12MP_NL_JPEG.mat,0,2941.7
D03_iPhone_7_Plus_38177913392.jpg,ca1cc8e0f94b640f6d863a0185459fad7327552f2878bd2caf1717a34c1b5294,1,1,0.032724,0.0072,gauss1,BP02_12MP_NL_JPEG.mat,0,2983.2
D03_iPhone_7_Plus_38177956202.jpg,f0131db73c9d2f640690cfaf2784756846c8db0f14dfa237adfccbda5f82b09e,1,1,0.025,0.0072,gauss1,BP02_12MP_NL_JPEG.mat,0,2800.9
D03_iPhone_7_Plus_38177961522.jpg,da1f1e1c79abbe2501cd7a5ce5da8b1369a4f84a10d188169ab0646bf45ce9c7,1,1,0.316022,0.0072,gauss1,BP02_12MP_NL_JPEG.mat,0,3261.3
D03_iPhone_7_Plus_38204118621.jpg,0886711e2fd0daee51b04541540eb482fc1dae68b7d1105a1b938f55ea325e26,1,1,0.227041,0.0072,gauss1,BP02_12MP_NL_JPEG.mat,0,3238.1
D03_iPhone_7_Plus_38209573931.jpg,4e6a6f85e7e32b6e63c88ff584cc107274e8d0dbef304f10324cb02b68de30ae,1,1,0.293017,0.0072,gauss1,BP02_12MP_NL_JPEG.mat,0,3039.6
D03_iPhone_7_Plus_38209722611.jpg,a358cfb8272c3a056aa888848a7aefc2774a71b084a71b018d54d1178190483d,1,0,0.002419,0.0072,gauss1,,,2763.6
D03_iPhone_7_Plus_38209974241.jpg,b43a1688f7527f15cd42134e8fae41655fb1140771a0b0e96bc54a1d53298ee5,1,1,0.248678,0.0072,gauss1,BP02_12MP_NL_JPEG.mat,2,3224.2
D03_iPhone_7_Plus_38210000511.jpg,bdbe4717bac839348a443c65c7c615fd1d3088db7d90a76a02591cff5ff94af5,1,1,0.218052,0.0072,gauss1,BP02_12MP_NL_JPEG.mat,0,3393.6
D03_iPhone_7_Plus_38210001031.jpg,ea0416ece47b89e4c5051d7c7c3c638e738b0a1188e4ced8695eddd03f08a099,1,1,0.262604,0.0072,gauss1,BP02_12MP_NL_JPEG.mat,0,2864.1
D03_iPhone_7_Plus_38210001751.jpg,d3c635ccadf6a49b48163ece80f2aeba3b63820a145880395c9faeff4e56b3f0,1,1,0.298355,0.0072,gauss1,BP02_12MP_NL_JPEG.mat,0,3085.9
D03_iPhone_7_Plus_38210009651.jpg,d646816209768202288dd00e7b0f6fdf562b029f49558ee39eeb63991c0cd764,1,1,0.022277,0.0072,gauss1,BP02_12MP_NL_JPEG.mat,0,2603.7
D04_iPhone_7_Plus_25157336087.jpg,d9c6957fa1b05a655130e83f074e061b5a8cfb7aac62aa1d68a19301c300c3a7,1,1,0.030462,0.0072,gauss1,BP02_12MP_NL_JPEG.mat,0,3076.4
D04_iPhone_7_Plus_33916732263.jpg,f882418cbf040545587708514f78548cbe6c60ded63b59300a0fd5daea3fc85b,1,1,0.060748,0.0072,gauss1,BP01_12MP_NL_JPEG.mat,0,3210.4
D04_iPhone_7_Plus_33916735823.jpg,7586c3d25b2be384a1c160e87f20828070fd91eac3d68f84591cd24550aca270,1,1,0.338148,0.0072,gauss1,BP01_12MP_NL_JPEG.mat,0,2885.7
D04_iPhone_7_Plus_33916743473.jpg,2460cac1e8ac7e595b80283e50c92fa1981dd9942688c0aec39b3b16051486ad,1,1,0.203132,0.0072,gauss1,BP01_12MP_NL_JPEG.mat,0,3086.3
D04_iPhone_7_Plus_34564374602.jpg,04745f3fa855d0b69ce48ce2c78502f844c72d5c8874f27ac929ecd75eee1ac1,1,1,0.541028,0.0072,gauss1,BP01_12MP_NL_JPEG.mat,0,3476.8
D04_iPhone_7_Plus_34686075736.jpg,193389c9f7d78ac5ed61338b20f4a8457a48df273ec1f29163c800fa614a3e69,1,1,0.372636,0.0072,gauss1,BP01_12MP_NL_JPEG.mat,0,3266.5
D04_iPhone_7_Plus_36821606474.jpg,9f84ec3c6f4a05d6164edb4b2416ceee38432e6b0d71ead93bb2326060011650,1,1,0.084337,0.0072,gauss1,BP02_12MP_NL_JPEG.mat,2,4293.8
D04_iPhone_7_Plus_36821609274.jpg,8062f0a9da147c67b8ecbdc9faadd5d658ae13d078bd5f115d06ed2d3a95e942,1,1,0.101627,0.0072,gauss1,BP02_12MP_NL_JPEG.mat,2,3511.8
D04_iPhone_7_Plus_36862182723.jpg,8f632fdb6b86facd4173f2f4f2d22fe797cb39e4529d406eab8a172406b1e67b,1,1,0.229676,0.0072,gauss1,BP02_12MP_NL_JPEG.mat,2,3243.0
D04_iPhone_7_Plus_37821837015.jpg,58c6e96229ab2258c4bb9e0c4353de8e03318df37d82fee5b245214105c3552a,1,1,0.556685,0.0072,gauss1,BP01_12MP_NL_JPEG.mat,0,3105.3
D04_iPhone_7_Plus_37992059314.jpg,b0548b8022a5ef9c2692ecd1542101e66c29c4f1774f7574f8fb10064f903e6f,1,1,0.639355,0.0072,gauss1,BP01_12MP_NL_JPEG.mat,0,3195.9
D04_iPhone_7_Plus_39318057334.jpg,e9aafcf302e284d4d263872a4fe3bc4adab42b93c866624ed4949d4af84cfb1b,1,1,0.036375,0.0072,gauss1,BP02_12MP_NL_JPEG.mat,2,2869.5
D05_iPhone_7_Plus_28163282677.jpg,51559e0581b74932127f4b8d918eff09f0f81ade084132073bd1970e147f04e2,1,1,0.120477,0.0072,gauss1,BP02_12MP_NL_JPEG.mat,2,3119.3
D05_iPhone_7_Plus_29160176698.jpg,5275e22864f82dc2693050dc22410eb6e7abc2392befd31548aaebad1d7506a3,1,1,0.14303,0.0072,gauss1,BP02_12MP_NL_JPEG.mat,0,3093.1
D05_iPhone_7_Plus_29160176918.jpg,13c08e92bbdae3a11b2d4c3b1e297396925e53a9750948a2969290fa800b89e0,1,1,0.133428,0.0072,gauss1,BP02_12MP_NL_JPEG.mat,2,3181.5
D05_iPhone_7_Plus_30191303957.jpg,97d06c39bcb88a6bbd2bda4807a14b573e01d0fd875304b05ff1537d8acdb7f1,1,1,0.147113,0.0072,gauss1,BP02_12MP_NL_JPEG.mat,2,3444.3
D05_iPhone_7_Plus_30191307557.jpg,d543956fb2da439809f4ba66d3b52a08fabb521f3212c27608172ca03374af13,1,1,0.150841,0.0072,gauss1,BP02_12MP_NL_JPEG.mat,2,3117.5
D05_iPhone_7_Plus_31255444798.jpg,bcf42679eec7de31ddd86a7321b3b0963ec878f673b15a7bc2fb2a1187b1f2b7,1,1,0.121043,0.0072,gauss1,BP02_12MP_NL_JPEG.mat,2,3413.8
D05_iPhone_7_Plus_41222012130.jpg,0b21cbb3c14bc19ef30f6708c1b7ed315ff7e32ebdafe3bca849f897ae72b468,1,1,0.097759,0.0072,gauss1,BP02_12MP_NL_JPEG.mat,2,3161.1
D05_iPhone_7_Plus_42982202982.jpg,222e162e7d417efd6d909b280ac42c664c731f4135cacc582e8303a74e2e8de7,1,1,0.107219,0.0072,gauss1,BP02_12MP_NL_JPEG.mat,2,3268.8
D05_iPhone_7_Plus_42982203802.jpg,afede102211c7254bc8644043ce715c0b7d01fc275161ac55402d9d6fe899e93,1,1,0.161811,0.0072,gauss1,BP02_12MP_NL_JPEG.mat,2,3164.0
D05_iPhone_7_Plus_43315818130.jpg,e6c8c904599bf9a0b5a237f57d0f11042cbebe61fd84d5f61bfa86fd3be9487c,1,1,0.13023,0.0072,gauss1,BP02_12MP_NL_JPEG.mat,2,3247.0
D05_iPhone_7_Plus_44217328155.jpg,956f1e59d3ce51efa6758ea72f4e30934929e6fe7b37c1e71989974e39395428,1,1,0.221065,0.0072,gauss1,BP02_12MP_NL_JPEG.mat,2,3129.3
D05_iPhone_7_Plus_44408429414.jpg,7f263a6b9c560a428bba4ad10f3cfdaecef942d4ea47990071c91945286039e4,1,1,0.123016,0.0072,gauss1,BP02_12MP_NL_JPEG.mat,2,4718.4
D05_iPhone_7_Plus_45129105141.jpg,de85fdb4ded397244c27a76586e6b77cfcdbab0b2a93b799f55ee91d35b8b6ac,1,1,0.129967,0.0072,gauss1,BP02_12MP_NL_JPEG.mat,0,3388.3
D06_iPhone_7_Plus_32296985854.jpg,37a383b3a432168131840df4ae0ba91963f2a1fa07fa75ce48843f408079648e,1,1,0.135508,0.0072,gauss1,BP01_12MP_NL_JPEG.mat,0,3308.4
D06_iPhone_7_Plus_32296988114.jpg,27c3189424d7031cc9e605b091df2ff03aef12904336c2837cc492d2a7da7e90,1,1,0.100372,0.0072,gauss1,BP01_12MP_NL_JPEG.mat,0,3066.2
D06_iPhone_7_Plus_32296989344.jpg,0abd03a8e4e519a29bc52e69a60ff4ece12b5404f44cb135908467d75a0efb97,1,1,0.020404,0.0072,gauss1,BP01_12MP_NL_JPEG.mat,0,3216.1
D06_iPhone_7_Plus_32297088504.jpg,553afa34a8d6f99d7ff8c1b9ae14684e7ecf66044521927ea09445126c3228c8,1,1,0.140969,0.0072,gauss1,BP01_12MP_NL_JPEG.mat,0,2903.4
D06_iPhone_7_Plus_32297326864.jpg,7c3a75c168544962acd144b7678a310ea294b484daf9eb967d7344e4e657bebf,1,1,0.042895,0.0072,gauss1,BP01_12MP_NL_JPEG.mat,0,3081.8
D06_iPhone_7_Plus_32297865594.jpg,0fa5d3967650dba28f8d44296b5fd3551bfdfecd00dff4913d8741d3f7931c21,1,1,0.134935,0.0072,gauss1,BP01_12MP_NL_JPEG.mat,0,3369.4
D06_iPhone_7_Plus_32326337793.jpg,540cbe20bc6b71c8c45eaccf5d3661dabe4268bebf546b2ffb53e2fc4116c25d,1,1,0.008081,0.0072,gauss1,BP01_12MP_NL_JPEG.mat,0,3158.9
D06_iPhone_7_Plus_32326338543.jpg,d6420ffb007979aad609d4a9a3974934301a59646156ae2fd0945e12dc1100bb,1,1,0.060952,0.0072,gauss1,BP01_12MP_NL_JPEG.mat,0,4254.1
D06_iPhone_7_Plus_32326339953.jpg,92a78bffb06e8e4bfceb39038f66a0946fcd763bafc7e971ccd7483dcc2b56f5,1,1,0.031618,0.0072,gauss1,BP01_12MP_NL_JPEG.mat,2,3265.9
D06_iPhone_7_Plus_32327074053.jpg,7cd22397a4291f25680d4933bc52fe53ef40a594ffb51d039ec6becc6c5af6e3,1,1,0.045491,0.0072,gauss1,BP01_12MP_NL_JPEG.mat,0,3174.6
D06_iPhone_7_Plus_32327074833.jpg,b8cbcd2fb9f353be5b006ddb3dcc8ea8b29f051d3d344feb227fd46aeab5d742,1,1,0.086173,0.0072,gauss1,BP01_12MP_NL_JPEG.mat,0,3546.4
D06_iPhone_7_Plus_32327130013.jpg,7a3a39ff5f0cba1743684370d3fda1258f1d7c2eeb205a6030dd4a153f382bf3,1,1,0.534481,0.0072,gauss1,BP01_12MP_NL_JPEG.mat,0,3111.6
D06_iPhone_7_Plus_32327131533.jpg,1940cdc7c0b37faee4daab4553729b34d3b0dce76dc740e43ca6ec3241e7aeb6,1,1,0.528708,0.0072,gauss1,BP01_12MP_NL_JPEG.mat,0,3302.1
D06_iPhone_7_Plus_32327313953.jpg,fcab703002f181da2dd87abfe2d9afd15c7fbb85574c83dcac94c90d059b4d2a,1,1,0.044313,0.0072,gauss1,BP01_12MP_NL_JPEG.mat,0,3245.6
D06_iPhone_7_Plus_32327519723.jpg,7c1fd1c261662da12a89c178aa4c2ff914619bd7f83dea4fcbb25a8c7fd3931c,1,1,0.387716,0.0072,gauss1,BP01_12MP_NL_JPEG.mat,0,2951.1
D06_iPhone_7_Plus_32327521083.jpg,a0c7080ee4a8ae9ca3bcf4a35b12e7042aaef6bba3a6e418286c00394d9ddfe8,1,1,0.122083,0.0072,gauss1,BP01_12MP_NL_JPEG.mat,0,3241.0
D06_iPhone_7_Plus_32327522433.jpg,91f094578e19ef93517d49d40b92243b7b43ec0252b298173b19fc5f1a36bdfb,1,1,0.258981,0.0072,gauss1,BP01_12MP_NL_JPEG.mat,0,3364.9
D06_iPhone_7_Plus_32327523523.jpg,d64766f80cd5a0798ae47a7f1e22461e60ea28ff81b852b3c65b97f05a64573c,1,1,0.103307,0.0072,gauss1,BP01_12MP_NL_JPEG.mat,0,3154.7
D06_iPhone_7_Plus_32517340173.jpg,056c1ca89be6914a0d003bdf7460ff52353ff6ef9cab663f0de58ed78efdf3dc,1,1,0.016184,0.0072,gauss1,BP01_12MP_NL_JPEG.mat,0,2998.5
D06_iPhone_7_Plus_32642031204.jpg,89ce45960ec8d9f4d82de93797163c3c0232abcf1c688b206ed345957e9e6de7,1,1,0.024553,0.0072,gauss1,BP01_12MP_NL_JPEG.mat,0,3250.0
D06_iPhone_7_Plus_32739873164.jpg,2db201e6a37d0ac4bd173af98a95ceb98c11134c49a42a449c43c08c081d9421,1,1,0.047284,0.0072,gauss1,BP01_12MP_NL_JPEG.mat,0,3485.1
D06_iPhone_7_Plus_32759870630.jpg,80000e48b33905074b3223136d74c62b9b30f53234caebe527f4f55c4200af15,1,1,0.092239,0.0072,gauss1,BP01_12MP_NL_JPEG.mat,0,3260.0
D06_iPhone_7_Plus_32760378540.jpg,2ccc3b9160ee7f7459e8ea4ff4811b3cabf92249c24fca362d90f265bfc2980f,1,1,0.050018,0.0072,gauss1,BP01_12MP_NL_JPEG.mat,0,3020.6
D06_iPhone_7_Plus_32807596074.jpg,7003c791927a999dfb5387ca8bfbadd1bca455fc9813fb06806b7295c9e55c2f,1,1,0.362659,0.0072,gauss1,BP01_12MP_NL_JPEG.mat,0,3227.8
D06_iPhone_7_Plus_32866556954.jpg,0d3d2f27a5228a54427f9be86fa92cf72a97521904b5e7af94dbb0d9393189a5,1,1,0.079188,0.0072,gauss1,BP01_12MP_NL_JPEG.mat,0,3394.5
D06_iPhone_7_Plus_32866561364.jpg,a15b4afce63abcef9b5af099dfb87ec60be0385899f91482352510f892216230,1,1,0.023527,0.0072,gauss1,BP01_12MP_NL_JPEG.mat,0,3218.9
D06_iPhone_7_Plus_32866561574.jpg,23cde66a5ca831ec9e2602f60f467684b250edd84cdc37ffb3448cd3d70c3665,1,1,0.022562,0.0072,gauss1,BP01_12MP_NL_JPEG.mat,0,2914.4
D06_iPhone_7_Plus_32866564634.jpg,55beb62d23251e7f58c3ee990abfa1231e5ef0cfb5ed263021376429761f89e0,1,1,0.064794,0.0072,gauss1,BP01_12MP_NL_JPEG.mat,0,3147.8
D06_iPhone_7_Plus_32866565404.jpg,4972987f331831b9ebbe136e352babae158886a2fb14c473364bfcac4446aeeb,1,1,0.033927,0.0072,gauss1,BP01_12MP_NL_JPEG.mat,0,3399.3
D06_iPhone_7_Plus_32866565894.jpg,85a058579e284e68d9922d5f535f9dd7bb985d6c35a32ea522e8d2da135bb5cd,1,1,0.027403,0.0072,gauss1,BP01_12MP_NL_JPEG.mat,0,3304.5
D06_iPhone_7_Plus_32866566164.jpg,20b4ec7604446dc14c0a805d78b5ae3707dadf0a6cdce2ef2688eaade0ed7a3e,1,1,0.03534,0.0072,gauss1,BP01_12MP_NL_JPEG.mat,0,4690.9
D06_iPhone_7_Plus_32866567304.jpg,0d1f9e33dbd488aa4b150273f8b5c704d5fb2d39388dbb26c66fbd3f1b5faeda,1,1,0.033152,0.0072,gauss1,BP01_12MP_NL_JPEG.mat,0,3204.9
D06_iPhone_7_Plus_32986098242.jpg,ad7298dd91bea93a59abefb029fb87f026c8a30f9acf9f0cfe97b9fcdfd5a9a8,1,1,0.108047,0.0072,gauss1,BP01_12MP_NL_JPEG.mat,0,3264.6
D06_iPhone_7_Plus_32986290352.jpg,a43b07617c7bbd3783ceb4fa33771b5750bdf66329e816c217ee194065fa411f,1,1,0.031511,0.0072,gauss1,BP01_12MP_NL_JPEG.mat,0,2941.7
D06_iPhone_7_Plus_32986291792.jpg,1218d56df4ee67f89ae4acb1ba3021f27df667505a35d5363c3a5c238b0ea578,1,1,0.02387,0.0072,gauss1,BP01_12MP_NL_JPEG.mat,0,3113.8
D06_iPhone_7_Plus_32986293892.jpg,1a4b68e6134c78d46f8fffbbf0a6de203911e78a4a7856e6a8ca5d097d03f9ce,1,1,0.037102,0.0072,gauss1,BP01_12MP_NL_JPEG.mat,0,3367.1
D06_iPhone_7_Plus_32986295582.jpg,847669864ccbecb56519319fbb55fb142466e789dc160ce38a6e2403e7ab144e,1,1,0.038501,0.0072,gauss1,BP01_12MP_NL_JPEG.mat,0,3238.7
D06_iPhone_7_Plus_32986296992.jpg,30eb2ebd3ee949a9ccc2ecff583beb20089278e59d2afc333bcdde384093b276,1,1,0.041527,0.0072,gauss1,BP01_12MP_NL_JPEG.mat,0,3146.6
D06_iPhone_7_Plus_32986297702.jpg,44b6bb0d1aa475dc2d72068f0ecdd1bfb22088b041151bca78a6b3b247e631ec,1,1,0.035446,0.0072,gauss1,BP01_12MP_NL_JPEG.mat,0,3202.8
D06_iPhone_7_Plus_32986298392.jpg,a3a42bb1fb50d40751d33a7f7567c6383f770237d06ae71d10fbfc72ebed99fa,1,1,0.046148,0.0072,gauss1,BP01_12MP_NL_JPEG.mat,0,5073.1
D06_iPhone_7_Plus_32986300512.jpg,0dfe27c91567797a5f113090c6c14c300033fd8ff365b070604fd4a1e1efc3a8,1,1,0.174052,0.0072,gauss1,BP01_12MP_NL_JPEG.mat,0,4261.0
D06_iPhone_7_Plus_32986392732.jpg,5d031902e69bc7aaa7b6448c3331432d0711c9921a85decc7e8d82358d6a7796,1,1,0.043376,0.0072,gauss1,BP01_12MP_NL_JPEG.mat,0,2936.3
D06_iPhone_7_Plus_32986394062.jpg,def78fc68c2fffab81fe7eda33834296c9c1ea2a3b0a832e8cf5c21c8c68332c,1,1,0.117596,0.0072,gauss1,BP01_12MP_NL_JPEG.mat,0,3213.6
D06_iPhone_7_Plus_32986531422.jpg,df31aee267f780932fc3c9a2cf73dcb69b41a12be54cbf597ecb0c81d952505c,1,1,0.20857,0.0072,gauss1,BP01_12MP_NL_JPEG.mat,0,3458.5
D06_iPhone_7_Plus_32986542802.jpg,853ef281cec9790d2379956e74126e176db1f45714ee13f50182a95a91826731,1,1,0.024131,0.0072,gauss1,BP01_12MP_NL_JPEG.mat,0,3218.6
D06_iPhone_7_Plus_32986543842.jpg,19360aa9b94e2ba6b6816827440fe0a25f5e0d78710da366ac69f9e26a4e2349,1,1,0.190609,0.0072,gauss1,BP01_12MP_NL_JPEG.mat,0,3051.8
D06_iPhone_7_Plus_32986544302.jpg,d47c95fbca767a25368df629441b7a11626cd0ed51d0a69df4bb16ec21654a64,1,1,0.195199,0.0072,gauss1,BP01_12MP_NL_JPEG.mat,0,3231.9
D06_iPhone_7_Plus_32986548212.jpg,4be9fe28d2af2ac496cf523bd661edd9aa1df2f0122ba27a51b768cc52811b90,1,1,0.189316,0.0072,gauss1,BP01_12MP_NL_JPEG.mat,0,3633.6
D06_iPhone_7_Plus_33015266451.jpg,5de6305632f1d803b4f9b9ab884d5b120b897db47ef33d6252e5f1dbb63d691a,1,1,0.053117,0.0072,gauss1,BP01_12MP_NL_JPEG.mat,0,3772.7
D06_iPhone_7_Plus_33015669501.jpg,099dd1a57294295b77986388419d92fb671bdc4b6d0c3e89eed0c67a53414385,1,1,0.139786,0.0072,gauss1,BP01_12MP_NL_JPEG.mat,0,3253.3
D06_iPhone_7_Plus_33015670521.jpg,313ee05e27da117f07998a6b6c91a2ef2ada6c46e34b86f1a0218f2cbe697e3a,1,1,0.081358,0.0072,gauss1,BP01_12MP_NL_JPEG.mat,0,3591.8
D06_iPhone_7_Plus_33015875471.jpg,37fe623fb223c6e184e3b0a9214897016321f1511441e8685e71c0a5e068524b,1,1,0.122008,0.0072,gauss1,BP01_12MP_NL_JPEG.mat,0,3458.2
D06_iPhone_7_Plus_33015876711.jpg,c779696af610101aa1a043455730afa3ca535d758f27c4c7135be55def82cb88,1,1,0.02226,0.0072,gauss1,BP01_12MP_NL_JPEG.mat,0,3186.0
D06_iPhone_7_Plus_33015879951.jpg,166ebe96b2bc4b67ac250d5106b5b619cb86d703c4f94d9992950afaeec59f37,1,1,0.22251,0.0072,gauss1,BP01_12MP_NL_JPEG.mat,0,3358.6
D06_iPhone_7_Plus_33015881081.jpg,92c6efb9df07b6528c099f4807b3fbf864d7e8b6029d9107030686c7eb5de91d,1,1,0.058546,0.0072,gauss1,BP01_12MP_NL_JPEG.mat,0,3286.5
D06_iPhone_7_Plus_33015882041.jpg,90f4acea54a0257dffe6b238958a0eedcb841c9bebfe8bdcf5a6f47d03bb76b8,1,1,0.091719,0.0072,gauss1,BP01_12MP_NL_JPEG.mat,0,3283.8
D06_iPhone_7_Plus_33015882741.jpg,20cd6be323b749adb27d97eadbbc2d3b012612ea0d88ea0e64ec1a49a18949dd,1,1,0.048994,0.0072,gauss1,BP01_12MP_NL_JPEG.mat,0,3237.5
D06_iPhone_7_Plus_33015883591.jpg,1b06c328c9922a8db8984a5240648b224ba09444c524dc160e46838356221533,1,1,0.049896,0.0072,gauss1,BP01_12MP_NL_JPEG.mat,0,3300.0
D06_iPhone_7_Plus_33015884091.jpg,ce2d618f9911957643dd74c7f2e6a2cec2712f2a6922d5e53647426ee1e18a17,1,1,0.148866,0.0072,gauss1,BP01_12MP_NL_JPEG.mat,0,3044.1
D06_iPhone_7_Plus_33101149986.jpg,2b24c33dea2e89aa41f72ccbbf25b26b427e32080b55b38a4b60306702f9030c,1,1,0.286398,0.0072,gauss1,BP01_12MP_NL_JPEG.mat,0,3287.8
D06_iPhone_7_Plus_33101208376.jpg,430fabbfdd23d051ac2b8ffc56867de96de25caf7b7df71166e065972e1ffa79,1,1,0.03699,0.0072,gauss1,BP01_12MP_NL_JPEG.mat,0,3530.3
D06_iPhone_7_Plus_33101488726.jpg,657089877884f4b8581cee90cbe79e68a121ccd9a3d5d26f943c23fa0952796f,1,1,0.078266,0.0072,gauss1,BP01_12MP_NL_JPEG.mat,0,5179.9
D06_iPhone_7_Plus_33101489656.jpg,ffa34d13f0538c3962f3fb1c9314c42e4b61ba281b2eed1227645d0ac5d40520,1,1,0.039934,0.0072,gauss1,BP01_12MP_NL_JPEG.mat,0,4153.9
D06_iPhone_7_Plus_33101493666.jpg,40979a364761e46d0a1c433f89aff3344a3a5c58c6a5dfc714de235d8b610efb,1,1,0.189258,0.0072,gauss1,BP01_12MP_NL_JPEG.mat,0,3658.4
D06_iPhone_7_Plus_33101495296.jpg,d6230df1c4083613fb71000287ed02d9f0a59aa94799e3e07f5f1107621068ac,1,1,0.040398,0.0072,gauss1,BP01_12MP_NL_JPEG.mat,0,3452.6
D06_iPhone_7_Plus_33101495756.jpg,a0835f984556ebff9df9be798364b39a88a09a16cc94eddf44ab8d018ce01e2b,1,1,0.072802,0.0072,gauss1,BP01_12MP_NL_JPEG.mat,0,3201.2
D06_iPhone_7_Plus_33101504266.jpg,0682aeedec12947f9fc897d1f191ef0e73d4a4d6f9a8ad853af3e9f6affcd423,1,1,0.073961,0.0072,gauss1,BP01_12MP_NL_JPEG.mat,0,3447.5
D06_iPhone_7_Plus_33101506466.jpg,d1cb184565c4082df83f447dc3c52f047f8260741ebf392b2bd7fd9696359c6d,1,1,0.078594,0.0072,gauss1,BP01_12MP_NL_JPEG.mat,0,3154.9
D06_iPhone_7_Plus_33101617696.jpg,f6eca6bf2663d79085316813103975d0a8e297eee5146d418b97f70ee45e1b41,1,1,0.08214,0.0072,gauss1,BP01_12MP_NL_JPEG.mat,0,3265.7
D06_iPhone_7_Plus_33143115345.jpg,93e0bb6c7fcc1646a9ddc88a3f75dfe6389db95ccf756b60552fb699fa5b98d9,1,1,0.060308,0.0072,gauss1,BP01_12MP_NL_JPEG.mat,0,3115.1
D06_iPhone_7_Plus_33199550310.jpg,7e24187ec824a0b8670e3d52e32edb7fa65a98888d40f089d14412e6957f97b9,1,1,0.066558,0.0072,gauss1,BP01_12MP_NL_JPEG.mat,2,3020.5
D06_iPhone_7_Plus_33204106911.jpg,4176f45320a2c24534fda75ee3598953ce491cbee58cca704a4589722f417579,1,1,0.029629,0.0072,gauss1,BP01_12MP_NL_JPEG.mat,0,3023.0
D06_iPhone_7_Plus_33267991622.jpg,37869ee9c50624cb5397588077dfc79cbdde578474b85a6978aae1ccd5ea3979,1,1,0.10121,0.0072,gauss1,BP01_12MP_NL_JPEG.mat,0,3217.0
D06_iPhone_7_Plus_33290786226.jpg,f7a2188266b8dbf68e15598bc99789df302f5a39323cc6906d7e9edc675268e0,1,1,0.048023,0.0072,gauss1,BP01_12MP_NL_JPEG.mat,2,2594.9
D06_iPhone_7_Plus_33290796386.jpg,ce55fb0d1f71a83c35b338c5213c6c4468a93fe400859822f6486abb01274965,1,1,0.068678,0.0072,gauss1,BP01_12MP_NL_JPEG.mat,0,3014.9
D06_iPhone_7_Plus_33295285051.jpg,993e04be91ef7d6cdcf02d87f3130d955b7c987f7ffe72e570d6096e8a6d8060,1,1,0.101342,0.0072,gauss1,BP01_12MP_NL_JPEG.mat,0,3181.5
D06_iPhone_7_Plus_33295286061.jpg,898c6e93f58852ecf54c66cf58ec9620e75e3bc5427fe6c7d432b1d0dcad640c,1,1,0.1315,0.0072,gauss1,BP01_12MP_NL_JPEG.mat,0,2965.5
D06_iPhone_7_Plus_33324883810.jpg,cf238eba84fd7ddeb2bf44d2311bedb82b7586fa33db7cc47d8cf60135ddf13d,1,1,0.028051,0.0072,gauss1,BP01_12MP_NL_JPEG.mat,0,3263.6
D06_iPhone_7_Plus_33324884460.jpg,9400db3983fc1f50de00ceeb75b6d1b381a188245215a79e1ad172408ff4fcc7,1,0,0.001957,0.0072,gauss1,,,3451.5
D06_iPhone_7_Plus_33423730695.jpg,30b939885d6144059f8267cc83f34766ab8962ad28a7d25857eb0be539cf41a4,1,1,0.041549,0.0072,gauss1,BP01_12MP_NL_JPEG.mat,0,3229.2
D06_iPhone_7_Plus_33423733055.jpg,b4774c8190c4f1cd054b1a4771b12df1d05c11f9c18c38f19df9e75695584095,1,1,0.02901,0.0072,gauss1,BP01_12MP_NL_JPEG.mat,0,2988.3
D06_iPhone_7_Plus_33423733875.jpg,c7dcd058a8334394d5ff10bb28701f5ec239ca18cbe80fc2e409df5f9bf2710e,1,1,0.057537,0.0072,gauss1,BP01_12MP_NL_JPEG.mat,0,3179.6
D06_iPhone_7_Plus_33426072112.jpg,7214774e8e8bb9b57df2231ea050cc8dd4e6db8c367122e9b2b3827058673644,1,1,0.078345,0.0072,gauss1,BP01_12MP_NL_JPEG.mat,0,3388.9
D06_iPhone_7_Plus_33426073512.jpg,1dca9fe5a8105c83e0f6d624da9cdaa31d915f017e6909486dd67d27c3533240,1,1,0.072153,0.0072,gauss1,BP01_12MP_NL_JPEG.mat,0,3133.7
D06_iPhone_7_Plus_33542216356.jpg,2691ed12dfaa0ab8c4ea05638fa087c0211ec200b7626c6399565ed37ed226f6,1,1,0.120796,0.0072,gauss1,BP01_12MP_NL_JPEG.mat,0,2945.8
D06_iPhone_7_Plus_33542217286.jpg,bc073cc9a06f5a4fc40871c9cfb79d6585e89896999ccacbfc67fe5baf200d3a,1,1,0.055187,0.0072,gauss1,BP01_12MP_NL_JPEG.mat,0,3108.2
D06_iPhone_7_Plus_33542217776.jpg,a88b9849417e75d8afc36a95345aa2a41d212f97090138d3c6dccb6a6fc45df3,1,1,0.109475,0.0072,gauss1,BP01_12MP_NL_JPEG.mat,0,3350.6
D06_iPhone_7_Plus_33542218626.jpg,9a1a0b9a6f6f6524e65a232a81af1adf47c8b4960c72468d778840e9e3b4b6c7,1,1,0.075323,0.0072,gauss1,BP01_12MP_NL_JPEG.mat,0,3184.9
D06_iPhone_7_Plus_33542219506.jpg,8bb565f91d7986e7a291e7818b4277f71f59855b9be54e262beccfe3f261f1c3,1,1,0.099432,0.0072,gauss1,BP01_12MP_NL_JPEG.mat,0,3343.0
D06_iPhone_7_Plus_33542219896.jpg,791e2f86d5a975127ebd1915705a02ba7cb882658cd504006a04749a03ccb0ed,1,1,0.123699,0.0072,gauss1,BP01_12MP_NL_JPEG.mat,2,2866.1
D06_iPhone_7_Plus_33552753292.jpg,e0e64c5abdd5490dcb1367db95184ecb060e4d915a2da30530238e2a035869b8,1,1,0.081209,0.0072,gauss1,BP01_12MP_NL_JPEG.mat,0,3345.7
D06_iPhone_7_Plus_33690868980.jpg,bd1d23b1a141d894d5cc5ae2bb53a8523446575cc634cc554473c94c31ebda30,1,1,0.117097,0.0072,gauss1,BP01_12MP_NL_JPEG.mat,0,3165.1
D06_iPhone_7_Plus_33690870820.jpg,e32aa828db466a43c1a9b460891b603daee5d3d6e7e2ead76cbd35b0c2ceea2f,1,1,0.055804,0.0072,gauss1,BP01_12MP_NL_JPEG.mat,0,3297.7
D06_iPhone_7_Plus_33709047345.jpg,4688500c0fa1da9146de6181cbdabbe40942d7d76421f00991e29e3a831b3f2d,1,1,0.04965,0.0072,gauss1,BP01_12MP_NL_JPEG.mat,0,3194.2
D06_iPhone_7_Plus_33709050505.jpg,042905a14268278bb018ebbe39417be221ba6c1cb47938584b1a908844f76235,1,0,0.002222,0.0072,gauss1,,,3503.3
D06_iPhone_7_Plus_33709052455.jpg,76b2ab2d1f41168f4f89cc7eca428b3292ad81149bea2bf60e2b95e4df53d173,1,1,0.04646,0.0072,gauss1,BP01_12MP_NL_JPEG.mat,0,3189.7
D06_iPhone_7_Plus_33709052725.jpg,18672be2149fca94bb56385e537713f5a0f88a8c82485ff373f36486bcf8fa19,1,1,0.028614,0.0072,gauss1,BP01_12MP_NL_JPEG.mat,0,4858.5
D06_iPhone_7_Plus_33709054835.jpg,28e7b723d23dc58b4af7f182d17c4a62ecee4085cbfd647f59033588476d2953,1,1,0.020732,0.0072,gauss1,BP01_12MP_NL_JPEG.mat,0,4883.4
D06_iPhone_7_Plus_33793029211.jpg,3c66b64759b322b276f6f353e6e76eb88571c905771c757f34c11af13adb498e,1,1,0.042776,0.0072,gauss1,BP01_12MP_NL_JPEG.mat,2,3003.9
D06_iPhone_7_Plus_33793031291.jpg,37747322276e23f08fc36a69dace93136ecc4936e766896670169777d5948af3,1,1,0.101169,0.0072,gauss1,BP01_12MP_NL_JPEG.mat,2,3042.8
D06_iPhone_7_Plus_34034793406.jpg,2a0dd8acc5f007bdc720745153e324582561e97d6ed36ebe90349105c51aaae5,1,1,0.045822,0.0072,gauss1,BP01_12MP_NL_JPEG.mat,0,3231.9
D06_iPhone_7_Plus_34034794916.jpg,66991ec7020bdff436d399741de155ea6c67e1fa4f1047c0681ee6a8099cf4df,1,1,0.020749,0.0072,gauss1,BP01_12MP_NL_JPEG.mat,0,3356.7
D06_iPhone_7_Plus_34034796526.jpg,c406e7a3a8e1818dd885e9e2231844a49a4a52804443e17087e2e4bab6a6869c,1,1,0.025238,0.0072,gauss1,BP01_12MP_NL_JPEG.mat,0,3203.0
D06_iPhone_7_Plus_34034799836.jpg,c6316bb3d2ca9f570989112b86f505d1b86549f064dadef95308e6a6f94a8525,1,1,0.046393,0.0072,gauss1,BP01_12MP_NL_JPEG.mat,0,3339.5
D06_iPhone_7_Plus_34074605675.jpg,19001c65c6c57a8fc8aca69dc269dc9cb3cc44d6280fd336ab45489e598ba534,1,1,0.048168,0.0072,gauss1,BP01_12MP_NL_JPEG.mat,0,3173.0
D06_iPhone_7_Plus_34074606845.jpg,ac8d3999686500699fa0c56b41365f55fda2ff805fc0bba51a2550ef426ba3e5,1,1,0.027957,0.0072,gauss1,BP01_12MP_NL_JPEG.mat,0,3325.7
D06_iPhone_7_Plus_34074705055.jpg,eb73af52f9384081e8f0ca76b0c04cef4c58ecea0057b19deb7f45231d0adbad,1,1,0.048971,0.0072,gauss1,BP01_12MP_NL_JPEG.mat,2,2872.9
D06_iPhone_7_Plus_34710481730.jpg,8563924db4181fe7b884e3a3a8a70abc526a865c6edb01ebec1230df23ee6a4f,1,1,0.118093,0.0072,gauss1,BP01_12MP_NL_JPEG.mat,0,3453.3
D06_iPhone_7_Plus_34874526573.jpg,8eebaf97941c326d35faaf3ae7e1f16009c39d8fc49a82273f09d2b72c81c582,1,1,0.178746,0.0072,gauss1,BP01_12MP_NL_JPEG.mat,2,2867.1
D06_iPhone_7_Plus_34874527063.jpg,c478d94bf910dce94356c378d6e0b67a12c17829766e86cae72a767beb194914,1,1,0.048253,0.0072,gauss1,BP01_12MP_NL_JPEG.mat,0,3266.1
D06_iPhone_7_Plus_34874528073.jpg,5fb160403c45029b4722ca6f8e1570c325112ffb697f64f8c76baf12f65f6c41,1,1,0.042699,0.0072,gauss1,BP01_12MP_NL_JPEG.mat,0,3036.7
D06_iPhone_7_Plus_34874528723.jpg,cfcf14df8bdc8166f43a25b70dfe2881a4c66a833c04c1a30c3932b415a13615,1,1,0.045393,0.0072,gauss1,BP01_12MP_NL_JPEG.mat,0,3234.5
D06_iPhone_7_Plus_34966749161.jpg,278adbdf7c2ab6af2fa3377e0785f6e010c1862feabc3cac70d2e444c6ea789e,1,1,0.019633,0.0072,gauss1,BP01_12MP_NL_JPEG.mat,0,3431.2
D06_iPhone_7_Plus_34966750231.jpg,d67f49fdcd4c5e0985e35de73df9cffc563465356f91ae6d14ecade3d7742c2c,1,1,0.037506,0.0072,gauss1,BP01_12MP_NL_JPEG.mat,0,3143.3
D06_iPhone_7_Plus_35057420476.jpg,a6f80606e6cecaddde936703cd0a6c3c2803994b32424efa81362dedc1afad97,1,1,0.016428,0.0072,gauss1,BP01_12MP_NL_JPEG.mat,0,2998.1
D06_iPhone_7_Plus_35644309376.jpg,97c73026d5842ff1553757e8ca13fc42f1346580f75e9a1ad19e4b4d1086e6f2,1,1,0.058896,0.0072,gauss1,BP01_12MP_NL_JPEG.mat,0,3094.1
D06_iPhone_7_Plus_35683705985.jpg,5f13d19a5e7f538d7d8e38d81776b3de12677c85019a9e52dd67565068e7ff57,1,1,0.014421,0.0072,gauss1,BP01_12MP_NL_JPEG.mat,0,3379.3
D06_iPhone_7_Plus_38019556686.jpg,354e36ce3a83e2cc2445a04ac4902efdfc48918b3a249cc10817617a8fdb2ba1,1,1,0.058131,0.0072,gauss1,BP01_12MP_NL_JPEG.mat,0,3104.5
D10_iPhone_8_Plus_28124787877.jpg,c86405f778061d17d31c1caf148e701d0b77710252569a0ee6b987b857b12bc2,1,1,0.009119,0.0072,gauss1,BP03_12MP_NL_JPEG.mat,0,2994.6
D10_iPhone_8_Plus_28124823417.jpg,b14757b5141ea08be865af6f461613aa12e67309aa74bcdbf0a55e0c5719b8ef,1,1,0.070095,0.0072,gauss1,BP03_12MP_NL_JPEG.mat,2,3135.1
D10_iPhone_8_Plus_28124823717.jpg,77f92c8a33bb84abf948c18405d48212586e6a71d43bc37fb810bece2be479f0,1,1,0.062047,0.0072,gauss1,BP03_12MP_NL_JPEG.mat,2,3425.8
D10_iPhone_8_Plus_28124824037.jpg,a2817e5f4243ab51cb8e8568c3ed77881077c51a48a7733488d31579bf71959b,1,1,0.040873,0.0072,gauss1,BP03_12MP_NL_JPEG.mat,2,3188.6
D10_iPhone_8_Plus_28417220097.jpg,33c93045c8b1b5ed349c894dd5cbc1ed4fa0d4c135653b993ce5aefdab7538a0,1,1,0.133301,0.0072,gauss1,BP03_12MP_NL_JPEG.mat,0,2976.3
D10_iPhone_8_Plus_28417222057.jpg,20f2e316860f86122f392f412fc7ff78944512f0963e7c49ebd56d98673e5779,1,1,0.079817,0.0072,gauss1,BP03_12MP_NL_JPEG.mat,0,2842.2
D10_iPhone_8_Plus_28500863737.jpg,efbd895b3e6f77128a266c61b3e391419b532adc4b1374177cffdee76d798855,1,1,0.119399,0.0072,gauss1,BP03_12MP_NL_JPEG.mat,0,2950.6
D10_iPhone_8_Plus_28500918487.jpg,42f62ca8ee40306c8b2b11ff7d2ee6bfafd44cf1566f54c68babe29cbf60f652,1,1,0.140335,0.0072,gauss1,BP03_12MP_NL_JPEG.mat,0,2645.1
D10_iPhone_8_Plus_29120805638.jpg,4ec7f45884fdee1ea3f0bcf66d5bd92ffa99d3ef3393c124445bfa7539f40e0f,1,1,0.070447,0.0072,gauss1,BP03_12MP_NL_JPEG.mat,2,3178.1
D10_iPhone_8_Plus_29120805948.jpg,a6c17141929ca057dc862bfd20a3d21a2890ff74582bb3b10d56d20dd55dc013,1,1,0.047742,0.0072,gauss1,BP03_12MP_NL_JPEG.mat,2,3409.8
D10_iPhone_8_Plus_29500160278.jpg,8f075af35d33ad7a9e7f1887e728ac370740455de6afd069e22e0b758ce32084,1,1,0.133714,0.0072,gauss1,BP03_12MP_NL_JPEG.mat,2,3042.7
D10_iPhone_8_Plus_29500161148.jpg,60ba872eda8e35c050cf8acdb875be64286d59bfe1e4f65b0cb69b1c661df0a5,1,1,0.102249,0.0072,gauss1,BP03_12MP_NL_JPEG.mat,0,3025.1
D10_iPhone_8_Plus_29500161518.jpg,9f022ba2172b135fb6c660c97479f2ddff5a0ab47f97822488171936022c2883,1,1,0.173761,0.0072,gauss1,BP03_12MP_NL_JPEG.mat,2,3077.0
D10_iPhone_8_Plus_41182708700.jpg,4448a9f779356a6538384adc4bb6b477b7b56fab9227d0765705badfe1edf2f8,1,1,0.011238,0.0072,gauss1,BP03_12MP_NL_JPEG.mat,2,3241.0
D10_iPhone_8_Plus_41476701580.jpg,7ffcf4337321c9dec5c380a99da74cef10e56d495532198bc33687916a3306af,1,1,0.095665,0.0072,gauss1,BP03_12MP_NL_JPEG.mat,0,2614.1
D10_iPhone_8_Plus_41476701660.jpg,d59961208a6e6500c68427a9b202d1d0aa153ab7ab8951090da77689f3399bc3,1,1,0.100981,0.0072,gauss1,BP03_12MP_NL_JPEG.mat,0,2767.8
D10_iPhone_8_Plus_41476701840.jpg,32c12412a3e99f66dba4a1eebf3a9abbf3c7b5d9d432b78abb152d3ba5ac2fbf,1,1,0.067375,0.0072,gauss1,BP03_12MP_NL_JPEG.mat,0,2898.0
D10_iPhone_8_Plus_41476703180.jpg,4e051bdb1ef60ac91a043b17091649c422d3aedad3bb4363c16043e3f7ad8968,1,1,0.141547,0.0072,gauss1,BP03_12MP_NL_JPEG.mat,0,3049.6
D10_iPhone_8_Plus_41476708350.jpg,b9ca2bff9d61e83ecbdd815e1b5ec742c4e5bbee21908b7cb1ef4b59b06c5b0a,1,1,0.029339,0.0072,gauss1,BP03_12MP_NL_JPEG.mat,0,2859.4
D10_iPhone_8_Plus_41476708980.jpg,90fc91daa1c00016ef90c9657ae0913a2f1e04eae4591147daaab37a608768f3,1,1,0.135838,0.0072,gauss1,BP03_12MP_NL_JPEG.mat,0,2985.3
D10_iPhone_8_Plus_42274504364.jpg,3105873450f2d8402d10137141af68631d18b9499344ba46bfae2ddd6e58a9b3,1,1,0.013014,0.0072,gauss1,BP03_12MP_NL_JPEG.mat,2,3065.2
D10_iPhone_8_Plus_42382950165.jpg,2a088d14d13aacc141fdb3003db429d38b603c1ff4b99376da330905dbf36065,1,1,0.083959,0.0072,gauss1,BP03_12MP_NL_JPEG.mat,0,2972.3
D10_iPhone_8_Plus_42382950385.jpg,2ff0b5f42946f645ef4222f0c36d909e78eee498ea98000e24a5b45e849ea5e5,1,1,0.11787,0.0072,gauss1,BP03_12MP_NL_JPEG.mat,0,3117.0
D10_iPhone_8_Plus_42382950395.jpg,29356c7db62cbcc71878d0c32fb06525284a9bc6cb0e8f6f6f30ddc4ea5cfaa9,1,1,0.121477,0.0072,gauss1,BP03_12MP_NL_JPEG.mat,0,2774.3
D10_iPhone_8_Plus_42382950415.jpg,fe6313edefcfebcfae354c111480d762fb83880b8dbe908b459bb91326413c9b,1,1,0.099453,0.0072,gauss1,BP03_12MP_NL_JPEG.mat,0,2834.4
D10_iPhone_8_Plus_42382950445.jpg,132869897621ab32d8359d1f1f3ca3ff4c1e05f829ba58fb6f25b05c169fde0f,1,1,0.065561,0.0072,gauss1,BP03_12MP_NL_JPEG.mat,0,3062.5
D10_iPhone_8_Plus_42382950595.jpg,231fdcdac28b0f4c3415a917a635c7824b52a1baf190cd9f2e33209bdd047f73,1,1,0.088259,0.0072,gauss1,BP03_12MP_NL_JPEG.mat,0,2812.8
D10_iPhone_8_Plus_42382956095.jpg,14a65766f91623b5534956342435863f984ec2e383876431671d0fbe07bbb234,1,1,0.112746,0.0072,gauss1,BP03_12MP_NL_JPEG.mat,0,2960.4
D10_iPhone_8_Plus_42382956385.jpg,d1e0280c4032022d556cc60fc6bc5d2ebfbc12261a682b5b45d99f63148e2885,1,1,0.062798,0.0072,gauss1,BP03_12MP_NL_JPEG.mat,0,2650.5
D10_iPhone_8_Plus_42382956485.jpg,7be077254338bcad7a328891db81067fe89e30143fe84188d6f46352b5c97c76,1,1,0.100478,0.0072,gauss1,BP03_12MP_NL_JPEG.mat,0,2778.3
D10_iPhone_8_Plus_42382957015.jpg,bcd1ec07d785d9dcc7333e1d413b100fb8ca75aa47e2e2aefbf77561266628cd,1,1,0.113077,0.0072,gauss1,BP03_12MP_NL_JPEG.mat,0,2998.7
D10_iPhone_8_Plus_42382962535.jpg,2574e043f6b3ef31aad33278a62064a779cd26a5547d2807e7d3ee4e5035e789,1,1,0.03821,0.0072,gauss1,BP03_12MP_NL_JPEG.mat,0,3103.7
D10_iPhone_8_Plus_42382962795.jpg,5644293155c74fa80a6fa02068020bcf742c141e21a7f188b4a38cafc3dfd0f6,1,1,0.098294,0.0072,gauss1,BP03_12MP_NL_JPEG.mat,2,3209.8
D10_iPhone_8_Plus_42382963285.jpg,6ec1bfa9a8b36e26cbb636e990c287f7db203c3e5b14c65c36936e16a31a5a3d,1,1,0.027447,0.0072,gauss1,BP03_12MP_NL_JPEG.mat,0,4182.3
D10_iPhone_8_Plus_42382963615.jpg,247bec744b2e5a02ecfd74c71c7054f5b4330e83589e3fa684e93c0c166c36dc,1,1,0.026007,0.0072,gauss1,BP03_12MP_NL_JPEG.mat,0,4434.3
D10_iPhone_8_Plus_42466171875.jpg,837f8095cc6dfe2e22e02450edfbad394db93c669bd9f85ddd4fbff87afcd55a,1,1,0.173001,0.0072,gauss1,BP03_12MP_NL_JPEG.mat,0,3228.2
D10_iPhone_8_Plus_42466171975.jpg,8ad619c0efde8ae98bd15df3b8f91e90268aec59dd47243b3383b6c3ad9da1dd,1,1,0.119185,0.0072,gauss1,BP03_12MP_NL_JPEG.mat,2,3178.7
D10_iPhone_8_Plus_42466171995.jpg,ca571c3a66bf3e891f031bece47813e738054e3ba0ca1d7a47959039b2fe667f,1,1,0.121951,0.0072,gauss1,BP03_12MP_NL_JPEG.mat,2,2948.8
D10_iPhone_8_Plus_42466172045.jpg,2baad6a38e3303530e316dd941858cfc4fce6d0e8c69c21f5ced276fa13ad715,1,1,0.153591,0.0072,gauss1,BP03_12MP_NL_JPEG.mat,0,2849.9
D10_iPhone_8_Plus_42466175205.jpg,f4911c9e41bd33b3b6c4b2686fa776cf9c43871090052b39ad88cf446e0a88ee,1,1,0.133005,0.0072,gauss1,BP03_12MP_NL_JPEG.mat,2,3391.0
D10_iPhone_8_Plus_42568489884.jpg,6eef48f2cd90af01321ec8d0b2b918e5167d94a755093429281030f25fd42134,1,1,0.09226,0.0072,gauss1,BP03_12MP_NL_JPEG.mat,0,3023.6
D10_iPhone_8_Plus_42568490354.jpg,01914bf424767c27245c0fbed084b0926c24737cb9f41f7d21b0b52c85b30503,1,1,0.110028,0.0072,gauss1,BP03_12MP_NL_JPEG.mat,0,3191.4
D10_iPhone_8_Plus_42568491494.jpg,9fed13005cc744b9647aecbc9240c1836e29872c4e890d83c220c9b893eaa4f7,1,1,0.135911,0.0072,gauss1,BP03_12MP_NL_JPEG.mat,0,2862.8
D10_iPhone_8_Plus_42568496454.jpg,1425819d383448c97e976e490d2d2d4d9af20382105d6cf930f69ebe1754d846,1,1,0.169899,0.0072,gauss1,BP03_12MP_NL_JPEG.mat,0,2909.7
D10_iPhone_8_Plus_42653722014.jpg,d3752d0f1373afac0a76445de970d264ffb23d2ce71bee7341f797cc5c9390dc,1,1,0.157824,0.0072,gauss1,BP03_12MP_NL_JPEG.mat,0,2858.9
D10_iPhone_8_Plus_42653723424.jpg,72052ad97ed9d00012b5402ecd02bd44b0b41559f251116c502b61ab50e5ba9a,1,1,0.163432,0.0072,gauss1,BP03_12MP_NL_JPEG.mat,0,2717.7
D10_iPhone_8_Plus_42992887281.jpg,cb66bbc5b0669759e590effef4d451f81aa55d2d3842e308072aba3e0dbadfc3,1,1,0.057122,0.0072,gauss1,BP03_12MP_NL_JPEG.mat,2,3169.6
D10_iPhone_8_Plus_43237306492.jpg,0c1e9e3e41b5e6643a0116b61a391c98f08c8edd8c201b405759adec7ade615c,1,1,0.125941,0.0072,gauss1,BP03_12MP_NL_JPEG.mat,0,2935.0
D10_iPhone_8_Plus_43237306532.jpg,af21cec7ce943189756dc4add2bf9e749dd53d0cc7701c56882a6cc9488349bc,1,1,0.137759,0.0072,gauss1,BP03_12MP_NL_JPEG.mat,0,2655.1
D10_iPhone_8_Plus_43237307032.jpg,d43e3968f444cb7c6aa308e1265db7660475e48afa097bec16080a80b43db2eb,1,1,0.122234,0.0072,gauss1,BP03_12MP_NL_JPEG.mat,0,2935.6
D10_iPhone_8_Plus_43237311332.jpg,a9ab7900e3602a9ea3ec38fff63e5b5fd050832d73cca890b72803e09f19c922,1,1,0.11731,0.0072,gauss1,BP03_12MP_NL_JPEG.mat,2,3186.8
D10_iPhone_8_Plus_43237311902.jpg,4a4b44d22370ccf6be7d9bd62af13b26b8ed22fc86e257987f760435fa2271f2,1,1,0.031709,0.0072,gauss1,BP03_12MP_NL_JPEG.mat,0,2786.3
D10_iPhone_8_Plus_43237312242.jpg,197c9134c68d599e71094179465d35cfc7dfbda3b92c1ebecff0640c3824726a,1,1,0.024749,0.0072,gauss1,BP03_12MP_NL_JPEG.mat,0,2850.6
D10_iPhone_8_Plus_43286603591.jpg,0632a2f882fe90f024242bf3fa2bc4e77a4166842c19c89f222d1ed726984fc8,1,1,0.102022,0.0072,gauss1,BP03_12MP_NL_JPEG.mat,0,3113.1
D10_iPhone_8_Plus_43286604941.jpg,bd9c0bad7cc1ae8f6a97fd363062ded7371424c239be94b4b7941ecd7b35c85e,1,1,0.129793,0.0072,gauss1,BP03_12MP_NL_JPEG.mat,0,2631.0
D10_iPhone_8_Plus_43286608361.jpg,8c43d3bc7b593a09e5dee540d315d92098941ecf5a31133735f032231970fc7e,1,1,0.103356,0.0072,gauss1,BP03_12MP_NL_JPEG.mat,0,2753.0
D10_iPhone_8_Plus_43286609191.jpg,8789c9245e84bf3ac00f6c6240879569d59015549722f206fd1ad3404e2ce6a6,1,1,0.119465,0.0072,gauss1,BP03_12MP_NL_JPEG.mat,0,2928.5
D10_iPhone_8_Plus_43286610151.jpg,6bc69d0c62964ab889aed04ff6216075f46229969c484398daead000656e3c0d,1,1,0.029297,0.0072,gauss1,BP03_12MP_NL_JPEG.mat,0,3081.8
D10_iPhone_8_Plus_43286610431.jpg,9258b539af204d68223ed6846042da6a4cae2cc912eb6fcaf48619889ca5915c,1,1,0.106517,0.0072,gauss1,BP03_12MP_NL_JPEG.mat,0,2792.4
D10_iPhone_8_Plus_43321809692.jpg,d7f2bb94ebb78a68fef866581b65d82ce0969ea3ffc01c1454dc84e3a3f6133d,1,1,0.101269,0.0072,gauss1,BP03_12MP_NL_JPEG.mat,2,3231.5
D10_iPhone_8_Plus_43370368381.jpg,8f21106d35b73b6548936f377e5dc14ab3f7b13cee4ad5b2d46ec7e7419fcfb0,1,1,0.126827,0.0072,gauss1,BP03_12MP_NL_JPEG.mat,0,2653.4
D11_iPhone_8_Plus_25595287527.jpg,fc409bc9f2ff309e748e5fb09c744f20de05ebe00b14eabe57f507484a981d17,1,1,0.023649,0.0072,gauss1,BP03_12MP_NL_JPEG.mat,0,2879.2
D11_iPhone_8_Plus_25595289547.jpg,ccc53662313bb728eb05a3c259a8656c3346a82015eddf5c6a511e68ccfd44c9,1,1,0.008308,0.0072,gauss1,BP03_12MP_NL_JPEG.mat,0,3075.0
D11_iPhone_8_Plus_25595289597.jpg,efac550eb24d5d86efe49960e076e010af9b9a8caa83b7a6500be08a09f94c24,1,0,0.006974,0.0072,gauss1,,,2743.9
D11_iPhone_8_Plus_25595289767.jpg,4613131cc8219ef7b09cfe25199552651bdc3bebe77b9fcbe8fbdeb2ded843f8,1,0,0.006176,0.0072,gauss1,,,2852.0
D11_iPhone_8_Plus_26595593638.jpg,16615b8a1a083a8ade88ce40f79862641b05c2a4ce7aeffba6a9ec36532163df,1,0,0.006283,0.0072,gauss1,,,3047.8
D11_iPhone_8_Plus_26595593718.jpg,74361e32e69ecf49addb2ff55e677657803fc8bbb814c5e6b309805e51681911,1,0,0.005443,0.0072,gauss1,,,2589.0
D11_iPhone_8_Plus_26595594378.jpg,3bfb81c59d9b8476e31f0e9584decb11f8aee425a8068d2182c8439e0db1513e,1,1,0.008436,0.0072,gauss1,BP03_12MP_NL_JPEG.mat,0,2854.7
D11_iPhone_8_Plus_26597793248.jpg,6c83b94d1ff2f5a24c82f925c02222c400849b60e85d6a67a91093f1bac17652,1,0,0.004017,0.0072,gauss1,,,2917.3
D11_iPhone_8_Plus_26597793748.jpg,7d49a98556110aebe8cf83be56beec05b69bd16d06858b1c853c5d9619d7774b,1,1,0.015905,0.0072,gauss1,BP03_12MP_NL_JPEG.mat,0,3018.4
D11_iPhone_8_Plus_38655943590.jpg,9e2a223e5de7303af114d83540077ee0d836dc4a3fb8b9021a57a23e67f176fa,1,0,0.003776,0.0072,gauss1,,,2918.7
D11_iPhone_8_Plus_38658105280.jpg,66abf09c723595a74d2f051987d9648ac8497ff96e15df7b6fd5a820bf051f7d,1,1,0.008718,0.0072,gauss1,BP03_12MP_NL_JPEG.mat,0,3110.1
D11_iPhone_8_Plus_38658108310.jpg,d307ac91f05ee344656d3202a4f6a4a7c0fdd573a0da8cab20169abd0259a17d,1,0,0.004847,0.0072,gauss1,,,2775.5
D11_iPhone_8_Plus_38658110770.jpg,aac34c3c3f562ca3770229ab6d23b2e925335171eab5b728587c12776e4cefa0,1,0,0.002743,0.0072,gauss1,,,2989.5
D11_iPhone_8_Plus_39570494505.jpg,c5f22e62fe51a4ffb96a885ea46811cdc46e298f8ff0cd6f3348956796393a2f,1,1,0.009133,0.0072,gauss1,BP03_12MP_NL_JPEG.mat,0,2983.9
D11_iPhone_8_Plus_39570494905.jpg,7004aa777a948e6c8306c70c56168f22e9b436edaa2aa92f7e27f819b10f2c46,1,1,0.012379,0.0072,gauss1,BP03_12MP_NL_JPEG.mat,0,2888.7
D11_iPhone_8_Plus_40424967512.jpg,71600206303cdaa094753ee1b752e9692f44820a025b2f2e09fb0e1da5bfb651,1,0,0.003749,0.0072,gauss1,,,2984.6
D11_iPhone_8_Plus_40466258391.jpg,068f14829dff80f4af0e50dec367a78a83690264e0062c8aab72466e96789974,1,0,0.002744,0.0072,gauss1,,,2614.0
D17_iPhone_X_28643913787.jpg,969875d2d624e75e1be50f240c5845ffb98841a9021e498ea02931500cbc61c3,1,1,0.326709,0.0072,gauss1,BP08_12MP_NL_JPEG.mat,0,3073.8
D17_iPhone_X_28643985937.jpg,5d6f271d4b2bed1dfc3209bf54c0cbf57fef20ca89a44e867b233ae62f78f3ab,1,1,0.473879,0.0072,gauss1,BP08_12MP_NL_JPEG.mat,0,3026.6
D17_iPhone_X_28643991617.jpg,fe2836d85f67c64775ef0b2b625855344e44057a931fd385dc369423817d838f,1,1,0.450641,0.0072,gauss1,BP08_12MP_NL_JPEG.mat,0,2594.0
D17_iPhone_X_28644378137.jpg,ee63a7322a50ef5a58065204b1ba5cc197a3b8b478d21b92f451d83cf16048c1,1,1,0.053072,0.0072,gauss1,BP03_12MP_NL_JPEG.mat,2,3198.2
D17_iPhone_X_28644378417.jpg,77fba13787c9236cfd3c499f38b56e23019943654766d9ac2822542cbb6906a8,1,1,0.029519,0.0072,gauss1,BP03_12MP_NL_JPEG.mat,2,3335.0
D17_iPhone_X_29660046088.jpg,c2bee241ef9d64e52ba27daac32a6ca9426290b485f26b0cdfc1a3e820cc174b,1,1,0.064371,0.0072,gauss1,BP03_12MP_NL_JPEG.mat,0,2824.5
D17_iPhone_X_29660047018.jpg,80c200081e7debc50eed2b973969475fc77e311aa23aa91dc4b8292170c07ec7,1,1,0.021147,0.0072,gauss1,BP03_12MP_NL_JPEG.mat,0,3055.2
D17_iPhone_X_29775534008.jpg,840f6bac63c5e064150f1dac523bb472fe7b1f5c28c1fda406aff9a59e9948df,1,1,0.166374,0.0072,gauss1,BP03_12MP_NL_JPEG.mat,0,2685.6
D17_iPhone_X_41722992700.jpg,414b4e3545cd0a7ac11ea24c347241843f53f65d66f975d627875f34896ba271,1,1,0.319254,0.0072,gauss1,BP08_12MP_NL_JPEG.mat,0,3223.3
D17_iPhone_X_41723293220.jpg,3cd2178858eb1f5ab40a8bdf6920041c2d25c84e635e50cf8912400dbfe0b2a6,1,1,0.112042,0.0072,gauss1,BP03_12MP_NL_JPEG.mat,0,3012.9
D17_iPhone_X_41723441030.jpg,ba05b37a3ff146541d3a82de8a0f5dc0aa45e8849d6cc07262f0628a4244f786,1,1,0.026413,0.0072,gauss1,BP03_12MP_NL_JPEG.mat,0,2673.8
D17_iPhone_X_41723492620.jpg,74e698a3e3322cf788e1a4e472caff4c2858a8a5cd8550cb8af4d7fa3680b417,1,1,0.018603,0.0072,gauss1,BP03_12MP_NL_JPEG.mat,0,2874.1
D17_iPhone_X_42626822215.jpg,e6b712e9e1f2fdc57ebbe81fa7f825d0bcada329f5b0ff2ec21e3dd5e9b84388,1,1,0.315859,0.0072,gauss1,BP08_12MP_NL_JPEG.mat,0,3329.4
D17_iPhone_X_42627075685.jpg,beb77420c1cc397f23f1a3ed8578df9beb162754f76f1636a7a96d09ef1818c7,1,1,0.043583,0.0072,gauss1,BP03_12MP_NL_JPEG.mat,0,2726.4
D17_iPhone_X_42814343844.jpg,b86e4ecc1dcaef63ac471e1b4483473b8de4c5902b506d39a3f89a22bc7616e8,1,1,0.424076,0.0072,gauss1,BP08_12MP_NL_JPEG.mat,0,2883.5
D17_iPhone_X_42814448804.jpg,b9705035c64c1e4b0f342ee0907c6f4c312e6870ebad81f35e2fb8f7f2b3224e,1,1,0.390352,0.0072,gauss1,BP08_12MP_NL_JPEG.mat,0,2983.2
D17_iPhone_X_42814596094.jpg,99b0702b03009f07da784b94a43894e0131b1e9444f8a6d3d2bcc0a40b0ba658,1,1,0.055652,0.0072,gauss1,BP03_12MP_NL_JPEG.mat,0,2770.1
D17_iPhone_X_43484018162.jpg,d20a0c03086370878892b9890791f11fbefe0ed5e19e037faebfae5f8ed86006,1,1,0.438835,0.0072,gauss1,BP08_12MP_NL_JPEG.mat,0,2866.1
D17_iPhone_X_43484074592.jpg,572bc6de6d3421b5497891550b83dc997c46002c079c870fa3573ed9a06e4d48,1,1,0.473685,0.0072,gauss1,BP08_12MP_NL_JPEG.mat,0,3133.9
D17_iPhone_X_43531445621.jpg,debd4f75325794769e9a3ca80bed01f7525cd9385cbcef91aa01b64444bbe68f,1,1,0.41526,0.0072,gauss1,BP08_12MP_NL_JPEG.mat,0,2755.1
D17_iPhone_X_43531837951.jpg,0600604ec82d4f3c93c730f937a5887f6c36ebb81632c4ff8abdebb09d8d3dfd,1,1,0.037577,0.0072,gauss1,BP03_12MP_NL_JPEG.mat,0,2939.8
D17_iPhone_X_43531918701.jpg,11ed0df356f36e5c5a4a90b098c5631a2d4ccbf824272f9e4cd5d290a0bed11d,1,1,0.013894,0.0072,gauss1,BP03_12MP_NL_JPEG.mat,2,3348.0
D18_iPhone_X_28320466008.jpg,e5e2092e358ee4f332942d1d1a7955960d224e2e1d80c712c6633af21db987ba,1,0,0.003909,0.0072,gauss1,,,3113.6
D18_iPhone_X_28320466678.jpg,576ba1b7e71ed5f58a415d5241db56b2e5dafe6849c7814bbba4f19f42ab2301,1,0,0.007185,0.0072,gauss1,,,3405.2
D18_iPhone_X_40385940160.jpg,089aff343ac71dce62a76a7e8c7fb3d2d4c546feaea6382b7c5a53c09a359789,1,0,0.002846,0.0072,gauss1,,,3190.1
D18_iPhone_X_41291792955.jpg,77ab2a498a8f99e8efa62e1c8b6477c551871c1eae9821ddc53cc37018bda5ef,1,0,0.005463,0.0072,gauss1,,,3028.6
D18_iPhone_X_41291795015.jpg,b24be0c1174cc67c54812fe8b8986bddf2f0599ff13023ba08b2397af2194a20,1,0,0.001324,0.0072,gauss1,,,2870.5
D18_iPhone_X_41292591665.jpg,2ce45037d57e1bd2d9b597595bc73589288cd917cf86bf0e588e1ec6f8b4598e,1,0,0.004044,0.0072,gauss1,,,3281.0
D18_iPhone_X_41292593465.jpg,2b9828090022523b1a07c7fdfb754dd97744dbd28ad2f27d20b15a001c3df78b,1,1,0.008083,0.0072,gauss1,BP08_12MP_NL_JPEG.mat,0,2849.6
D18_iPhone_X_42192912951.jpg,415996b39f25d82d08c83365fc67ced01730e9615e3ce1e9371e3da93d022092,1,0,0.003112,0.0072,gauss1,,,3242.0
D19_iPhone_X_27632433907.jpg,1e84bf10826d31794e344422809af2074a137b66261f2bcd4ba95414e9f6da6c,1,1,0.028538,0.0072,gauss1,BP03_12MP_NL_JPEG.mat,0,2627.9
D19_iPhone_X_27632434347.jpg,3951260876d5fd8a3abebe8ba3a0e84c261bf13c613c0d4b75584d4c73696468,1,1,0.016185,0.0072,gauss1,BP03_12MP_NL_JPEG.mat,0,2801.9
D19_iPhone_X_27632435167.jpg,1aa0622bdd7e841755e4a7d3b103d2cb13174980eed9a65f91692c44a984c06d,1,1,0.022878,0.0072,gauss1,BP03_12MP_NL_JPEG.mat,0,2883.7
D19_iPhone_X_27632436277.jpg,2e24cd8427afd9327d05ac65f97f44147649bd5947c624af69c5b24b624fd0df,1,1,0.030163,0.0072,gauss1,BP03_12MP_NL_JPEG.mat,2,4297.7
D19_iPhone_X_27632505557.jpg,fddfb329f448430259d050e1c2ae343e996644b76678cd2897d2f149b453191b,1,1,0.008886,0.0072,gauss1,BP03_12MP_NL_JPEG.mat,2,4687.4
D19_iPhone_X_27647789047.jpg,e26cf64c588002ea51e311a41a5c83a68797eeecd142c402ed27ce25520d6da6,1,1,0.019867,0.0072,gauss1,BP03_12MP_NL_JPEG.mat,2,3051.9
D19_iPhone_X_28630363778.jpg,ec8f481560ec4fc06ce927eaf983170785d2f446be3b3825d74378f21c039257,1,0,0.001325,0.0072,gauss1,,,2868.3
D19_iPhone_X_40695239740.jpg,7fac43cf8112d1db58db7f28609cc72cc47275baeb2a07b2ee4c34f9a4c53f9b,1,1,0.072615,0.0072,gauss1,BP03_12MP_NL_JPEG.mat,0,3042.0
D19_iPhone_X_40695248600.jpg,6faec0f66db03119619c964832e0d49bc0504bc805e1ed78f64e6c3c561608a9,1,1,0.020702,0.0072,gauss1,BP03_12MP_NL_JPEG.mat,0,2654.9
D19_iPhone_X_40695308750.jpg,8ba8e54c6a048e739b1f9d7129e98a1cb2ce46a8c6ad453c79d50bfb266b5820,1,1,0.021872,0.0072,gauss1,BP03_12MP_NL_JPEG.mat,0,2877.9
D19_iPhone_X_41596835755.jpg,f7944f6cc4b0b68f5757748b3cdb4a8f126641369172291329cf739af75bb71b,1,1,0.015971,0.0072,gauss1,BP03_12MP_NL_JPEG.mat,0,2997.3
D19_iPhone_X_41596836155.jpg,714d0d9824719f2ab74ea29a65dc478242ca8747f83aaf0fdf90b46e8dfdfb2b,1,1,0.048432,0.0072,gauss1,BP08_12MP_NL_JPEG.mat,2,2996.4
D19_iPhone_X_41596845995.jpg,908318a82ab34e814152f7b25c35b16a11e50da2c7a1241b7070cb79597a6afa,1,1,0.016402,0.0072,gauss1,BP03_12MP_NL_JPEG.mat,0,3112.2
D19_iPhone_X_41777147664.jpg,b409536bcd9d434fbb5eeae51c12f8b06dd8509eaba97b4365819969c80012bd,1,1,0.188212,0.0072,gauss1,BP03_12MP_NL_JPEG.mat,0,3064.1
D19_iPhone_X_41780743784.jpg,0b477136e80fc1f5d92795f2b154cfb43a0d118610f3e283e8b6c67af766c1ba,1,1,0.014336,0.0072,gauss1,BP03_12MP_NL_JPEG.mat,2,3196.2
D19_iPhone_X_41780746014.jpg,d25c95048f6d32d356ec5c2149d87cb019aeb42b908b29bc84d7fdb6d8a63783,1,1,0.01211,0.0072,gauss1,BP03_12MP_NL_JPEG.mat,2,3436.4
D19_iPhone_X_41780746974.jpg,28f56e0af18a6aa4cbb74781daa8fbbb0d91577d59d388c57a6c094dccc115e8,1,1,0.017489,0.0072,gauss1,BP03_12MP_NL_JPEG.mat,0,2945.7
D19_iPhone_X_41780747524.jpg,404239b672c4968ae82c507207244c188d71a282617a8cf363ce784d850975a2,1,1,0.017681,0.0072,gauss1,BP03_12MP_NL_JPEG.mat,2,3361.1
D19_iPhone_X_41780747924.jpg,d287897ef3d21d32b054bbc16efc732481dbe5cfef026b61eb5e73440ec1a3ac,1,1,0.017827,0.0072,gauss1,BP03_12MP_NL_JPEG.mat,2,3145.0
D19_iPhone_X_42451462012.jpg,71793fd670ee239e72dd8b1b4f9dbc3ba972a159c046d9cdf93d2d9a5c329099,1,1,0.008145,0.0072,gauss1,BP03_12MP_NL_JPEG.mat,2,3552.5
D19_iPhone_X_42499823181.jpg,0c1e3f209a295e75ea39243ba13a57d57cb1a43eb59b9c5609ebf66305af3ce5,1,1,0.010809,0.0072,gauss1,BP08_12MP_NL_JPEG.mat,0,2938.9
D19_iPhone_X_42499940951.jpg,72e3d262b62d65fb8aa07d8c1b82dfeee8031f8a4cc91ddce16446bce8a0b384,1,1,0.014423,0.0072,gauss1,BP03_12MP_NL_JPEG.mat,0,3132.0
D19_iPhone_X_42499942881.jpg,e5d7594f55d3c066923b37609f4d706e00a25f0cba9a618869a043446e2ad648,1,1,0.012144,0.0072,gauss1,BP03_12MP_NL_JPEG.mat,0,2880.0
D64_iPhone_13_Pro_53123486377.jpg,83ac1f9698aaeecacbbc1147a60e7c27fcad7a799727c5ade543839eef30b67c,1,1,0.091684,0.0072,gauss1,BP06_12MP_NL_HEIC.mat,2,3268.2
D64_iPhone_13_Pro_53123519002.jpg,35e69313a923a06a449e22202df1e543871f02cd5dadbcde069fbaafe9b3937e,1,1,0.068762,0.0072,gauss1,BP06_12MP_NL_HEIC.mat,2,2946.6
D64_iPhone_13_Pro_53123530602.jpg,9bb52ed7e3964b51d4bcfbfacbfe955298de238c8d0033314a81ddb34e7713bb,1,1,0.052633,0.0072,gauss1,BP06_12MP_NL_HEIC.mat,2,3126.1
D64_iPhone_13_Pro_53123534022.jpg,317a5e7ad59d175eb7a5b519f5f78c52373697788c24f038d59cbddcf3e35589,1,1,0.092381,0.0072,gauss1,BP06_12MP_NL_HEIC.mat,2,3348.9
D64_iPhone_13_Pro_53124088311.jpg,c02c4dfb68f94b53e06c9cc2f0aa1436b18b3eb8babb6cd2ba4d7e0673b6d7c7,1,1,0.092896,0.0072,gauss1,BP06_12MP_NL_HEIC.mat,2,3166.0
D64_iPhone_13_Pro_53124127566.jpg,97f6e0142243fc72d1968e3da5cc393f58d43c7b367f05da6bfd6c2ac8e6a9f6,1,1,0.092745,0.0072,gauss1,BP06_12MP_SLM_HEIC.mat,2,3483.3
D64_iPhone_13_Pro_53124136756.jpg,ed27b3c7d5b238200b9e7f14732699321d5621986d48499f6cb2a8948c2b4d75,1,1,0.095261,0.0072,gauss1,BP06_12MP_SLM_HEIC.mat,2,3283.9
D64_iPhone_13_Pro_53124291359.jpg,ef954d8f99b570542666964223c85584911a3aeb9dde5b6ca94cc7f163508bf3,1,1,0.253665,0.0072,gauss1,BP06_12MP_SLM_HEIC.mat,2,2944.5
D64_iPhone_13_Pro_53124291459.jpg,59008b80e35b73cfb7107f572bc239715f549bf0d636cb502d625162d7a32302,1,1,0.078903,0.0072,gauss1,BP06_12MP_NL_HEIC.mat,2,3144.8
D64_iPhone_13_Pro_53124297749.jpg,69f5aad31f5df721898ea2cce74921d5b53e6ea3f84ef8e29f5696a6f631aa52,1,1,0.065898,0.0072,gauss1,BP06_12MP_NL_HEIC.mat,2,3422.5
D64_iPhone_13_Pro_53124324714.jpg,addc0ecf35b2fbe014c6b2d48abb2d0d54759ff040f51f58dc8367533473cc11,1,1,0.0664,0.0072,gauss1,BP06_12MP_NL_HEIC.mat,2,3166.2
D64_iPhone_13_Pro_53124326879.jpg,0db67c6bfc5a27dd290e453d1f520e33ea02ade19ca90b0cbc467d0c701c299e,1,1,0.053578,0.0072,gauss1,BP06_12MP_NL_HEIC.mat,2,3250.1
D64_iPhone_13_Pro_53124335974.jpg,87af5ff629fa8230b160d0babbec447003b8fc1f5c63b9e0b66d0e2a5694db4b,1,1,0.082564,0.0072,gauss1,BP06_12MP_NL_HEIC.mat,2,3130.2
D64_iPhone_13_Pro_53124339229.jpg,f12c728eea5ba24ba2db3d3b850a691470a6e372db5082b79e00125701d6fcbd,1,1,0.052746,0.0072,gauss1,BP06_12MP_NL_HEIC.mat,2,3376.4
D64_iPhone_13_Pro_53124339239.jpg,a26b8de59477865b6ebf85c75ae0fb7c98d81cae49b06aaa35053380bdc595ab,1,1,0.085078,0.0072,gauss1,BP06_12MP_NL_HEIC.mat,2,3193.2
D64_iPhone_13_Pro_53124489585.jpg,9a88f7d0811aa7b10cc66d7a7b777acf6bf915e5676b285e5055d5cb84f68848,1,1,0.090809,0.0072,gauss1,BP06_12MP_SLM_HEIC.mat,2,2946.4
D64_iPhone_13_Pro_53124500290.jpg,19ab764b4d122a5ac0786c56c43d2203f2a87c314e08d8395f591539a266adb4,1,1,0.112738,0.0072,gauss1,BP06_12MP_SLM_HEIC.mat,2,3123.0
D64_iPhone_13_Pro_53124500300.jpg,219518c319d40a5e15cde66a281aaa1f0c881fd3fc4db221bc2ade09289fe829,1,1,0.071278,0.0072,gauss1,BP06_12MP_SLM_HEIC.mat,2,3352.9
D64_iPhone_13_Pro_53124520085.jpg,9ec327a7099c8e8b3b001767725ed579ec43e219da2363b1cf2d7223dfcce7e8,1,1,0.053328,0.0072,gauss1,BP06_12MP_NL_HEIC.mat,2,3330.7
D64_iPhone_13_Pro_53124521095.jpg,325bc97b43cebc6550829314667c326b25d7ef705bed8ef0c63a28a7fa3abc70,1,1,0.161454,0.0072,gauss1,BP06_12MP_SLM_HEIC.mat,2,3012.8
D64_iPhone_13_Pro_53124532730.jpg,39da9fe27fca5f1c030d84aae1c54fe964226398024b22ae207b9560f65b12f7,1,1,0.081923,0.0072,gauss1,BP06_12MP_SLM_HEIC.mat,2,3203.0
D64_iPhone_13_Pro_53124582328.jpg,83582f6a12407a21f142f5d803d86e1efedbfd023c5aca32331a675cf0aa9726,1,1,0.067439,0.0072,gauss1,BP06_12MP_NL_HEIC.mat,2,3435.2
D64_iPhone_13_Pro_53124603723.jpg,518c3b853ebb2c5175c10b767df9fbbf72c72822f77ecd80b2c231300eeb3a10,1,1,0.073628,0.0072,gauss1,BP06_12MP_NL_HEIC.mat,2,3304.5
D64_iPhone_13_Pro_53124603728.jpg,09a7d4c9b395e1dd000cbf9806e00afce943c931263a273092d75a9defcd462e,1,1,0.080229,0.0072,gauss1,BP06_12MP_NL_HEIC.mat,2,2934.1
D64_iPhone_13_Pro_53124611528.jpg,f096df9fc2993ca2e36ec24893bb6bf5c3260bcafd7c7c4ebfe620c139f2e17b,1,1,0.16194,0.0072,gauss1,BP06_12MP_SLM_HEIC.mat,2,3174.6
D64_iPhone_13_Pro_53124617208.jpg,5021c5b7a756cb4ee4c900616bc1848a68ae950bf73a7b5cef9de1f79768a36f,1,1,0.290518,0.0072,gauss1,BP06_12MP_SLM_HEIC.mat,2,3358.4
D64_iPhone_13_Pro_53124617248.jpg,539d2debb30645cb52d80dcc4570b0c5940a47c99e800ced40136804d03341c7,1,1,0.089641,0.0072,gauss1,BP06_12MP_SLM_HEIC.mat,2,3320.7
D64_iPhone_13_Pro_53148982637.jpg,477cf1eaccedf86057a9c202dcb96612de28cfae5062c12a4fe397efc205e9db,1,1,0.247558,0.0072,gauss1,BP06_12MP_SLM_HEIC.mat,2,3063.7
D64_iPhone_13_Pro_53148984602.jpg,34fdba2560accd9ac1c346b8dde7fc117ddd5bfbbbf2a3b64ba56e421a07595d,1,1,0.310612,0.0072,gauss1,BP06_12MP_SLM_HEIC.mat,2,3230.8
D64_iPhone_13_Pro_53148984612.jpg,04c23914c9963996a3f3e0068cd8b7ace82530bb9aea2a75f9c27a45ac1a4137,1,1,0.194524,0.0072,gauss1,BP06_12MP_SLM_HEIC.mat,2,3377.4
D64_iPhone_13_Pro_53148987277.jpg,b062c16234ce64f655c8b1935aee0168b43c833c4193ebb7ba74fd272f4435ad,1,1,0.198777,0.0072,gauss1,BP06_12MP_SLM_HEIC.mat,2,3224.8
D64_iPhone_13_Pro_53148991047.jpg,b8106181fab3b6e5dc5d51d311e9f0d892582dd2d4141252ca0f388715a2c18a,1,1,0.174894,0.0072,gauss1,BP06_12MP_SLM_HEIC.mat,2,2848.8
D64_iPhone_13_Pro_53148991052.jpg,3f62a512ca8e6e69708955ab2bb71ad0cfa2813864b2829bbdb3a95fa372ae94,1,1,0.168744,0.0072,gauss1,BP06_12MP_SLM_HEIC.mat,2,3216.6
D64_iPhone_13_Pro_53148991057.jpg,51c7a3f14a4363f31170787ac99d1803a6636f2ffa0551db95d36d89349e698c,1,1,0.205111,0.0072,gauss1,BP06_12MP_SLM_HEIC.mat,2,4247.4
D64_iPhone_13_Pro_53148991062.jpg,15c56ed301e4bb4badbce4ce45fcea3182856a6bd185a8b76afd028617d21ce1,1,1,0.223761,0.0072,gauss1,BP06_12MP_SLM_HEIC.mat,2,4824.9
D64_iPhone_13_Pro_53148991067.jpg,3898404a24c042ef60fc931b3887587a0e7730fd0e31b2a0bf17f65ce66b2b38,1,1,0.185114,0.0072,gauss1,BP06_12MP_SLM_HEIC.mat,2,3196.0
D64_iPhone_13_Pro_53149566566.jpg,ed2be0a86c70cd115a0139941302418a1ffdaffd7155629f18348be93862e8a9,1,1,0.29201,0.0072,gauss1,BP06_12MP_SLM_HEIC.mat,2,3364.2
D64_iPhone_13_Pro_53149570256.jpg,5875f7b1c5aa720756062afd3035a3ef39d6e2504cc8090fe22760227fc5883e,1,1,0.160741,0.0072,gauss1,BP06_12MP_SLM_HEIC.mat,2,3006.0
D64_iPhone_13_Pro_53149570316.jpg,020cffed43387c7c2ac7a214f252611a64b6b598dae0af2af651a620b324e12d,1,1,0.261916,0.0072,gauss1,BP06_12MP_SLM_HEIC.mat,2,3156.0
D64_iPhone_13_Pro_53149766414.jpg,f57f04583abcb6e0deca99f775f897f822d9c5b8ff52fae36a537a9735da30a4,1,1,0.242091,0.0072,gauss1,BP06_12MP_SLM_HEIC.mat,2,3383.0
D64_iPhone_13_Pro_53149766434.jpg,e26b27ecc414d677911bb7493150bbafd7cb06887b9932502c17627b7bf9c0bb,1,1,0.217725,0.0072,gauss1,BP06_12MP_SLM_HEIC.mat,2,3191.8
D64_iPhone_13_Pro_53149766704.jpg,9829e4e5b6aad66e7a7e46be8d1f5b7f2e4998a4eda914dbc6384ee4315420f2,1,1,0.145104,0.0072,gauss1,BP06_12MP_SLM_HEIC.mat,2,3001.1
D64_iPhone_13_Pro_53149774714.jpg,ca8620d629ea299c86bbe4ce61b477605a8c1e4a1060c57e451424ebb4632b15,1,1,0.302289,0.0072,gauss1,BP06_12MP_SLM_HEIC.mat,2,3143.6
D64_iPhone_13_Pro_53149992490.jpg,9f437852088add5ef9cb7200fe25f2bf6d9bc5f1aaf2ec31c36fa90c216063ad,1,1,0.109569,0.0072,gauss1,BP06_12MP_SLM_HEIC.mat,2,3254.2
D64_iPhone_13_Pro_53149992575.jpg,e6c38342a3580d6ae02f624bc33d1d219de41bdc0ab1d96db77db6007e8501e5,1,1,0.274613,0.0072,gauss1,BP06_12MP_SLM_HEIC.mat,2,3183.7
D64_iPhone_13_Pro_53149992770.jpg,f602a137635beadc72900e6a6edc7c98ffcf1aef05f93a6b7dd9c92edca314f6,1,1,0.210888,0.0072,gauss1,BP06_12MP_SLM_HEIC.mat,2,3456.4
D64_iPhone_13_Pro_53150055988.jpg,03a934786105e58eefcaf5fe8eb7de8eb7669078d6520acf188ba71da76b3bd0,1,1,0.174798,0.0072,gauss1,BP06_12MP_SLM_HEIC.mat,2,3323.1
D64_iPhone_13_Pro_53150055993.jpg,3ba3e3881c80c86085f9d5dc726a8dc8222fbe82b78003b39f04401fbd1db8d8,1,1,0.194229,0.0072,gauss1,BP06_12MP_SLM_HEIC.mat,2,3028.1
D64_iPhone_13_Pro_53150057573.jpg,5a3731980bcde3d57568ab1d12657031fce26bb8229475f3216825fac18a9ceb,1,1,0.281998,0.0072,gauss1,BP06_12MP_SLM_HEIC.mat,2,3108.8
D64_iPhone_13_Pro_53150057578.jpg,a663773ebc349d31909122bfb880a084430e68840e13f422435a3cf1bdb394a7,1,1,0.299387,0.0072,gauss1,BP06_12MP_SLM_HEIC.mat,2,3329.7
D64_iPhone_13_Pro_53150060118.jpg,84f9d340c955e32a91c18ff9a906edce8a06027df016093efda6a5761ac72352,1,1,0.205113,0.0072,gauss1,BP06_12MP_SLM_HEIC.mat,2,3205.9
D64_iPhone_13_Pro_53150064128.jpg,e3377be054b44a74b80d0005e310c484f6a5be1182aa835299c30a991f46753f,1,1,0.212622,0.0072,gauss1,BP06_12MP_SLM_HEIC.mat,2,3348.7
D64_iPhone_13_Pro_53178347237.jpg,d1bbb0519ba37179e75b4efe40f2fa9f01954975d0acf7d7862a1b2a0dabd61e,1,1,0.07672,0.0072,gauss1,BP06_12MP_SLM_HEIC.mat,2,3169.8
D64_iPhone_13_Pro_53178347242.jpg,ae226cb6a808827a353d463165be1d8411de52bbda5e0898973c3a6897b163c7,1,1,0.127095,0.0072,gauss1,BP06_12MP_SLM_HEIC.mat,2,2946.0
D64_iPhone_13_Pro_53178347687.jpg,9be4f4dab33666da3593c8cdbf6664ce707da7b6ebe4ea55e8e84a77ac63fe43,1,1,0.051409,0.0072,gauss1,BP06_12MP_SLM_HEIC.mat,2,3135.1
D64_iPhone_13_Pro_53178349132.jpg,1137a3417f3698e1eb688f696950993c9921f861dd97624cdca8d2a0a50f5028,1,1,0.109728,0.0072,gauss1,BP06_12MP_SLM_HEIC.mat,2,3470.4
D64_iPhone_13_Pro_53178349137.jpg,07814e1a8b3756955985c4aab0dd58e270f3e0fc5cca60ea3efe48893ab6d74c,1,1,0.066032,0.0072,gauss1,BP06_12MP_SLM_HEIC.mat,2,3295.1
D64_iPhone_13_Pro_53178350142.jpg,6ca0d8973be8d952188472581f9db307d2b6bf5ac827d9f6e64560d5ca527ae7,1,1,0.084845,0.0072,gauss1,BP06_12MP_SLM_HEIC.mat,2,2878.6
D64_iPhone_13_Pro_53178350547.jpg,8aef758e2f868e821016c10c35a32fd028cfb258c35bee5a60528f2de231a74f,1,1,0.045513,0.0072,gauss1,BP06_12MP_SLM_HEIC.mat,2,3031.0
D64_iPhone_13_Pro_53178351832.jpg,dbb96b978b649188292f77613789ad20b1ef01378afcb8c2c498ce8d2609b1fc,1,1,0.158457,0.0072,gauss1,BP06_12MP_SLM_HEIC.mat,2,3392.8
D64_iPhone_13_Pro_53178352557.jpg,bfd506a346acd1373be83f902b0c66af48e1fb5952d7fed37887f65903410616,1,1,0.067619,0.0072,gauss1,BP06_12MP_SLM_HEIC.mat,2,3096.9
D64_iPhone_13_Pro_53178353277.jpg,a777982702419cbdcfd438af1a39054de258fc862c8ef2630c3099fc00bd1346,1,1,0.09444,0.0072,gauss1,BP06_12MP_SLM_HEIC.mat,2,3342.7
D64_iPhone_13_Pro_53178939846.jpg,8cca2e6934686ce46fe18b802112905998231abd950c0a31cb19d5f70d8859d4,1,1,0.090007,0.0072,gauss1,BP06_12MP_SLM_HEIC.mat,2,3061.7
D64_iPhone_13_Pro_53178941306.jpg,6de44c2f8d472d3b1072334a6c68b586bc1eb900d7526251412925954299ed86,1,1,0.079833,0.0072,gauss1,BP06_12MP_SLM_HEIC.mat,2,3318.8
D64_iPhone_13_Pro_53178942421.jpg,4f33c08098f112b6277ac496491ccbb5f54fc73099692731167793ebab9f7039,1,1,0.162521,0.0072,gauss1,BP06_12MP_SLM_HEIC.mat,2,3160.8
D64_iPhone_13_Pro_53178942926.jpg,f87e901560f9e49e7e7de57194434c71e248906a8ddd1e1b3a1bf33054ff2ac9,1,1,0.154413,0.0072,gauss1,BP06_12MP_SLM_HEIC.mat,2,3517.1
D64_iPhone_13_Pro_53179137069.jpg,d8b58f27cc7c349d723f5e9e01cf6c9f95ed940173d08ff1c90b763cc6726b4f,1,1,0.128993,0.0072,gauss1,BP06_12MP_SLM_HEIC.mat,2,3151.7
D64_iPhone_13_Pro_53179137394.jpg,25a26bea87e2101c0c950fdc4585e1fb3b91110b72400e3e8c88625cc28e2eaf,1,1,0.069982,0.0072,gauss1,BP06_12MP_SLM_HEIC.mat,2,3346.8
D64_iPhone_13_Pro_53179139574.jpg,ecd956837a5887349f077ad5561de36c0dfd4b614d8a5eadcf0bac0c0770fbb4,1,1,0.101973,0.0072,gauss1,BP06_12MP_SLM_HEIC.mat,2,3232.3
D64_iPhone_13_Pro_53179380705.jpg,cd93e4d0b8b7633a047a64370b1cd619394113c858cb35813e3c21b2289d64fc,1,1,0.102434,0.0072,gauss1,BP06_12MP_SLM_HEIC.mat,2,3354.4
D64_iPhone_13_Pro_53179381720.jpg,6ad67d5d3e3f8bd45c6d2d3bb62827a94ff4bd0c028a59026ac8eea69172f988,1,1,0.084107,0.0072,gauss1,BP06_12MP_SLM_HEIC.mat,2,3335.2
D64_iPhone_13_Pro_53179381745.jpg,ca31dada39dffc1f9e60a9ec0118686ede6a1a175c1a0aa4cdaa647243f63a32,1,1,0.08514,0.0072,gauss1,BP06_12MP_SLM_HEIC.mat,2,3020.5
D64_iPhone_13_Pro_53179382745.jpg,fa792d5b6116de7acbfe521b295e3fc95815b8373265b2fd668fd0e63460a015,1,1,0.105908,0.0072,gauss1,BP06_12MP_SLM_HEIC.mat,2,3205.7
D64_iPhone_13_Pro_53179383390.jpg,4e57adaeefcbe1ca1106b60c4bca69056c32ab4271feb31e04a8051217e6433b,1,1,0.080393,0.0072,gauss1,BP06_12MP_SLM_HEIC.mat,2,3463.4
D64_iPhone_13_Pro_53179384085.jpg,d1fb03ee21d6f686e91526b3429739e9c005c3d0cdfbebe2843ce412d02ab214,1,1,0.055456,0.0072,gauss1,BP06_12MP_SLM_HEIC.mat,2,3260.5
D64_iPhone_13_Pro_53179440168.jpg,8911c6320b5e0289200d046a0c0fa5b4f37045cde90fae96492dda9052f48742,1,1,0.074758,0.0072,gauss1,BP06_12MP_SLM_HEIC.mat,2,2969.8
D65_iPhone_13_Pro_53181951192.jpg,15691a87aad6cc819120103420620aa64cf9637098555bd945c1619bc8f9f427,1,1,0.027345,0.0072,gauss1,BP06_12MP_NL_HEIC.mat,2,3130.4
D65_iPhone_13_Pro_53181951572.jpg,69064253996985aeb52c667eea67233ab3255231b84f4269d47e00f57681081f,1,1,0.033116,0.0072,gauss1,BP06_12MP_NL_HEIC.mat,2,3323.8
D65_iPhone_13_Pro_53182544126.jpg,7bc7a4982a86c332f466dffcb481fc0f62a205cc8014c0cd78147dbaf0e6a9da,1,1,0.023243,0.0072,gauss1,BP06_12MP_NL_HEIC.mat,2,3150.2
D65_iPhone_13_Pro_53182544166.jpg,f0b11048e905bbc9c143bc24ae2669049688bbbd24a1855316c7ff83e12d6d6e,1,1,0.020805,0.0072,gauss1,BP06_12MP_NL_HEIC.mat,2,3329.7
D65_iPhone_13_Pro_53182544211.jpg,ba8a69989af6ab3313c367136d618688fbb2ef1215f5a8dcbc95765144a1324a,1,1,0.024646,0.0072,gauss1,BP06_12MP_NL_HEIC.mat,2,3255.6
D65_iPhone_13_Pro_53182544366.jpg,551807797d133e2dac28f5a01f20c0987a0a1fbfaa4cfc84fec680b49aebfe27,1,1,0.01605,0.0072,gauss1,BP06_12MP_NL_HEIC.mat,2,3059.6
D65_iPhone_13_Pro_53182732449.jpg,6c3104a92423d0f36acfda7d3d8815acb4477ba7bd3520b50d3e34c94b4850e6,1,1,0.128621,0.0072,gauss1,BP06_12MP_NL_HEIC.mat,2,3216.7
D65_iPhone_13_Pro_53183042283.jpg,f1b6824303bae354cd246d6ef4a7c3d5df9033a88158071b7d8fd0755147c550,1,1,0.011036,0.0072,gauss1,BP06_12MP_NL_HEIC.mat,2,3379.5
D65_iPhone_13_Pro_53183042983.jpg,b2e0b5e42d06ebb9b06cd4b21929da3abf0e378e848ff9b81f10f89dcc0a36fa,1,0,0.007111,0.0072,gauss1,,,3173.2
D65_iPhone_13_Pro_53183043133.jpg,abf50a6a6ee9fb892a5e1ecc6e88ccb4a23527b92953aff70ea887475889245e,1,1,0.039381,0.0072,gauss1,BP06_12MP_NL_HEIC.mat,2,2962.6
IMG_0003.jpg,5dbddca282bb54404cfa83ece09f7333fa5b13de3063c08630dc4ad8b881f3a9,1,1,0.103922,0.0072,gauss1,BP07_12MP_SLM_HEIC.mat,0,2912.4
IMG_0004.jpg,78febe041ffc23cf129225e31f17877286643abbce80ac64c64877ebb8513ade,1,1,0.098627,0.0072,gauss1,BP07_12MP_SLM_HEIC.mat,0,2974.7
IMG_0005.jpg,a37d69999657eb4d38ee2f17a2c47909ef6c8a12a02580e2d00e845dd237b2bf,1,1,0.111954,0.0072,gauss1,BP07_12MP_SLM_HEIC.mat,0,2597.8
IMG_0006.jpg,3002720e376f2117961b0324e0bac12c0c56ca4e7cca1374a9849805fe696007,1,1,0.424889,0.0072,gauss1,BP07_12MP_SLM_HEIC.mat,0,2817.3
IMG_0007.jpg,f36a3d0724be146dda52441f735693f306946794a02b72ed6ce16340cb7fa43e,1,1,0.692547,0.0072,gauss1,BP07_12MP_SLM_HEIC.mat,0,2963.3
IMG_0011.jpg,db1d04013bd1e3e2428be7cba1a4a0d6b3438792e6c6133f1aa2185a1d4c09ef,1,1,0.313682,0.0072,gauss1,BP07_12MP_SLM_HEIC.mat,0,3186.4
IMG_0012.jpg,00c40638a93203c84b8834da17da1ebba9ef93bedb48541472430e4318b02ce9,1,1,0.102897,0.0072,gauss1,BP07_12MP_SLM_HEIC.mat,0,2860.3
IMG_0013.jpg,76f5fb297b15eefbff24373448d4c6ee8de21100e75c41990c4a5d6cd0477383,1,1,0.670148,0.0072,gauss1,BP07_12MP_SLM_HEIC.mat,0,3023.6
IMG_0014.jpg,7e3acdf52a75aeef5c73b9fe498bd4bc74d79723916b9e09bfd5c1099b96e59c,1,1,0.28927,0.0072,gauss1,BP07_12MP_SLM_HEIC.mat,0,2648.5
IMG_0015.jpg,bd106fed0e21ff01d062a45bf0b8cae2add9e90e9bf282fc66e821e0f325ec45,1,1,0.203961,0.0072,gauss1,BP07_12MP_SLM_HEIC.mat,0,2832.0
IMG_0017.jpg,056fe25b7056faa42384aab663120449d44e959f1bf3e6129f4703fbcc066b88,1,1,0.337965,0.0072,gauss1,BP07_12MP_SLM_HEIC.mat,0,2913.1
IMG_0018.jpg,d0dae7864962474455cd0fe12dd26e1b4fdba0a68bab850310a8582982a4772a,1,1,0.651715,0.0072,gauss1,BP07_12MP_SLM_HEIC.mat,0,2930.6
IMG_0019.jpg,05035772daa9ae1d74c42b58705f8ef9b3221861af0c26a50f83b7842ad24034,1,1,0.693509,0.0072,gauss1,BP07_12MP_SLM_HEIC.mat,0,2858.7
IMG_0020.jpg,bbf1dd2bea720f019c6403931980b2b96acc2868fc325ea87da8104e84b024bb,1,1,0.319767,0.0072,gauss1,BP07_12MP_SLM_HEIC.mat,0,2947.8
IMG_0021.jpg,c9a7205cb1bc473127ebab2c7d23bc2a3b33ac35c6f457cd12e372bd50f95580,1,1,0.484376,0.0072,gauss1,BP07_12MP_SLM_HEIC.mat,0,2596.8
IMG_0022.jpg,7a72266b6016651b60ba9280c9573ddb2b657594e251e386f9673918e19730ce,1,1,0.522152,0.0072,gauss1,BP07_12MP_SLM_HEIC.mat,0,2783.2
IMG_0023.jpg,4d71f7658b2e915b538a126fe73bac54c33f154c2da64aea06658180f51baeae,1,1,0.714357,0.0072,gauss1,BP07_12MP_SLM_HEIC.mat,0,2886.7
IMG_0024.jpg,bb683fa02d0899959285a284feb834f228d74dfcc7c0be4a640b3bf3ddcc6626,1,1,0.016836,0.0072,gauss1,BP07_12MP_SLM_HEIC.mat,0,2989.6
IMG_0025.jpg,9c42f08c356cac9a6d88dbd1b3c499f0fc623cf7f01646a6b75956ff41fc4884,1,1,0.723361,0.0072,gauss1,BP07_12MP_SLM_HEIC.mat,0,2891.8
IMG_0026.jpg,c768d52cf05e87378b74899be0118fc7f4d72ccc4e984cf956de06703738dbfd,1,1,0.533652,0.0072,gauss1,BP07_12MP_SLM_HEIC.mat,0,2965.4
IMG_0027.jpg,0fc3293ff9ff2c32d052bf1ba5ea54be59b437a68490f7ad4a51f3bb68193a61,1,1,0.769782,0.0072,gauss1,BP07_12MP_SLM_HEIC.mat,0,2621.3
IMG_0028.jpg,5484871b481b6c8ab7060563b08ae71882290f66c13017ee88999edc6dcea132,1,1,0.456623,0.0072,gauss1,BP07_12MP_SLM_HEIC.mat,0,2769.0
IMG_0029.jpg,b0d57140fa1b6c730c5de1594691e2a869f4ccc496e4f1357342aa8d8dbe39fe,1,1,0.352878,0.0072,gauss1,BP07_12MP_SLM_HEIC.mat,0,2894.8
IMG_0030.jpg,54bb16105098d5959b825a6c42404616724bd17d841fcbadb0e4a6a91b24c41a,1,1,0.226071,0.0072,gauss1,BP07_12MP_SLM_HEIC.mat,0,2987.7
IMG_0031.jpg,cd42f8b54d246d03171b51425aa6c774a2074d58e4b95a6dc93bb96f4009a1ef,1,1,0.246549,0.0072,gauss1,BP07_12MP_SLM_HEIC.mat,0,2825.2
IMG_0032.jpg,ba4ac53d94e97f26fff4b9dc47b96b1f84eee86ccf98721c3a0e8282a1269b91,1,1,0.284954,0.0072,gauss1,BP07_12MP_SLM_HEIC.mat,0,2959.6
IMG_0033.jpg,437c6288a9884d53f33a072e783a2200c024ef42da350370d1a9c3740fe319c5,1,1,0.223789,0.0072,gauss1,BP07_12MP_SLM_HEIC.mat,0,2625.6
IMG_0034.jpg,385e50b04306e9630d9df8c8f89023157a4e2453a685baa149b6489f03e32a75,1,1,0.227242,0.0072,gauss1,BP07_12MP_SLM_HEIC.mat,0,2811.1
IMG_0035.jpg,5680bd59e460e2132318c62d8d912c44873d7ff4d014da8abc7e6068c60d2f70,1,1,0.179237,0.0072,gauss1,BP07_12MP_SLM_HEIC.mat,0,3019.1
IMG_0036.jpg,80f23a8f90b19c059b1d712abc0aa696b4d764a459b242f0f9bd2ab116b5406c,1,0,0.001037,0.0072,gauss1,,,2630.9
IMG_0037.jpg,c6796c9810d043e434a1183e2b104ae5b2d4496da5e89a8a9fe60482fe4e6ec5,1,1,0.422174,0.0072,gauss1,BP07_12MP_SLM_HEIC.mat,0,2837.4
IMG_0038.jpg,f813f80007f5447a766e07d7aeb8f5bc1995893e83fdf0a293b9815e54e84657,1,1,0.41022,0.0072,gauss1,BP07_12MP_SLM_HEIC.mat,0,3032.6
IMG_0039.jpg,e02e830f6921e8aead020ff89e115c019c235b5ed5935cedbe4829bbac831927,1,1,0.361236,0.0072,gauss1,BP07_12MP_SLM_HEIC.mat,0,2639.2
IMG_0040.jpg,c71ebe3691c7bb316a9e8f4dfe49a245e91a5688c66edc8f608119a3affda445,1,1,0.400743,0.0072,gauss1,BP07_12MP_SLM_HEIC.mat,0,2715.0
IMG_0041.jpg,5c5f35d52139bbfe8c4b59c39b719921c62fc9464784fafa25d9ccdf2803091c,1,1,0.406082,0.0072,gauss1,BP07_12MP_SLM_HEIC.mat,0,2868.3
IMG_0098.jpg,8d643ebbffce29a0bcf1e560106a101d28519dd351f893fc26d64b51fd380d9b,1,1,0.196734,0.0072,gauss1,BP06_12MP_SLM_HEIC.mat,0,2994.8
IMG_0099.jpg,34f7cac795ccf5d5efea1345ca975f7c4de7dfd0e81a0f06bc15c69d9eea1521,1,1,0.165765,0.0072,gauss1,BP06_12MP_SLM_HEIC.mat,0,2815.1
IMG_0100.jpg,d65b0992cc9bde044ebfef4dfcf383264785dc15124198018ecbc393f1c08642,1,1,0.166175,0.0072,gauss1,BP06_12MP_SLM_HEIC.mat,0,2970.5
IMG_0101.jpg,dd93ec19a786df6e1b0cb99c2da94e219ade17b78b943777474254bb14881ea5,1,1,0.172374,0.0072,gauss1,BP06_12MP_SLM_HEIC.mat,0,2625.0
IMG_0102.jpg,188edf159e04423596e3ddc63dfb05e90d41923a1b653d4488f9821ceaf21a72,1,1,0.148413,0.0072,gauss1,BP06_12MP_SLM_HEIC.mat,0,2874.7
IMG_0103.jpg,308c1234ca95531062eb698dd6af1d39101f528e3d365285faa6326554461971,1,1,0.161099,0.0072,gauss1,BP06_12MP_SLM_HEIC.mat,0,3038.4
IMG_0104.jpg,f665e51c006b8b73780bd2ab0437cc4175477c8d6a158fa8d482a9d42751b8e8,1,1,0.173098,0.0072,gauss1,BP06_12MP_SLM_HEIC.mat,0,2641.2
IMG_0105.jpg,03fef4ad5715862df1709afc18a77069706729a580711a1152a604f70dbbdd06,1,1,0.178606,0.0072,gauss1,BP06_12MP_SLM_HEIC.mat,0,2874.9
IMG_0112.jpg,a2206cbd79ca2c3fa206e3a437279dc4996a4fe779d00ed87cfaff99d26c2e36,1,1,0.097045,0.0072,gauss1,BP06_12MP_SLM_HEIC.mat,2,2981.9
IMG_0113.jpg,181e79a6ec7017e4e489cfec6427aa5d0cfa302b844d9edb017ca83732395377,1,1,0.10238,0.0072,gauss1,BP06_12MP_SLM_HEIC.mat,2,2622.3
IMG_0114.jpg,2175fad2cb41c9991cc44393604d6e5a11edc033ad512dc310b92c546c8706b8,1,1,0.107964,0.0072,gauss1,BP06_12MP_SLM_HEIC.mat,2,2779.1
IMG_0115.jpg,6c5e48b3aaf660e11ac4d6eebe4ed607b9f3c44672711d3a4e921eb8cc1f19a2,1,1,0.111744,0.0072,gauss1,BP06_12MP_SLM_HEIC.mat,2,2914.2
IMG_0116.jpg,eb70f1f6de5cc286959c24360a35c0730db17ddc35f5e416dfb0a92b170c9c9a,1,1,0.115426,0.0072,gauss1,BP06_12MP_SLM_HEIC.mat,2,3900.3
IMG_0117.jpg,305848b11ab3ae65fb618e927fb29339dd0cc58a4f7056d8486933e9564f8f98,1,1,0.125706,0.0072,gauss1,BP06_12MP_SLM_HEIC.mat,2,4842.4
IMG_0118.jpg,b7ac56b674130c1f567016d8ae39f841539c0862d98687f07140fcb483324330,1,1,0.14877,0.0072,gauss1,BP06_12MP_SLM_HEIC.mat,2,2737.6
IMG_0119.jpg,f7ade75327754b2c1b2a0f8168e8aea81340e4d4865cabdd3bb5c5ef4cdd029c,1,1,0.1304,0.0072,gauss1,BP06_12MP_SLM_HEIC.mat,2,2886.5
IMG_0120.jpg,9aee6c2ca3d960bc07241f6219f7d6d14fa86b63b2f4c67d0b335f2a8b725ff0,1,1,0.122387,0.0072,gauss1,BP06_12MP_SLM_HEIC.mat,2,2975.8
IMG_0121.jpg,5c373047fee6a74eaa665e7316f01e5cf6dbd3cc54487a13a51f77e38256c51d,1,1,0.12708,0.0072,gauss1,BP06_12MP_SLM_HEIC.mat,2,2658.4
IMG_0122.jpg,a133a68bb61bfa8ae9b10005b559d3973a13e273b09d9b5d439a5c6776c0596e,1,1,0.140845,0.0072,gauss1,BP06_12MP_NL_HEIC.mat,0,2898.0
IMG_0123.jpg,efbff304a0a4cf0a1f193aa3b00cc8a2160850a31ea78e8985bde962584ec3ca,1,1,0.12778,0.0072,gauss1,BP06_12MP_NL_HEIC.mat,0,2956.5
IMG_1277.jpg,639fd59d49c0ade8671f458fb0f21b64f1308b33d3609257683790b9942e6b9a,1,1,0.112055,0.0072,gauss1,BP06_12MP_NL_HEIC.mat,0,2594.1
IMG_1286.jpg,9030a12a6037163b8633a1d59278e7a80b0b4e6a5913a4df021ad33a4f4759ea,1,1,0.12341,0.0072,gauss1,BP06_12MP_NL_HEIC.mat,0,2808.9
IMG_1342.jpg,208f8a32ed556c2a2b278cea590fd283e589f794032cbdef53963c941b59d9aa,1,1,0.27697,0.0072,gauss1,BP06_12MP_SLM_HEIC.mat,0,2908.3
IMG_1344.jpg,0a45a9ced3cb7d4dd506621e17d16ca23281201b338a222316cea91ed48e77bf,1,1,0.373411,0.0072,gauss1,BP06_12MP_SLM_HEIC.mat,0,3007.7
IMG_1345.jpg,3d7aa86fd5b80fae2669bda83536806981fe4bd21258e060419b079b09a065d2,1,1,0.334177,0.0072,gauss1,BP06_12MP_SLM_HEIC.mat,0,2808.4
IMG_1346.jpg,a0f925a2672ceab12fa5cdf98ea05c41cedd355ca9031503524a4b9aa8fdcf89,1,1,0.319015,0.0072,gauss1,BP06_12MP_SLM_HEIC.mat,0,3032.5
IMG_1347.jpg,cf36b75a5cf7ba725835dc0cc10234c47273bdf3181f09f47775298b556483ae,1,1,0.368025,0.0072,gauss1,BP06_12MP_SLM_HEIC.mat,0,2625.3
IMG_1348.jpg,50c970a5e12c43114d94032fb62302e321c568c8dbf85731d42b86ba00758028,1,1,0.385465,0.0072,gauss1,BP06_12MP_SLM_HEIC.mat,0,2891.3
IMG_1349.jpg,0d76e463e3f0096280453a397d32c5aaf2a5c969195d49cfe83faefecf7b8e7f,1,1,0.394966,0.0072,gauss1,BP06_12MP_SLM_HEIC.mat,0,2973.6
IMG_1350.jpg,fd0110d78086600c63696983eeed67d77b10c9b665b7e96828370e366ccec3d0,1,1,0.322417,0.0072,gauss1,BP06_12MP_SLM_HEIC.mat,0,2596.8
IMG_1361.jpg,37dd322f55813ba89ffee65f6b4e8d2725be0a1549b925ac84b37ba45610d579,1,1,0.031804,0.0072,gauss1,BP05_12MP_SLM_HEIC.mat,0,2791.6
IMG_1364.jpg,86082f85ef9b7b7ffad78082408a13c8362900cf8a46cde83c96d415dc9b6fa9,1,1,0.429651,0.0072,gauss1,BP06_12MP_SLM_HEIC.mat,2,2860.4
IMG_1365.jpg,61c43824cc143adf78b86b7d3214bdbb71f5c95762f46afd8a2a1eafad314696,1,1,0.408125,0.0072,gauss1,BP06_12MP_SLM_HEIC.mat,2,3002.0
IMG_1366.jpg,ea1f698079f1f14d4b0fb6a5c7b64a17450be60582147c27f2633907a2ff2cf0,1,1,0.411525,0.0072,gauss1,BP06_12MP_SLM_HEIC.mat,2,2831.8
IMG_1367.jpg,eaf227b4da5a09c63b060c4496c560f87a46a005471c752d1962393627868b4d,1,1,0.401657,0.0072,gauss1,BP06_12MP_SLM_HEIC.mat,2,2911.0
IMG_1368.jpg,fc3aa35402abc28c69b9f148ddf1e4f5d2e9c37a3a2c2419565df24b06779b42,1,1,0.417801,0.0072,gauss1,BP06_12MP_SLM_HEIC.mat,2,2622.6
IMG_1369.jpg,7a9f9949e4c7d7d5d7e818dc199a623266406de796115cc5ac086303a6668e83,1,1,0.425357,0.0072,gauss1,BP06_12MP_SLM_HEIC.mat,2,2809.9
IMG_1370.jpg,ddf3075eb44e8c8f51d813b63ba2819a8c2c6e704cd620787f9d4073f418fb7a,1,1,0.420224,0.0072,gauss1,BP06_12MP_SLM_HEIC.mat,2,2938.1
IMG_1371.jpg,256083909c70112d5ee7a7f6e8068c213f2060a39007cbf7cb9f7c57577ebb7a,1,1,0.422593,0.0072,gauss1,BP06_12MP_SLM_HEIC.mat,2,3120.5
IMG_1372.jpg,6addf687906c3038b53f40c2f7a9c5f621c50eecaf835a578c5cb019d114ad54,1,1,0.409585,0.0072,gauss1,BP06_12MP_SLM_HEIC.mat,2,2953.2
IMG_1373.jpg,36e86f16fd6897e6eca68ead9cf91bf16a54f7cd35160f48ff6c218a021a3e7d,1,1,0.407778,0.0072,gauss1,BP06_12MP_SLM_HEIC.mat,2,3000.9
IMG_1798.jpg,75d69bd9bb8b2e32b5deec3118c3c05b90557fa23e452e796c40694a4414ba39,1,1,0.252914,0.0072,gauss1,BP06_12MP_NL_HEIC.mat,0,2589.6
IMG_1799.jpg,1ffaaffe96623b17cea16bb1f20c7bca43df1d97464db38593ff6b48aef4ebc7,1,1,0.28701,0.0072,gauss1,BP06_12MP_NL_HEIC.mat,0,2855.3
IMG_1800.jpg,cb43fbd3251d054fd58d784a72403ac95bd035eed91485aac8765f9aae2fd0b5,1,1,0.242483,0.0072,gauss1,BP06_12MP_NL_HEIC.mat,0,2979.0
IMG_1801.jpg,47c7a2a8cc766964a0c8cc54506880e6f9e97e336a419c05ba182c3dae24493d,1,1,0.240768,0.0072,gauss1,BP06_12MP_NL_HEIC.mat,0,2584.3
IMG_1803.jpg,71a24a3449e757171df3e66e09a22ef82d907c377cc9e6b9c97da233377270d2,1,1,0.239289,0.0072,gauss1,BP06_12MP_NL_HEIC.mat,0,2768.9
IMG_1804.jpg,08eac056b1f46a76860358c184dc409d9db6517a5323f05c644bd8768aa01010,1,1,0.253386,0.0072,gauss1,BP06_12MP_NL_HEIC.mat,0,2890.1
IMG_1805.jpg,d6998e18163bf291f468aacd38a22b6987057fe8a2cb824cfd06efabfc77fa0a,1,1,0.242145,0.0072,gauss1,BP06_12MP_NL_HEIC.mat,0,2901.8
IMG_1806.jpg,d544d2d1ca0c0b141ed1ddf47ff6c788bf4a4e14a70dcf3a1020ce9a3d4bf1f2,1,1,0.232113,0.0072,gauss1,BP06_12MP_NL_HEIC.mat,0,2593.8
IMG_1807.jpg,6f6a72f2dfd3258c23ba4a987e3dccd77502ce794c08ec72fef26b044b07ed87,1,1,0.239508,0.0072,gauss1,BP06_12MP_NL_HEIC.mat,0,2849.8
IMG_1808.jpg,a8385e7cff99c9d565d6f7a730b76f6cb85edfd7a3b8bc0d03a555b7d4b5b715,1,1,0.247738,0.0072,gauss1,BP06_12MP_NL_HEIC.mat,0,2901.5
IMG_1830.jpg,28fb084caf8cd339f476e23d60746fb007b4d55db805f70390cf3f7131cf4946,1,1,0.262983,0.0072,gauss1,BP06_12MP_NL_HEIC.mat,2,3032.0
IMG_1831.jpg,33966729f366057a039322fc87c7591bfd8f7a4f11636c8de0bbf4ae1e9f4f53,1,1,0.179239,0.0072,gauss1,BP06_12MP_NL_HEIC.mat,2,2889.9
IMG_1832.jpg,46441061119c33beaca49734f917a4990040a09fe916996a992743f9b1402421,1,1,0.180725,0.0072,gauss1,BP06_12MP_NL_HEIC.mat,2,3030.4
IMG_1833.jpg,ed364cfeb0ff1a743515a97609e46b7c4d9eecbe6fa3159c2f12edf8aaa0c470,1,1,0.266278,0.0072,gauss1,BP06_12MP_NL_HEIC.mat,2,2593.9
IMG_1834.jpg,a70e081c485dea02868b2c0ecf4d470955c47a24b7e14cf8f7159fc31ebe74eb,1,1,0.218009,0.0072,gauss1,BP06_12MP_NL_HEIC.mat,2,2852.5
IMG_1835.jpg,8b152b8303970631fea3e9da88202acc366d707edc438b8308a4a377821c60c3,1,1,0.205102,0.0072,gauss1,BP06_12MP_NL_HEIC.mat,2,2915.4
IMG_1836.jpg,9f2e1b7bad4effc5385f898e5735f7589192b0d191a9475e63cc56285a0111ef,1,1,0.214206,0.0072,gauss1,BP06_12MP_NL_HEIC.mat,2,3070.7
IMG_1837.jpg,532d4d6f6e3ac48a543a4ae0c21ddbb19940a7f5df09f468744f1a8822976b2f,1,1,0.213052,0.0072,gauss1,BP06_12MP_NL_HEIC.mat,2,2747.7
IMG_1838.jpg,ac3d64742418671e8ebe011a61e3fc4f81fc9b6391561c2cd0aab5b271c6f000,1,1,0.197351,0.0072,gauss1,BP06_12MP_NL_HEIC.mat,2,2930.6
IMG_1839.jpg,4001292d92f330252106bff181c3650d90e847968eecebb110acbc84c4ecd87c,1,1,0.200791,0.0072,gauss1,BP06_12MP_NL_HEIC.mat,2,2688.1
IMG_1904.jpg,7a175603fcc374bb13d8165866cca03a5c2d161852753a6e155269ff8da98fe8,1,1,0.020354,0.0072,gauss1,BP05_12MP_SLM_HEIC.mat,0,2854.4
IMG_2007.jpg,6287bd137f3ea8103a05ef283ad81f33a57da5ae4cae2b7806607edea6e736ee,1,1,0.050351,0.0072,gauss1,BP05_12MP_SLM_HEIC.mat,0,2953.2
IMG_2008.jpg,a5d90a4e9deb5091a1c52e254992b60af07728baabb9ce2c1e47099483d4aed7,1,1,0.09055,0.0072,gauss1,BP05_12MP_SLM_HEIC.mat,2,2957.2
IMG_2009.jpg,333d429f8f4e38841314ebb9a8b812e4fb0cbe8c25d582fb38619b8419a686fd,1,1,0.023743,0.0072,gauss1,BP05_12MP_SLM_HEIC.mat,0,2833.6
IMG_2010.jpg,5d8985b093f3d33666d87fc91516127d30822717f66d17679ec8a54d75f7a20f,1,0,0.005453,0.0072,gauss1,,,3008.0
IMG_2011.jpg,f3e30f738b7ccec5233d376ef0e22fcb49ba5ad62b020fd2a65cc374984d903b,1,1,0.026329,0.0072,gauss1,BP05_12MP_SLM_HEIC.mat,0,2637.6
IMG_2015.jpg,f7756a953a2d839d22f0aa079c5c5763c742c277eb1865741c94fd524b0a4a42,1,1,0.041566,0.0072,gauss1,BP05_12MP_SLM_HEIC.mat,0,2803.6
IMG_2016.jpg,0df42649e4d507f5f58ef16ec1104f3123249ed47dc2a896c2ddb973aff66df1,1,1,0.100211,0.0072,gauss1,BP05_12MP_SLM_HEIC.mat,0,2837.5
IMG_2017.jpg,b4b7785d47b3e2581c16a970aca14d5ea064c3a96cb41e0ac018212cc1a59d79,1,1,0.02574,0.0072,gauss1,BP05_12MP_SLM_HEIC.mat,0,2944.1
IMG_2018.jpg,5e6c031b230443eeb252a44b50a798df7b82f39d3d4894e0904cd64d363944bb,1,1,0.229911,0.0072,gauss1,BP05_12MP_SLM_HEIC.mat,2,3110.4
IMG_2019.jpg,6e8527c06cf85233fe8689b9c9da3094e7c384bc8aa2d34950420011063f7c7c,1,1,0.102757,0.0072,gauss1,BP05_12MP_SLM_HEIC.mat,0,3110.3
IMG_2020.jpg,95e8bcf5f5ee784339bae2f39977906a8cfc5bc99ff033560d0541ca9fec843f,1,1,0.066738,0.0072,gauss1,BP05_12MP_SLM_HEIC.mat,0,2612.3
IMG_2032.jpg,6e5e22ea1cfb7cb43bd2c64fb11c1aaa4e6da84d360b9a5ff7721cac7de1a3bd,1,1,0.010039,0.0072,gauss1,BP05_12MP_SLM_HEIC.mat,0,2848.1
IMG_2083.jpg,49488dfe94058637dcccb6ecc01f185efa2191c83673f15fc03a84b7557119f6,1,1,0.077774,0.0072,gauss1,BP04_12MP_NL_JPEG.mat,0,2992.4
IMG_2085.jpg,d58105a8ecc745a3e11dc2462a01e639e6f0ee81399e8d97fe344f4b9a61ec82,1,1,0.066894,0.0072,gauss1,BP04_12MP_NL_JPEG.mat,0,3081.7
IMG_2086.jpg,b86ac8b4d1997924980c2041172d09de115cd290ae55f1389b8c8a67afb779a5,1,1,0.053335,0.0072,gauss1,BP04_12MP_NL_JPEG.mat,0,2886.8
IMG_2088.jpg,21a2e634000c23d15f2dd56a8408bbf4e96895a2de56f62b48eb0acfde74b4e8,1,1,0.057409,0.0072,gauss1,BP04_12MP_NL_JPEG.mat,0,2994.1
IMG_2089.jpg,dabf87c3035b93a791f7c772fa26395f48b3c0e4a8037107fe7e5ff6c8135845,1,1,0.063961,0.0072,gauss1,BP04_12MP_NL_JPEG.mat,0,2676.9
IMG_2090.jpg,47711d8be9b5a0a20f598e07f19576695d793d2b8697d19a718766048e0f304f,1,1,0.06507,0.0072,gauss1,BP04_12MP_NL_JPEG.mat,0,2851.6
IMG_2091.jpg,160d7d698a8ac0f724c15ae165d15adc0f1e0a10768bd2d2ffa7291ba966b8df,1,1,0.06713,0.0072,gauss1,BP04_12MP_NL_JPEG.mat,0,2872.9
IMG_2092.jpg,27b6201e3a57901d61d83f40c9f042032e27525a2106ea98e669681b9a69df16,1,1,0.065804,0.0072,gauss1,BP04_12MP_NL_JPEG.mat,0,3039.6
IMG_2093.jpg,71bf0c1e2ecbee629536547a930e70db2492d0e9efb61eafd2a8f25835f6debb,1,1,0.087732,0.0072,gauss1,BP04_12MP_NL_JPEG.mat,2,2864.7
IMG_2094.jpg,0597ee857a2def2704c9081f457e0bc451e7af5818feeed084de79f313ec9cec,1,1,0.037369,0.0072,gauss1,BP04_12MP_NL_JPEG.mat,2,3038.5
IMG_2095.jpg,c4a0a84733396275669c4902c13242a7fad01c8149f9e1c241ed56ad44931cd3,1,1,0.030312,0.0072,gauss1,BP04_12MP_NL_JPEG.mat,2,2605.6
IMG_2096.jpg,0344c0d5d54e84f08da5afa2bb3ce4f2fc8637f3962445fbd3d1098afc55a92b,1,1,0.039579,0.0072,gauss1,BP04_12MP_NL_JPEG.mat,2,2816.9
IMG_2097.jpg,3615fcb8b749cd6e98a18ef6bdd50d69a0641919c7391ab3798794749dff02fd,1,1,0.030696,0.0072,gauss1,BP04_12MP_NL_JPEG.mat,2,2914.3
IMG_2098.jpg,d6fe8fb7305f5fdb09586f79da0e0c8805444c51167ed2387b2c15cd60888964,1,1,0.032024,0.0072,gauss1,BP04_12MP_NL_JPEG.mat,2,2993.7
IMG_2099.jpg,88ee5bcea92851da6d5809e7dc0210e9d0b05715b5eda9d3942cae579e3c9607,1,1,0.036314,0.0072,gauss1,BP04_12MP_NL_JPEG.mat,2,2877.0
IMG_2100.jpg,9b069210e54d530eaef008ac4e48887a0db329fe84476b002cf9687d0b170e4f,1,1,0.038349,0.0072,gauss1,BP04_12MP_NL_JPEG.mat,2,2916.3
IMG_2101.jpg,e43996a50816a26f6195bfed81f41d1ae3ef7e2d672d0cf78fa975f26e62634e,1,1,0.038964,0.0072,gauss1,BP04_12MP_NL_JPEG.mat,2,2613.9
IMG_2102.jpg,c9197a5693ddc65c73bc60e11a323ad3063a36d573f7b5239b35ae4eb52710a6,1,1,0.038909,0.0072,gauss1,BP04_12MP_NL_JPEG.mat,2,2797.9
IMG_2430.jpg,8f5a3cf5d96ca4bb4e4bcfdd045f1c896848208490a4d34cedba6d22a0c60fc6,1,1,0.125261,0.0072,gauss1,BP04_12MP_NL_JPEG.mat,0,2879.2
IMG_2431.jpg,4ec19abbe2314ec768e7951ab637dc175f125a915344fa4c4b37fd3ddc3301cb,1,1,0.141993,0.0072,gauss1,BP04_12MP_NL_JPEG.mat,0,3965.2
IMG_2432.jpg,22492a5bbc50bdfbb5413feb85f5a6047b0ee2ca53b1b75fcd89941ba762648d,1,1,0.148217,0.0072,gauss1,BP04_12MP_NL_JPEG.mat,0,4935.1
IMG_2433.jpg,5b85ef306f0ef7d637ce18d4d713257544313a931c5b812c801c2f386eb2c850,1,1,0.132533,0.0072,gauss1,BP04_12MP_NL_JPEG.mat,0,2730.3
IMG_2434.jpg,ec3e9fe79afbfd1ca5dcc6e8c32b1e9f31f3cc030473f6678314afda505ff4d5,1,1,0.133465,0.0072,gauss1,BP04_12MP_NL_JPEG.mat,0,2812.6
IMG_2435.jpg,3c374b6dc1d52c5ecb820834ad1e940c807e11910973b6aa4567b9feb9db6c13,1,1,0.126492,0.0072,gauss1,BP04_12MP_NL_JPEG.mat,0,2978.2
IMG_2436.jpg,d9ea13c22d6b0b7627f82c943f3a595f9ecc3fdb54915a756a5528c62f886e95,1,1,0.134034,0.0072,gauss1,BP04_12MP_NL_JPEG.mat,0,2655.8
IMG_2437.jpg,577a17e991724a49115fc74cb48e95ac7debb13722e672a30aec928e44d18feb,1,1,0.121585,0.0072,gauss1,BP04_12MP_NL_JPEG.mat,0,2763.6
IMG_2438.jpg,7258133d07f50387599709427a965d913b3e257111f3dc42cff48030320a4e99,1,1,0.148245,0.0072,gauss1,BP04_12MP_NL_JPEG.mat,0,2875.1
IMG_2439.jpg,eb28e74755411808e084e7abb41969318aa486b81280bdaf84255fee0544a301,1,1,0.157504,0.0072,gauss1,BP04_12MP_NL_JPEG.mat,0,3048.6
IMG_2440.jpg,e326d6b2df90324f31bda4d23dd1c47e071d5a184fa3e38d07219472fd16bec2,1,1,0.139012,0.0072,gauss1,BP04_12MP_NL_JPEG.mat,0,2827.1
IMG_2451.jpg,64e46f97930aa65fc63d98486d44ed8e838b624e9d899e9f6e4339e8526f75c5,1,1,0.131844,0.0072,gauss1,BP04_12MP_NL_JPEG.mat,2,2933.8
IMG_2452.jpg,bebee60ffb92279073a85b4b9cd669042dee970dc20e2d754f56a1f1cbe50660,1,1,0.129563,0.0072,gauss1,BP04_12MP_NL_JPEG.mat,2,2610.6
IMG_2453.jpg,1cbba83ca233274f208ef622c9747ece310adebdf01da57ee1e584a7f6481168,1,1,0.134365,0.0072,gauss1,BP04_12MP_NL_JPEG.mat,2,2845.8
IMG_2454.jpg,9d7dcd274f05be8b7b087547fc194e07365e01f64b1309f6f78f9e10b244957a,1,1,0.137654,0.0072,gauss1,BP04_12MP_NL_JPEG.mat,2,2921.7
IMG_2455.jpg,91c722cd9f882270a31f8e388f507c14bff8df1c846d59bcce0e6cb91fdd1c22,1,1,0.12821,0.0072,gauss1,BP04_12MP_NL_JPEG.mat,2,3010.5
IMG_2456.jpg,682c3834062c897ef8d369eaae52d576599eccee3ef1e8fdcf9277a2361034c5,1,1,0.161629,0.0072,gauss1,BP04_12MP_NL_JPEG.mat,2,2935.0
IMG_2458.jpg,ce02e280c55eb517949e089a971cdb4ecb78f92a7f686b5cb47d3de837de53ca,1,1,0.117355,0.0072,gauss1,BP04_12MP_NL_JPEG.mat,2,2968.7
IMG_2459.jpg,a08131151366d9432b3d2ea603748de14a897c27ff9a0b034f070c082717b43a,1,1,0.132492,0.0072,gauss1,BP04_12MP_NL_JPEG.mat,2,2619.1
IMG_2460.jpg,f3d5c460f9e19cdbba87d4acb549d02f68eb7049eace036a9f9cf0e740674c55,1,1,0.143639,0.0072,gauss1,BP04_12MP_NL_JPEG.mat,2,2828.5
IMG_2461.jpg,468571623ec1eebf7b3040bd44fe0d54b19fbc8f5cd6dfdba8a9a98ae2f036f7,1,1,0.136129,0.0072,gauss1,BP04_12MP_NL_JPEG.mat,2,2988.7
IMG_2463.jpg,732f0d897a8045860e31bda71c4f0e7dd2ecf403efef423ceb11881b0a4fb659,1,1,0.143282,0.0072,gauss1,BP04_12MP_NL_JPEG.mat,2,3087.5
IMG_2464.jpg,d304b1780039a47fdc2dc04f238d3e8bcc572da112e37d6d170c2ee1e45354f4,1,1,0.144365,0.0072,gauss1,BP04_12MP_NL_JPEG.mat,2,2808.9
IMG_2465.jpg,7a79702bc25af491056b7a075f58d0bc4b5585e74e26f540e29fcfe6ce3e3494,1,1,0.142145,0.0072,gauss1,BP04_12MP_NL_JPEG.mat,2,2990.6
IMG_2815.jpg,2bb1efd200f0b64c8118a30b9270d57a5fedcfac2e5890d62779e9c5b2a54cd2,1,1,0.073074,0.0072,gauss1,BP06_12MP_NL_HEIC.mat,0,2652.1
IMG_2816.jpg,499a6755d22afb0f81c5b3050726aa860779b56eddd6a449611ea99952d54e08,1,1,0.078783,0.0072,gauss1,BP06_12MP_NL_HEIC.mat,0,2893.4
IMG_2817.jpg,5870271ec0f45a4186c9c2d4092e15c0730f36c10a6b0cd559352f3f052188b7,1,1,0.07034,0.0072,gauss1,BP06_12MP_NL_HEIC.mat,0,2997.2
IMG_2818.jpg,a5f69fe8dde28196eb4b980ab08d0e99d84bf332364a33353783988219ce2b98,1,1,0.0742,0.0072,gauss1,BP06_12MP_NL_HEIC.mat,0,2639.3
IMG_2819.jpg,3a9be296a0bdc8684235af3f033140ae63e2e18590d3d96c81b02ac92a1a5c30,1,1,0.072528,0.0072,gauss1,BP06_12MP_NL_HEIC.mat,0,2842.0
IMG_2820.jpg,fccba53e103f2806d9c096570aa8943cf96f18d3fc3fb8ec7ba16f33d47d9e6c,1,1,0.069954,0.0072,gauss1,BP06_12MP_NL_HEIC.mat,0,2975.4
IMG_2821.jpg,2162d27c8ce3b4315410baaf73738bf3c27da68973bacb9d6ab41990380c86d2,1,1,0.064091,0.0072,gauss1,BP06_12MP_NL_HEIC.mat,0,2578.8
IMG_2822.jpg,ab31f7874eee7b98a72d54495c7af1031af835a581c735b4da206c3d6c349426,1,1,0.065064,0.0072,gauss1,BP06_12MP_NL_HEIC.mat,0,2787.2
IMG_2824.jpg,7426e9d5568dc423bfacf8fca2995d3138b85ddcf83a1d29bad6ad3110d369a8,1,1,0.085305,0.0072,gauss1,BP06_12MP_NL_HEIC.mat,0,2967.8
IMG_2825.jpg,a81e61b025de5d051d3d201cf14eab3cf50e5a6dd70d445af03925d28f1fc8ff,1,1,0.07919,0.0072,gauss1,BP06_12MP_NL_HEIC.mat,0,3071.7
IMG_2826.jpg,74b0da009694936509ed28e41fada8bd037ab259e400859b287fb5caf1792b23,1,1,0.087339,0.0072,gauss1,BP06_12MP_SLM_HEIC.mat,2,2818.0
IMG_2827.jpg,b77b23b4b1c74068e52281d685c63b50fc41d9b4a39c6ed912fa9c1e8bb6a3d1,1,1,0.074805,0.0072,gauss1,BP06_12MP_SLM_HEIC.mat,2,3029.0
IMG_2828.jpg,d2b22668a4597d7af1fbb8915b994a161948e436cdb57100e5212da03543b875,1,1,0.097196,0.0072,gauss1,BP06_12MP_SLM_HEIC.mat,2,2535.2
IMG_2829.jpg,371b9ec2808e4291a39bea8b01a7aab49b1f698e86c1c30f6f278936709bd7f3,1,1,0.084876,0.0072,gauss1,BP06_12MP_SLM_HEIC.mat,2,2788.9
IMG_2830.jpg,e431668ddd1ce5dfb93c40b7b6a63263eaae707353105ecb05ede9f12eba522d,1,1,0.077419,0.0072,gauss1,BP06_12MP_SLM_HEIC.mat,2,2971.4
IMG_2831.jpg,3a3b9ef1535de9caa7cfb9751e9616ede20b7b60d6517ddd2fb18d8adc9efb50,1,1,0.084591,0.0072,gauss1,BP06_12MP_SLM_HEIC.mat,2,3014.9
IMG_2832.jpg,ce6ccd258a63639de59e529b3df608caf1df307ec082ec5ab0dccb2c6d903020,1,1,0.080395,0.0072,gauss1,BP06_12MP_SLM_HEIC.mat,2,2842.9
IMG_2833.jpg,b94a6e08a4cface997419e5a96ac3da37d00de1fd0698369d654a8c3046dbb2f,1,1,0.071299,0.0072,gauss1,BP06_12MP_SLM_HEIC.mat,2,2987.0
IMG_2834.jpg,f2b3689c15240261dfc6712bc8a1dd679c9a0c12806aee2dd89d2726d7904be0,1,1,0.070739,0.0072,gauss1,BP06_12MP_SLM_HEIC.mat,2,2616.0
IMG_2835.jpg,9ba54de4ddfc7bd93275fa186c102e7d0bb5145dc58dbfae2feabceed1a98fd9,1,1,0.09156,0.0072,gauss1,BP06_12MP_SLM_HEIC.mat,2,2799.0
IMG_2872.jpg,041fa9e370d3f463ebb418b153601a98a393e8db153f23b80e44e3e8760c80d2,1,1,0.182261,0.0072,gauss1,BP06_12MP_NL_HEIC.mat,0,2936.9
IMG_2873.jpg,54dad206f41954503a4bb4e4a1f76a4ae8398194419fc3885867b8488a64f821,1,1,0.055497,0.0072,gauss1,BP06_12MP_NL_HEIC.mat,0,3059.3
IMG_2874.jpg,a7775a90e52da07a9e23aa3c0994e78ca4f38a2a6ff48012a7af75db03f571e8,1,1,0.053181,0.0072,gauss1,BP06_12MP_NL_HEIC.mat,0,2872.7
IMG_2925.jpg,e771aaff6181988a0e158ebb28d703c1cffa9eedca7b8e5cb9bc60425ae16da3,1,1,0.056893,0.0072,gauss1,BP06_12MP_NL_HEIC.mat,0,3043.8
IMG_2926.jpg,6549f749ca99719225a7a6a7ab2240bda6460dfb0638e44eced94475bbd88bcf,1,1,0.03105,0.0072,gauss1,BP06_12MP_NL_HEIC.mat,0,2591.7
IMG_2927.jpg,693d096030e794b47358ae6af2cdb609d54f1199aa2331ee517a9aed12ef03b9,1,1,0.039767,0.0072,gauss1,BP06_12MP_NL_HEIC.mat,0,2853.5
IMG_2928.jpg,9654a85ad22e3eaf0f48b78125ec9f8d15bce4dac7147f1e348229b856e05cf5,1,1,0.056841,0.0072,gauss1,BP06_12MP_NL_HEIC.mat,0,2983.7
IMG_2930.jpg,99a6212a2484042e50de2631bbbe2f92f862cf3643cf0fa7e4a74ea489a32cbd,1,1,0.183287,0.0072,gauss1,BP06_12MP_NL_HEIC.mat,0,3076.0
IMG_2931.jpg,91e56b27242bed154bb5400e3f4dbf49ba0bbf69fda6797411a333c046a503ba,1,1,0.048116,0.0072,gauss1,BP06_12MP_NL_HEIC.mat,0,2806.8
IMG_2932.jpg,50d5131679485cfb2f2f941b41fa6a5b9873d38f2a0e1b3d4e90346b9261d513,1,1,0.048092,0.0072,gauss1,BP06_12MP_NL_HEIC.mat,0,3020.4
IMG_2933.jpg,0ecd7c34ec274f93eb26c48d69de2e934e54ad707a97525390f529de40bda6cc,1,1,0.059389,0.0072,gauss1,BP06_12MP_NL_HEIC.mat,0,2611.8
IMG_2935.jpg,c5b3ee58317de1cd749975e121d4e3b979864744eb14e3beef5f86f3fe5bbfbe,1,1,0.067527,0.0072,gauss1,BP06_12MP_NL_HEIC.mat,0,2909.7
IMG_2936.jpg,760267f2a35c5931e88d82731632ed6827b3b2774f4f9c37d60dd098bd7f2fb7,1,1,0.065688,0.0072,gauss1,BP06_12MP_NL_HEIC.mat,0,2965.8
IMG_2937.jpg,4cd0383b6abf2e7473df440d962b0ead68ba33d1adb9fd20ce9e88b8d0a4f8bf,1,1,0.099381,0.0072,gauss1,BP06_12MP_NL_HEIC.mat,0,2659.4
IMG_2938.jpg,4ed919da04a9cee73e5b265745fb38bf440d873bef0bf2add9f3c39e1e4e17a3,1,1,0.215599,0.0072,gauss1,BP06_12MP_NL_HEIC.mat,0,2877.7
IMG_2939.jpg,71d5fbb37839344b61f1152ff9f24cec8c2019ca193b3a89fa76e231dcec4d77,1,1,0.086298,0.0072,gauss1,BP06_12MP_NL_HEIC.mat,0,3054.7
IMG_2940.jpg,7563144bfd46e96480f31ff5663903e2b9c91f37343fc073d6cf19621b3dbea8,1,1,0.183692,0.0072,gauss1,BP06_12MP_NL_HEIC.mat,0,2650.2
IMG_2941.jpg,da690442e1eae02afc6b24033535c64e65c9ff69c3a1883a26551457f5692f82,1,1,0.167029,0.0072,gauss1,BP06_12MP_NL_HEIC.mat,0,2916.1
IMG_2942.jpg,633307c5dc8dfc70b5709d90320f6cf52bc05159c4e82970703ae742620bc9b6,1,1,0.148744,0.0072,gauss1,BP06_12MP_NL_HEIC.mat,0,2979.6
IMG_2943.jpg,152de65072a81de3b69b6fd5bac0fa16de9d1ccd75369d8ed9a60a7c93c3a08e,1,1,0.034606,0.0072,gauss1,BP06_12MP_NL_HEIC.mat,0,2554.9
IMG_2944.jpg,e9b8d1cb96aa6dc9325dade31aa402e469a52112fe60827d1dc7738c5ca01605,1,1,0.071341,0.0072,gauss1,BP06_12MP_NL_HEIC.mat,0,2792.1
IMG_2945.jpg,7fee51f38e96627b2eba9acb5bcfbb84a9f95565216fa7a3b4f9fb59319a1df8,1,1,0.058152,0.0072,gauss1,BP06_12MP_NL_HEIC.mat,0,2968.2
IMG_2946.jpg,d44dcff00a950195d31b7ccac0a175e7d5c940e09d7e51ab7db4bf921ae5463f,1,1,0.058077,0.0072,gauss1,BP06_12MP_NL_HEIC.mat,0,2996.4
IMG_2947.jpg,b853bd2c9a53703b139497582b4185b17876ba30b3490a74e23c061eb5be210b,1,1,0.031605,0.0072,gauss1,BP06_12MP_NL_HEIC.mat,0,2799.6
IMG_2948.jpg,605a7389868503e7dccd36bda96e31df65ba172532d1e982bf1159e293ad9ad5,1,1,0.068562,0.0072,gauss1,BP06_12MP_NL_HEIC.mat,0,2964.7
IMG_2949.jpg,aa4a9d4b06540ab625ccef00a69b9d96aba3085a1299f2dcfc598566ddcd3681,1,1,0.102226,0.0072,gauss1,BP06_12MP_NL_HEIC.mat,0,2693.9
IMG_2950.jpg,a94c9fc9252c2b3bdfb1a5891c75692459e4668ef60b6ddecf3e4420174dc8d7,1,1,0.076049,0.0072,gauss1,BP06_12MP_NL_HEIC.mat,0,2853.9
IMG_2951.jpg,905b9470c25fdfd20fe5cdf1a426d6f5773841eb9ef52e7983aa4a9f8d2308b3,1,1,0.044327,0.0072,gauss1,BP06_12MP_NL_HEIC.mat,0,2929.1
IMG_2952.jpg,8e4d7e77a0f4432623825494b7ad119ae17733083975b5434525aa1ee984fd45,1,1,0.034341,0.0072,gauss1,BP06_12MP_NL_HEIC.mat,0,2585.9
IMG_2953.jpg,d88e89773687e393faf278bbdfe9543d8d5f817622fc52fd78f579c2daad316c,1,1,0.039548,0.0072,gauss1,BP06_12MP_NL_HEIC.mat,0,2830.1
IMG_2954.jpg,c5dd74b9735a01ed08f76a412ef394106e6179e408e8795cf821febf0d54ae36,1,1,0.065936,0.0072,gauss1,BP06_12MP_NL_HEIC.mat,0,2862.5
IMG_2955.jpg,74e71b50830a051058c5f0a0e496f6ca81c06f0795879dd40bd341b9ca8f8467,1,1,0.024297,0.0072,gauss1,BP06_12MP_NL_HEIC.mat,0,2996.3
IMG_2956.jpg,7929bc96b7a6ee82532c910899cd430eb47cf5277aa45452aedd49b2b330d160,1,1,0.034456,0.0072,gauss1,BP06_12MP_NL_HEIC.mat,0,2865.3
IMG_2957.jpg,da37cf43cd33743f30239e72cb597e6f96c65c541c13e0ba675ee97de0724d40,1,1,0.051343,0.0072,gauss1,BP06_12MP_NL_HEIC.mat,0,3849.9
IMG_2958.jpg,5b9315e800b4c271b9ec68a84e1f2ab042bb9209a6568966eba9a093ed700a6c,1,1,0.040892,0.0072,gauss1,BP06_12MP_NL_HEIC.mat,0,5005.4
IMG_2959.jpg,fae5363c50142d43c71af16f22f0a6b97c82fccb0baa42763ee85b0a50c7f5b3,1,1,0.032528,0.0072,gauss1,BP06_12MP_NL_HEIC.mat,0,3104.2
IMG_2960.jpg,8baa724d1b43fae7f8e5ea3939946d59dfaa57b47e16ff0dbbafb7d0f2fd6c64,1,1,0.049903,0.0072,gauss1,BP06_12MP_NL_HEIC.mat,0,2849.6
IMG_2961.jpg,8dc15c70942a35302bf8fa7f26e18a1af2868ac864c32f6b82704aca63c3fe72,1,1,0.045731,0.0072,gauss1,BP06_12MP_NL_HEIC.mat,0,2853.4
IMG_2962.jpg,acd7270d8cc30cb22875877ec0adc2b53c234ac879a211ae7f39010c06864778,1,1,0.020409,0.0072,gauss1,BP06_12MP_NL_HEIC.mat,0,2951.4
IMG_2963.jpg,335553b85fb2b6457ed11dd83acef5b443c78caf13cb92127e63b2510f81e817,1,1,0.019133,0.0072,gauss1,BP06_12MP_NL_HEIC.mat,0,2630.7
IMG_2964.jpg,68188f25b82a3e64eeb8bbd5ef0b4abd23478bf4b5014b8da54d9392cb671eb5,1,1,0.094902,0.0072,gauss1,BP06_12MP_NL_HEIC.mat,0,2874.3
IMG_2965.jpg,c20873e147995032df0cad9e029c0a79dae806a247ba0da317e66dca6db52872,1,1,0.0336,0.0072,gauss1,BP06_12MP_NL_HEIC.mat,0,2908.0
IMG_2966.jpg,e176b081d21af5bf47b428fc795f0d332198712d2fb4f4d081fb479f863ae209,1,1,0.153329,0.0072,gauss1,BP06_12MP_NL_HEIC.mat,0,2632.4
IMG_2967.jpg,8fdc37ef35063c40c8af4a20d65a11e4d4a44ae4cbc23461968a270928ba20d1,1,1,0.132612,0.0072,gauss1,BP06_12MP_NL_HEIC.mat,0,2809.8
IMG_2968.jpg,346ec1c1389c597b5a1684310764698ca6c70af0d6b12276a9b24a097ef8d82e,1,1,0.083179,0.0072,gauss1,BP06_12MP_NL_HEIC.mat,0,2896.7
IMG_2969.jpg,8985518a8675f55cd2ae871b72ee2a262eac51e1d027f1d6bbc2399644d9437a,1,1,0.139188,0.0072,gauss1,BP06_12MP_NL_HEIC.mat,0,3025.6
IMG_2970.jpg,9084292785756adf1387fcbf81648c7a048454f81f1a5b4ea44e7a20c62cc01c,1,1,0.415426,0.0072,gauss1,BP06_12MP_NL_HEIC.mat,0,2967.2
IMG_2971.jpg,dc1917ca8c41469ae3241814b99692908513a15cc70642d9aebe0f8e6565b7a3,1,1,0.094909,0.0072,gauss1,BP06_12MP_NL_HEIC.mat,0,3024.5
IMG_2972.jpg,cc8c955cb2457699283f2b25bd90b4f3357463cf451e14bbc4a7fb75890ca876,1,1,0.215796,0.0072,gauss1,BP06_12MP_NL_HEIC.mat,0,2585.6
IMG_2973.jpg,6de295580a81a8206055e63f293620520c18f97a50ffa7efa740d6c50b7cc200,1,1,0.071838,0.0072,gauss1,BP06_12MP_NL_HEIC.mat,0,2836.7
IMG_2974.jpg,88a8441b1068e46109450f6e95a19f19190f102c101df078e57e873ba43c5c8c,1,1,0.214665,0.0072,gauss1,BP06_12MP_NL_HEIC.mat,0,2978.7
IMG_2975.jpg,cbcb0109fdf4e80918bca8f62b181a529f038372c3ae7d29a22d50eb8ec88a25,1,1,0.186284,0.0072,gauss1,BP06_12MP_NL_HEIC.mat,0,3065.4
IMG_2976.jpg,7b21fab307d917adc43148fe5b03f10630f4450d8439644a0957b732ce838bab,1,1,0.148287,0.0072,gauss1,BP06_12MP_NL_HEIC.mat,0,2744.5
IMG_2977.jpg,fa3ad1a222c400db32b9fc5bbf1e55060ec384ded5d6cdd3915c6103e040df82,1,1,0.072566,0.0072,gauss1,BP06_12MP_NL_HEIC.mat,0,3102.1
IMG_2978.jpg,4b465614560c07fad297c9be79d0bce520badb82e5e4a0d3077e75e06f7b0200,1,1,0.162901,0.0072,gauss1,BP06_12MP_NL_HEIC.mat,0,2652.1
IMG_2979.jpg,6fbeb9dbd8db039e95f33c0d462999ff8636609233508a9e5f7e7773b41d00b1,1,1,0.017896,0.0072,gauss1,BP06_12MP_NL_HEIC.mat,0,2774.3
IMG_2983.jpg,a40948b2a0116ce72581abe3453c9d2f8a17b3cfb308a082273c2fabfd91f3c3,1,1,0.015938,0.0072,gauss1,BP06_12MP_NL_HEIC.mat,0,2907.8
IMG_2984.jpg,1b4570c70852104649d295963174caf028e1b08e6e982faf55682498e86a0dca,1,1,0.011749,0.0072,gauss1,BP06_12MP_NL_HEIC.mat,0,2938.5
IMG_2985.jpg,d37d068d9bc0a1aa3558b4ade241ea6560999cc0dd21995479407b46ff373729,1,1,0.01108,0.0072,gauss1,BP06_12MP_NL_HEIC.mat,0,2908.7
IMG_2986.jpg,9c25b9dacb98049ced9994de132b9612ca7317499f9455eb73f664931dda095e,1,1,0.016613,0.0072,gauss1,BP06_12MP_NL_HEIC.mat,0,3147.2
IMG_2987.jpg,560a0d28b1f1492e33c2329283075dc4b0a61a46f3b7afd37a8c7b1135560508,1,1,0.033204,0.0072,gauss1,BP06_12MP_NL_HEIC.mat,0,2786.9
IMG_2988.jpg,cefc84ca2627a5aa98a1915ebc3372efaa15029cdcbb90cb43e18fcdd238e20c,1,1,0.028659,0.0072,gauss1,BP06_12MP_NL_HEIC.mat,0,3029.2
IMG_2989.jpg,47f50628511a7a1b17efe681c26d38a746efa7d5e8d69f6cdb0db745df9b03ce,1,1,0.025393,0.0072,gauss1,BP06_12MP_NL_HEIC.mat,0,3095.0
IMG_2990.jpg,b1193eaecb4a4eafb1844741b29a1da54b57ff446c6fc5112ea652b7feb104a3,1,1,0.03891,0.0072,gauss1,BP06_12MP_NL_HEIC.mat,0,2824.3
IMG_2991.jpg,2944274d31bc54ff39dbf7095506560934f2dcd12db2dd470fbf77b124fa846d,1,1,0.01196,0.0072,gauss1,BP06_12MP_NL_HEIC.mat,0,3665.5
IMG_2992.jpg,68ef0a5c7ce9f8e89d35a93da69b930b7a35e74115c9e3553e464c81ed615d98,1,1,0.014239,0.0072,gauss1,BP06_12MP_NL_HEIC.mat,0,4964.8
IMG_2993.jpg,709cfb211d0bfbc1d65636f4a808969c349839af9b05851f5e34e52b402632d2,1,1,0.029278,0.0072,gauss1,BP06_12MP_NL_HEIC.mat,0,3090.8
IMG_2994.jpg,defc21d36551586e15eaa1dd09c977a97fe060141c87efd017dfd186e2f01f77,1,1,0.029361,0.0072,gauss1,BP06_12MP_NL_HEIC.mat,0,3128.3
IMG_2995.jpg,7e8b5b25f69f9d38451a52e84fcf580e3105c531f659b57be23ab413c09d6cfc,1,1,0.017036,0.0072,gauss1,BP06_12MP_NL_HEIC.mat,0,2813.1
IMG_2996.jpg,6b3b0972632ce5993808c6a13000e96e10995867a288ab4d977d78bb74e92740,1,1,0.013854,0.0072,gauss1,BP06_12MP_NL_HEIC.mat,0,3064.0
IMG_2997.jpg,01fb4bc3bbea21125bcfb9af9418dfa0b422117a05a5601a8aee9912a7239002,1,1,0.014263,0.0072,gauss1,BP06_12MP_NL_HEIC.mat,0,2597.3
IMG_2998.jpg,f661b5b6c9dd09094e3ca340372a62ea9d21110c74f0788f6db40716405eed25,1,1,0.012516,0.0072,gauss1,BP06_12MP_NL_HEIC.mat,0,2860.8
IMG_2999.jpg,a06f99cd59212b861cea0e14295c621a21f0f5f010a7ceb597b99c97bbcc4352,1,1,0.036037,0.0072,gauss1,BP06_12MP_NL_HEIC.mat,0,2883.5
IMG_3001.jpg,b06a4aff5a0c05c78ec95b881eb591d82f0ff0d9ec8b9d836bd37fec7be861db,1,1,0.015866,0.0072,gauss1,BP06_12MP_NL_HEIC.mat,0,3049.7
IMG_3002.jpg,81b245f37470fab8019af874f590725913b48546f56cbd693242643f50d5e5aa,1,1,0.017701,0.0072,gauss1,BP06_12MP_NL_HEIC.mat,0,2905.5
IMG_3003.jpg,65976fdc9a70343d7c925fd5ae048b39dfd79954df239c41cdcb3c910804f25a,1,1,0.026623,0.0072,gauss1,BP06_12MP_NL_HEIC.mat,0,2979.1
IMG_3004.jpg,334c91a277d04509a71d7cb2b08ace313683331a92f72df12ffecf363a679ffe,1,1,0.014936,0.0072,gauss1,BP06_12MP_NL_HEIC.mat,0,2631.5
IMG_3005.jpg,c4a55d87a71a8444f7bcf999007085763cd160a82595eae3aa4aaac073e402d1,1,1,0.018616,0.0072,gauss1,BP06_12MP_NL_HEIC.mat,0,2823.6
IMG_3006.jpg,8443c29398740db28af768ad522fc34ce2cd8a8d0dd9121983f2f823219efbf0,1,1,0.024599,0.0072,gauss1,BP06_12MP_NL_HEIC.mat,0,2969.8
IMG_3007.jpg,534c68e8937be04ea845b83c015f958b5cbfa86760fd6fa952d658aec0f03b83,1,1,0.027628,0.0072,gauss1,BP06_12MP_NL_HEIC.mat,0,3180.7
IMG_3008.jpg,42b5f0335a6b966d156db6c0f3766f86e125753ae3a200e018acceb739f00bc0,1,1,0.01015,0.0072,gauss1,BP06_12MP_NL_HEIC.mat,0,2947.9
IMG_3009.jpg,3aee9e4c9fb7a3b11dd2241e54c5b63895f2bf426cc14cbbe31441d8a94489c4,1,1,0.015567,0.0072,gauss1,BP06_12MP_NL_HEIC.mat,0,2929.6
IMG_3010.jpg,1be62ff77ddaa1eb2eafec497bf300ca6d8abd53a35c7ea4d660541bd98c4341,1,1,0.014272,0.0072,gauss1,BP06_12MP_NL_HEIC.mat,0,2646.3
IMG_3011.jpg,86688729949d1ea777fc816a163e890af451f05f99b859fb00d58126aa3a181c,1,1,0.019551,0.0072,gauss1,BP06_12MP_NL_HEIC.mat,0,2875.2
IMG_3012.jpg,378f63d12f598e9455994968863ad0fb11688e1b9bff4d1b4aa7de0ba09306e5,1,1,0.014393,0.0072,gauss1,BP06_12MP_NL_HEIC.mat,0,2935.0
IMG_3013.jpg,9bc22cf8e8e05c7a23a4e26a6c8c0e3308daf9e9fb9e923c13f5c3b8f1c5519b,1,1,0.017772,0.0072,gauss1,BP06_12MP_NL_HEIC.mat,0,2638.0
IMG_3014.jpg,e4fdfc6459db1de0a347d4534a3a71b771e974422d5133917da72b0226f02b9f,1,1,0.007871,0.0072,gauss1,BP06_12MP_NL_HEIC.mat,0,2817.9
IMG_3015.jpg,f468d4a6f24da2e4d76e227c5596b7aa218ef31b63f477611c5256ac7e9ae113,1,1,0.016088,0.0072,gauss1,BP06_12MP_NL_HEIC.mat,0,2943.9
IMG_3016.jpg,3977f36608eae252b76f70720fd6a356efb2206d2c5346576ca32f0098fdeff6,1,1,0.021515,0.0072,gauss1,BP06_12MP_NL_HEIC.mat,0,3035.9
IMG_3017.jpg,2f543c151559cf2d06d9947e4b60ae1d043284069f197002ace13f5a1c079619,1,1,0.014003,0.0072,gauss1,BP06_12MP_NL_HEIC.mat,0,2956.0
IMG_3018.jpg,cd3a3d073adefd29e771929121d924c7b33f069cc0db011a595da5d44ea7c99d,1,1,0.018741,0.0072,gauss1,BP06_12MP_NL_HEIC.mat,0,3166.7
IMG_3019.jpg,ef27017346e9c8016877c3cc2ec8093f8c3a57b799304ea82c4e3fca33407c11,1,1,0.016059,0.0072,gauss1,BP06_12MP_NL_HEIC.mat,0,2652.8
IMG_3020.jpg,1c11399bd4812fc1bdbdfe9dd393961292f1c3d116f60b38f06e6e4ca7b8dacf,1,1,0.020815,0.0072,gauss1,BP06_12MP_NL_HEIC.mat,0,2872.3
IMG_3021.jpg,2f8a9c008dcd4158d28d8d51bbf8fa73b4dfa661ad1d1338d410b8dd93801cb7,1,1,0.02043,0.0072,gauss1,BP06_12MP_NL_HEIC.mat,0,3003.3
IMG_3022.jpg,8ca733044555332bbd997abd96cfcf352dbfd79cdf5286c49c84a47de85dec17,1,1,0.033898,0.0072,gauss1,BP06_12MP_NL_HEIC.mat,0,2622.0
IMG_3023.jpg,126e5b63e0da8fa389f576aaeb2c5cf3db566063ec434ac327fd48afc7edcfcf,1,1,0.025274,0.0072,gauss1,BP06_12MP_NL_HEIC.mat,0,2849.4
IMG_3024.jpg,a8a6f21e6f2e1878a8f62cc8bb128ebbe8d51899e297be90dff89bf1eb59b538,1,1,0.016632,0.0072,gauss1,BP06_12MP_NL_HEIC.mat,0,2849.0
IMG_3025.jpg,34b7054a0942c81c214d014cc30d51b00a562bfe9af85ea9fd982ee03744dc74,1,1,0.019064,0.0072,gauss1,BP06_12MP_NL_HEIC.mat,0,3083.1
IMG_3026.jpg,b459c62c288b7b105697c9ee11cf00222384465d90776b013a005604ed0ae864,1,1,0.017831,0.0072,gauss1,BP06_12MP_NL_HEIC.mat,0,2878.5
IMG_3027.jpg,31d98f7bc98b712b193b1dd5af727627c415644c18fd43f9a4d0c16713f34327,1,1,0.017522,0.0072,gauss1,BP06_12MP_NL_HEIC.mat,0,2951.9
IMG_3028.jpg,e1eb7367d0b5b541494bec21ff47261124216b4b0f136e83e4e5b49dc7790678,1,1,0.01955,0.0072,gauss1,BP06_12MP_NL_HEIC.mat,0,2578.1
IMG_3029.jpg,02bb897c2ab990be8845acd68bde041fe84437fe01a07ff3d39bae7141dcc784,1,1,0.022422,0.0072,gauss1,BP06_12MP_NL_HEIC.mat,0,2884.0
IMG_3030.jpg,8b5cdb925b00de7bde42f9daed535b07418922a9cdf6e5c7a1638ad48263ab11,1,1,0.018544,0.0072,gauss1,BP06_12MP_NL_HEIC.mat,0,3045.9
IMG_3031.jpg,e017aa1a0db9df03cf11f2a5fe9943796a7cffacccbefb09efb72e2bf1b35794,1,1,0.027697,0.0072,gauss1,BP06_12MP_NL_HEIC.mat,0,2623.6
IMG_3032.jpg,c8e8d8310bb79573a0c775823f1951d8b9b117d544de19af2553b5e9ccdc0bb3,1,1,0.035513,0.0072,gauss1,BP06_12MP_NL_HEIC.mat,0,2846.8
IMG_3033.jpg,a43aafc063a940fbb23131be551f8cd6b593aeda4bbcdbc6577ba6da42e2ee6b,1,1,0.027575,0.0072,gauss1,BP06_12MP_NL_HEIC.mat,0,2936.9
IMG_3034.jpg,e6ff24b71579d92ada5ccfcff1adaaa254e8b238d04201968e30b7b531cf1b9f,1,1,0.02416,0.0072,gauss1,BP06_12MP_NL_HEIC.mat,0,3059.2
IMG_3035.jpg,46ba30d01087d17bb0cf3cf10d3961d9234a3a1ae09574d940166d89a69b89cd,1,1,0.023089,0.0072,gauss1,BP06_12MP_NL_HEIC.mat,0,2834.7
IMG_3036.jpg,e3164308005b224e841bc231586d26c827a785694b237c4c577d4977cef9b9ec,1,1,0.013056,0.0072,gauss1,BP06_12MP_NL_HEIC.mat,0,2956.4
IMG_3037.jpg,59aac5e1be40ed61f492544a3e32f1326e276e93a68b0599debf96ea1bf27357,1,1,0.013807,0.0072,gauss1,BP06_12MP_NL_HEIC.mat,0,2620.9
IMG_3038.jpg,72d544b2130a342be471f5df27314a001ae680eb525ee37e6099c41299fcac4c,1,1,0.015572,0.0072,gauss1,BP06_12MP_NL_HEIC.mat,0,2824.5
IMG_3039.jpg,89dd2017e77e3df15bbe3bb66ac1efb908b0aafc52b09ea48d500017d734d9eb,1,1,0.012488,0.0072,gauss1,BP06_12MP_NL_HEIC.mat,0,2938.9
IMG_3040.jpg,51ff54269e4f3b94469b7eca9c44f65ef6040d012e0cc422a41dd4703bae8df3,1,1,0.05387,0.0072,gauss1,BP06_12MP_SLM_HEIC.mat,0,3087.4
IMG_3041.jpg,8e60852c5348ea6783afd68c94cd614e544cece6f07b3a452818d0fb9f3e8747,1,1,0.051888,0.0072,gauss1,BP06_12MP_SLM_HEIC.mat,0,2937.3
IMG_3042.jpg,a7f40e1a0c53f418d67d820d02fb87c665945c7f258ecc2b1ef4eff3d2f17cd2,1,1,0.053685,0.0072,gauss1,BP06_12MP_NL_HEIC.mat,0,3061.6
IMG_3043.jpg,0300d4ea6ff80ec14f5bde4ea09d666475af8e63bc8e86323c6c8bda793d0f98,1,1,0.056083,0.0072,gauss1,BP06_12MP_SLM_HEIC.mat,0,2698.5
IMG_3044.jpg,de4c0db54e17d3c9906720919029b10bba5892d0bfdb4ec77b990aafdcb30b85,1,1,0.05293,0.0072,gauss1,BP06_12MP_NL_HEIC.mat,0,2823.6
IMG_3045.jpg,8fd650a7304d0102da32e97c7600bcb9086211f977e936c49ea7b550a3bb9bcd,1,1,0.052393,0.0072,gauss1,BP06_12MP_NL_HEIC.mat,0,2965.8
IMG_3046.jpg,2b1c98119b6b01dd16350787b49aad1f01cb80ea8eba50e14e0dae7c0163b31d,1,1,0.052161,0.0072,gauss1,BP06_12MP_SLM_HEIC.mat,0,2615.2
IMG_3047.jpg,8d8373f14a11d52de8b775fa84192f53ee0322977187833e326b5e7ba6ad98d8,1,1,0.05088,0.0072,gauss1,BP06_12MP_NL_HEIC.mat,2,2775.4
IMG_3048.jpg,f3325271b34c04314f0f32fa808961ace2ad8b533ba6f9ee5e22694f86fcd334,1,1,0.04983,0.0072,gauss1,BP06_12MP_NL_HEIC.mat,2,2869.7
IMG_3049.jpg,cbb4ab81bb9d99ed4e3153419cbec1ee6fb2dbcea271d9c3dec37cbcdf9b8b16,1,1,0.050558,0.0072,gauss1,BP06_12MP_NL_HEIC.mat,2,3016.0
IMG_3050.jpg,cf714eca7756ffd6e2b4f23b8feedd7bef3f1a77e78022dad5a5a96c652917f1,1,1,0.051124,0.0072,gauss1,BP06_12MP_NL_HEIC.mat,2,2887.6
IMG_3051.jpg,756a60a3a345475592b7df2545a97f7f36d62befe03217eb4eceb66aca781480,1,1,0.061235,0.0072,gauss1,BP06_12MP_SLM_HEIC.mat,2,2977.3
IMG_3052.jpg,dd5d75eca45fc59d36b302be0651cf7092fcd7fe320c2d7029d769a17c5d2c5f,1,1,0.049427,0.0072,gauss1,BP06_12MP_NL_HEIC.mat,2,2631.3
IMG_3053.jpg,ac906cddc77c0094d4155c1f9f820409d134c0838eadd8e2af26d98ff63f5bf3,1,1,0.054864,0.0072,gauss1,BP06_12MP_SLM_HEIC.mat,2,2862.2
IMG_3054.jpg,e4af5cbd15dc22e787a4b684c2297eb9bfa02cee00c6e31b02d0c282888be4e4,1,1,0.055875,0.0072,gauss1,BP06_12MP_NL_HEIC.mat,2,2953.1
IMG_3055.jpg,3204fbe7ef86ef57794864c3190c130a2eebb0dc0dacb07e9e0fe2fbea41ffeb,1,1,0.056213,0.0072,gauss1,BP06_12MP_NL_HEIC.mat,2,2605.1
IMG_3056.jpg,d157150adda179629269be0e6e0ddd6c6c8f1671b21eda3d97d6e554bee30ea5,1,1,0.05892,0.0072,gauss1,BP06_12MP_SLM_HEIC.mat,2,2873.8
IMG_3078.jpg,b0c5d08d9b02b4aabbcc3a789df0074645356a32003f5a0b838c4b6c8493377c,1,0,0.00103,0.0072,gauss1,,,2927.0
IMG_3095.jpg,61cbfacc8af0e1896a6700ef6c537b95c6ae7c11b93228d33518cba463b6130d,1,0,0.000975,0.0072,gauss1,,,3072.0
IMG_3131.jpg,29cfa50d1fb9860a57bc9c1de0707c23d330a2cb2ed8384b41ce44dd60df39d7,1,1,0.178312,0.0072,gauss1,BP06_12MP_SLM_HEIC.mat,0,2788.0
IMG_3132.jpg,c95f6d03ea51bc2a021d85cdea24999eeaa7f4a020a60fb46a689bebdd1640ab,1,1,0.086307,0.0072,gauss1,BP06_12MP_NL_HEIC.mat,0,2945.3
IMG_3136.jpg,3464687a565cc59805956876df617d7228137b32cde4706b2e45645fbf564cf0,1,1,0.089129,0.0072,gauss1,BP06_12MP_NL_HEIC.mat,0,2621.2
IMG_3137.jpg,cb0e34943096d0acbb24a45b56bf43bb783dc6c4bbf57f5c52c637f8bf4887e5,1,1,0.087527,0.0072,gauss1,BP06_12MP_NL_HEIC.mat,0,2736.2
IMG_3138.jpg,80f194a8f1e809623e91b41f315eca6488cef96366fc1aed36343e5edd859ccb,1,1,0.190064,0.0072,gauss1,BP06_12MP_NL_HEIC.mat,0,2958.8
IMG_3139.jpg,852af4340d4ac5c4c3e9a6942cf6f0b597d8d45b8402346d12b016a22e4fa819,1,1,0.080213,0.0072,gauss1,BP06_12MP_NL_HEIC.mat,0,3035.0
IMG_3143.jpg,6fc5bb630cf45ee88a726a49d2bf8aeaad16d748b5550ad7ba55e82e5f74b528,1,1,0.098209,0.0072,gauss1,BP06_12MP_NL_HEIC.mat,0,2923.7
IMG_3144.jpg,31088363a9e95bf8b2d0d6abf9fb56894a2637b64a06ac75157a8a2c024f5a5c,1,1,0.077936,0.0072,gauss1,BP06_12MP_SLM_HEIC.mat,2,3025.9
IMG_3145.jpg,a7d6b568301c4fb75e1c6606cc9368274713a2ae98a778080a974a29a3d6d2f3,1,1,0.123427,0.0072,gauss1,BP06_12MP_SLM_HEIC.mat,2,2637.1
IMG_3146.jpg,a290f37a7b37baaa8029d6d3bdce25910ad743e8e226dbcf0a2fa88e2b12c6e6,1,1,0.120031,0.0072,gauss1,BP06_12MP_SLM_HEIC.mat,2,2789.1
IMG_3147.jpg,034858c1e801cbd0ac1aa48ecd4cedca7584adde620690e17e03fc35fbb5e394,1,1,0.090626,0.0072,gauss1,BP06_12MP_NL_HEIC.mat,2,2986.4
IMG_3148.jpg,4a0f690098c68e5b3c8aaa11e90a575c027e40b78b618c192160c9566cc830c6,1,1,0.092113,0.0072,gauss1,BP06_12MP_SLM_HEIC.mat,2,2580.9
IMG_3149.jpg,de8436102a48d941716bfd1e533c0aeaf5c89ba32c2463a246e38d14f0a30320,1,1,0.088971,0.0072,gauss1,BP06_12MP_SLM_HEIC.mat,2,2867.0
IMG_3150.jpg,2c28a82742c96fc9af25a5390118d4e601a9d7ff8cc0ef1d6bea0f915237308e,1,1,0.247578,0.0072,gauss1,BP06_12MP_NL_HEIC.mat,2,2808.7
IMG_3151.jpg,e9452ac0cdcad6808e1879a200171c14c7335e4f0a7596befcdcee66ed3cbba6,1,1,0.0732,0.0072,gauss1,BP06_12MP_SLM_HEIC.mat,2,2995.1
IMG_3152.jpg,0039aa95aaa136c1f9a3ab63f7b7f786f824fe9732873544ff6f25b2a2dfe873,1,1,0.092129,0.0072,gauss1,BP06_12MP_SLM_HEIC.mat,2,2795.5
IMG_3201.jpg,120f245de9ebf7f0b8255cee7b656d20eec0c19b3403a0fd07e3d73c5e9e8b5e,1,1,0.237413,0.0072,gauss1,BP06_12MP_NL_HEIC.mat,0,2941.7
IMG_3202.jpg,f3a0c1c59d002f18d35b0a76f34b340b1031dcba6dabd1c8d294ed591042b9b0,1,1,0.280493,0.0072,gauss1,BP06_12MP_NL_HEIC.mat,0,3781.6
IMG_3203.jpg,1ae018350c4fe0812839243b1cf038f7f3ce2b64e8ad97c7db8931054298a45f,1,1,0.18099,0.0072,gauss1,BP06_12MP_NL_HEIC.mat,0,4659.8
IMG_3222.jpg,e04b9c9e898a5e026e04bc25ed563c02b4837e008990121de20e127fccdf1fb8,1,1,0.136809,0.0072,gauss1,BP06_12MP_SLM_HEIC.mat,2,3021.7
IMG_3475.jpg,a994016f1b861bad5de833c3f966ea54c5cd6e9dd2cfc2370f10a530844eb40d,1,0,0.007081,0.0072,gauss1,,,2819.5
IMG_3476.jpg,abefe37a6f69b9a0f120f044b536c7f6551df919ea90ebd58cd9310d54d5f12a,1,1,0.009218,0.0072,gauss1,BP05_12MP_SLM_HEIC.mat,0,3016.1
IMG_3477.jpg,c8bc92f12d8f73e57f0a08ecd827e57db80ea5d3835b9eb25f8a8ee054fce4d6,1,1,0.008346,0.0072,gauss1,BP05_12MP_SLM_HEIC.mat,0,2703.8
IMG_3478.jpg,b54bbb62ec47bf5efc107d409ef081ce82fcb0afc99e205d0b51e2e442b2600b,1,1,0.010414,0.0072,gauss1,BP05_12MP_SLM_HEIC.mat,0,2780.2
IMG_3479.jpg,bc5f5b452c22f4b2013bd66bb786e7505dbfdfb9c50ce98753860d22c9b5a2e6,1,1,0.00786,0.0072,gauss1,BP05_12MP_SLM_HEIC.mat,0,3004.0
IMG_3480.jpg,62a4566c8fb0caceb1cf027e4326d6ba0223a351b9e8ee284893b93b1de364da,1,1,0.010031,0.0072,gauss1,BP05_12MP_SLM_HEIC.mat,0,2621.9
IMG_3481.jpg,08af945d06a6a0ca665f04c711698192bcf737038dd84af77f69eed83d10f5e3,1,1,0.008736,0.0072,gauss1,BP05_12MP_SLM_HEIC.mat,0,2926.0
IMG_3482.jpg,a3358e4dd51c54ae391c3f827d27467947142801351ad57f3ad4ee735152cae6,1,0,0.006751,0.0072,gauss1,,,3033.5
IMG_3483.jpg,9ad797612dd9d35ce1cd68757b70583651562f7e0c52c99fb5a5631f38c8e238,1,1,0.009379,0.0072,gauss1,BP05_12MP_SLM_HEIC.mat,0,2625.9
IMG_3484.jpg,6db82b0a6cff7ce6ff285ad346e4b0c841f584498e860a6c2179c775287a0e63,1,1,0.008742,0.0072,gauss1,BP05_12MP_SLM_HEIC.mat,0,2775.1
IMG_3485.jpg,f0837a641714fb625a505afe258f16c6ea2fd0cb4cb0c0a6007e79fcf58cd71a,1,1,0.008864,0.0072,gauss1,BP05_12MP_SLM_HEIC.mat,2,2864.7
IMG_3486.jpg,94673cf48aaca70a194b39a99343f7a418b2e4db68b75655f57d3f044ca97e0d,1,1,0.008507,0.0072,gauss1,BP05_12MP_SLM_HEIC.mat,2,2985.7
IMG_3487.jpg,5cfa2721a38f44370debec5b43111f473f93778e5bfca18ab0f4f5144971c06d,1,1,0.010422,0.0072,gauss1,BP05_12MP_SLM_HEIC.mat,2,2802.5
IMG_3488.jpg,39d9dca26f9da98d6e10f71ad662b1ccd4afa9c9aaa7f5ecaa371e3c9648ab62,1,0,0.006695,0.0072,gauss1,,,2869.6
IMG_3489.jpg,ea4c7d82605761002c3db1636738eae17369fa3255f8fc9fba1fcf72f2b9b370,1,0,0.007116,0.0072,gauss1,,,2974.8
IMG_3490.jpg,60df203bf02534a514c12c9cbc0fe0d87df6f004cb197b6544001fd34465babd,1,0,0.006257,0.0072,gauss1,,,2785.8
IMG_3491.jpg,4c55daa4d54679db19e6de9c7ba501fdaaf57136d5a95bcece8b32f602a97251,1,1,0.010494,0.0072,gauss1,BP05_12MP_SLM_HEIC.mat,2,2975.7
IMG_3492.jpg,d9939236f5bbcca7fa57e0d3029910a665889f19b1cb5db9b82b770277192493,1,1,0.009345,0.0072,gauss1,BP05_12MP_SLM_HEIC.mat,2,2668.2
IMG_3493.jpg,0dde77b7a2bee4ba54b52ecc8d8124ff72b5cfa285b0e7efd60ebb4f8e5ede6d,1,1,0.009666,0.0072,gauss1,BP05_12MP_SLM_HEIC.mat,2,2941.6
IMG_3494.jpg,22ec3997209abd9c7b942a51188b2c99c5a4fb9aba9c69b212c5e7c19e9453df,1,1,0.00819,0.0072,gauss1,BP05_12MP_SLM_HEIC.mat,2,2976.9
IMG_3658.jpg,1ce3a62cad99fe7c4de7cb64e0ac30ad499adf8f5e4f25b09d9a33550f710695,1,1,0.062729,0.0072,gauss1,BP06_12MP_NL_HEIC.mat,0,2560.5
IMG_3659.jpg,a941effdb3f9983ce03e95410cd067840cc1cb00a58ab3a09f3de788b9c32b4a,1,1,0.061432,0.0072,gauss1,BP06_12MP_NL_HEIC.mat,0,2772.6
IMG_3660.jpg,044397380ccc2b4ec38f550a5664fc3723f0ba417d1822c24d59cf7b1fb0ae0b,1,1,0.061113,0.0072,gauss1,BP06_12MP_NL_HEIC.mat,0,2883.4
IMG_3661.jpg,7137d92d490f10ccb56864dd9e864618cea7760f123b9098f00d2dc3612f6e54,1,1,0.06488,0.0072,gauss1,BP06_12MP_NL_HEIC.mat,0,2973.9
IMG_3662.jpg,07b08531619b23848fa22fd980db7b0ff19a9fd14ed9fe1c01ee78270aadc632,1,1,0.063187,0.0072,gauss1,BP06_12MP_NL_HEIC.mat,0,2788.8
IMG_3663.jpg,712d628a59f250dee1e9d3d598ae002c4b59543bd90c354ef7d4be4c37b4a697,1,1,0.064017,0.0072,gauss1,BP06_12MP_NL_HEIC.mat,0,2873.4
IMG_3664.jpg,e9cfb792ac4b9eaf79ee666f9c7abade136ae96c3ccb611f35a1cefd31ad3f72,1,1,0.06656,0.0072,gauss1,BP06_12MP_NL_HEIC.mat,0,2989.8
IMG_3665.jpg,e2a0dcd4e00a53780bd9e311d875918553a119f38f79b3f5c89605ce55fca6e4,1,1,0.062941,0.0072,gauss1,BP06_12MP_NL_HEIC.mat,0,2897.4
IMG_3666.jpg,f76b29481576463ce7d9b87771e6fd398a6019309cb15c351f4220e26400ac92,1,1,0.064116,0.0072,gauss1,BP06_12MP_NL_HEIC.mat,0,2974.7
IMG_3667.jpg,99d34e7dd284e68114c44bd142ae0024600917ccdd90aafd0f6e294acbb38aaa,1,1,0.065823,0.0072,gauss1,BP06_12MP_NL_HEIC.mat,0,2618.7
IMG_3668.jpg,e84926e47a72d9f955acd036ab17aead79aafc32f41340c333369e7498486cef,1,1,0.069163,0.0072,gauss1,BP06_12MP_NL_HEIC.mat,2,2813.8
IMG_3669.jpg,7d2044fb5c2019d2ec40781266200e646ba1ea9b33342b45b4e32ae76b8b6a26,1,1,0.069254,0.0072,gauss1,BP06_12MP_NL_HEIC.mat,2,2935.4
IMG_3670.jpg,e31dc69e7aaaf508722e292fc51fe381053f50c7a37b14ea49be82427bcb5523,1,1,0.071889,0.0072,gauss1,BP06_12MP_NL_HEIC.mat,2,3127.4
IMG_3671.jpg,848e862b4e73ec1092eb90674cca5f7548bfe9ed0987d3ab27fe55cc4f2c4be0,1,1,0.067002,0.0072,gauss1,BP06_12MP_NL_HEIC.mat,2,2905.0
IMG_3672.jpg,1b7847e56c85c34a5dbaf41af0a2da050754d6e845f9b28c1251915fe1395513,1,1,0.067159,0.0072,gauss1,BP06_12MP_NL_HEIC.mat,2,3006.4
IMG_3673.jpg,457f4b2eb5f6cc39728ee3e879c7267c6609034c8b3102d5f0d3a867ceef7120,1,1,0.070058,0.0072,gauss1,BP06_12MP_NL_HEIC.mat,2,2693.7
IMG_3674.jpg,35207d5a36fb8635a1f0abf8ab1159d83ffef04b2e6c8cf209fa47c12731eefa,1,1,0.067846,0.0072,gauss1,BP06_12MP_NL_HEIC.mat,2,2822.0
IMG_3675.jpg,8267de82ba771bffca0c8ac02c87432535dd7e7ac05f375cc2a5620859c19f2b,1,1,0.066659,0.0072,gauss1,BP06_12MP_NL_HEIC.mat,2,2949.6
IMG_3676.jpg,e09992da7f9a73e8d127e8d6f78b666242122794403e084528c13c7fd28b5408,1,1,0.066252,0.0072,gauss1,BP06_12MP_NL_HEIC.mat,2,2635.4
IMG_3677.jpg,b0fc10a79a751e41e1ee32df2965b5d38364162ff1b98a044f2f1719326ed8d5,1,1,0.069453,0.0072,gauss1,BP06_12MP_NL_HEIC.mat,2,2776.9
IMG_4614.jpg,f74f07324267abcb4b63780b7bed76cc6cb6416e9b6b23b5d1d2192af62afe3f,1,1,0.02087,0.0072,gauss1,BP05_12MP_SLM_HEIC.mat,0,2987.3
IMG_4615.jpg,eefd72e8513af964d1a6e09b27dcf0ebe6f6c6ba4acc41f30e60f101f23fbc72,1,1,0.021837,0.0072,gauss1,BP05_12MP_SLM_HEIC.mat,0,2933.4
IMG_4616.jpg,b522cea0b2c411640b8528a7c6207685fad1d139ace6361be1d2bcf736b5db1a,1,1,0.022637,0.0072,gauss1,BP05_12MP_SLM_HEIC.mat,0,2893.9
IMG_4617.jpg,323d7d81441385232e47e68c1cb9024997314c83cf5e21eb1a9431ee235ed30a,1,1,0.023087,0.0072,gauss1,BP05_12MP_SLM_HEIC.mat,0,2965.4
IMG_4618.jpg,d2290110a17f27fce75f45a627728a479784327437752d135fb98300a8107934,1,1,0.022368,0.0072,gauss1,BP05_12MP_SLM_HEIC.mat,0,2599.4
IMG_4619.jpg,cf4dff25c5e49f8f2d3942f34db3fd5a9b578ef1d8c5ad1aa79d2cd3e635143b,1,1,0.02505,0.0072,gauss1,BP05_12MP_SLM_HEIC.mat,0,2738.8
IMG_4620.jpg,ce58f717f6e8ad4b7054c1b65106234bb7fb1e24d9cd613f4893876585a884f3,1,1,0.020022,0.0072,gauss1,BP05_12MP_SLM_HEIC.mat,0,2922.1
IMG_4621.jpg,59102987cef68dd0874e4a09bef7c7d1be53309513a8f08568a74a4b11c2f58e,1,1,0.023501,0.0072,gauss1,BP05_12MP_SLM_HEIC.mat,0,2966.4
IMG_4622.jpg,84001a12a21e1fc22ac10a4b918761ab582906318324a1813b2de82f9d03be9e,1,1,0.024793,0.0072,gauss1,BP05_12MP_SLM_HEIC.mat,0,2868.8
IMG_4623.jpg,3b9399f0e5de261eda9b80370dcc5bf4e78455fd32fd3aa284844159e42be197,1,1,0.025484,0.0072,gauss1,BP05_12MP_SLM_HEIC.mat,0,2860.5
IMG_4624.jpg,050a4f12dd5db1c28daaa8382237090db0668da1ab066eacbfb898e998ab486e,1,1,0.030012,0.0072,gauss1,BP05_12MP_SLM_HEIC.mat,2,2976.8
IMG_4625.jpg,72fbb1d8026ce03721bc02b8afc57a8bc910f7d2d189f2116053b6b29b0ae4ce,1,1,0.037244,0.0072,gauss1,BP05_12MP_SLM_HEIC.mat,2,2877.3
IMG_4626.jpg,661acc1387176d09618594c21e51f58d3af0ddfe398ada777fa55ba523a4d1e2,1,1,0.036818,0.0072,gauss1,BP05_12MP_SLM_HEIC.mat,2,3032.6
IMG_4627.jpg,aab1d01819bfb8c4ded8c07fffaca51c17b3c4fbd6f46663a12f4eaf2467db16,1,1,0.037532,0.0072,gauss1,BP05_12MP_SLM_HEIC.mat,2,2737.9
IMG_4628.jpg,40eb95e69d47e3b54d157230da383698c4015f784d086b0ae0e9ca775b3c0b7a,1,1,0.039438,0.0072,gauss1,BP05_12MP_SLM_HEIC.mat,2,2911.2
IMG_4629.jpg,b6f572336a3e6997bc59125ffcd80d28e48a8051d45f5e83a7f0f60858611ca6,1,1,0.034886,0.0072,gauss1,BP05_12MP_SLM_HEIC.mat,2,3051.4
IMG_4630.jpg,24d1c4ce39c4be44d3570b3aaf63a4a35963da5398f578bda06245367a3cd154,1,1,0.035031,0.0072,gauss1,BP05_12MP_SLM_HEIC.mat,2,2585.3
IMG_4631.jpg,669be44033fda5ab4e7b8a18559a657daaa142468672cd0b1a5d2cac9dcdd134,1,1,0.033863,0.0072,gauss1,BP05_12MP_SLM_HEIC.mat,2,2776.6
IMG_4632.jpg,ac39323bf53d20dd0c419e7cac4c09818511ab4d7323c471fc5d929db382bf90,1,1,0.034759,0.0072,gauss1,BP05_12MP_SLM_HEIC.mat,2,2878.5
IMG_4633.jpg,5d95d1fb99763337ea5a7ed66e3da6c0064ad1c6976a284749e59373e0c2170b,1,1,0.034574,0.0072,gauss1,BP05_12MP_SLM_HEIC.mat,2,3002.7
IMG_5533.jpg,224a6de7a819e807fd6849a76ffcdd80bae3490fe3e2b4c620609c34f7a34a8e,1,1,0.019275,0.0072,gauss1,BP05_12MP_SLM_HEIC.mat,0,2836.8
IMG_5534.jpg,49af1a782ac62e8892b2bb8bb372136b1c37b2da2332bae0dffc33e537cb7df6,1,1,0.013134,0.0072,gauss1,BP05_12MP_SLM_HEIC.mat,0,2955.5
IMG_5535.jpg,bae22ec8be27e623f3b4815d8250610a3010e62f0d7eb174d4cc5a45ec966ba7,1,1,0.037191,0.0072,gauss1,BP05_12MP_SLM_HEIC.mat,0,2711.9
IMG_5536.jpg,67cc1200dcb3ac3b823b8f884b5028c24a17776c25cd92b742573281a70cf29c,1,1,0.023025,0.0072,gauss1,BP05_12MP_SLM_HEIC.mat,0,2851.3
IMG_5537.jpg,2feb4836de92b2f5cfb4be6ed89816e87aa1cec1c8a8d01a2162116aeb569064,1,1,0.031899,0.0072,gauss1,BP05_12MP_SLM_HEIC.mat,0,2922.2
IMG_5538.jpg,0cd0db664aff9b491de67f14352d84aa22d2372e8a7880fd3bc9890273bbbdf4,1,1,0.016869,0.0072,gauss1,BP05_12MP_SLM_HEIC.mat,0,2606.4
IMG_5539.jpg,1fb8ee9988a3a25b417717e703151971e430c7a0f11771e57bb994a99eb0cf28,1,1,0.024328,0.0072,gauss1,BP05_12MP_SLM_HEIC.mat,0,2873.8
IMG_5540.jpg,f06f76487ba8f697ed2cb2f89707447c2f8ee8785828434e0dc6a8915e9b3ccc,1,1,0.02229,0.0072,gauss1,BP05_12MP_SLM_HEIC.mat,0,2976.7
IMG_5541.jpg,4a46ccd0e55a58f9530c8e073520456fed2636bcea6d05fa10e5c206f66a9f6b,1,1,0.064204,0.0072,gauss1,BP05_12MP_NL_HEIC.mat,0,2586.8
IMG_5542.jpg,cbdae297191b261db396c7ab7db4d9c7211891f7ae20b588b771e662f5087f5f,1,0,0.005959,0.0072,gauss1,,,2864.0
IMG_5543.jpg,bdc8b39ff315929a6b1417d633a4d8e22f5449a8fceddcab8fcac3de8511d838,1,1,0.03017,0.0072,gauss1,BP05_12MP_SLM_HEIC.mat,0,2928.7
IMG_5544.jpg,f54d6586e83e5899cbbba853d312fb9ff338db6545880a0e35bf043179fde14f,1,0,0.005746,0.0072,gauss1,,,2984.1
IMG_5545.jpg,ab1d70247ed03fc4e6aea997436f6bb83715c869857adbc0ed7a2e0da693ae8c,1,1,0.017324,0.0072,gauss1,BP05_12MP_SLM_HEIC.mat,0,2896.2
IMG_5546.jpg,d899ba8e4005a55fbef8845bcac9484f4f17222807588e8a39795778b8270a44,1,1,0.039956,0.0072,gauss1,BP05_12MP_SLM_HEIC.mat,0,3020.7
IMG_5548.jpg,2d6d9eb9ead3abf3d1e6de581efb64cbd5fef0a58d8a94fd78c69d3f47bb6571,1,1,0.026867,0.0072,gauss1,BP05_12MP_SLM_HEIC.mat,0,3011.4
IMG_5549.jpg,f1d0b6d0810d3762b61edd3d605b388b49a3da41806776da95b142b436f394b3,1,1,0.059654,0.0072,gauss1,BP05_12MP_SLM_HEIC.mat,0,3110.2
IMG_5550.jpg,5113029db10494813cf6f21f64e38dcd272ba0c47855edaee6a52ffa50c45d83,1,0,0.007004,0.0072,gauss1,,,4155.0
IMG_5551.jpg,c1e27e335b67f95a0da24e21df310907817df8350c15dd729075b08e67b427be,1,0,0.004568,0.0072,gauss1,,,4910.8
IMG_5552.jpg,dc9a99f27ebb1074262e9934b6c013ff53018cb6f4b985d172d739f1f2348021,1,1,0.017369,0.0072,gauss1,BP05_12MP_SLM_HEIC.mat,0,2754.6
IMG_5553.jpg,9bc71c508f92503d91772eb64d92b6a4a14b61928e50e6de4630981ca45dde5d,1,1,0.016784,0.0072,gauss1,BP05_12MP_SLM_HEIC.mat,0,3073.2
IMG_5554.jpg,5bab5fb574e40b9a5f718e0c23a7b9f50bf962618eb9371e664a67080bc68995,1,1,0.01662,0.0072,gauss1,BP05_12MP_SLM_HEIC.mat,0,2934.0
IMG_5555.jpg,ccf87af99920dee8b1de0d193c971d0fc3e60b7fc1f4388cfac4699b0cda3234,1,1,0.018047,0.0072,gauss1,BP05_12MP_SLM_HEIC.mat,0,2745.4
IMG_5556.jpg,1c7fa60657968fe7385fb0c50a081764d8ff4d343fb7d4bacb9d3bdf520f2879,1,1,0.030415,0.0072,gauss1,BP05_12MP_SLM_HEIC.mat,0,2761.5
IMG_5557.jpg,8c6da2a250748143dc0a3281289ce12fab7608a5a42d02a11e79b8de1ba4f7cf,1,1,0.050431,0.0072,gauss1,BP05_12MP_SLM_HEIC.mat,2,3361.4
IMG_5558.jpg,c2200d34393f450a486ba825158e2585c53992811fcf4f0cb3fc9cd0439fb1dc,1,1,0.014646,0.0072,gauss1,BP05_12MP_SLM_HEIC.mat,0,2792.5
IMG_5559.jpg,ba1bbff3cbae8db689a831c55f409cd8c8aa1f3231f4e957c5d753cd2e87858f,1,1,0.037513,0.0072,gauss1,BP05_12MP_NL_HEIC.mat,0,2955.6
IMG_5560.jpg,41e3813a0b7f26290ce2df7c7402f8d6e68126749a39aa01715bff262f853542,1,1,0.016354,0.0072,gauss1,BP05_12MP_SLM_HEIC.mat,0,3141.0
IMG_5561.jpg,fcda10e8c4d43dba5b9797782bd77e332fd3ae7a648b19b11cc1a86cca640b1a,1,1,0.039825,0.0072,gauss1,BP05_12MP_NL_HEIC.mat,0,2738.4
IMG_5562.jpg,692f21b484094fc75bbe18bd035281d5e41e6bad66f365828f87b7e517dbc5e3,1,1,0.028385,0.0072,gauss1,BP05_12MP_SLM_HEIC.mat,0,3067.5
IMG_5563.jpg,e0ada3a8591f6904c073eccb8caa677aee662108911aa8ff86d04f02c67a4aed,1,1,0.055793,0.0072,gauss1,BP05_12MP_NL_HEIC.mat,0,2712.9
IMG_5564.jpg,7ea7d9737902b11838d7753b82b1f7d88663bd553d9742a807060b6d3382b572,1,1,0.022612,0.0072,gauss1,BP05_12MP_SLM_HEIC.mat,0,2956.0
IMG_5565.jpg,fa5e6629dfaa38a8a18044a4990f0c7a7af842ab536096484d86af091a8731c5,1,1,0.012107,0.0072,gauss1,BP05_12MP_SLM_HEIC.mat,0,3016.0
IMG_5566.jpg,4f7cad0b711d7fe24e225831f28f12a484482b9462deca9070ec5c87eb4eac3f,1,1,0.13585,0.0072,gauss1,BP05_12MP_SLM_HEIC.mat,0,2758.7
IMG_5567.jpg,2cb9f71d4e0b184a17bc029f58bffa3db8804f956380ed10109e028e32438b42,1,1,0.053508,0.0072,gauss1,BP05_12MP_NL_HEIC.mat,0,2775.6
IMG_5568.jpg,12c4625f0ea160e0d9eae83aaf8b8b94d75acece4757deb9eb3373261dff847f,1,1,0.038648,0.0072,gauss1,BP05_12MP_SLM_HEIC.mat,0,3125.4
IMG_5569.jpg,034c5f0101e1660c47a41359f04a36976d0467a5e75a2acf0771a2a4dc7f5403,1,1,0.033913,0.0072,gauss1,BP05_12MP_NL_HEIC.mat,0,2697.9
IMG_5570.jpg,e52b7c5e6e521d4e54213e5a02947116ee295eca722368d0163be7577716d144,1,1,0.056313,0.0072,gauss1,BP05_12MP_SLM_HEIC.mat,0,2835.0
IMG_5571.jpg,a51e7b0b1c825fdd740783e57e97753f8748fe83983d559724a681e759cdebc0,1,1,0.038036,0.0072,gauss1,BP05_12MP_SLM_HEIC.mat,0,3001.0
IMG_5572.jpg,797f3d2fd0432cdb069a0d19ba3ad2af92e73e3cb49e82be1db90964de25189b,1,1,0.023779,0.0072,gauss1,BP05_12MP_SLM_HEIC.mat,0,2560.5
IMG_5573.jpg,45846cc03d6d4d16bc1568691de5e3d1eac1bb1b22fa8ae9d1b65a968da2a3a2,1,1,0.013454,0.0072,gauss1,BP05_12MP_SLM_HEIC.mat,0,2912.3
IMG_5574.jpg,a4b143225aaa5813f298d4b69f3d600968eb9828b28f656562ff3b38810d190c,1,1,0.068327,0.0072,gauss1,BP05_12MP_SLM_HEIC.mat,0,2997.8
IMG_5575.jpg,43bd850b97d33c8d1a4120877f7abd9d19497b76ea968445848fed831a603776,1,1,0.018899,0.0072,gauss1,BP05_12MP_NL_HEIC.mat,0,2543.7
IMG_5576.jpg,4595603081755b1507972a0dd42c2cfb81a2de9d1026094f88042a1aa33d4c65,1,1,0.011652,0.0072,gauss1,BP05_12MP_SLM_HEIC.mat,0,2817.2
IMG_5577.jpg,5fe9b3ee3bfc229e0e3aab6b4813103620f68628eb0f2fd6f1712b33416b16db,1,0,0.006681,0.0072,gauss1,,,2877.6
IMG_5578.jpg,4b2339eb6c8d05cfd9ce5ed40141e1c000997b233e6a6c17654f7f70e29489ce,1,1,0.063714,0.0072,gauss1,BP05_12MP_NL_HEIC.mat,0,2976.7
IMG_5579.jpg,1186513109eaa1b2177525a492a6ed9407b9270f2044610f7694e1a8aef78bbd,1,1,0.04066,0.0072,gauss1,BP05_12MP_NL_HEIC.mat,0,2762.8
IMG_5580.jpg,18f3ee7691928e59fc051a05b9b4205d7b8fdf622dacfcd1073f4bd088d804cd,1,1,0.00971,0.0072,gauss1,BP05_12MP_NL_HEIC.mat,0,3049.8
IMG_5581.jpg,591f56784652bdb0fc8071b644b95a246a3e48adb0d505553fc3eabe699bd007,1,1,0.016703,0.0072,gauss1,BP05_12MP_SLM_HEIC.mat,0,2648.1
IMG_5582.jpg,3475d58c18858bf2c518836cab368678456e3b4b1a7486f2a9846af2732679b6,1,1,0.029895,0.0072,gauss1,BP05_12MP_NL_HEIC.mat,0,2819.3
IMG_5583.jpg,267f4a9f750ae1f1d8a73fb30fa3bd4d8da0256347016e8da31fdf08c1a168b7,1,1,0.032501,0.0072,gauss1,BP05_12MP_SLM_HEIC.mat,0,2826.7
IMG_6122.jpg,df0ad9c65230b63f3523dbdd8663188d7567a900e9ad47b9902846ef7fee0b09,1,1,0.05925,0.0072,gauss1,BP06_12MP_NL_HEIC.mat,2,3061.3
IMG_6123.jpg,07c4c282e25e6ab994c01ce4d30c6e99b764c638ee86c92ee0a0563d911a9d42,1,1,0.056074,0.0072,gauss1,BP06_12MP_NL_HEIC.mat,2,2849.5
IMG_6125.jpg,0a85cc30d92e728c20f41e3ab52785e328ba5dca780c1e31efb8252212988fa9,1,1,0.056902,0.0072,gauss1,BP06_12MP_SLM_HEIC.mat,2,2928.5
IMG_6126.jpg,be4978a675f8fad4322c3cb8d56264d4f6551f356ebf0315ce510bb1e287b3f8,1,1,0.058283,0.0072,gauss1,BP06_12MP_SLM_HEIC.mat,2,2599.3
IMG_6127.jpg,cdffd77675dcf2e9787b19cf69dcc9e2b660ca25cbf4ecb69715e61021c9f3e9,1,1,0.052408,0.0072,gauss1,BP06_12MP_SLM_HEIC.mat,2,2816.9
IMG_6128.jpg,a879613805e8321c1073c04232217c323921b9e1c7c7264099f360950c322019,1,1,0.061378,0.0072,gauss1,BP06_12MP_NL_HEIC.mat,2,2845.5
IMG_6129.jpg,77493be5050e9b4330f8194adfec6727050671a809337404736dbb8852aa75ca,1,1,0.060166,0.0072,gauss1,BP06_12MP_SLM_HEIC.mat,2,3028.7
IMG_6130.jpg,1943ccb497d48ab0f2227f698339974a79bd5d97b3d51e8da1050bef39d503d6,1,1,0.062828,0.0072,gauss1,BP06_12MP_NL_HEIC.mat,2,2896.9
IMG_6131.jpg,79375fe5b06c79d90b337d5a12e7707dbaf486a41c14b3634107d96c52a5f8ff,1,1,0.059846,0.0072,gauss1,BP06_12MP_NL_HEIC.mat,2,2971.8
IMG_6132.jpg,e88e6a57b41ff1ad9840d01480aa084e631eb1336eddefb8a32861b578406396,1,1,0.069471,0.0072,gauss1,BP06_12MP_NL_HEIC.mat,2,2656.4
IMG_6134.jpg,498bdddce543277d45b3c5d63425ad321ac2cb88d784d94ebd25b21a18bfb94a,1,1,0.079173,0.0072,gauss1,BP06_12MP_NL_HEIC.mat,0,2800.2
IMG_6135.jpg,ff5313150a3dc7639ad1f76c0570e064925b1956bb618d68f7c52e602b37d7cb,1,1,0.076062,0.0072,gauss1,BP06_12MP_NL_HEIC.mat,0,2945.6
IMG_6136.jpg,a6ccefa0b717c41f3d91af02e2047b57c01755a22409a2b951c41090ba5ad04b,1,1,0.078062,0.0072,gauss1,BP06_12MP_NL_HEIC.mat,0,2620.6
IMG_6137.jpg,99fa4577f817d77614adccb63de36ef82bf1c981f24d7ee04eab889c03c4b123,1,1,0.075504,0.0072,gauss1,BP06_12MP_NL_HEIC.mat,0,2849.6
IMG_6138.jpg,5c6d4f567b1885b7255c7057690c28f78328925a63515c94c58011d849c69c4c,1,1,0.077462,0.0072,gauss1,BP06_12MP_NL_HEIC.mat,0,2853.1
IMG_6139.jpg,30a4c72eb0e5577841fbc4ccfad3379cfacb8f81068339e26f24cc144007068c,1,1,0.076308,0.0072,gauss1,BP06_12MP_NL_HEIC.mat,0,2992.0
IMG_6140.jpg,93fed60b553929b533d83a3f9182ab589d79985951933e70b03da4346ae701a6,1,1,0.076724,0.0072,gauss1,BP06_12MP_NL_HEIC.mat,0,2802.5
IMG_6141.jpg,62c18605a720d2b48a8f2c5c3ce6bd85dbaa975c0c47b4e569536aea913e68e2,1,1,0.075777,0.0072,gauss1,BP06_12MP_NL_HEIC.mat,0,2995.9
IMG_6142.jpg,7a8e92b11de8c81b1b0eeade9ccbfd0beb9cdc8ce8bcb114ad96d54069ccbb28,1,1,0.074745,0.0072,gauss1,BP06_12MP_NL_HEIC.mat,0,2664.8
IMG_6143.jpg,122949ef5cea7e86433452d0a9e57f86feca659c3efb9e49ad499040408ab487,1,1,0.075437,0.0072,gauss1,BP06_12MP_NL_HEIC.mat,0,2770.9
IMG_6537.jpg,4af7735e749c8722a2aa25299f83ab2feee95417b71aefe8cf5a7f0420b0de74,1,1,0.088698,0.0072,gauss1,BP05_12MP_SLM_HEIC.mat,0,3018.2
IMG_6538.jpg,ada9bad8f64a78fd292a718a018ea4763a98fbf7b631de97a65565d314472ddf,1,1,0.051401,0.0072,gauss1,BP05_12MP_SLM_HEIC.mat,0,2633.7
IMG_6544.jpg,0183d2efb54c4e4167311878091e91304b214c0510da6725a8b47ae699c3e8b5,1,1,0.147073,0.0072,gauss1,BP05_12MP_SLM_HEIC.mat,0,2775.5
IMG_6545.jpg,6b1ca79bfbc9c465f34f75a65691b14b46e8c44a16117e2dec94583985e21b28,1,1,0.128537,0.0072,gauss1,BP05_12MP_SLM_HEIC.mat,0,2873.5
IMG_6770.jpg,bbbddbdc2f9c3e73d152b9013ab61baefbef587de439161058fffb7ed6e4cd41,1,1,0.266909,0.0072,gauss1,BP06_12MP_NL_HEIC.mat,0,3084.1
IMG_6771.jpg,cf123a18c2b3d170d43c929dd7bd551153e626b51dcba01f8ae11ca05caf4784,1,1,0.259898,0.0072,gauss1,BP06_12MP_NL_HEIC.mat,0,2796.3
IMG_6772.jpg,c4565af1e2cac82bc58ecf1af53c5a5ec9fed8e2d869c07690d84b0fdffe15d2,1,1,0.2592,0.0072,gauss1,BP06_12MP_NL_HEIC.mat,0,2964.6
IMG_6773.jpg,4f2090a040a665b0f3ef64b16f075467b70fcc9c7a2baff621872e5fa881506d,1,1,0.244649,0.0072,gauss1,BP06_12MP_NL_HEIC.mat,0,2603.3
IMG_6774.jpg,5ec0bf716aa70673a8756092c87901f7538e81ac346cbc49f9742f80922e860c,1,1,0.255108,0.0072,gauss1,BP06_12MP_NL_HEIC.mat,0,2799.3
IMG_6775.jpg,3c0bcc5f0e5f024e783fad07d5713390a3ab82032f61a88cca68ec5d0be3ac7f,1,1,0.260361,0.0072,gauss1,BP06_12MP_NL_HEIC.mat,0,2947.8
IMG_6776.jpg,003742d439550c837d9ffa0b40f2e837b72101087c4221b56e75b2d4705395b4,1,1,0.252181,0.0072,gauss1,BP06_12MP_NL_HEIC.mat,0,3063.1
IMG_6777.jpg,146ec6b33fa94c4bcec8ed58f025bb67ef534054ed7bfbe48933aa36bdc9179a,1,1,0.2223,0.0072,gauss1,BP06_12MP_NL_HEIC.mat,0,2800.4
IMG_6778.jpg,c96b8dbec0356d736847b86997dc9ed8df1ccc91e05dc0f71e87ca7442a596c7,1,1,0.240207,0.0072,gauss1,BP06_12MP_NL_HEIC.mat,0,3065.3
IMG_6779.jpg,1196681f701a3e4198d1fcdb4ef7834e98f3e3f631454bf9f6f3ee70f19682e3,1,1,0.25433,0.0072,gauss1,BP06_12MP_NL_HEIC.mat,0,2686.7
IMG_6785.jpg,3293d2da8cab10436ee9266dc315bab85bbd0ea4ec1ae6b4d8c4a0371b6f0b59,1,1,0.114015,0.0072,gauss1,BP06_12MP_NL_HEIC.mat,2,2934.4
IMG_6788.jpg,40c05bb65128b0b7c42d5fe5b96a39486902820fab7dcb7f776d83840fe65124,1,1,0.136477,0.0072,gauss1,BP06_12MP_NL_HEIC.mat,2,3009.6
IMG_6789.jpg,23057012eecce393cc5d592e5870ac9591d78c50d10addd0c13353d884f0828d,1,1,0.11866,0.0072,gauss1,BP06_12MP_NL_HEIC.mat,2,2614.5
IMG_7740.jpg,ba32b17f9356e8d02f6859cd09e26a6d6dad442942f06c532f6e1d388f3a0be1,1,1,0.176725,0.0072,gauss1,BP06_12MP_SLM_HEIC.mat,0,2796.1
IMG_7741.jpg,211bd8347ae940205184de21d9574a41e67300f6054a4a3524c23550b261c62a,1,1,0.183176,0.0072,gauss1,BP06_12MP_SLM_HEIC.mat,0,2956.7
IMG_7742.jpg,cc367b4bfa72306fed8f85879d88386ee9223d4f9100e95fa867d793577b48a8,1,1,0.191839,0.0072,gauss1,BP06_12MP_SLM_HEIC.mat,0,3087.2
IMG_7743.jpg,2a6e0a6db6f642ae8419138f814068e0428609a8fa9ce2f559154e8037a465fe,1,1,0.19355,0.0072,gauss1,BP06_12MP_SLM_HEIC.mat,0,2753.5
IMG_7744.jpg,d55cd2053062e1a61cb26f3f92ff3918ff48b0376f23bb7d60695b0164989e43,1,1,0.190069,0.0072,gauss1,BP06_12MP_SLM_HEIC.mat,0,3054.7
IMG_7745.jpg,88faaf3da6d9db01b43107410346f718ab55b3f7061b27472d2c6de1937e17fb,1,1,0.193087,0.0072,gauss1,BP06_12MP_SLM_HEIC.mat,0,2659.8
IMG_7746.jpg,0386b24974413732cbcc7d0661ee5e97ffb06c22fa09dafff29e68f546beaa06,1,1,0.185367,0.0072,gauss1,BP06_12MP_SLM_HEIC.mat,0,2825.7
IMG_7747.jpg,acdad0e7045c014db13fd89907c3d5fd4bb428174def74d60cd9d960109935de,1,1,0.183567,0.0072,gauss1,BP06_12MP_SLM_HEIC.mat,0,2940.0
IMG_7748.jpg,447ee8a165e631c158cfc08fc9594a4c2687872e4b987259c7285750882a309f,1,1,0.183417,0.0072,gauss1,BP06_12MP_SLM_HEIC.mat,0,3292.6
IMG_7749.jpg,b3022085657966e26ab11b23ccf01e7e1561927b2d7ce4d7e5631b048e1d913c,1,1,0.190014,0.0072,gauss1,BP06_12MP_SLM_HEIC.mat,0,2908.9
IMG_7750.jpg,0a02b14dc80fe1ae5d13ccc9db69b36c022673340436fb7806dc2e9d6b60c3a0,1,1,0.173649,0.0072,gauss1,BP06_12MP_SLM_HEIC.mat,2,3001.9
IMG_7751.jpg,072910b7e8a554d3a4dbcd7509235655bb24472a050674fcef1d7161612e84bd,1,1,0.186098,0.0072,gauss1,BP06_12MP_SLM_HEIC.mat,2,2870.6
IMG_7752.jpg,5a5d5a9d93ac94dd96857f05a5fe443f8225cb1d937e06564db41b281a123dad,1,1,0.181486,0.0072,gauss1,BP06_12MP_SLM_HEIC.mat,2,2946.3
IMG_7753.jpg,907861c92aa5b27001f812331ef0214cb7ad874bd2c62e58bcf331a7a9f0a7d1,1,1,0.162141,0.0072,gauss1,BP06_12MP_SLM_HEIC.mat,2,2573.8
IMG_7754.jpg,f281c0a95abe153e4529b9a6d96ed373b4f4fbd1f5b69676637597e182fd9289,1,1,0.167716,0.0072,gauss1,BP06_12MP_SLM_HEIC.mat,2,2720.0
IMG_7755.jpg,a910bb08632a506737b9ff935a95a98a98a66517f55e1dd1619fd2098958c493,1,1,0.16723,0.0072,gauss1,BP06_12MP_SLM_HEIC.mat,2,2939.8
IMG_7756.jpg,8b088d8212ef97a791f994ba37194df86e26e2c8ed76f03d052804d95a676263,1,1,0.162348,0.0072,gauss1,BP06_12MP_SLM_HEIC.mat,2,3089.1
IMG_7757.jpg,75c453580c220c2bbed811bf237089a2a24c4ad2f0fa906e80f839d018ddd7cb,1,1,0.180853,0.0072,gauss1,BP06_12MP_SLM_HEIC.mat,2,2901.2
IMG_7758.jpg,c875047296e63eee7355486ea2cbe993a9f3ba7e30a9e568af61129fad7bab89,1,1,0.171793,0.0072,gauss1,BP06_12MP_SLM_HEIC.mat,2,3007.6
IMG_7759.jpg,abc4d7f1a7bafdd11a3251e4129a55c8b07634e6ad9ac97ef0bbd4b3a9d4b6cb,1,1,0.169134,0.0072,gauss1,BP06_12MP_SLM_HEIC.mat,2,2635.9
IMG_7809.jpg,da80fc167d753cb51a60db705b4f713e3705b32617f5014c2a19d9357636c67f,1,1,0.019944,0.0072,gauss1,BP05_12MP_SLM_HEIC.mat,0,2827.6
IMG_7810.jpg,e0e4c2da1fb0f11009f19a8d5efb54f8c5126ed35927926c3f3096d6faab3aca,1,1,0.02196,0.0072,gauss1,BP05_12MP_SLM_HEIC.mat,0,2986.4
IMG_7811.jpg,128bddb0333bd928a4b5004858712a36ecebcc0c79043ad7b4b1ae5cde5c0b53,1,1,0.024408,0.0072,gauss1,BP05_12MP_SLM_HEIC.mat,0,2820.7
IMG_7812.jpg,3beacf5e0602f156852699feccf3e2e72be39e9686c30191e7209133bd44b965,1,1,0.022244,0.0072,gauss1,BP05_12MP_SLM_HEIC.mat,0,2915.1
IMG_7813.jpg,c5537fb2a11074263dbb3c7324a982beb788871f9fbd922b4f28a024b5ae2b01,1,1,0.022841,0.0072,gauss1,BP05_12MP_SLM_HEIC.mat,0,2944.1
IMG_7814.jpg,c2ba74ac65819ec608c8bbadb9b06b45997b1f574d86afc576ddfbec3201ac55,1,1,0.025042,0.0072,gauss1,BP05_12MP_SLM_HEIC.mat,0,2592.5
IMG_7815.jpg,8dcbe9fe63a09dd2fe155d2df1e1762bed783e5155b4379e8e1e224921339bbe,1,1,0.027425,0.0072,gauss1,BP05_12MP_SLM_HEIC.mat,0,2789.1
IMG_7816.jpg,fde5c64a4c0e3425cacbee5d301aa63b0210d95b697912ce8fbd89385f1d1912,1,1,0.023892,0.0072,gauss1,BP05_12MP_SLM_HEIC.mat,0,3038.0
IMG_7817.jpg,1529ad87676d3e46b1baa8f552e53cca544304f1509680e3ef526a29bf32ab2b,1,1,0.02652,0.0072,gauss1,BP05_12MP_SLM_HEIC.mat,0,4103.7
IMG_7818.jpg,cef6b2d1d4de61c73fe3a958852de6901e81cdd793dabdc7f0458b15e788c147,1,1,0.025657,0.0072,gauss1,BP05_12MP_SLM_HEIC.mat,0,4444.1
IMG_7819.jpg,8b7fc5999efc524fd5d86434b5095ecf51ee200ffbb3237c270f20f368100879,1,1,0.031755,0.0072,gauss1,BP05_12MP_SLM_HEIC.mat,2,2637.4
IMG_7820.jpg,f48f24c59cf21814a41647a439952e06681e3cb4d3a9b0fa31eb01429c29269d,1,1,0.029948,0.0072,gauss1,BP05_12MP_SLM_HEIC.mat,2,2841.6
IMG_7821.jpg,2c72bbcaa163c5a130623599a1f3a58b66550093811eb274b2b7f01558c197b6,1,1,0.032863,0.0072,gauss1,BP05_12MP_SLM_HEIC.mat,2,3008.0
IMG_7822.jpg,b0b97f1e5b1c1f41b5e5eedb06fc5d8541e1e6e0ed7cea91d53616feb5caf1ea,1,1,0.029551,0.0072,gauss1,BP05_12MP_SLM_HEIC.mat,2,3048.1
IMG_7823.jpg,61b8107445a13c1d627380a24a41480132680ec2bb289d6d6c4b44db053ee5cd,1,1,0.030867,0.0072,gauss1,BP05_12MP_SLM_HEIC.mat,2,2762.1
IMG_7824.jpg,2c875681a09f8d3445f611f5638cc010745c459d358cceca6a7b6ccc7d6d7016,1,1,0.028589,0.0072,gauss1,BP05_12MP_SLM_HEIC.mat,2,2986.5
IMG_7825.jpg,feecd3242552dbae4c120549354ad7d1ffb78e7fd8095d6139020a5fe6868933,1,1,0.03999,0.0072,gauss1,BP05_12MP_SLM_HEIC.mat,2,2615.9
IMG_7826.jpg,c22eac17290a96ead00f5404bd1328dd3fbdf463227694555f120770e060e3f0,1,1,0.03958,0.0072,gauss1,BP05_12MP_SLM_HEIC.mat,2,2825.9
IMG_7827.jpg,7d2848e798a06a254f1067eacfbb5b776a49ecf56c7de4d089ad546505dd0537,1,1,0.040612,0.0072,gauss1,BP05_12MP_SLM_HEIC.mat,2,2855.2
IMG_7828.jpg,da6b6e71f11ce55af75ae4cdb8a86e1beced25d59f06d8ae84d9807aa01e30e3,1,1,0.033065,0.0072,gauss1,BP05_12MP_SLM_HEIC.mat,2,3046.4
IMG_8848.jpg,43e9c9327df8dcaa51927f0d61521704b3d25bc9b98800e3f75c623c1f0a1fc4,1,1,0.065591,0.0072,gauss1,BP06_12MP_NL_HEIC.mat,0,2863.1
IMG_8849.jpg,360bd0eb0dafc767accbee4332a8ce11b308827e17934eae1b71c260272d65a2,1,1,0.068607,0.0072,gauss1,BP06_12MP_NL_HEIC.mat,0,2966.7
IMG_8850.jpg,9a42cd0fed9b4b0323dec90fdb3ef2173e70418aff895903d0771eaeb9154fb8,1,1,0.07282,0.0072,gauss1,BP06_12MP_NL_HEIC.mat,0,2589.2
IMG_8851.jpg,5fb9234dae67419e288b4e79e1ca0e32786629139506a24af2155502bec1df5d,1,1,0.070409,0.0072,gauss1,BP06_12MP_NL_HEIC.mat,0,2825.4
IMG_8852.jpg,c7a653a39ac97c6c7bff74b46e176edc708406b52665b5af5d6744a147a40981,1,1,0.07381,0.0072,gauss1,BP06_12MP_NL_HEIC.mat,0,2871.8
IMG_8853.jpg,58177b1c60b668f6a504c15d4344db404913b515e487522487de328edcbdc7ac,1,1,0.070087,0.0072,gauss1,BP06_12MP_NL_HEIC.mat,0,3018.3
IMG_8854.jpg,17b3c4a9336d17fc190a309c706e0d20dc5b5231d76ef1581e5bc021b530e000,1,1,0.08012,0.0072,gauss1,BP06_12MP_NL_HEIC.mat,0,2836.9
IMG_8855.jpg,3fd4356dc015ffc1f5dea7c658e55c74c02f5ae15c6e6cbff26dc6184b6eb240,1,1,0.079693,0.0072,gauss1,BP06_12MP_NL_HEIC.mat,0,2934.5
IMG_8856.jpg,1f5331e7002545eab5e3da376e9742682d690d25fccc03efa6328b936ce126f4,1,1,0.058883,0.0072,gauss1,BP06_12MP_NL_HEIC.mat,0,2656.1
IMG_8857.jpg,a7882bfb6501767be342d109427092be30b12d722b6494a19c3f6d1087c62ef8,1,1,0.057472,0.0072,gauss1,BP06_12MP_NL_HEIC.mat,0,2882.2
IMG_8858.jpg,141fd35b0e951705fd67fa787a9d28e58cdd99b8231d7751aac28aa84971c6f9,1,1,0.077899,0.0072,gauss1,BP06_12MP_SLM_HEIC.mat,2,2964.7
IMG_8859.jpg,4589da03d5985ca360b2c3d5ff7a9894909cfe3fdb9da481bad724c31c4e4588,1,1,0.072694,0.0072,gauss1,BP06_12MP_NL_HEIC.mat,2,2645.7
IMG_8860.jpg,4c17355fdff0c9af27ea799cac23a61b0c0c26adbf459531c484d21326048975,1,1,0.070133,0.0072,gauss1,BP06_12MP_NL_HEIC.mat,2,2844.6
IMG_8861.jpg,432ca96b545033af94139e1746766d7da63c8dd78867bd69806e4478862a8f05,1,1,0.073,0.0072,gauss1,BP06_12MP_SLM_HEIC.mat,2,2948.2
IMG_8862.jpg,4eb8055b2a932982df305699dc6da44adcba522b326aa7d1f179931cbfa2cf9b,1,1,0.082511,0.0072,gauss1,BP06_12MP_SLM_HEIC.mat,2,2977.5
IMG_8863.jpg,51d9c003db5985d290c8fc922cf58bdbf3320a4ae1d077b9df9114cf777aa715,1,1,0.068388,0.0072,gauss1,BP06_12MP_SLM_HEIC.mat,2,2815.2
IMG_8864.jpg,1f7edbf5145af1519d712a433dde20eb733b1f88779273986173a0ad272f72df,1,1,0.078296,0.0072,gauss1,BP06_12MP_SLM_HEIC.mat,2,2940.1
IMG_8865.jpg,30146f90732e8357a20b620e2e3bc72d50e3c70a09a14c9e0dd8981f7e0a1e0b,1,1,0.073196,0.0072,gauss1,BP06_12MP_SLM_HEIC.mat,2,2645.9
IMG_8866.jpg,ac7698152d6ee3b5a61c4c9588c71ef2ff66b4ed6c74a565cbcbbee934ccedf8,1,1,0.080283,0.0072,gauss1,BP06_12MP_SLM_HEIC.mat,2,2699.6
IMG_8867.jpg,4167f4b8b81061e321d9b1db34640dd091701e726102a3a0aff5b339fc88cd67,1,1,0.078754,0.0072,gauss1,BP06_12MP_SLM_HEIC.mat,2,2847.8
IMG_9703.jpg,f3c9bd46f57294412ce8078a98e461c7f2788a6ab8604efb1e5e472bd09d547f,1,1,0.150016,0.0072,gauss1,BP06_12MP_NL_HEIC.mat,0,3112.3
IMG_9704.jpg,6d64b72c54d0774d85d5c65dd66f0c26585592178e8d3193d68b589d996322d5,1,1,0.137886,0.0072,gauss1,BP06_12MP_NL_HEIC.mat,0,2680.4
IMG_9705.jpg,d7dfa460526052900664dce37ef2d8b4443fc97130ef76c86967f9035532ca70,1,1,0.132384,0.0072,gauss1,BP06_12MP_NL_HEIC.mat,0,2807.6
IMG_9706.jpg,cf3bb06d0a929c67091d13bc3ff2282e76a1b4ab5246169049b2bc67bd71fd71,1,1,0.1506,0.0072,gauss1,BP06_12MP_NL_HEIC.mat,0,2976.3
IMG_9707.jpg,46c1d920a669b998c1195ece828a160bf3f424685d5259ba171d9510af32f096,1,1,0.170067,0.0072,gauss1,BP06_12MP_NL_HEIC.mat,0,2595.3
IMG_9708.jpg,bf87a45958c29218591ade8ce03216ad14752d430ae6524e692ea101532af449,1,1,0.150948,0.0072,gauss1,BP06_12MP_NL_HEIC.mat,0,2798.0
IMG_9710.jpg,f2b4b8e732273716f36c6e362179ff752b4c464a301de205d0199d42af8c18fc,1,1,0.14277,0.0072,gauss1,BP06_12MP_NL_HEIC.mat,0,2899.3
IMG_9711.jpg,c225cd61775a6b3592e3b56336fd3d40949a587c17f0b073565b51e44a54cf79,1,1,0.13565,0.0072,gauss1,BP06_12MP_NL_HEIC.mat,0,2980.2
IMG_9713.jpg,a732165610548dae4551df618de6a203095aee48e5d2d5cb00017919af9ccf07,1,1,0.093978,0.0072,gauss1,BP06_12MP_SLM_HEIC.mat,2,2808.1
IMG_9714.jpg,9a72e5fd72dd90e6cf7b2474dd817b65f07aa1d8e5a87bd4f506ce0a03efd0d9,1,1,0.08346,0.0072,gauss1,BP06_12MP_SLM_HEIC.mat,2,2950.9
IMG_9716.jpg,9db59a23c6e5086e3d78304b1fc3998cf0c2c743825709ee2810bc0449f39d8a,1,1,0.109014,0.0072,gauss1,BP06_12MP_NL_HEIC.mat,2,2602.9
IMG_9719.jpg,f767085cd5b43d37f6345d657b3125064bf8f05b9dfb91261a4685d5c21424d5,1,1,0.20701,0.0072,gauss1,BP06_12MP_NL_HEIC.mat,2,2879.8
IMG_9720.jpg,5e16f55b13714a587dbb14d0f175354efb6ac943863cd491c40f7773a1c7bbe9,1,1,0.111957,0.0072,gauss1,BP06_12MP_NL_HEIC.mat,2,2932.8
IMG_9721.jpg,5567d9f52213043d36a90b26bc47b0213779fc5594e9bf287363d20019f42322,1,1,0.104799,0.0072,gauss1,BP06_12MP_SLM_HEIC.mat,2,3032.4
