filename,image_size,sha256,label,pred_label,rho,beta,filter_type,bp_ref,rotation_k,latency_ms
D02_iPhone_7_Plus_26007302297.jpg,1008x756,09d05b5a80af457073d8038137403ecadf9c091c250858a0f15966c7d8276014,1,,0.060698,0.0072,gauss2,BP02_12MP_NL_JPEG.mat,0,974.6
D02_iPhone_7_Plus_26014838817.jpg,756x1008,865987a583ce0d206c24f74e1b7ad7df29907cb42298665a49755e78fe06575d,1,,0.064768,0.0072,gauss2,BP02_12MP_NL_JPEG.mat,1,947.3
D02_iPhone_7_Plus_26014961487.jpg,756x1008,d6556ee83d07bf84676581f656ccb7ad7aa8b1f9bb845578163aa6fb26f655ce,1,,0.03278,0.0072,gauss2,BP02_12MP_NL_JPEG.mat,1,997.6
D02_iPhone_7_Plus_26014961687.jpg,756x1008,e21b1db78ae90d2701c3e3c609fd1ddcf1f44ec409a0f35eb20840fab2f1d090,1,,0.059797,0.0072,gauss2,BP02_12MP_NL_JPEG.mat,1,1020.0
D02_iPhone_7_Plus_26014961847.jpg,756x1008,8ad57f038e398932b5c033b381419ee09c3c03269208f50137ea47b8c57a85af,1,,0.064893,0.0072,gauss2,BP02_12MP_NL_JPEG.mat,1,1037.6
D02_iPhone_7_Plus_26435888907.jpg,1008x756,3c849449ec729fddce851173fe5f12fc917b59ee450477b45bcd9af17e01bd25,1,,0.054821,0.0072,gauss2,BP02_12MP_NL_JPEG.mat,0,1018.3
D02_iPhone_7_Plus_26435939707.jpg,1008x756,d81e80b6f3b91aa07bd761f433994de59b7d5ae7c2643d818fe9d2b9c0dcec5a,1,,0.067052,0.0072,gauss2,BP02_12MP_NL_JPEG.mat,0,963.8
D02_iPhone_7_Plus_26435985387.jpg,1008x756,3f4f7720c7b765179a5ed8dc9b7f6a99f15822c9bc1204de21a4fdcbf3aad6c1,1,,0.044127,0.0072,gauss2,BP02_12MP_NL_JPEG.mat,0,1018.6
D02_iPhone_7_Plus_27009346648.jpg,1008x756,87da8eb08714bc03ca31c420e310c29427b41bd9cd78c6fdb39766d5dd2085db,1,,0.052288,0.0072,gauss2,BP02_12MP_NL_JPEG.mat,0,1141.9
D02_iPhone_7_Plus_27016689238.jpg,756x1008,6d59d334533fab28f562b1bd610dd2cd20a10938e9d6ee735ce3255449411739,1,,0.059868,0.0072,gauss2,BP02_12MP_NL_JPEG.mat,1,1029.6
D02_iPhone_7_Plus_27016689668.jpg,756x1008,e75e97ea14860031e7f2b96af12c4b1027ada34fe3d8089d7d23415ca1edc4b4,1,,0.05831,0.0072,gauss2,BP02_12MP_NL_JPEG.mat,1,1371.6
D02_iPhone_7_Plus_27016690078.jpg,756x1008,cc91b5692c2d53b943ea08df9819ee93112254c1b52f06e6a20bf235b8a25f86,1,,0.061305,0.0072,gauss2,BP02_12MP_NL_JPEG.mat,1,1267.0
D02_iPhone_7_Plus_27016864138.jpg,756x1008,b3e546b048edf738b373286c4e1de6497b9b0b16b6dd475fe570a96f0b75776d,1,,0.050247,0.0072,gauss2,BP02_12MP_NL_JPEG.mat,1,1078.8
D02_iPhone_7_Plus_27016864368.jpg,756x1008,e08c12b0191de74598325490cf772344c8359fbd6960d9ec49f78cfacf100bff,1,,0.04835,0.0072,gauss2,BP02_12MP_NL_JPEG.mat,1,974.1
D02_iPhone_7_Plus_27016866638.jpg,756x1008,8a1d51f0d3d48861f1d5cffcadf0bf25ecd1781235228ebf98bf089caff709db,1,,0.07718,0.0072,gauss2,BP02_12MP_NL_JPEG.mat,1,1121.5
D02_iPhone_7_Plus_27016897458.jpg,756x1008,64bd0176081a55a08511b1d1f1323a97501e6b90f1dbd4b59dbe13116435b5a5,1,,0.050175,0.0072,gauss2,BP02_12MP_NL_JPEG.mat,1,979.6
D02_iPhone_7_Plus_27016899098.jpg,756x1008,de86f492bbfeae97a70514cfb88a520108681863201b17ef9f502c3524d2e014,1,,0.062092,0.0072,gauss2,BP02_12MP_NL_JPEG.mat,1,1128.8
D02_iPhone_7_Plus_27016899278.jpg,756x1008,1da70ea0ec92b06d96b1f6f95a2195ab7072621a622a539a9d3a3cf13f28d4d6,1,,0.048744,0.0072,gauss2,BP02_12MP_NL_JPEG.mat,1,933.7
D02_iPhone_7_Plus_27016900418.jpg,756x1008,d38ac957cc2eea0456c77983958abddd8d1f935a5d4c50471385988fa9d954dc,1,,0.090957,0.0072,gauss2,BP02_12MP_NL_JPEG.mat,1,1027.6
D02_iPhone_7_Plus_27017000558.jpg,756x1008,6feb2941efec88561bd4f64123e64dfde6d22f5e7da0df650130e79699fcae92,1,,0.048007,0.0072,gauss2,BP02_12MP_NL_JPEG.mat,1,1041.0
D02_iPhone_7_Plus_27017001368.jpg,756x1008,a4067a7ab3e5ab6cf18f6b50495c8c72c84771594e96d3b03bb98e17ea7e4e0e,1,,0.058567,0.0072,gauss2,BP02_12MP_NL_JPEG.mat,1,1068.7
D02_iPhone_7_Plus_27017002208.jpg,756x1008,95d57bc1c27e97b6f8716c1a1c6720628d2ca06ffbfe4e22abb0b4f93fec10df,1,,0.058517,0.0072,gauss2,BP02_12MP_NL_JPEG.mat,1,960.0
D02_iPhone_7_Plus_27017046098.jpg,756x1008,4417da5d1e01bf9fb7331a40341938ac35bd00d685e13bf01c26b88bc7ba6885,1,,0.047685,0.0072,gauss2,BP02_12MP_NL_JPEG.mat,1,1134.3
D02_iPhone_7_Plus_27017047378.jpg,756x1008,ed66916e65c4f5cffd59bca7d43778c081e90c7973d2846fb7ae7b9053130837,1,,0.049571,0.0072,gauss2,BP02_12MP_NL_JPEG.mat,1,1513.7
D02_iPhone_7_Plus_27017048598.jpg,756x1008,99efe94f6e09035aefd20a06190bbcd2e8989178fc750144832a8901a4efa0b6,1,,0.057257,0.0072,gauss2,BP02_12MP_NL_JPEG.mat,1,1212.8
D02_iPhone_7_Plus_27017048618.jpg,756x1008,5d6a3bd43b557b4579d2f85d0dfc052103f8f1dc723f5cb4c720c7dbd853c66c,1,,0.070301,0.0072,gauss2,BP02_12MP_NL_JPEG.mat,1,1121.4
D02_iPhone_7_Plus_27017104048.jpg,1008x756,8edc76fa0f075ec15fa14478364d2cc8e51ebb00cc0fe55feb92c5800735d006,1,,0.064888,0.0072,gauss2,BP02_12MP_NL_JPEG.mat,0,965.5
D02_iPhone_7_Plus_27435596638.jpg,1008x756,3b4e3e2527b728d0d02089dc4e87e89d712b6e79f868a95642b505e5f5299d2d,1,,0.049253,0.0072,gauss2,BP02_12MP_NL_JPEG.mat,0,1116.9
D02_iPhone_7_Plus_27435597078.jpg,1008x756,4a7bb087bfd7ea90a05429fef3290fb58e85e8221ff7ddf854720727d439bd75,1,,0.056954,0.0072,gauss2,BP02_12MP_NL_JPEG.mat,0,965.0
D02_iPhone_7_Plus_27435597088.jpg,1008x756,2c3b11d19d4a2c22ce3220ac9fef0a4bd002fb00d98d97644a129751f53a4128,1,,0.056491,0.0072,gauss2,BP02_12MP_NL_JPEG.mat,0,1284.3
D02_iPhone_7_Plus_33080745734.jpg,756x1008,16c40b17bd785da901714183b21bbd426dbebaac208e9673ffe72268ededb8c8,1,,0.03138,0.0072,gauss2,BP01_12MP_NL_JPEG.mat,3,962.4
D02_iPhone_7_Plus_33096526094.jpg,756x1008,e818c7b5f1015308ba3cc66bd3d01fb6247529f4c9a8f76a0d9542d34885d209,1,,0.01617,0.0072,gauss2,BP01_12MP_NL_JPEG.mat,3,1265.7
D02_iPhone_7_Plus_33096539084.jpg,1008x756,bbacc5101379037bddfe1bd315964f19797dc79d58a45afe77cc9bbf14d881be,1,,0.100683,0.0072,gauss2,BP01_12MP_NL_JPEG.mat,2,954.2
D02_iPhone_7_Plus_33096966234.jpg,1008x756,af2296e0bfa94f518eb3115da7516f6f938fd85a40dc50c8cf710ee8f23ee8e5,1,,0.012668,0.0072,gauss2,BP01_12MP_NL_JPEG.mat,2,1342.6
D02_iPhone_7_Plus_33097972904.jpg,1008x756,baefb92c7c7313d99ad55f8ed72fb84a6ff54f6ce05fc09f297fb3b1227b433b,1,,0.021582,0.0072,gauss2,BP01_12MP_NL_JPEG.mat,2,1239.1
D02_iPhone_7_Plus_33098060534.jpg,1008x756,1b629facc4f330be309e525be0b6da4b34773be2e3ca3c970252cdef9f38f7e1,1,,0.00653,0.0072,gauss2,BP01_12MP_NL_JPEG.mat,2,1008.3
D02_iPhone_7_Plus_33100993144.jpg,756x1008,c826a1d8dc1d15c78e3c14d4fabe6b6785df66b9ef020442e3943bc9289e7e42,1,,0.083404,0.0072,gauss2,BP01_12MP_NL_JPEG.mat,3,1263.0
D02_iPhone_7_Plus_33111501063.jpg,756x1008,8327ae20e36d7fd25250bd50c835b0cdf63e848a08f922208037783bab2f3983,1,,0.071972,0.0072,gauss2,BP01_12MP_NL_JPEG.mat,3,980.4
D02_iPhone_7_Plus_33111503513.jpg,756x1008,ef9ba669e0d899ab16e6f9eb91ec9ed1a12535b9e977e36c8ff0968cd5989d6d,1,,0.083555,0.0072,gauss2,BP01_12MP_NL_JPEG.mat,3,1199.5
D02_iPhone_7_Plus_33111507843.jpg,756x1008,f0ea3c6098b6a92358e6cede68795862cb5c9b81454c401c529018177ba6f015,1,,0.006138,0.0072,gauss2,BP01_12MP_NL_JPEG.mat,3,1041.2
D02_iPhone_7_Plus_33111515463.jpg,756x1008,c774fb9f1fd189664f209072f768b1175cba9afa39037c3e4e60b0788e1ddb43,1,,0.02946,0.0072,gauss2,BP01_12MP_NL_JPEG.mat,3,1114.2
D02_iPhone_7_Plus_33111518303.jpg,756x1008,6dd36214a17e728c09a80ab01f29ad0071a83fbd907ddd696c8e8af8f0b88fe6,1,,0.007951,0.0072,gauss2,BP01_12MP_NL_JPEG.mat,3,1054.9
D02_iPhone_7_Plus_33111528503.jpg,756x1008,bae83da53621cf482aff7a72c5531ae8acfeca56f2979dbfe7aa357c7ead3d7b,1,,0.018991,0.0072,gauss2,BP01_12MP_NL_JPEG.mat,3,1087.9
D02_iPhone_7_Plus_33111530793.jpg,756x1008,f6ef2467cd2c37c418ddbcedca90b4bf0eec7b82937eafe631c5e95d86ba47ff,1,,0.018669,0.0072,gauss2,BP01_12MP_NL_JPEG.mat,3,1013.6
D02_iPhone_7_Plus_33122781944.jpg,756x1008,bca00558901fbfe6fa0299e4beb902af0a4b2f097d41d4d683d45f7f665f5bac,1,,0.015478,0.0072,gauss2,BP01_12MP_NL_JPEG.mat,3,1102.4
D02_iPhone_7_Plus_33126870063.jpg,1008x756,acdd5e92e7f8bfe5d9d84b497dc35e11a8632d4659d744bdce5f90b29a577331,1,,0.089154,0.0072,gauss2,BP01_12MP_NL_JPEG.mat,2,973.7
D02_iPhone_7_Plus_33126881123.jpg,1008x756,535ae919381be3fc25643018eebc95987ea4b392320588dfb326f487dcbde604,1,,0.092426,0.0072,gauss2,BP01_12MP_NL_JPEG.mat,2,1053.2
D02_iPhone_7_Plus_33127192133.jpg,756x1008,c07236bfc0efd33b927d84064edfd24c65a565e95a80d7dfb063787fd14a84f5,1,,0.02743,0.0072,gauss2,BP01_12MP_NL_JPEG.mat,3,967.4
D02_iPhone_7_Plus_33128519203.jpg,1008x756,eb9be2ce786b2d10f9aba32784a991843e3d0a5615b46f8e46713fdc110fc22a,1,,0.008777,0.0072,gauss2,BP01_12MP_NL_JPEG.mat,2,1142.4
D02_iPhone_7_Plus_33128522103.jpg,1008x756,f311dd2c7144eda3e4d056e228e84161766a75df05feeb32ab8d47efeb93824a,1,,0.00582,0.0072,gauss2,BP01_12MP_NL_JPEG.mat,2,1111.9
D02_iPhone_7_Plus_33128522653.jpg,1008x756,32e20dc8b1371134e697df793c418d11139b65577dbde930887988f357bcb7f2,1,,0.017677,0.0072,gauss2,BP01_12MP_NL_JPEG.mat,2,1285.0
D02_iPhone_7_Plus_33128522663.jpg,1008x756,bc7130d2b5b7e09aaefe6c0339865c581daf63704cc2ba33e9c31b500dadd976,1,,0.01804,0.0072,gauss2,BP01_12MP_NL_JPEG.mat,2,1030.8
D02_iPhone_7_Plus_33131332473.jpg,756x1008,00bede28b0ca9b2bb280449153f0dd8fece9424b3dbf0bc285dce58fbb149415,1,,0.014114,0.0072,gauss2,BP01_12MP_NL_JPEG.mat,3,978.6
D02_iPhone_7_Plus_33143261453.jpg,756x1008,1455f80007fe276e0afab29c5a2bfccfe1889847c765325e2bf458178dad3c27,1,,0.020633,0.0072,gauss2,BP01_12MP_NL_JPEG.mat,3,951.6
D02_iPhone_7_Plus_33143262283.jpg,756x1008,7796782e260966e31f5e240a38149c7e0af1acf7a8d9dc090973a3dcf9e31eb5,1,,0.009866,0.0072,gauss2,BP01_12MP_NL_JPEG.mat,3,1172.1
D02_iPhone_7_Plus_33143295523.jpg,756x1008,6a150f58e76f7e7c12fb29f1217f383bc1d915da228422f15d5307a7b08cc145,1,,0.020188,0.0072,gauss2,BP01_12MP_NL_JPEG.mat,3,938.9
D02_iPhone_7_Plus_33143297223.jpg,756x1008,bc9a5e2a0095e8f96a8a24cfb51407818348463437dd318ad975ad5bf21a4b49,1,,0.024859,0.0072,gauss2,BP01_12MP_NL_JPEG.mat,3,1247.5
D02_iPhone_7_Plus_33143297383.jpg,756x1008,9f02f967291ec77595b9de70d2f35288af322fcd1b9a759003d749989f67379b,1,,0.028945,0.0072,gauss2,BP01_12MP_NL_JPEG.mat,3,956.1
D02_iPhone_7_Plus_33158072044.jpg,756x1008,29f72dbf90c61bbd087df14b45b9cbd18603ddb89c26aba8e3b017c974b3b032,1,,0.009852,0.0072,gauss2,BP01_12MP_NL_JPEG.mat,3,1167.9
D02_iPhone_7_Plus_33158073804.jpg,756x1008,0f380ea60fe9404f7a685e072b8f1c2ee3a8fbd77ea279e3808d6e60b4779e6f,1,,0.011508,0.0072,gauss2,BP01_12MP_NL_JPEG.mat,3,1028.3
D02_iPhone_7_Plus_33158073874.jpg,756x1008,eff6f1bd648d0b5959b2007b307ae793b22a239a827f503bf1e6732541770a73,1,,0.006161,0.0072,gauss2,BP01_12MP_NL_JPEG.mat,3,936.0
D02_iPhone_7_Plus_33158074104.jpg,756x1008,1cbf09d750cc1b30beb01d1bef519cf450b26679d38889eb80da50c4168cb565,1,,0.008224,0.0072,gauss2,BP01_12MP_NL_JPEG.mat,3,939.2
D02_iPhone_7_Plus_33182726123.jpg,756x1008,ccd05b0e026929896d54c275864042220ec2a7d847b6bf34fe71bf39b832dd1d,1,,0.017418,0.0072,gauss2,BP01_12MP_NL_JPEG.mat,3,1278.4
D02_iPhone_7_Plus_33182727063.jpg,756x1008,3a8ace83e4c08bd77c7da1fbfdda16d3136325198e0b01fc2b6146ca1a155703,1,,0.002971,0.0072,gauss2,BP01_12MP_NL_JPEG.mat,3,1122.9
D02_iPhone_7_Plus_33188621223.jpg,756x1008,2459abbd46590db5b466bacb520fe200883e94ca11358ff0a8adead6c88bbf9b,1,,0.008731,0.0072,gauss2,BP01_12MP_NL_JPEG.mat,3,954.6
D02_iPhone_7_Plus_33188647623.jpg,756x1008,bb5d2020220f126180029dbe65a7b9a4828f657200c7eb463f85f2da662b8bd4,1,,0.009234,0.0072,gauss2,BP01_12MP_NL_JPEG.mat,3,926.4
D02_iPhone_7_Plus_33240929814.jpg,756x1008,a61fa76cc378ba94dbe4f4902e41356d912f0fe028b16846f5df29f78a04d2c7,1,,0.031894,0.0072,gauss2,BP01_12MP_NL_JPEG.mat,3,1299.4
D02_iPhone_7_Plus_33241240074.jpg,756x1008,73b56d23c80000351efea7762fc1e4610f439c94d2254327a482f3f094198068,1,,0.016762,0.0072,gauss2,BP01_12MP_NL_JPEG.mat,3,1034.3
D02_iPhone_7_Plus_33273734423.jpg,756x1008,99e5381ef8c89e48a3efd18925e20b37f388d7635639b5e4cb2567db2cdf6f88,1,,0.01856,0.0072,gauss2,BP01_12MP_NL_JPEG.mat,3,929.0
D02_iPhone_7_Plus_33273742023.jpg,756x1008,65d52f073741b4fd55a54cd136d29de08e5ebd9c0f3e8aac66d9336e6665c276,1,,0.025934,0.0072,gauss2,BP01_12MP_NL_JPEG.mat,3,979.6
D02_iPhone_7_Plus_33274714013.jpg,756x1008,e536859671b3101000b7e1c176b3447bc91bcc6c1e854138f387f99c0c7282dd,1,,0.009104,0.0072,gauss2,BP01_12MP_NL_JPEG.mat,3,1230.0
D02_iPhone_7_Plus_33554760210.jpg,756x1008,a6f8cb18485bddfce0b835cc8f65de9b819d1bb0bc8afc02a6b03fef2f589486,1,,0.08339,0.0072,gauss2,BP01_12MP_NL_JPEG.mat,3,963.0
D02_iPhone_7_Plus_33555253410.jpg,1008x756,94cd27abdb895e1b1ad1e70863d685ac48652f4a33d9711316dbf1270f91d4b4,1,,0.017773,0.0072,gauss2,BP01_12MP_NL_JPEG.mat,2,949.6
D02_iPhone_7_Plus_33556128590.jpg,1008x756,ff504a801cd864dcb23a33cb14b95ba57964487c3d534fd72ee6ab429d8d6183,1,,0.016407,0.0072,gauss2,BP01_12MP_NL_JPEG.mat,2,950.8
D02_iPhone_7_Plus_33559244670.jpg,756x1008,38565f5520bf7811337ca4086e164e0f2eb89c6b053647b67b63ca4405fa5526,1,,0.078206,0.0072,gauss2,BP01_12MP_NL_JPEG.mat,3,1173.5
D02_iPhone_7_Plus_33610151270.jpg,756x1008,2a2c40c5f11a1765c8835cb3ef893dbfe5809d564a65785c119af70ac761c305,1,,0.015305,0.0072,gauss2,BP01_12MP_NL_JPEG.mat,3,972.4
D02_iPhone_7_Plus_33610151760.jpg,756x1008,3742f91b3e256d5fc99b6fe00fca05f90eae61eadd57aedf417a6b4f8ca244c3,1,,0.003121,0.0072,gauss2,BP01_12MP_NL_JPEG.mat,3,1129.1
D02_iPhone_7_Plus_33614787534.jpg,756x1008,3f8dd70d584d0d586e8bb2f02d279f10507907e0335dd088ed8ed5a73d5fa22f,1,,0.041903,0.0072,gauss2,BP01_12MP_NL_JPEG.mat,3,933.8
D02_iPhone_7_Plus_33616024780.jpg,756x1008,daf2fa5d85fc7b472d41976e38df32e29d0dd657f859bce33f09b53789de75af,1,,0.006557,0.0072,gauss2,BP01_12MP_NL_JPEG.mat,3,1178.1
D02_iPhone_7_Plus_33616042260.jpg,756x1008,4cf6eaf9c9c66f1f49703ff2d7d658054010f995d17c9eac29de61c06aea76a8,1,,0.006102,0.0072,gauss2,BP01_12MP_NL_JPEG.mat,3,935.5
D02_iPhone_7_Plus_33616060730.jpg,756x1008,ed7f5db59fbebd68282b8a0be1b3f333913350beeaec9be3e6c8036ed621d7eb,1,,0.012618,0.0072,gauss2,BP01_12MP_NL_JPEG.mat,3,1117.6
D02_iPhone_7_Plus_33616504340.jpg,756x1008,3472572a9b93f149b72bfbb2104afbcbd23a9b707f0f0e08945fdbe660f85585,1,,0.013411,0.0072,gauss2,BP01_12MP_NL_JPEG.mat,3,1061.8
D02_iPhone_7_Plus_33695849760.jpg,756x1008,99a5198fc45e125a536386d819f8a9f08a2458efc2688be8d4d4861ba104d500,1,,0.034773,0.0072,gauss2,BP01_12MP_NL_JPEG.mat,3,952.3
D02_iPhone_7_Plus_33700834120.jpg,1008x756,7ba5fca06b0034d74fd2aacc5f0ed18a42ba6b0eda0695f4d42b63eb4ccfba78,1,,0.009264,0.0072,gauss2,BP01_12MP_NL_JPEG.mat,2,934.9
D02_iPhone_7_Plus_33767232162.jpg,756x1008,a9327e0e35d5bafaeb06ef2b419a8a0886aaf788985aad18e011c7e5bbc889c9,1,,0.02378,0.0072,gauss2,BP01_12MP_NL_JPEG.mat,3,1101.9
D02_iPhone_7_Plus_33782818362.jpg,756x1008,250562ccf95a1881a7f0033cd145f6f890c11bdd2df1a02d9be6648c8fb55b7f,1,,0.058164,0.0072,gauss2,BP01_12MP_NL_JPEG.mat,3,979.6
D02_iPhone_7_Plus_33783924302.jpg,1008x756,d294deff07b0cbf1e64710673a01f04394abd46fc4c987d70e6fbb3a8231653c,1,,0.023398,0.0072,gauss2,BP01_12MP_NL_JPEG.mat,2,1123.3
D02_iPhone_7_Plus_33786951022.jpg,756x1008,9975fedddf349e936774de15ebdb6c4652abeb59204a1b04bf24a867552d133e,1,,0.02906,0.0072,gauss2,BP01_12MP_NL_JPEG.mat,3,963.8
D02_iPhone_7_Plus_33786953572.jpg,756x1008,3ce13cc89dd373d3520adcccf49af46cd16adc069196ad05d42ce7939d949f74,1,,0.014455,0.0072,gauss2,BP01_12MP_NL_JPEG.mat,3,1149.6
D02_iPhone_7_Plus_33794557961.jpg,756x1008,7301d7c1e8545cb196fd523870ba1321e6c9dc2e03caa648272dd59e5d1b62ce,1,,0.061168,0.0072,gauss2,BP01_12MP_NL_JPEG.mat,3,952.7
D02_iPhone_7_Plus_33794569261.jpg,756x1008,eca550f01e0afd0402240594161c927fa335798f47d7eca8a6edb519fdf511c6,1,,0.007082,0.0072,gauss2,BP01_12MP_NL_JPEG.mat,3,1184.1
D02_iPhone_7_Plus_33794570971.jpg,756x1008,99977967442f63b7d26b125f7eb215489c90a9c253cdfe6516441c005740cac8,1,,0.008739,0.0072,gauss2,BP01_12MP_NL_JPEG.mat,3,965.9
D02_iPhone_7_Plus_33794572501.jpg,756x1008,8ff0c9fa31b6f105786afb0bcd78f36e4314cefba0fbad16ae123d5b0ce37f16,1,,0.013429,0.0072,gauss2,BP01_12MP_NL_JPEG.mat,3,1334.0
D02_iPhone_7_Plus_33794574481.jpg,756x1008,2a0c8e981509f9e91329752c18df785ce46498e6c74fc1e3d1880903c7e88c57,1,,0.022687,0.0072,gauss2,BP01_12MP_NL_JPEG.mat,3,1271.2
D02_iPhone_7_Plus_33798980302.jpg,756x1008,8bb43f38cb8a2151d9bab2ac83ffb4ce1804d050e4aa7ffb07a32aff40a32b43,1,,0.002984,0.0072,gauss2,BP01_12MP_NL_JPEG.mat,3,982.1
D02_iPhone_7_Plus_33798980472.jpg,756x1008,1220434a6f6b36dbcd57469c30069070fb786282330c763b1fb7dd4eb81dad30,1,,0.011406,0.0072,gauss2,BP01_12MP_NL_JPEG.mat,3,1278.2
D02_iPhone_7_Plus_33798982122.jpg,756x1008,7e62e4112a98b1a857e8757b2f2e0ca550930c328c83608a6762e5408e429b3a,1,,0.013529,0.0072,gauss2,BP01_12MP_NL_JPEG.mat,3,969.1
D02_iPhone_7_Plus_33798983422.jpg,756x1008,006c9007ad66c5463b3d23a4e30555a4aed9e773ede57ebb21e2c70afc1fcf17,1,,0.01914,0.0072,gauss2,BP01_12MP_NL_JPEG.mat,3,1189.1
D02_iPhone_7_Plus_33808680722.jpg,756x1008,9af34ebad1e9025144712a6322b0a14dbe4d268aad9bcd81ca55933eb01746de,1,,0.011513,0.0072,gauss2,BP01_12MP_NL_JPEG.mat,3,951.2
D02_iPhone_7_Plus_33810026361.jpg,756x1008,dff150df87a01f862a0b12bd267055942beaa1cc9789da8cdaa408c746eb8941,1,,0.049795,0.0072,gauss2,BP01_12MP_NL_JPEG.mat,3,1244.6
D02_iPhone_7_Plus_33811320681.jpg,1008x756,0e48538b30934c2980f56f2a79e6006699d9a0be29424795a58e5da6014f2385,1,,0.009884,0.0072,gauss2,BP01_12MP_NL_JPEG.mat,2,1039.0
D02_iPhone_7_Plus_33814401431.jpg,756x1008,4145e52e7b04fcc0cc5b7f3756603454d544d31226f345fdc357af9c3772e663,1,,0.021501,0.0072,gauss2,BP01_12MP_NL_JPEG.mat,3,1147.2
D02_iPhone_7_Plus_33814402241.jpg,756x1008,5fbed0df63b2a8ac4c5e60b3a322de2af70a39b419de01042b794c40f200c724,1,,0.094873,0.0072,gauss2,BP01_12MP_NL_JPEG.mat,3,919.1
D02_iPhone_7_Plus_33826678001.jpg,756x1008,4d08f828233f4dd853e3badb14e7cc45d2e78b3c87e89fe7c917acce02f77684,1,,0.003707,0.0072,gauss2,BP01_12MP_NL_JPEG.mat,3,1214.9
D02_iPhone_7_Plus_33836216971.jpg,756x1008,aa66a202368649fd91107818ca6d3e48e24b56ef4573e30de1a70d58fc9d5c9e,1,,0.013817,0.0072,gauss2,BP01_12MP_NL_JPEG.mat,3,921.7
D02_iPhone_7_Plus_33843985312.jpg,756x1008,30168ca42aa04b7e3dbff092084f979fda5977a08234ede7107ae4b6bb3e96e8,1,,0.003817,0.0072,gauss2,BP01_12MP_NL_JPEG.mat,3,1136.7
D02_iPhone_7_Plus_33844005012.jpg,756x1008,6f9fed5a9ee2428047487de7a3ea95a195fe2f8ff07f642f8ff8d0e6754c9ad2,1,,0.009427,0.0072,gauss2,BP01_12MP_NL_JPEG.mat,3,977.8
D02_iPhone_7_Plus_33871837181.jpg,756x1008,9b36a0f0d274a6ccd08c3d3b432240ff26982326e407e6d6dcad3cfc41a52c5f,1,,0.00756,0.0072,gauss2,BP01_12MP_NL_JPEG.mat,3,1145.1
D02_iPhone_7_Plus_33882932036.jpg,756x1008,59a941925c42504c2ffd56e66534211532be32f8e5935262bf5a4dd10694de23,1,,0.016567,0.0072,gauss2,BP01_12MP_NL_JPEG.mat,3,1061.1
D02_iPhone_7_Plus_33898966896.jpg,1008x756,875d7f1ed480555b955ff05608d176693e216cda9d78010b10103b16887e1626,1,,0.030061,0.0072,gauss2,BP01_12MP_NL_JPEG.mat,2,1152.7
D02_iPhone_7_Plus_33899906564.jpg,756x1008,caeea5a61f563a9bff5de8758d7cfcece2505df38b8da14a1bad1cb71516fd4e,1,,0.007086,0.0072,gauss2,BP01_12MP_NL_JPEG.mat,3,966.2
D02_iPhone_7_Plus_33900060544.jpg,756x1008,6bc678dfc16d1b997bd65869ad8b500a2722f4a4ceba02f9401c201c9e0f7505,1,,0.006478,0.0072,gauss2,BP01_12MP_NL_JPEG.mat,3,929.9
D02_iPhone_7_Plus_33900576116.jpg,1008x756,49bdae7131d78c8617317a2306ddb1604d041df9b042fa10f712d86f7252f186,1,,0.01547,0.0072,gauss2,BP01_12MP_NL_JPEG.mat,2,928.8
D02_iPhone_7_Plus_33900576606.jpg,1008x756,7696a45fbcc4298d8618c5211b6cecaa85bc15464b214f0f7ef70ed9763953c2,1,,0.023418,0.0072,gauss2,BP01_12MP_NL_JPEG.mat,2,1142.0
D02_iPhone_7_Plus_33915743666.jpg,756x1008,ecd7b2e8e01e1e8a047571496cc45a473911633f24426365a2b177f86e982519,1,,0.017802,0.0072,gauss2,BP01_12MP_NL_JPEG.mat,3,956.8
D02_iPhone_7_Plus_33915744436.jpg,756x1008,b6eee719dffa9e15ad8b50ece11568ecdcf4935edab85e3809e2129baf599760,1,,0.010374,0.0072,gauss2,BP01_12MP_NL_JPEG.mat,3,1180.9
D02_iPhone_7_Plus_33923344202.jpg,756x1008,a10151cbef744134484eb49e1bbaf60f615b5ad902fc90dba163c73754368097,1,,0.013811,0.0072,gauss2,BP01_12MP_NL_JPEG.mat,3,938.4
D02_iPhone_7_Plus_33923381012.jpg,756x1008,9f92f42ad288dae8d99f03fb7b0f50d80afdf810a470737c3b7333cfe01877e4,1,,0.031967,0.0072,gauss2,BP01_12MP_NL_JPEG.mat,3,1238.8
D02_iPhone_7_Plus_33926606542.jpg,756x1008,5268aa13851620eb7ce5cad555a6bac90cb4679221f2027ebbb37f42ecc6f9eb,1,,0.011802,0.0072,gauss2,BP01_12MP_NL_JPEG.mat,3,936.1
D02_iPhone_7_Plus_33933501913.jpg,756x1008,5d9f65d1dda67a47e3ab9606ce2f4a62bac77774196f1d57fe70281e4d6b06ca,1,,0.006466,0.0072,gauss2,BP01_12MP_NL_JPEG.mat,3,1364.3
D02_iPhone_7_Plus_33934008823.jpg,756x1008,61851b2de551b090b6144b9eada9f8f53e6d74e3e8cb72a8ca29e34dd1aa0649,1,,0.004471,0.0072,gauss2,BP01_12MP_NL_JPEG.mat,3,1278.8
D02_iPhone_7_Plus_33953121431.jpg,756x1008,2902e35c6a08c9e00d3c2e70dbcc1ef1c01c52980cddecf11f40542773ff3c3f,1,,0.024457,0.0072,gauss2,BP01_12MP_NL_JPEG.mat,3,1009.4
D02_iPhone_7_Plus_33953918506.jpg,756x1008,ce8d961799ef0c8aa11d09335e11617f61b9b6e268c709046d5c9b2ac2e81f32,1,,0.004886,0.0072,gauss2,BP01_12MP_NL_JPEG.mat,3,1223.5
D02_iPhone_7_Plus_33955030041.jpg,756x1008,a13e1ac25604b1ecad9e08ce7effc511c23d57821aa76097af2ac0010f1b7c10,1,,0.01694,0.0072,gauss2,BP01_12MP_NL_JPEG.mat,3,977.2
D02_iPhone_7_Plus_33955064531.jpg,756x1008,2644f23a41296cfd74101fe6d97dd8a34a3cd79a333e5c675f750c020a8eb8a9,1,,0.017908,0.0072,gauss2,BP01_12MP_NL_JPEG.mat,3,1290.2
D02_iPhone_7_Plus_33956561315.jpg,756x1008,f7a18e6a650042a0986041f40f510641862cbda373d115677c097c2065b1d372,1,,0.013476,0.0072,gauss2,BP01_12MP_NL_JPEG.mat,3,944.0
D02_iPhone_7_Plus_33959346094.jpg,756x1008,edd8ecf97821629a49a612e8d7edc171ffa534aa2fd6f1fa119789a3f0d189f2,1,,0.012543,0.0072,gauss2,BP01_12MP_NL_JPEG.mat,3,1210.1
D02_iPhone_7_Plus_33959988656.jpg,756x1008,acb1712aceedd954aada6aee96f06fc73f07434b21b36dec1543b463a1860539,1,,0.004456,0.0072,gauss2,BP01_12MP_NL_JPEG.mat,3,989.8
D02_iPhone_7_Plus_33959989056.jpg,756x1008,8c132ecb351f6929eb3bb805e984ca0566c43821f7c930614deebb2c68bc933b,1,,0.010623,0.0072,gauss2,BP01_12MP_NL_JPEG.mat,3,1225.4
D02_iPhone_7_Plus_34001560455.jpg,756x1008,dcdd907106f18c851ef6919b9f6c5b0696b69423dfd026686619a33740fe178c,1,,0.006241,0.0072,gauss2,BP01_12MP_NL_JPEG.mat,3,1074.9
D02_iPhone_7_Plus_34001563195.jpg,756x1008,2a7c20a77ccfbed7569d49faf89786fbb65f3aab5785870f8ebad1480838ddc7,1,,0.008295,0.0072,gauss2,BP01_12MP_NL_JPEG.mat,3,968.1
D02_iPhone_7_Plus_34001598375.jpg,756x1008,1a0c2c73dcead627d7e4af6bcb51b6471fad90e989cd0cc835fe98cfe898d90d,1,,0.006474,0.0072,gauss2,BP01_12MP_NL_JPEG.mat,3,971.7
D02_iPhone_7_Plus_34039952036.jpg,756x1008,2c476efa49d5dce607e7a2ddf56382384df69b676e9b2fd5329273449ecca98d,1,,0.020062,0.0072,gauss2,BP01_12MP_NL_JPEG.mat,3,1112.8
D02_iPhone_7_Plus_34043076666.jpg,756x1008,965890cd6228c5c9877d3780f782d86b2623d966542cef0c8642cd2477043050,1,,0.021301,0.0072,gauss2,BP01_12MP_NL_JPEG.mat,3,943.7
D02_iPhone_7_Plus_34044760226.jpg,756x1008,9de938daee9ba77520c36d7365b5dc52fcf1ec5b6e0972e706cee8e280f22ab3,1,,0.020303,0.0072,gauss2,BP01_12MP_NL_JPEG.mat,3,1145.6
D02_iPhone_7_Plus_34051086574.jpg,756x1008,1b7320f38dac0c39ee6286f3f7afbc4c789994fc3989e808a0f2cc96b15bd2ef,1,,0.011711,0.0072,gauss2,BP01_12MP_NL_JPEG.mat,3,976.8
D02_iPhone_7_Plus_34079983615.jpg,756x1008,1a7d825dbd9201919ce56f2061da4a1d8117234c905cff4eab689d686bb5bdd3,1,,0.011595,0.0072,gauss2,BP01_12MP_NL_JPEG.mat,3,1083.4
D02_iPhone_7_Plus_34083228023.jpg,756x1008,0f4e5676351cecdaf04fca2e9b497941afa30249bb616f7241d16c4c0ff63c9f,1,,0.009678,0.0072,gauss2,BP01_12MP_NL_JPEG.mat,3,952.1
D02_iPhone_7_Plus_34083230273.jpg,756x1008,6a99b929ad3839e8ef9de8654773d3e88772ef517c79c7d867a0596da47c024e,1,,0.014696,0.0072,gauss2,BP01_12MP_NL_JPEG.mat,3,1093.1
D02_iPhone_7_Plus_34083231413.jpg,756x1008,50ff21478b8f25407e8daf7e19c2d476c253d20618831de27ab35f2518931151,1,,0.014452,0.0072,gauss2,BP01_12MP_NL_JPEG.mat,3,951.7
D02_iPhone_7_Plus_34083234863.jpg,756x1008,2c09c0521dc805253b849f949b761a25c4c8c72bc04c08b5fb1e1b883ac6073f,1,,0.011814,0.0072,gauss2,BP01_12MP_NL_JPEG.mat,3,1160.5
D02_iPhone_7_Plus_34083346935.jpg,756x1008,8dab96e3514d22032bf47ed6ae44f92705e50bd2be0fc4ca5ba41ebbec47a7b8,1,,0.026424,0.0072,gauss2,BP01_12MP_NL_JPEG.mat,3,994.8
D02_iPhone_7_Plus_34297390802.jpg,756x1008,6e2583fcdbebc9a64b105720ef2cf189e1827efecbd8b88d2548ae28e49c4df4,1,,0.039716,0.0072,gauss2,BP01_12MP_NL_JPEG.mat,3,1181.1
D02_iPhone_7_Plus_34326494891.jpg,756x1008,f309427cd6bb2fa94e03c15d4187021db692349b6a11790145018e40fd9e7dc9,1,,0.012657,0.0072,gauss2,BP01_12MP_NL_JPEG.mat,3,936.5
D02_iPhone_7_Plus_34357706450.jpg,756x1008,51b8a5e75d12e0c4e1b26c36360009a4f2c10f723b7539069981638c9c5943af,1,,0.008288,0.0072,gauss2,BP01_12MP_NL_JPEG.mat,3,1164.2
D02_iPhone_7_Plus_34422415620.jpg,756x1008,ad405869693b7a3abbbd44b0164a459b1f3432afd3320fd12bf0fa5e37583cfb,1,,0.002823,0.0072,gauss2,BP01_12MP_NL_JPEG.mat,3,945.8
D02_iPhone_7_Plus_34456935365.jpg,756x1008,51a0978fe20179faecb5527d3255d05d7707189d6ee44695eb88fdd76f5b328e,1,,0.017746,0.0072,gauss2,BP01_12MP_NL_JPEG.mat,3,1175.2
D02_iPhone_7_Plus_34507224290.jpg,756x1008,8c3d50f1b93a7e1b8b23b09f96859a2642f242060f494a052a69b84c0f6279eb,1,,0.01437,0.0072,gauss2,BP01_12MP_NL_JPEG.mat,3,962.3
D02_iPhone_7_Plus_34580161062.jpg,756x1008,84d0fbf4d862f1647af578387fd9c9c5cc1b151c9c3b2a27f251954f6ff2720f,1,,0.00609,0.0072,gauss2,BP01_12MP_NL_JPEG.mat,3,1078.4
D02_iPhone_7_Plus_34580225962.jpg,756x1008,90589ebc8f2189cffdadda1656c49e882d734e0057510e94e3135304a280ddd7,1,,0.009824,0.0072,gauss2,BP01_12MP_NL_JPEG.mat,3,987.9
D02_iPhone_7_Plus_34702071466.jpg,756x1008,b9666b5c55f14640e00a42bdcffbd9e721f9cdc9f7d14d8df45820e63dfb75bc,1,,0.009164,0.0072,gauss2,BP01_12MP_NL_JPEG.mat,3,1027.7
D02_iPhone_7_Plus_34702209856.jpg,756x1008,567b9556a4f845da86ede781501822b3d9e1d5fcbcfb6bea9b7dd77ebfb92ec3,1,,0.014036,0.0072,gauss2,BP01_12MP_NL_JPEG.mat,3,985.8
D02_iPhone_7_Plus_34730582242.jpg,756x1008,bfb52b3e531d90c42534f55f893390ca2f8861fddaad88e7fc339ad0c08c19ed,1,,0.003636,0.0072,gauss2,BP01_12MP_NL_JPEG.mat,3,1149.4
D02_iPhone_7_Plus_34730590822.jpg,756x1008,4b2847e91260e01bf2642381f75ee885c621219c835150135fa8803878f6f09e,1,,0.009028,0.0072,gauss2,BP01_12MP_NL_JPEG.mat,3,981.6
D02_iPhone_7_Plus_34730593782.jpg,756x1008,f95f2bde2039ed6fa351dcc9f60db5557edae016d2a8ba8de5b79c0a2afd6ada,1,,0.01839,0.0072,gauss2,BP01_12MP_NL_JPEG.mat,3,1153.3
D02_iPhone_7_Plus_34893886585.jpg,756x1008,afabe867b1bc80e28c8d6ee636b4684c8d1a1cb92c84253ec05fc4bfd4f2f239,1,,0.014144,0.0072,gauss2,BP01_12MP_NL_JPEG.mat,3,994.6
D02_iPhone_7_Plus_34893895485.jpg,756x1008,9ae8337bf20687a7e51c3ec624c54197dc13537e70dcb1bd5e6a0e5a8d15a598,1,,0.015117,0.0072,gauss2,BP01_12MP_NL_JPEG.mat,3,1081.4
D02_iPhone_7_Plus_34986515104.jpg,756x1008,c57ba82ed0cae66391bf88a681b8215a0d3a335355dd9e2b731c787968461a99,1,,0.009848,0.0072,gauss2,BP01_12MP_NL_JPEG.mat,3,955.5
D02_iPhone_7_Plus_34986515374.jpg,756x1008,134a3c3d7800d2d4fd8e516e018c2d2b1a475daa9c2ca611d7e2edade5e3fc22,1,,0.004689,0.0072,gauss2,BP01_12MP_NL_JPEG.mat,3,1182.7
D02_iPhone_7_Plus_35280267714.jpg,756x1008,43a5df69ee86bc3bf3b60e0c005d2735183f9e56db158a01655c344c812931ad,1,,0.018942,0.0072,gauss2,BP01_12MP_NL_JPEG.mat,3,1125.3
D02_iPhone_7_Plus_35280268594.jpg,756x1008,31bed509666c9c6c94e7f20f8cc2f9d88936b9a2808caa29ce0e19299fe2ea6c,1,,0.014051,0.0072,gauss2,BP01_12MP_NL_JPEG.mat,3,911.7
D02_iPhone_7_Plus_35280269064.jpg,756x1008,b23d5eb3b981b6ff77b654d4fa08986ce5e80a7db503c6b841ccf5edf3f98b76,1,,0.003979,0.0072,gauss2,BP05_12MP_SLM_HEIC.mat,1,946.8
D02_iPhone_7_Plus_35280279014.jpg,756x1008,499d336f9a79d17fca27d15d16953bde8c1be5ff223e01f8d4a332feb774910c,1,,0.003851,0.0072,gauss2,BP01_12MP_NL_JPEG.mat,3,1165.8
D02_iPhone_7_Plus_35313104033.jpg,756x1008,9de249795dcf97c80931f0ff2428b285459c1ebb47baf1d3a3716c1caaf8148e,1,,0.004521,0.0072,gauss2,BP01_12MP_NL_JPEG.mat,3,934.5
D02_iPhone_7_Plus_35313113253.jpg,756x1008,a3a78416408d293e0ae86c0f119e0c60ce19f69a59c8b20a0dff8d8c01daef63,1,,0.010638,0.0072,gauss2,BP01_12MP_NL_JPEG.mat,3,1187.3
D02_iPhone_7_Plus_35657661162.jpg,756x1008,a6d3487aca1767a1b1532d76acf369a2460b4ec484603fcf71ca068bef38cd90,1,,0.009597,0.0072,gauss2,BP01_12MP_NL_JPEG.mat,3,932.5
D02_iPhone_7_Plus_35730043920.jpg,756x1008,001bd974f419486a94180726bacd91b0451c93e13228940572b914a8bd67800c,1,,0.006067,0.0072,gauss2,BP01_12MP_NL_JPEG.mat,3,1190.7
D02_iPhone_7_Plus_35878291040.jpg,756x1008,68a777e920379b793874557db96d9189281ab4db3e11dc8bd0d5809c5f3feca3,1,,0.002708,0.0072,gauss2,BP03_12MP_NL_JPEG.mat,1,936.4
D02_iPhone_7_Plus_35951838852.jpg,756x1008,440234193071960b319a5e1456ed40880d189e849298359c14801bdc60c34b18,1,,0.013107,0.0072,gauss2,BP01_12MP_NL_JPEG.mat,3,1203.2
D02_iPhone_7_Plus_35988028671.jpg,1008x756,61788795f38b1d2e07275126bdeaaec700704eed09d7447f11458501c8706aa1,1,,0.005905,0.0072,gauss2,BP01_12MP_NL_JPEG.mat,2,991.4
D02_iPhone_7_Plus_35988030351.jpg,756x1008,43244688cfdccbac09e0fef2d836c1e7e4ef4b8993820e9e34502abcc5ee71b9,1,,0.015279,0.0072,gauss2,BP01_12MP_NL_JPEG.mat,3,937.1
D02_iPhone_7_Plus_36041837814.jpg,756x1008,b855b8c7b11f2fa14426a39c78e8fe5e7596158546700a81f74e70d465e73269,1,,0.004693,0.0072,gauss2,BP01_12MP_NL_JPEG.mat,3,950.8
D02_iPhone_7_Plus_36041987364.jpg,756x1008,aeded55691447c22e722728111adbd635350784ef6ac4fc2c824f1791a08de20,1,,0.009542,0.0072,gauss2,BP01_12MP_NL_JPEG.mat,3,1127.3
D02_iPhone_7_Plus_36041988894.jpg,756x1008,fbd13293fa1599727090a6b7cc328404c6194e051d4f3a3a68b47041f5b33d86,1,,0.00278,0.0072,gauss2,BP01_12MP_NL_JPEG.mat,3,992.6
D02_iPhone_7_Plus_36041991754.jpg,756x1008,89581ff22f9b127c5d19cb22de4a94e9d2b00d283d44299b2eb03378dd705a78,1,,0.00314,0.0072,gauss2,BP05_12MP_SLM_HEIC.mat,0,1113.7
D02_iPhone_7_Plus_36041993484.jpg,756x1008,f16e347c927885d14fa777d242309d369ef04c9d02d5b372889b93f0df0f3026,1,,0.002261,0.0072,gauss2,BP01_12MP_NL_JPEG.mat,3,966.9
D02_iPhone_7_Plus_36067743933.jpg,756x1008,dab78ccbb37b4fdc2201950591af19194b7eefa098f9961125520aa2eb2aaaf8,1,,0.009041,0.0072,gauss2,BP01_12MP_NL_JPEG.mat,3,1123.8
D02_iPhone_7_Plus_36067745813.jpg,756x1008,7287e6a88a4253459de45b036ceff8c3687b4d97a0383ef53d73d6dd64eecd4e,1,,0.017255,0.0072,gauss2,BP01_12MP_NL_JPEG.mat,3,969.8
D02_iPhone_7_Plus_36067747193.jpg,756x1008,9559f22566d9f2f36d7883554ff9d48f495a2f3083431517df5ac624ae2f7e90,1,,0.016537,0.0072,gauss2,BP01_12MP_NL_JPEG.mat,3,1204.1
D02_iPhone_7_Plus_36067748633.jpg,756x1008,c2fbf763abc39afa7dd415371b118e2cd524d16c323b1a1179b03b43cf6983ae,1,,0.003063,0.0072,gauss2,BP01_12MP_NL_JPEG.mat,3,993.0
D02_iPhone_7_Plus_36067750143.jpg,756x1008,a134c02917745bb9c297fb619f527c00507a969122d7af476c62c3b3ae6ec163,1,,0.005955,0.0072,gauss2,BP01_12MP_NL_JPEG.mat,3,1241.4
D02_iPhone_7_Plus_36067751583.jpg,756x1008,8f24573382a0f547b43bfe27141e9a2a5c0834c0987a5e7e855397ba02b669c3,1,,0.002592,0.0072,gauss2,BP03_12MP_NL_JPEG.mat,2,1244.8
D02_iPhone_7_Plus_36067753083.jpg,756x1008,07b044e71f08dc8132ff041d45f0839372397693d8dd240fe1b0ac6ab5a9f9c0,1,,0.007329,0.0072,gauss2,BP01_12MP_NL_JPEG.mat,3,1007.3
D02_iPhone_7_Plus_36067754513.jpg,756x1008,5f98ea1e992d95b5319c76246cef8b9eea8efd76a444a4908b4b15bb90d97a34,1,,0.012433,0.0072,gauss2,BP01_12MP_NL_JPEG.mat,3,1273.8
D02_iPhone_7_Plus_36067756993.jpg,756x1008,e9ec77b53227e37cf019a7dda3234692ac10250e57b85c69239d07f88f14e8c2,1,,0.003401,0.0072,gauss2,BP01_12MP_NL_JPEG.mat,3,979.4
D02_iPhone_7_Plus_36079776936.jpg,756x1008,e11e580a70c40787c9347ebf8c24ba6d758762f8dffaa16caf30aee83d4d3f95,1,,0.01371,0.0072,gauss2,BP01_12MP_NL_JPEG.mat,3,1225.0
D02_iPhone_7_Plus_36121239575.jpg,756x1008,6138aa89c41a83ab04d65d285d909a9c240566fa7f06cb4b31144b34c0f1fdd7,1,,0.004296,0.0072,gauss2,BP01_12MP_NL_JPEG.mat,3,987.9
D02_iPhone_7_Plus_36121245975.jpg,756x1008,a78702201d7f4143d15ea3fefed1cc056320741c80a2ca4bd36070bede236baf,1,,0.012974,0.0072,gauss2,BP01_12MP_NL_JPEG.mat,3,1290.4
D02_iPhone_7_Plus_36121248975.jpg,756x1008,d3260ae91b73a690d700865e67ce94830c1d1bc4a334f6554a2d284d5bd90105,1,,0.003884,0.0072,gauss2,BP01_12MP_NL_JPEG.mat,3,1089.2
D02_iPhone_7_Plus_36217053644.jpg,756x1008,780a476892d1ac621aaede7a2d61fd9ff94ca1768edef51997a6b4d690a6c1ed,1,,0.00314,0.0072,gauss2,BP01_12MP_NL_JPEG.mat,3,1110.1
D02_iPhone_7_Plus_36244134193.jpg,756x1008,61bceb13a974e7f6979146490af68f796bb6e9e21c5cec98f776412c8a61c45a,1,,0.003185,0.0072,gauss2,BP01_12MP_NL_JPEG.mat,3,941.9
D02_iPhone_7_Plus_36272684525.jpg,756x1008,2eb0c92f63ac9facfa72233d95799e32d693849505dded67ea7b2c827761c3ae,1,,0.003092,0.0072,gauss2,BP03_12MP_NL_JPEG.mat,1,1189.7
D02_iPhone_7_Plus_36316639484.jpg,756x1008,98a20dc274ec439c80a85487fb9c07c1da8bf18e9ecfca3443ac63de95b8fe16,1,,0.003718,0.0072,gauss2,BP01_12MP_NL_JPEG.mat,3,931.9
D02_iPhone_7_Plus_36316640064.jpg,756x1008,1d17c621f23111a254d0e0193c2ad580f8cdd439225128452dd5e0851d42768a,1,,0.006147,0.0072,gauss2,BP01_12MP_NL_JPEG.mat,3,1063.9
D02_iPhone_7_Plus_36316655444.jpg,756x1008,b0f1e1cd2d0785a3031583d6260f0ef923c4270b46d57f868dedaa355cebb066,1,,0.004696,0.0072,gauss2,BP01_12MP_NL_JPEG.mat,3,988.9
D02_iPhone_7_Plus_36338976933.jpg,756x1008,4d6a1992ebf10cdbcf21096cefa6ece2c5b79e9846ebcef32931f44a4f89b4d0,1,,0.005679,0.0072,gauss2,BP01_12MP_NL_JPEG.mat,3,1108.2
D02_iPhone_7_Plus_36338985973.jpg,756x1008,54fc8f976dff0c0c69599bc3131a7975ea6e1d4ac8100d2529b4a123b3978fa3,1,,0.004085,0.0072,gauss2,BP01_12MP_NL_JPEG.mat,3,993.6
D02_iPhone_7_Plus_36473336824.jpg,756x1008,ce9f7fb13f2cddd565f9bcbc5a81605d1656d69a758704f2002ab390c8c7f52c,1,,0.005865,0.0072,gauss2,BP01_12MP_NL_JPEG.mat,3,1165.1
D02_iPhone_7_Plus_36473343244.jpg,756x1008,c6026e259cc7636cd2c1c0d6bf534306d241a6a38315783ee41c1bcf31f2a7ab,1,,0.003813,0.0072,gauss2,BP01_12MP_NL_JPEG.mat,3,1008.6
D02_iPhone_7_Plus_36497386573.jpg,756x1008,fbebe6c927294917a2661bbe8fc3f6e2934f79711672b3fc8156def67335cc67,1,,0.003209,0.0072,gauss2,BP03_12MP_NL_JPEG.mat,3,1079.4
D02_iPhone_7_Plus_36497387733.jpg,756x1008,849abadaf70f6cc7cfa9a5ebdfc6bc2da04b6523094acb01cab2101a87655b58,1,,0.00344,0.0072,gauss2,BP06_12MP_SLM_HEIC.mat,1,931.7
D02_iPhone_7_Plus_36497388173.jpg,756x1008,ecc835ff9f7e1b6c52222c024fcd8c8985c2a175fdcf105db64ad212bedc18e6,1,,0.004502,0.0072,gauss2,BP01_12MP_NL_JPEG.mat,3,1150.8
D02_iPhone_7_Plus_36497394823.jpg,756x1008,5917cfb0ae20d26dc481b2489d85751ecfef8effaa76bf7e4ed829b2f3ef3aa0,1,,0.001778,0.0072,gauss2,BP04_12MP_NL_JPEG.mat,0,926.0
D02_iPhone_7_Plus_36532950406.jpg,756x1008,4ca6ef4d2795c25c5ec9aea19c0c75e03df8ac6df658941bdeb3d9b26dd82894,1,,0.018999,0.0072,gauss2,BP01_12MP_NL_JPEG.mat,3,1171.1
D02_iPhone_7_Plus_36612130056.jpg,756x1008,f2539d3fa6e3fb46b46689ab438138b81c3eabf77cdb9fcf24ef1d5d922fd41a,1,,0.007149,0.0072,gauss2,BP01_12MP_NL_JPEG.mat,3,916.9
D02_iPhone_7_Plus_36705131032.jpg,756x1008,8b289c75fb9cc2412100b0e0d502a01299e1aaf8a0edb4ea4a4c9d45a14591ad,1,,0.008565,0.0072,gauss2,BP01_12MP_NL_JPEG.mat,3,1168.8
D02_iPhone_7_Plus_36705134422.jpg,756x1008,be2dbd2c702309a3af63a3b0b2d3561d1b1a2b3ca97ba74b14dc235a15e3b281,1,,0.002451,0.0072,gauss2,BP06_12MP_NL_HEIC.mat,2,960.0
D02_iPhone_7_Plus_36705137962.jpg,756x1008,6e54678d6b6eab63565c582143abbfaecb0da65ba14ff91c9d93be4357ed40a0,1,,0.002211,0.0072,gauss2,BP05_12MP_SLM_HEIC.mat,3,1242.9
D02_iPhone_7_Plus_36736439881.jpg,756x1008,6fcb6ba0d77c7a0e0fc3fdf242048f5a3f0726e644d6bfe7e842e4d1d1b6ef70,1,,0.002476,0.0072,gauss2,BP06_12MP_NL_HEIC.mat,2,964.5
D02_iPhone_7_Plus_36736522781.jpg,756x1008,8ba802206c07837b7e528bca736a1f45f5809c7a1b3cb53d0d5bc96e2ab5b134,1,,0.01086,0.0072,gauss2,BP01_12MP_NL_JPEG.mat,3,1105.4
D02_iPhone_7_Plus_36736523031.jpg,756x1008,6f2d2cff490ca4ff41a85698975fee054ae2ba886bce412ce617a7f4a1bb2f8c,1,,0.014704,0.0072,gauss2,BP01_12MP_NL_JPEG.mat,3,914.3
D02_iPhone_7_Plus_36736523451.jpg,756x1008,7535a8c0ee075b704a31e8d24dc67ecfcf8058dcacc9e8ca3337b6597d1cada8,1,,0.010218,0.0072,gauss2,BP01_12MP_NL_JPEG.mat,3,1248.0
D02_iPhone_7_Plus_36736596051.jpg,756x1008,2fa06f6c25c20ccd9f0f0439f4df126c828fc63d1132a1d1f46901e78dbbb572,1,,0.006049,0.0072,gauss2,BP01_12MP_NL_JPEG.mat,3,986.8
D02_iPhone_7_Plus_36736597241.jpg,756x1008,93c50878f12cb47de0dccff68f718d17880190ec06cb7f101da6050600817cbe,1,,0.005971,0.0072,gauss2,BP01_12MP_NL_JPEG.mat,3,944.3
D02_iPhone_7_Plus_36736598851.jpg,756x1008,06b0432b27e9ef535d21407cc22215a44a29b5165854dbf476ec06cc0c626066,1,,0.008604,0.0072,gauss2,BP01_12MP_NL_JPEG.mat,3,919.0
D02_iPhone_7_Plus_36736600341.jpg,756x1008,c880d63a979db81cb586ea71196895fd7fc8af2e6967c6f2706e60567bb755ec,1,,0.004047,0.0072,gauss2,BP01_12MP_NL_JPEG.mat,3,1164.7
D02_iPhone_7_Plus_36736602521.jpg,756x1008,4fcf2ed73456a1eed5c47736d4fb3b8e797c20f10293ffb2920aaae06e7af46e,1,,0.009243,0.0072,gauss2,BP01_12MP_NL_JPEG.mat,3,986.8
D02_iPhone_7_Plus_36736603551.jpg,756x1008,d53f9cb399ad68a152f4adb908cd96a2f8356997a9c2469b6a5c1172abb711ab,1,,0.009162,0.0072,gauss2,BP01_12MP_NL_JPEG.mat,3,1160.6
D02_iPhone_7_Plus_36736605421.jpg,756x1008,78da2c79eded98fb135bff0a17c497a01f78e731167e956466134b386ec399f0,1,,0.003217,0.0072,gauss2,BP01_12MP_NL_JPEG.mat,3,1055.5
D02_iPhone_7_Plus_36736608131.jpg,756x1008,36d33c6503ab75511110915df4ab7f94082ccb037020f958d2e6be5b48a8355b,1,,0.003484,0.0072,gauss2,BP01_12MP_NL_JPEG.mat,3,1031.9
D02_iPhone_7_Plus_36755295860.jpg,756x1008,75ee2800445a54971bfaf343362e7eac3ded36f01bde45002b591bbf38d0fb4b,1,,0.056937,0.0072,gauss2,BP01_12MP_NL_JPEG.mat,3,917.3
D02_iPhone_7_Plus_36755301040.jpg,756x1008,f3119eae426e8f879e1b6fcd565f6581c28ef45e09aedc0639671eb59d643234,1,,0.003763,0.0072,gauss2,BP01_12MP_NL_JPEG.mat,3,1161.7
D02_iPhone_7_Plus_36755311010.jpg,756x1008,fc1888369fa11c73811abf07188ac3a7a532c41d31a85d92694bbfbcb5d31023,1,,0.002292,0.0072,gauss2,BP08_12MP_NL_JPEG.mat,2,941.4
D02_iPhone_7_Plus_36755871460.jpg,756x1008,622c56132ff7b065afae65818586f1cccfaf48c5ddf647498f94bd4ed4d6ec63,1,,0.005984,0.0072,gauss2,BP01_12MP_NL_JPEG.mat,3,1150.6
D02_iPhone_7_Plus_36863673596.jpg,756x1008,ca261d710341f57bfb5806c59131e9957f8208a7f3f67976035c1accc130bb7d,1,,0.02066,0.0072,gauss2,BP01_12MP_NL_JPEG.mat,3,934.7
D02_iPhone_7_Plus_36876238155.jpg,756x1008,03085f09456fb2057e800ee9387966694869b12c5273a89fe451f7bd1c3b4137,1,,0.016701,0.0072,gauss2,BP01_12MP_NL_JPEG.mat,3,1197.3
D02_iPhone_7_Plus_36876240155.jpg,756x1008,7bfcde023bebbd3a0906c3a7afe84236a30e83783aece64b6f2ead5d10e03900,1,,0.018888,0.0072,gauss2,BP01_12MP_NL_JPEG.mat,3,923.3
D02_iPhone_7_Plus_36876241915.jpg,756x1008,fd62c2b9f2c1063096cdf382c694270c409138fc539bc955d9e3e23223333856,1,,0.013749,0.0072,gauss2,BP01_12MP_NL_JPEG.mat,3,1174.1
D02_iPhone_7_Plus_36876243955.jpg,756x1008,3dd6da74e3247a4bd7fba4a1ab86227cc903fc5376a3af8b5f76a6da94b34133,1,,0.007954,0.0072,gauss2,BP01_12MP_NL_JPEG.mat,3,1060.2
D02_iPhone_7_Plus_36913152380.jpg,756x1008,3cfa5c7f0c4d1bfcdf122daf9f191dd08780765d87a92f6b3a2d3f4902bd10ec,1,,0.002999,0.0072,gauss2,BP03_12MP_NL_JPEG.mat,2,940.5
D02_iPhone_7_Plus_36963480766.jpg,756x1008,a533e516f768a236e51b5f437c81db9a006f70c8eb0c4eb04dd50184631c115e,1,,0.007189,0.0072,gauss2,BP01_12MP_NL_JPEG.mat,3,927.8
D02_iPhone_7_Plus_36963488826.jpg,756x1008,68909878aa8f3f197aeb97930f677c7f91c2efd2fe028325d03258d6af540b92,1,,0.003692,0.0072,gauss2,BP01_12MP_NL_JPEG.mat,3,1189.4
D02_iPhone_7_Plus_36963935736.jpg,756x1008,eb6721537f6256634f0f5b36131530d878b55cf2a756e3a7c30850942b760b99,1,,0.005003,0.0072,gauss2,BP01_12MP_NL_JPEG.mat,3,922.5
D02_iPhone_7_Plus_36981473502.jpg,756x1008,8b30d1b38cacbf4cbc08721547e76f06308dfbcbc72877c2ddda14f7e8a7b0e1,1,,0.008973,0.0072,gauss2,BP01_12MP_NL_JPEG.mat,3,1114.8
D02_iPhone_7_Plus_36981480252.jpg,756x1008,9da9fc0f0c3eb23c144b89a6a38031aaf1b3fbe5036e3956d2fbadcb6a79d8dd,1,,0.005937,0.0072,gauss2,BP01_12MP_NL_JPEG.mat,3,925.9
D02_iPhone_7_Plus_36981997932.jpg,756x1008,3bccb70d780771b11bfd9310d117e74807b9e51efe1d288ed5e17167ea95928d,1,,0.004669,0.0072,gauss2,BP01_12MP_NL_JPEG.mat,3,1188.5
D02_iPhone_7_Plus_36982030742.jpg,756x1008,4a649d4e8ff0b34eb5b14c4155e39d5380c2e2d907668687b73ddd438313153d,1,,0.005029,0.0072,gauss2,BP01_12MP_NL_JPEG.mat,3,943.3
D02_iPhone_7_Plus_37010342111.jpg,756x1008,f44a5274c405a9fc98feb353ff6b41116c6f05da6352c261e0a600f3113a4ce5,1,,0.003177,0.0072,gauss2,BP01_12MP_NL_JPEG.mat,3,1101.1
D02_iPhone_7_Plus_37051639745.jpg,756x1008,fb0b7bc120764b3f6aade39fbd681e8a7a4421c702be81a780f826bd13f751d0,1,,0.003387,0.0072,gauss2,BP01_12MP_NL_JPEG.mat,3,985.7
D02_iPhone_7_Plus_37137973102.jpg,756x1008,26b5558f0fe96d2e48ab33e9f40a185df97a15aff75c59c57932029ee3be19f2,1,,0.004322,0.0072,gauss2,BP01_12MP_NL_JPEG.mat,3,1157.5
D02_iPhone_7_Plus_37137981122.jpg,756x1008,a01fcaae1171f33d36e9097caed53c9c11450df77c2f3fa9b4d16a6cf9ae25e1,1,,0.010752,0.0072,gauss2,BP01_12MP_NL_JPEG.mat,3,976.3
D02_iPhone_7_Plus_37153282565.jpg,756x1008,1f81adb0a4a2411eddb82df203cc8be76192552352233359298bd7f7bb5594ef,1,,0.002573,0.0072,gauss2,BP01_12MP_NL_JPEG.mat,3,1150.1
D02_iPhone_7_Plus_37153285305.jpg,756x1008,627a7ee661a3da0be9d3d898e7260cdef6d4a61507ab164a90e1bab10131b788,1,,0.00213,0.0072,gauss2,BP03_12MP_NL_JPEG.mat,0,941.1
D02_iPhone_7_Plus_37153288245.jpg,756x1008,3c9afc56009cdb2b8afb0291ed341086a1ec2dac5b31fb67a3e6c566d09a344c,1,,0.008031,0.0072,gauss2,BP01_12MP_NL_JPEG.mat,3,1164.4
D02_iPhone_7_Plus_37168027741.jpg,756x1008,a9e683228b7a4d63aa2198b203214ff6165f396496820f2b21dc8612aa583449,1,,0.003982,0.0072,gauss2,BP01_12MP_NL_JPEG.mat,3,1012.3
D02_iPhone_7_Plus_37168027761.jpg,756x1008,3ee1933cb5c1b697e975114d818d77b16f33b5066e7f7694c5154a50a9f71341,1,,0.003311,0.0072,gauss2,BP06_12MP_SLM_HEIC.mat,1,977.8
D02_iPhone_7_Plus_37311207675.jpg,756x1008,af29f51dd04bfe64c9fa6b6e479528aa6f5c698d12462bee9927978e0c0ece42,1,,0.005071,0.0072,gauss2,BP01_12MP_NL_JPEG.mat,3,923.7
D02_iPhone_7_Plus_37311209095.jpg,756x1008,a95b31e76eefa5cdefb20a3f2e173cb17027164abacca7cbf72fbbeed2c9a62d,1,,0.002901,0.0072,gauss2,BP01_12MP_NL_JPEG.mat,3,1208.2
D02_iPhone_7_Plus_37311211805.jpg,756x1008,3da459f80331c898042568c5f03984355a96a26c3ce81b79e7a723b2ee31419e,1,,0.00431,0.0072,gauss2,BP01_12MP_NL_JPEG.mat,3,1055.9
D02_iPhone_7_Plus_39069899060.jpg,1008x756,4bf276d65fc9288e0540f093a42871b4deab01e78d50defd5d3adaace4e3a9ab,1,,0.064481,0.0072,gauss2,BP02_12MP_NL_JPEG.mat,0,946.7
D02_iPhone_7_Plus_39069899200.jpg,1008x756,d0a4d62e58f555ff4900c7aa6de5a7e22362874465b64e181b8e95f324086b21,1,,0.003476,0.0072,gauss2,BP02_12MP_NL_JPEG.mat,0,917.8
D02_iPhone_7_Plus_39069899230.jpg,1008x756,4c28698272fd870ef174e3a1c1e2b72459313d2135d058828a5c8a4049790d83,1,,0.089088,0.0072,gauss2,BP02_12MP_NL_JPEG.mat,0,1117.3
D02_iPhone_7_Plus_39077333850.jpg,756x1008,6cdd3c13b5c7cf8a583dc2e8818369cd45ba9d2964a67adbcdeb4f93437a911e,1,,0.058998,0.0072,gauss2,BP02_12MP_NL_JPEG.mat,1,923.1
D02_iPhone_7_Plus_39080249910.jpg,1008x756,09998965c3bc2d71036afb9665543d118c9e247a9fe99ff2c1ccf67d36766a88,1,,0.071036,0.0072,gauss2,BP02_12MP_NL_JPEG.mat,0,1160.4
D02_iPhone_7_Plus_39498513310.jpg,1008x756,5f467bcf86e1435aa75689d1b11caae3a6afb53528c26a8355a867b2297611eb,1,,0.055436,0.0072,gauss2,BP02_12MP_NL_JPEG.mat,0,957.1
D02_iPhone_7_Plus_39498513390.jpg,1008x756,2b089f685abd1f667aa825507479b704f710c486522dae0a85cb09969f079948,1,,0.049345,0.0072,gauss2,BP02_12MP_NL_JPEG.mat,0,1170.0
D02_iPhone_7_Plus_39498557790.jpg,756x1008,c15b04c4c3fdb09554565179ee8d1175a81b6a17302dcaeb9469cea1a598fefa,1,,0.057006,0.0072,gauss2,BP02_12MP_NL_JPEG.mat,1,915.6
D02_iPhone_7_Plus_39498557850.jpg,1008x756,653b30d59837c5f364f57c592cea91cb34acf168e8c359b49ca36b145afe72de,1,,0.050725,0.0072,gauss2,BP02_12MP_NL_JPEG.mat,0,1237.2
D02_iPhone_7_Plus_39498563200.jpg,1008x756,166ec656be42d1d92bb9ad3590770d90bf1b232417655133316aef5924e3c913,1,,0.043113,0.0072,gauss2,BP02_12MP_NL_JPEG.mat,0,999.8
D02_iPhone_7_Plus_39985949865.jpg,1008x756,4a818bd6b16a93af8510c4b6355c7e42babe94a30fa12bc5e193ecdbdf5217a4,1,,0.080013,0.0072,gauss2,BP02_12MP_NL_JPEG.mat,0,1060.9
D02_iPhone_7_Plus_39993466325.jpg,756x1008,d33a4e3bda9118ba06145b574fbaa4429a18386e2b3b5b990f8baade135c8368,1,,0.061242,0.0072,gauss2,BP02_12MP_NL_JPEG.mat,1,921.5
D02_iPhone_7_Plus_39993480255.jpg,756x1008,bf809acbce4853b1a1d49f23cf5963fe3655756f78d276359001ae7079251e26,1,,0.061395,0.0072,gauss2,BP02_12MP_NL_JPEG.mat,1,1078.1
D02_iPhone_7_Plus_39993565125.jpg,756x1008,7d0c480b7484baed6b64e4d368e6697eba263e242d4fe738416a5ade8489e5aa,1,,0.027373,0.0072,gauss2,BP02_12MP_NL_JPEG.mat,1,984.8
D02_iPhone_7_Plus_39993598265.jpg,756x1008,8d9a7400875121c2a0e70fed09088fe35c23d0d4fb4515a486a8c519ccb34761,1,,0.044561,0.0072,gauss2,BP02_12MP_NL_JPEG.mat,1,1063.0
D02_iPhone_7_Plus_39993600715.jpg,756x1008,8baacfc0017ed3a0c69d270be4c9746d06d48a8c1147bd0d8f9075403e3a5e76,1,,0.057755,0.0072,gauss2,BP02_12MP_NL_JPEG.mat,1,1011.0
D02_iPhone_7_Plus_39993600745.jpg,756x1008,750f21dce3e428de9872697f3e4266ca0b5c2ec97324b5f30af475f3e8054118,1,,0.060815,0.0072,gauss2,BP02_12MP_NL_JPEG.mat,1,1210.2
D02_iPhone_7_Plus_39993608355.jpg,756x1008,765f81d6ad2192b7345d12e3c8816808bb58e1c1b8f81424d485223a5e36f138,1,,0.069405,0.0072,gauss2,BP02_12MP_NL_JPEG.mat,1,1006.0
D02_iPhone_7_Plus_39993657445.jpg,756x1008,fe682a1ebe0f096f459d2cc614400818ae5c0eec076766adab945d7786d7c22f,1,,0.071735,0.0072,gauss2,BP02_12MP_NL_JPEG.mat,1,1162.5
D02_iPhone_7_Plus_39993658215.jpg,756x1008,74461ee66330c0d55f62b89efc4b2e012d09bdd6029d64ab52dd292e604d83ef,1,,0.101358,0.0072,gauss2,BP02_12MP_NL_JPEG.mat,1,1078.2
D02_iPhone_7_Plus_39993658785.jpg,1008x756,8b48e2a41a8e7ad18a554573da2ef676f0e7b239ccea6e6c3b9b5a5834223e53,1,,0.108009,0.0072,gauss2,BP02_12MP_NL_JPEG.mat,0,935.0
D02_iPhone_7_Plus_39996075975.jpg,756x1008,cd4ac8dfcbb4532bc67743fe2b755fca7f137e4dfa7c62421ed293d4c2cf2e61,1,,0.073008,0.0072,gauss2,BP02_12MP_NL_JPEG.mat,1,924.4
D02_iPhone_7_Plus_40179215494.jpg,1008x756,066803f36493126b02e4bb6d2a2eb185c1701ffe19fc06c22728f646a855c8f6,1,,0.046408,0.0072,gauss2,BP02_12MP_NL_JPEG.mat,0,1237.1
D02_iPhone_7_Plus_40179215564.jpg,1008x756,14d7f7c49be9eb85a589f2e12ddc4be83f6aff02f35f86de97924e4bf5b463ae,1,,0.062166,0.0072,gauss2,BP02_12MP_NL_JPEG.mat,0,1026.3
D02_iPhone_7_Plus_40179269434.jpg,756x1008,ee2fe5ea10ddbc09acdd06665a42230169ad7da12e165aacb11f84a108770007,1,,0.059871,0.0072,gauss2,BP02_12MP_NL_JPEG.mat,1,935.2
D02_iPhone_7_Plus_40179345494.jpg,756x1008,c527bb389398903be57263c9e3f967b13e02105e0d83ea588acba41aac284b80,1,,0.059787,0.0072,gauss2,BP02_12MP_NL_JPEG.mat,1,950.6
D02_iPhone_7_Plus_40179346604.jpg,756x1008,8e9ef77253dff66f416ac6850c2cfab9005fcb4c69873fc9e76feb6f55be1a24,1,,0.068101,0.0072,gauss2,BP02_12MP_NL_JPEG.mat,1,1331.1
D02_iPhone_7_Plus_40179483594.jpg,756x1008,c937eab9f66be0284afd6c04c27dc0296095bdada686c1caf268557412cd6396,1,,0.057166,0.0072,gauss2,BP02_12MP_NL_JPEG.mat,1,1149.4
D02_iPhone_7_Plus_40179483764.jpg,756x1008,b47c773fe136fbdc795f425c4cafcc7c16640a6c0b68145a0808db0e0721bc30,1,,0.066547,0.0072,gauss2,BP02_12MP_NL_JPEG.mat,1,1059.9
D02_iPhone_7_Plus_40179530254.jpg,756x1008,64b6a6fe907f6f2fe839825e4d59b252cba6dce4415709465b8b89bbc19c09e8,1,,0.058156,0.0072,gauss2,BP02_12MP_NL_JPEG.mat,1,939.7
D02_iPhone_7_Plus_40179530874.jpg,756x1008,6018f3357456856fabb1f0685baee4277e8c5dffb27400c526791f37b814d44e,1,,0.055469,0.0072,gauss2,BP02_12MP_NL_JPEG.mat,1,1100.9
D02_iPhone_7_Plus_40179531104.jpg,756x1008,0d2dbf138650159fcda3d3935710d199cc6daad575aefd13dc44fc02b300538d,1,,0.066049,0.0072,gauss2,BP02_12MP_NL_JPEG.mat,1,936.4
D02_iPhone_7_Plus_40412244685.jpg,1008x756,6d4f08f653f443fb10ab8ae15b0927c70dc34a92d57072ce470d9247499f0a92,1,,0.068469,0.0072,gauss2,BP02_12MP_NL_JPEG.mat,0,1063.0
D02_iPhone_7_Plus_40412245835.jpg,1008x756,f348b39b54715afa3c4cbcc2b1d4e5a853b67019eff42d86b5d338b81a4fa78b,1,,0.064776,0.0072,gauss2,BP02_12MP_NL_JPEG.mat,0,1013.5
D02_iPhone_7_Plus_40594327814.jpg,1008x756,e907561fed4a72b7cd4d3996db45a60d328276906063a27cd2db993b95ffe671,1,,0.040664,0.0072,gauss2,BP02_12MP_NL_JPEG.mat,0,1120.2
D02_iPhone_7_Plus_40594362374.jpg,1008x756,601b0ae24d3e6e9b9610226de22116b563a7d6b5babd69b9ab9b8f7d8e303798,1,,0.057905,0.0072,gauss2,BP02_12MP_NL_JPEG.mat,0,972.8
D02_iPhone_7_Plus_40594371334.jpg,1008x756,2b7ce03d2cb5703e30b0b41b8d1e60deb6f38d0f09f9c2ebe986f8bf593ddae3,1,,0.057783,0.0072,gauss2,BP02_12MP_NL_JPEG.mat,0,1118.0
D02_iPhone_7_Plus_40838022182.jpg,756x1008,fe6da8bc40f101dafe1636e1a897a1d5cce680cd79bc856d1e15f13e631e91be,1,,0.07382,0.0072,gauss2,BP02_12MP_NL_JPEG.mat,1,1031.8
D02_iPhone_7_Plus_40845150772.jpg,756x1008,287045ebfbc7d918e3f9c5d899efcb79aefc71db8c13c0db4a280f0288b81817,1,,0.05962,0.0072,gauss2,BP02_12MP_NL_JPEG.mat,1,1206.0
D02_iPhone_7_Plus_40845246212.jpg,756x1008,4c24a2817a8b2fa869c46e1650bed571574d065dd8361bb8a4fc0f603b91850a,1,,0.058948,0.0072,gauss2,BP02_12MP_NL_JPEG.mat,1,920.0
D02_iPhone_7_Plus_40845246232.jpg,756x1008,432ba2f7dc2640fa32e795230daadbe742bb92959f4f2babe7ea382cae502e17,1,,0.061012,0.0072,gauss2,BP02_12MP_NL_JPEG.mat,1,1171.8
D02_iPhone_7_Plus_40845246372.jpg,756x1008,631492d8ff939ed6dd6250e229fb98097c8a34962621d9eff54ea6cd17371ec0,1,,0.07239,0.0072,gauss2,BP02_12MP_NL_JPEG.mat,1,943.9
D02_iPhone_7_Plus_40845293792.jpg,756x1008,302ed7169b0db0001f0c26647ca433b4d214f1a3856303dbd5674870949ef894,1,,0.055063,0.0072,gauss2,BP02_12MP_NL_JPEG.mat,1,1069.7
D02_iPhone_7_Plus_40845293862.jpg,756x1008,57a3fc75286b9de92c214a11f3d37f19b0e56144da8a48e824ca6750af56b211,1,,0.037878,0.0072,gauss2,BP02_12MP_NL_JPEG.mat,1,915.6
D02_iPhone_7_Plus_40845293912.jpg,756x1008,f3c97785b14b79fa580cae74a6a946cbef2deb402b9ace5920ae1e6c1e38d9dc,1,,0.049085,0.0072,gauss2,BP02_12MP_NL_JPEG.mat,1,1287.6
D02_iPhone_7_Plus_40845293952.jpg,756x1008,7ce49c51ecb90d88dde9ad64b501a65a2c1f53903f23c557328fe2f1693ace23,1,,0.056958,0.0072,gauss2,BP02_12MP_NL_JPEG.mat,1,1070.5
D02_iPhone_7_Plus_40845294282.jpg,756x1008,4b6eefff39ea4b7e925c99110744a084169cd979a2aa6dbe9f6a76b1ba6733f9,1,,0.062683,0.0072,gauss2,BP02_12MP_NL_JPEG.mat,1,945.2
D02_iPhone_7_Plus_40845294352.jpg,756x1008,d29e3eb908a91aea7f6862015d94fb5092038eee6ef6f7267539c6cf1fd7bed7,1,,0.071053,0.0072,gauss2,BP02_12MP_NL_JPEG.mat,1,922.7
D02_iPhone_7_Plus_40845294392.jpg,756x1008,5b39e23a3d449efd73ca323e05c6e8ea0e840830dfff2c5285e754da509420c1,1,,0.07281,0.0072,gauss2,BP02_12MP_NL_JPEG.mat,1,1219.8
D02_iPhone_7_Plus_40845394152.jpg,756x1008,4b59525bd2bd11e69784d8558476b1e2623606baa36b708c5da6293a98f387bc,1,,0.051718,0.0072,gauss2,BP02_12MP_NL_JPEG.mat,1,1042.3
D02_iPhone_7_Plus_40845394872.jpg,756x1008,89b29907db256546661bd5c52c2284a80920f95eccbcfad66de7990010173118,1,,0.06571,0.0072,gauss2,BP02_12MP_NL_JPEG.mat,1,1239.7
D02_iPhone_7_Plus_40879516151.jpg,1008x756,ef23cb300a0133f66c0d4a582dace89219c0cc1ebfdcaa844c4af3737e84e56a,1,,0.064634,0.0072,gauss2,BP02_12MP_NL_JPEG.mat,0,1334.0
D02_iPhone_7_Plus_40879517371.jpg,1008x756,b0cf531228094415c7a27a01f4b21ba783e201cef1f2fea3bb3a35750f4ae93d,1,,0.0363,0.0072,gauss2,BP02_12MP_NL_JPEG.mat,0,1078.5
D02_iPhone_7_Plus_40886799231.jpg,756x1008,eaa2ae75f347d916b33ab67591e9bb81b09dc3831b4ff4b27696bb2d3f15569f,1,,0.059048,0.0072,gauss2,BP02_12MP_NL_JPEG.mat,1,1150.4
D02_iPhone_7_Plus_40886857921.jpg,756x1008,e1e15c3aca97fe4d4bf3e84c7cccfa742c05500e7b26c4baffc9868f205db4f0,1,,0.052626,0.0072,gauss2,BP02_12MP_NL_JPEG.mat,1,1011.5
D02_iPhone_7_Plus_40886858181.jpg,756x1008,a62d228802821544fe5a38c1c02220dc729549019edbe0f67c64c2a4e00791b5,1,,0.06908,0.0072,gauss2,BP02_12MP_NL_JPEG.mat,1,1206.4
D02_iPhone_7_Plus_40889675601.jpg,1008x756,a2e13967adad6ee1fbb19b6d8d7a86ae3ce4ebb9fc8da4fde12d55be9f5197a1,1,,0.023941,0.0072,gauss2,BP02_12MP_NL_JPEG.mat,0,1062.8
D02_iPhone_7_Plus_41265339962.jpg,1008x756,d53521e9abdbeaebe27674009b9c67eafc1a8019587795c84fa989e9b56a6434,1,,0.057596,0.0072,gauss2,BP02_12MP_NL_JPEG.mat,0,1087.5
D02_iPhone_7_Plus_41307634491.jpg,1008x756,66288292beb8e8c3e990e2478a8e507cbf7a5a35e2d416a0ace8aad131738a3e,1,,0.063859,0.0072,gauss2,BP02_12MP_NL_JPEG.mat,0,944.5
D02_iPhone_7_Plus_41307716931.jpg,1008x756,dfb8947e938a0622c0540d79e95703014fd5caa9c0242aa87321363ba036385f,1,,0.052857,0.0072,gauss2,BP02_12MP_NL_JPEG.mat,0,1100.9
D02_iPhone_7_Plus_42821157632.jpg,1008x756,e923373d21f23e8b80d2116e283d7e66d2bbf8666b6003761b2bf7193b3b7501,1,,0.071183,0.0072,gauss2,BP02_12MP_NL_JPEG.mat,0,993.1
D02_iPhone_7_Plus_42925428641.jpg,1008x756,30339d74e3af889909efc9899bd48d125b9494a2d8760914ec0c875c5f9870ed,1,,0.07253,0.0072,gauss2,BP02_12MP_NL_JPEG.mat,0,1123.5
D03_iPhone_7_Plus_24351158838.jpg,1008x756,18057b7acd86d11a6f8f191379b506544d10502a3bdb187b44ad878c96ecd57c,1,,0.004661,0.0072,gauss2,BP02_12MP_NL_JPEG.mat,0,959.6
D03_iPhone_7_Plus_24351159808.jpg,756x1008,b28362d4e01efb943506350bdd930f632f4198b7a91cb1435a2f3cfb1110f9c7,1,,0.002643,0.0072,gauss2,BP01_12MP_NL_JPEG.mat,1,1126.6
D03_iPhone_7_Plus_24351161648.jpg,1008x756,886fe81b137248487742e3a35ea2a81ed02b6eefdccf8b5fa191956e96122d71,1,,0.003367,0.0072,gauss2,BP03_12MP_NL_JPEG.mat,3,1017.7
D03_iPhone_7_Plus_24351392178.jpg,1008x756,24001e02fa38669a15c66d7816d4fdeb051bf451f3e212de67cde87e40e8dc23,1,,0.025204,0.0072,gauss2,BP02_12MP_NL_JPEG.mat,0,1217.6
D03_iPhone_7_Plus_24357210388.jpg,1008x756,1d2f0f774667591b708eac955dd4091bee55fe7ea4768d857874f9290f4a0fbc,1,,0.021703,0.0072,gauss2,BP02_12MP_NL_JPEG.mat,0,940.2
D03_iPhone_7_Plus_24357222428.jpg,1008x756,2f801a71aad83c8531f087e41711544b3903c6bb525060409a0432bc921e7201,1,,0.007156,0.0072,gauss2,BP02_12MP_NL_JPEG.mat,0,1118.3
D03_iPhone_7_Plus_26432991489.jpg,1008x756,ffd63805aa5d9c94cc697c501845ea7a7caef7aa321d38e299ce99aa710fd743,1,,0.00385,0.0072,gauss2,BP02_12MP_NL_JPEG.mat,0,939.9
D03_iPhone_7_Plus_26433018749.jpg,756x1008,8bd7c0e43abb70609dc0ddcb66d321bf0c0fe18a2350608dce611ae8d1163e96,1,,0.027173,0.0072,gauss2,BP02_12MP_NL_JPEG.mat,3,1181.8
D03_iPhone_7_Plus_26433023049.jpg,756x1008,6d1e4c9ab8c37d61cf0661398b44758c26f2b6790781d3a77b8a8fb996d473ab,1,,0.003019,0.0072,gauss2,BP02_12MP_NL_JPEG.mat,1,943.2
D03_iPhone_7_Plus_26433334249.jpg,756x1008,fe532706f73fe93a838503eb07472989dcdbf5e7304f7e2466c87b6f3a552deb,1,,0.02522,0.0072,gauss2,BP02_12MP_NL_JPEG.mat,3,1094.7
D03_iPhone_7_Plus_26433365049.jpg,1008x756,538b5fb8ce505e594fdc3009332071c6ae2f725448938da623de4787346d5c19,1,,0.029013,0.0072,gauss2,BP02_12MP_NL_JPEG.mat,0,1085.1
D03_iPhone_7_Plus_26433366969.jpg,756x1008,3d006408834f2468103d971628c3fa576a667c797eaf23c975044036c05a8596,1,,0.003827,0.0072,gauss2,BP02_12MP_NL_JPEG.mat,1,1208.0
D03_iPhone_7_Plus_37492961454.jpg,1008x756,8ef11f49010f179bb7cd2a7d62e5df769be6c6ca1812b4baeab8e64476c0c94f,1,,0.002907,0.0072,gauss2,BP02_12MP_NL_JPEG.mat,0,1143.3
D03_iPhone_7_Plus_37492972514.jpg,756x1008,949a3bdc3793e996ce054bc154cd1bbb8bbce5d227ce8b0f80c729db42f0f466,1,,0.0252,0.0072,gauss2,BP02_12MP_NL_JPEG.mat,3,913.4
D03_iPhone_7_Plus_37492973644.jpg,756x1008,3999a5f9dbd151f2d91f665287e11d15aec8f91c986198120354314da549e20a,1,,0.002612,0.0072,gauss2,BP08_12MP_NL_JPEG.mat,2,943.5
D03_iPhone_7_Plus_37496531974.jpg,756x1008,2a003243f52c4d90a8a96148f2a2cae72e299fe5c97ebd319140c11f1dada62c,1,,0.01603,0.0072,gauss2,BP02_12MP_NL_JPEG.mat,1,1312.7
D03_iPhone_7_Plus_37498450194.jpg,1008x756,1d8a6d20f47a0fd377bc82d44738b0530dbaecca9b5aced5434fee3442f9307d,1,,0.003386,0.0072,gauss2,BP02_12MP_NL_JPEG.mat,0,1121.6
D03_iPhone_7_Plus_37498489264.jpg,1008x756,0c470986e52bc443b5123053d64c1eef37d9084f219875149a3666477e65a25e,1,,0.004484,0.0072,gauss2,BP02_12MP_NL_JPEG.mat,0,920.1
D03_iPhone_7_Plus_37498833494.jpg,1008x756,30f4eaf07d4b1ad9f01598e4e57e61f53ed4596e183d6a12ccf2b0e8afba8e75,1,,0.004033,0.0072,gauss2,BP02_12MP_NL_JPEG.mat,0,941.3
D03_iPhone_7_Plus_38147783586.jpg,1008x756,79aa0df4bc1c0606bac519cb64df71248757e2d646f94f9dd1bd6f7a0beae4e6,1,,0.008063,0.0072,gauss2,BP02_12MP_NL_JPEG.mat,0,1370.7
D03_iPhone_7_Plus_38147921426.jpg,1008x756,ac22336fbfaf23e0b8e4bcc31caebd84d4cbdb73d50c1f7bf16f62c2ef94e8d5,1,,0.024345,0.0072,gauss2,BP02_12MP_NL_JPEG.mat,0,1080.9
D03_iPhone_7_Plus_38147921846.jpg,756x1008,74ecaaadc35477c014f3ede93357808aa42b6671749169f489580df06075cd71,1,,0.017709,0.0072,gauss2,BP02_12MP_NL_JPEG.mat,3,934.9
D03_iPhone_7_Plus_38153380676.jpg,1008x756,8ad8b1e6938996b6feb3008d6fdc47e92bdd60e391aa53315c915e86900badf3,1,,0.004067,0.0072,gauss2,BP02_12MP_NL_JPEG.mat,0,943.2
D03_iPhone_7_Plus_38153408696.jpg,1008x756,619d391916112495255969aaccd41ef10ccf1ab73acb0b0d64fccb969e70e3cf,1,,0.004946,0.0072,gauss2,BP02_12MP_NL_JPEG.mat,0,1262.4
D03_iPhone_7_Plus_38153421936.jpg,1008x756,3f63e7ca0340ac05f6e252d63e219a6cfac6aae37dfa89f26212a41ebe391f27,1,,0.003087,0.0072,gauss2,BP05_12MP_SLM_HEIC.mat,2,1189.9
D03_iPhone_7_Plus_38153423836.jpg,1008x756,7414893df1181a5ed1a4d22b570802f6f344f5efb0d8426fd25a34404f5aab53,1,,0.004281,0.0072,gauss2,BP02_12MP_NL_JPEG.mat,0,926.1
D03_iPhone_7_Plus_38153560506.jpg,1008x756,0324dcee550b1a53af1f806bedc833496db30b30c0bb81772c5bd5aa73b938a6,1,,0.003799,0.0072,gauss2,BP02_12MP_NL_JPEG.mat,0,931.6
D03_iPhone_7_Plus_38153763406.jpg,756x1008,c2a54aba7968b92fa9b7c2bcf66001db4859664daa2f54b45d1e5ef533aae91c,1,,0.002198,0.0072,gauss2,BP02_12MP_NL_JPEG.mat,1,1081.2
D03_iPhone_7_Plus_38153767786.jpg,1008x756,92cd01579e1dac5867344ce9d4174201bcde131a75b90ad836b31225fd35db4d,1,,0.021983,0.0072,gauss2,BP02_12MP_NL_JPEG.mat,0,958.4
D03_iPhone_7_Plus_38153774256.jpg,756x1008,6285f3647ac8a7982c723c3eca4d839d59a350613353ab04ffaa1db4f08fa9c3,1,,0.023776,0.0072,gauss2,BP02_12MP_NL_JPEG.mat,3,1168.0
D03_iPhone_7_Plus_38153778726.jpg,1008x756,bd0406efe65c6e2c4a5f3d7c9801723bfc592f5858a0c8eaf8b5cd90b4a45b6a,1,,0.003768,0.0072,gauss2,BP05_12MP_SLM_HEIC.mat,0,947.4
D03_iPhone_7_Plus_38172147622.jpg,1008x756,efbadc00dd7f97fe9745f0cb7b1f0d9a8f68290b330059b306c6fe37ed3f9c0d,1,,0.020559,0.0072,gauss2,BP02_12MP_NL_JPEG.mat,0,1179.5
D03_iPhone_7_Plus_38172178532.jpg,756x1008,b491a2f212c740d457cefbf968f990b3c9cc733a017153479d9a67490b8feeab,1,,0.002934,0.0072,gauss2,BP06_12MP_SLM_HEIC.mat,0,941.4
D03_iPhone_7_Plus_38177562242.jpg,756x1008,0cbd5bd5e0b8df927bcff2e6194c06634fa34170a24db5bf84f97ebc702ce52d,1,,0.004811,0.0072,gauss2,BP03_12MP_NL_JPEG.mat,2,1136.4
D03_iPhone_7_Plus_38177587772.jpg,1008x756,6d96e82618603756bab5775d353c850f147d35276a41c18d5d6650fea76e3500,1,,0.003888,0.0072,gauss2,BP02_12MP_NL_JPEG.mat,0,976.6
D03_iPhone_7_Plus_38177913392.jpg,1008x756,be79397b398202e128d5c49d28065bd98b45f120fa838f429e4258a368fadc51,1,,0.008032,0.0072,gauss2,BP02_12MP_NL_JPEG.mat,0,1106.7
D03_iPhone_7_Plus_38177956202.jpg,1008x756,d3b0982bb1b5f8e537758dbe28b95841b31ffd9dcd58d7b3ef9c8790ebe77cbe,1,,0.002752,0.0072,gauss2,BP02_12MP_NL_JPEG.mat,0,925.3
D03_iPhone_7_Plus_38177961522.jpg,756x1008,6f774cd497b16006f04acf3daa2df25d35a3832b15a3b0ba822280e16d1aa98f,1,,0.025602,0.0072,gauss2,BP02_12MP_NL_JPEG.mat,3,1207.4
D03_iPhone_7_Plus_38204118621.jpg,756x1008,83ad5c97eb7597f85746a0fc4e1ec6dafd7c97c02f11a5aff8b8853fa23cfcb0,1,,0.01787,0.0072,gauss2,BP02_12MP_NL_JPEG.mat,3,967.7
D03_iPhone_7_Plus_38209573931.jpg,1008x756,18333dc7b4420a8e4edd5b16880f5cccd0aa71a57cb6ca8de65868287fc19df8,1,,0.031355,0.0072,gauss2,BP02_12MP_NL_JPEG.mat,0,1216.3
D03_iPhone_7_Plus_38209722611.jpg,1008x756,ef2622591e4ad9b5748945623ef5e6ccb37f8a4b6dea0fd92030032b2446366a,1,,0.002737,0.0072,gauss2,BP03_12MP_NL_JPEG.mat,3,937.8
D03_iPhone_7_Plus_38209974241.jpg,756x1008,d8e8b09d4fea2d6099a8f47155a33f2d3ef6f53b5491b2d20983dbd76064f6c8,1,,0.019024,0.0072,gauss2,BP02_12MP_NL_JPEG.mat,1,1214.3
D03_iPhone_7_Plus_38210000511.jpg,756x1008,02fdf92a6507190ed2c0d786a3d7d102e3857a1ed756c1162618199227e2bf88,1,,0.017554,0.0072,gauss2,BP02_12MP_NL_JPEG.mat,3,1238.6
D03_iPhone_7_Plus_38210001031.jpg,1008x756,dffceed12268fb2da719d8e858f61fe7009a505d461d61a7b0678b18218d7df7,1,,0.021907,0.0072,gauss2,BP02_12MP_NL_JPEG.mat,0,990.8
D03_iPhone_7_Plus_38210001751.jpg,1008x756,2a2ea5637c16ca213148d368e785bb012ce02f174fe1dcfcd16ac05e7a65ff41,1,,0.027012,0.0072,gauss2,BP02_12MP_NL_JPEG.mat,0,1277.0
D03_iPhone_7_Plus_38210009651.jpg,1008x756,128609be5d46de71a9863b325cf5ba4fe49795d9caaf3d7022f8e66d4f865ef3,1,,0.003701,0.0072,gauss2,BP03_12MP_NL_JPEG.mat,3,1000.6
D04_iPhone_7_Plus_25157336087.jpg,756x1008,68261c1647797bb227ae7c289324898604e9792c49f4c76569f021d29f08b70b,1,,0.005395,0.0072,gauss2,BP02_12MP_NL_JPEG.mat,3,1264.3
D04_iPhone_7_Plus_33916732263.jpg,756x1008,077ee02e39115876cb656fcbd00bd0fd1f1743e324f991c5f010e4f6c14b2530,1,,0.00427,0.0072,gauss2,BP01_12MP_NL_JPEG.mat,3,1001.1
D04_iPhone_7_Plus_33916735823.jpg,756x1008,bcaf51662ea914fce540e7f31008d4d6f4b5f155615f0d54e636741000f30595,1,,0.025283,0.0072,gauss2,BP01_12MP_NL_JPEG.mat,3,1222.0
D04_iPhone_7_Plus_33916743473.jpg,756x1008,055a99df80bc6a44926146304ef826620ec6ecdd1c06d4a4fe4f8eae7c7b8f83,1,,0.008876,0.0072,gauss2,BP01_12MP_NL_JPEG.mat,3,983.2
D04_iPhone_7_Plus_34564374602.jpg,756x1008,f7405181fa4735857aec331ca3771c29a1b0f69ac581e4d06d7d577e4ab59452,1,,0.025553,0.0072,gauss2,BP01_12MP_NL_JPEG.mat,3,1216.1
D04_iPhone_7_Plus_34686075736.jpg,756x1008,3d0346ffbd8bf95caaa7fd2777d8551fa51047f07a797b2cc51cbe61de2b5f0e,1,,0.019606,0.0072,gauss2,BP01_12MP_NL_JPEG.mat,3,983.4
D04_iPhone_7_Plus_36821606474.jpg,756x1008,06dfeb69d7102c738e6ced21a74afecb6e5fc14879251a3f83e3f64e1a8fdcbd,1,,0.012502,0.0072,gauss2,BP02_12MP_NL_JPEG.mat,1,1215.3
D04_iPhone_7_Plus_36821609274.jpg,756x1008,f17c208372f7f12971a182231f625f0ee0dbe9338188932626e40c40a8ad8ec5,1,,0.014118,0.0072,gauss2,BP02_12MP_NL_JPEG.mat,1,1231.8
D04_iPhone_7_Plus_36862182723.jpg,756x1008,779936791854a414345c24f45037e79ef64376f2f26161cb7689cb7c568c9e1f,1,,0.019046,0.0072,gauss2,BP02_12MP_NL_JPEG.mat,1,945.7
D04_iPhone_7_Plus_37821837015.jpg,756x1008,c3a6de4d8ea0bc38141cb98045fe2941e5fdea415aca2f723cf77401488fe69a,1,,0.027215,0.0072,gauss2,BP01_12MP_NL_JPEG.mat,3,928.1
D04_iPhone_7_Plus_37992059314.jpg,756x1008,6ca5e6d207a0bafc69bf91e03d3c9a4b2b695ba54a50555f674545714dd5a8cb,1,,0.064748,0.0072,gauss2,BP01_12MP_NL_JPEG.mat,3,1205.6
D04_iPhone_7_Plus_39318057334.jpg,756x1008,96d9cb7f79a21d264099e16bc86591a0d3d15416ce45743007cf512bc876afbf,1,,0.006482,0.0072,gauss2,BP02_12MP_NL_JPEG.mat,1,947.2
D05_iPhone_7_Plus_28163282677.jpg,756x1008,61d5954ec3f7c768ec185162b748aec4941ebdefb1e93fe4803d8b3e6f6acb24,1,,0.013335,0.0072,gauss2,BP02_12MP_NL_JPEG.mat,1,1142.8
D05_iPhone_7_Plus_29160176698.jpg,1008x756,0c40528be8efc8de1a325f07aabce3301ef1415007a0c55a27b7a6966a95d4d8,1,,0.01214,0.0072,gauss2,BP02_12MP_NL_JPEG.mat,0,934.3
D05_iPhone_7_Plus_29160176918.jpg,756x1008,e4e5849a3e6525d58cdbf4b7028443101f599a29a9db89dd436281f018e90209,1,,0.014106,0.0072,gauss2,BP02_12MP_NL_JPEG.mat,1,1100.8
D05_iPhone_7_Plus_30191303957.jpg,756x1008,f53933199ce8915e9a24f520b80477ddbf63ee0669ee16afd081fba1f2db78b0,1,,0.012808,0.0072,gauss2,BP02_12MP_NL_JPEG.mat,1,1078.3
D05_iPhone_7_Plus_30191307557.jpg,756x1008,53dcbb806977e76d6d579dec5405ad6c3a216f483803e33685f5572ae46d64e5,1,,0.014909,0.0072,gauss2,BP02_12MP_NL_JPEG.mat,1,1044.1
D05_iPhone_7_Plus_31255444798.jpg,756x1008,c36540626454a0e021fd69011c696020f3530be2c59ca3e2c1bf9b1466305866,1,,0.016491,0.0072,gauss2,BP02_12MP_NL_JPEG.mat,1,944.4
D05_iPhone_7_Plus_41222012130.jpg,756x1008,c1bb551254b36eba0e057b58254c359206b64288d36ebe252212aefcbfd85474,1,,0.013176,0.0072,gauss2,BP02_12MP_NL_JPEG.mat,1,1078.1
D05_iPhone_7_Plus_42982202982.jpg,756x1008,2820aeef656195c2d11f996a27aa1608193c0b7aff0f76e2e54c0680b41877b1,1,,0.015163,0.0072,gauss2,BP02_12MP_NL_JPEG.mat,1,965.7
D05_iPhone_7_Plus_42982203802.jpg,756x1008,92e7dcf60c5cbf3f4c8d404e932044d3d08f6c6267e8eff31d385fccdefbba90,1,,0.014136,0.0072,gauss2,BP02_12MP_NL_JPEG.mat,1,1177.2
D05_iPhone_7_Plus_43315818130.jpg,756x1008,bb1229d50b7e07d5e136eb7dda4c92b669bdb7145e8f572dd4f7c7c9439836f1,1,,0.015254,0.0072,gauss2,BP02_12MP_NL_JPEG.mat,1,976.5
D05_iPhone_7_Plus_44217328155.jpg,756x1008,961d907187b8bdbb570606fce8c932c1d08fc5023d6af4370b98c7dd10b4a87d,1,,0.017231,0.0072,gauss2,BP02_12MP_NL_JPEG.mat,1,1253.2
D05_iPhone_7_Plus_44408429414.jpg,756x1008,d5e446bc7a56cd3b9acd4477fcea17db1e748f6614bc989d719dabad9f218bf7,1,,0.015378,0.0072,gauss2,BP02_12MP_NL_JPEG.mat,1,949.2
D05_iPhone_7_Plus_45129105141.jpg,1008x756,64b3348c42e9e34de81a5075647c7a45c438bfa392511960a173e8634d953d2e,1,,0.011227,0.0072,gauss2,BP02_12MP_NL_JPEG.mat,0,953.4
D06_iPhone_7_Plus_32296985854.jpg,756x1008,1f9df85dbcfb62d84805120a6e055a60278b1e378f77b979aeff6a243b49dba5,1,,0.00822,0.0072,gauss2,BP01_12MP_NL_JPEG.mat,3,919.9
D06_iPhone_7_Plus_32296988114.jpg,756x1008,ef5123492b9b7eef1697b35dc42e9b3621ee22f1e1c7c661d7794c6bb1445b14,1,,0.004674,0.0072,gauss2,BP01_12MP_NL_JPEG.mat,3,1302.4
D06_iPhone_7_Plus_32296989344.jpg,756x1008,be4e8b4cd07f5fc01af48a87b1ca63aafc970116c28842891bf1b618e89b0d72,1,,0.002038,0.0072,gauss2,BP01_12MP_NL_JPEG.mat,3,985.3
D06_iPhone_7_Plus_32297088504.jpg,756x1008,a8e783d4170585dd29c3eb4f2a38c8f3d65dd2dbcfc7b6c9bfb28c60b06d7001,1,,0.005156,0.0072,gauss2,BP01_12MP_NL_JPEG.mat,3,1209.5
D06_iPhone_7_Plus_32297326864.jpg,756x1008,de511958489feace006a62570f12a5a1111b51ebcd41fab28f7f82bc4a10419c,1,,0.004003,0.0072,gauss2,BP03_12MP_NL_JPEG.mat,0,1039.2
D06_iPhone_7_Plus_32297865594.jpg,756x1008,f92e3e37194be5e545a526c25e108662474505587e7a1b5e49c52867e1b1e3d4,1,,0.010025,0.0072,gauss2,BP01_12MP_NL_JPEG.mat,3,962.9
D06_iPhone_7_Plus_32326337793.jpg,756x1008,0f4402185621b5933d1616744cfb9965a415d572dff1a332574e9baabe0d787b,1,,0.003371,0.0072,gauss2,BP05_12MP_SLM_HEIC.mat,3,934.0
D06_iPhone_7_Plus_32326338543.jpg,756x1008,ab44925e330ac3eb6fcd3619a24ef831ea856cb321d43e361fb07204173cfbec,1,,0.001247,0.0072,gauss2,BP08_12MP_NL_JPEG.mat,2,1330.9
D06_iPhone_7_Plus_32326339953.jpg,1008x756,4ca8e981ba7a7ca8be913b35dd9065aa701bc5d55b93db361f84b39b998c3cb6,1,,0.001625,0.0072,gauss2,BP06_12MP_SLM_HEIC.mat,1,981.7
D06_iPhone_7_Plus_32327074053.jpg,756x1008,52af46d26a2f83379102e75f9dd8d153c6229e47bbbf155fcf32e8295be4eac2,1,,0.002796,0.0072,gauss2,BP05_12MP_SLM_HEIC.mat,2,945.4
D06_iPhone_7_Plus_32327074833.jpg,756x1008,3f50227be0143dede8de46d5dd49b6e28aa88e0debf1fda9eed6fb511d8c6866,1,,0.005185,0.0072,gauss2,BP01_12MP_NL_JPEG.mat,3,926.1
D06_iPhone_7_Plus_32327130013.jpg,756x1008,3479abbc4052c38b958aba126ded78d249345f4ac9498dfb243baa4c6760a85a,1,,0.03857,0.0072,gauss2,BP01_12MP_NL_JPEG.mat,3,1234.1
D06_iPhone_7_Plus_32327131533.jpg,756x1008,f81286103d710cbc882f3608389e1dab89fb24104ff9062b806a8d81fa86f2dc,1,,0.028881,0.0072,gauss2,BP01_12MP_NL_JPEG.mat,3,1167.6
D06_iPhone_7_Plus_32327313953.jpg,756x1008,58f90ed4f359be63cdfa985a1e6912f8fb4dd8d103300332723d62ad85ceedb0,1,,0.002915,0.0072,gauss2,BP01_12MP_NL_JPEG.mat,3,952.3
D06_iPhone_7_Plus_32327519723.jpg,756x1008,5b8043779ecdaf06269a58946363a15e624bf17e6d0f1267eba93191cd52c73a,1,,0.020413,0.0072,gauss2,BP01_12MP_NL_JPEG.mat,3,925.5
D06_iPhone_7_Plus_32327521083.jpg,756x1008,cde3fd371688c3d2d4b00048306853b36a2c70cc4d659fee2433b85f9e991af6,1,,0.008077,0.0072,gauss2,BP01_12MP_NL_JPEG.mat,3,1131.0
D06_iPhone_7_Plus_32327522433.jpg,756x1008,ca670db28dce54f90ee2a66321171bc66a0d92bd749f7ed9ffaff2329e961b92,1,,0.00857,0.0072,gauss2,BP01_12MP_NL_JPEG.mat,3,940.8
D06_iPhone_7_Plus_32327523523.jpg,756x1008,10f10bdd2bcea240a83e4e6aa2dabdd923568f23cd2d65f86f502a7962a6ef97,1,,0.005114,0.0072,gauss2,BP01_12MP_NL_JPEG.mat,3,1099.3
D06_iPhone_7_Plus_32517340173.jpg,756x1008,0d8b6c01a97c80f808b46b1ffb1d42db8c94cb72e661365b23186d1f262ed734,1,,0.002614,0.0072,gauss2,BP01_12MP_NL_JPEG.mat,0,943.5
D06_iPhone_7_Plus_32642031204.jpg,756x1008,99e176482c2f3ae1e241fa17c9512aef1da24feb63542104849056a522b0131c,1,,0.00234,0.0072,gauss2,BP03_12MP_NL_JPEG.mat,3,1117.3
D06_iPhone_7_Plus_32739873164.jpg,756x1008,e499fbade638b7d7f18baa7bf09ba53defbe8e6a33c08eb0edf924d262c1e943,1,,0.003006,0.0072,gauss2,BP01_12MP_NL_JPEG.mat,3,935.1
D06_iPhone_7_Plus_32759870630.jpg,756x1008,658bfb81f45351544b2e3c895cf87e7a49db3002c0b745509e701fb7dc91ce26,1,,0.006372,0.0072,gauss2,BP01_12MP_NL_JPEG.mat,3,1171.7
D06_iPhone_7_Plus_32760378540.jpg,756x1008,9a77ecec37b1d206b8d92b0881bc6c847b1ae4bb3719acd81622e5dfa3ece3ae,1,,0.003027,0.0072,gauss2,BP01_12MP_NL_JPEG.mat,3,991.5
D06_iPhone_7_Plus_32807596074.jpg,756x1008,1438483f56fde9917e98b8d59a93a61650a504ad0c1dad521e4fa51046c8f857,1,,0.1037,0.0072,gauss2,BP01_12MP_NL_JPEG.mat,3,1138.2
D06_iPhone_7_Plus_32866556954.jpg,756x1008,ce16f8977c97d4277a2ce0d85807abda76e1df8f90165c233b12497fb9062aa5,1,,0.003325,0.0072,gauss2,BP01_12MP_NL_JPEG.mat,3,970.8
D06_iPhone_7_Plus_32866561364.jpg,756x1008,64387811505f5835cdd44d79ce6311477d436cd31bd9fa5a67c6961d2ba8711f,1,,0.002134,0.0072,gauss2,BP05_12MP_SLM_HEIC.mat,3,1185.7
D06_iPhone_7_Plus_32866561574.jpg,756x1008,4177de974692aab249daf96409f28dc49dcd9e2bfc49d8637a3e2089ef3b0dd3,1,,0.002184,0.0072,gauss2,BP08_12MP_NL_JPEG.mat,3,935.5
D06_iPhone_7_Plus_32866564634.jpg,756x1008,5a7970d8ac9df83d17be714489ad0b872aaca385f91a3ca6d6f9aa5bcd4b1d89,1,,0.003493,0.0072,gauss2,BP01_12MP_NL_JPEG.mat,3,1123.0
D06_iPhone_7_Plus_32866565404.jpg,756x1008,7d74bda2bc6743a22a0663b7e17f3ef13d572f37466fb40b5593e873e2519293,1,,0.002653,0.0072,gauss2,BP01_12MP_NL_JPEG.mat,3,949.1
D06_iPhone_7_Plus_32866565894.jpg,756x1008,c90752cbf2229adb03fdc02594be67bacd3ce20bfbf1ff1859e2d10075078d35,1,,0.002256,0.0072,gauss2,BP03_12MP_NL_JPEG.mat,1,1162.1
D06_iPhone_7_Plus_32866566164.jpg,756x1008,f37a29c2dab5ffc77b01c238aa91577bf7dd56cfd9acaa2b2f208994186cc981,1,,0.002362,0.0072,gauss2,BP06_12MP_NL_HEIC.mat,3,987.0
D06_iPhone_7_Plus_32866567304.jpg,756x1008,135559623bcfeb83ac1059a84f2fa20b4f9e2b278e338ed88405f5d57c0214dd,1,,0.002693,0.0072,gauss2,BP06_12MP_SLM_HEIC.mat,3,1088.8
D06_iPhone_7_Plus_32986098242.jpg,756x1008,34a95501e8bf816152999103dd237a48311f82c2aa98d3624e6581c09c0695b9,1,,0.006042,0.0072,gauss2,BP01_12MP_NL_JPEG.mat,3,1020.0
D06_iPhone_7_Plus_32986290352.jpg,756x1008,cb95919701c942323eb705a837231078965d01049293b3984e37726718504220,1,,0.002825,0.0072,gauss2,BP04_12MP_NL_JPEG.mat,1,941.3
D06_iPhone_7_Plus_32986291792.jpg,756x1008,d03092cc5f18d1b7b86d92ea173cc5849ee6cb2f400290bbf6abe969608830f0,1,,0.002775,0.0072,gauss2,BP01_12MP_NL_JPEG.mat,3,928.4
D06_iPhone_7_Plus_32986293892.jpg,756x1008,68f22a9c31e6f0d798d642dbdd7a5a568b4cea7ef2e89e1d47db6b5a68f7ca5e,1,,0.002786,0.0072,gauss2,BP01_12MP_NL_JPEG.mat,3,1180.0
D06_iPhone_7_Plus_32986295582.jpg,756x1008,23d9eaabb0fb53b12d794fb9add306ebd65c97d12578d14be95c0d69d65864ec,1,,0.004538,0.0072,gauss2,BP01_12MP_NL_JPEG.mat,3,972.4
D06_iPhone_7_Plus_32986296992.jpg,756x1008,bd9b9cde2104c7076d0c16d2475b69d5d633226cd5f660447f8e53ccf6f74dbc,1,,0.004886,0.0072,gauss2,BP01_12MP_NL_JPEG.mat,3,1180.5
D06_iPhone_7_Plus_32986297702.jpg,756x1008,01c4641207e6d9e9f78bd40600d46b0fdf828b7b23022718a1e1600466335363,1,,0.003896,0.0072,gauss2,BP01_12MP_NL_JPEG.mat,3,953.6
D06_iPhone_7_Plus_32986298392.jpg,756x1008,c71749ea453515be8e99e6d988ddbb8a981b963fe484ea536e7647e8785b8682,1,,0.002138,0.0072,gauss2,BP05_12MP_SLM_HEIC.mat,3,1188.0
D06_iPhone_7_Plus_32986300512.jpg,756x1008,3321980068d0994286b85c6e35178b45176997ef3ab927d59cdd5a7810e20d18,1,,0.005788,0.0072,gauss2,BP01_12MP_NL_JPEG.mat,3,923.9
D06_iPhone_7_Plus_32986392732.jpg,756x1008,eff781734720609471863fd88c94a62ea377bd1909d84b7d811eaa71088165f7,1,,0.003403,0.0072,gauss2,BP01_12MP_NL_JPEG.mat,3,1203.3
D06_iPhone_7_Plus_32986394062.jpg,756x1008,626f5325404c32829e747f4ad0b1e1abe2cb3cbbe94c22a280d8dcba265e6b25,1,,0.004639,0.0072,gauss2,BP01_12MP_NL_JPEG.mat,3,1118.2
D06_iPhone_7_Plus_32986531422.jpg,756x1008,0cb02101a64b4b42450f58836fcdd66c9689764d80cb091c0452d1d84661757e,1,,0.017342,0.0072,gauss2,BP01_12MP_NL_JPEG.mat,3,935.3
D06_iPhone_7_Plus_32986542802.jpg,756x1008,f0edfcf92897d1408390547ce1b26a07700d46550bf8e7ddd2a6c1e1f0911c71,1,,0.001932,0.0072,gauss2,BP01_12MP_NL_JPEG.mat,3,953.0
D06_iPhone_7_Plus_32986543842.jpg,756x1008,dbd23d4307ded47359477786d0fb35a10b10033109c48a27e1054b91c60e72a4,1,,0.008223,0.0072,gauss2,BP01_12MP_NL_JPEG.mat,3,1204.9
D06_iPhone_7_Plus_32986544302.jpg,756x1008,1c4aebd98096bc9ceb25bd9a5fa93472fde296120ada6c2b877852adcc0f3d4f,1,,0.006309,0.0072,gauss2,BP01_12MP_NL_JPEG.mat,3,924.0
D06_iPhone_7_Plus_32986548212.jpg,756x1008,9e7ce89001ef410568bcd738a134f7bbe5848ff18979486056ec5afbe08129a6,1,,0.004904,0.0072,gauss2,BP01_12MP_NL_JPEG.mat,3,1180.1
D06_iPhone_7_Plus_33015266451.jpg,756x1008,78166541eeb3d870d85ab9b5790827397c18f017835eb799a542963fa19f5f59,1,,0.004194,0.0072,gauss2,BP01_12MP_NL_JPEG.mat,3,926.4
D06_iPhone_7_Plus_33015669501.jpg,756x1008,64bf704daa09225035c03c3042f52ac73727f862d24731afda9fd503bbb2feb0,1,,0.003443,0.0072,gauss2,BP06_12MP_NL_HEIC.mat,2,1206.5
D06_iPhone_7_Plus_33015670521.jpg,756x1008,fa28686d44168fc288eaacc324fc99f9ab2b3c0d6ad39bf811e3eedc9e000312,1,,0.005485,0.0072,gauss2,BP01_12MP_NL_JPEG.mat,3,1012.6
D06_iPhone_7_Plus_33015875471.jpg,756x1008,a2d6dce5f7405c9f48692efe4ae593ea4679883db67a6619c2ab422308b3e746,1,,0.005899,0.0072,gauss2,BP01_12MP_NL_JPEG.mat,3,950.6
D06_iPhone_7_Plus_33015876711.jpg,756x1008,d14c021b174b28af651cfcdfda504fc8bd5caa741b63e790a87d5c54359a0536,1,,0.002501,0.0072,gauss2,BP03_12MP_NL_JPEG.mat,1,934.4
D06_iPhone_7_Plus_33015879951.jpg,756x1008,02bccdf01d334bb29a808acb983001e46188564f3bbc68cbea2694c570393492,1,,0.010852,0.0072,gauss2,BP01_12MP_NL_JPEG.mat,3,1095.5
D06_iPhone_7_Plus_33015881081.jpg,756x1008,48d6a3c817e0feb0cd0d4ef330a8c0b36df054c5a2922a7a9690e6ec2bd2e33f,1,,0.00339,0.0072,gauss2,BP01_12MP_NL_JPEG.mat,3,1011.5
D06_iPhone_7_Plus_33015882041.jpg,756x1008,897e4279e38724faa06497872575bd77d3051bd86b72e44b92fe48f61ccee478,1,,0.004778,0.0072,gauss2,BP01_12MP_NL_JPEG.mat,3,1100.8
D06_iPhone_7_Plus_33015882741.jpg,756x1008,756e87323a2e566a4ebcc35de8b054f3e8edb6764c364d4f739bd503d5b45158,1,,0.002969,0.0072,gauss2,BP05_12MP_SLM_HEIC.mat,3,980.8
D06_iPhone_7_Plus_33015883591.jpg,756x1008,b97415a3eb16c2302bccc47ee499c1f5d2c421e9a885ba2be9d81f1dee05aeb7,1,,0.003335,0.0072,gauss2,BP01_12MP_NL_JPEG.mat,3,1079.5
D06_iPhone_7_Plus_33015884091.jpg,756x1008,718016ae261d5a8ae9ae8b9efcd31a69d944fa418012ca1a40444e69c8538007,1,,0.007523,0.0072,gauss2,BP01_12MP_NL_JPEG.mat,3,967.1
D06_iPhone_7_Plus_33101149986.jpg,756x1008,c275229a3cd1f83d660086aa6e3e8b997865dfd874d476f3669251c3139a1b7e,1,,0.021829,0.0072,gauss2,BP01_12MP_NL_JPEG.mat,3,1167.7
D06_iPhone_7_Plus_33101208376.jpg,756x1008,d41264f68bedccaaa0d4712bc6f6c4401f047074831e1e56febc3466464f4cac,1,,0.002473,0.0072,gauss2,BP01_12MP_NL_JPEG.mat,3,965.5
D06_iPhone_7_Plus_33101488726.jpg,756x1008,30e45c6260b4a0f8b10cc3a4341d95720eed5598e5771f7f0794fe2936369e93,1,,0.004572,0.0072,gauss2,BP01_12MP_NL_JPEG.mat,3,1229.4
D06_iPhone_7_Plus_33101489656.jpg,756x1008,f22f4999cec1afdd8277d2e2abadad679ef08714404961fc203b69be13306f8b,1,,0.003967,0.0072,gauss2,BP01_12MP_NL_JPEG.mat,3,931.0
D06_iPhone_7_Plus_33101493666.jpg,756x1008,650a25c5755452f4edbe96e37f3ee7c7dedf27148bb70ff5486efef078228e2f,1,,0.005789,0.0072,gauss2,BP01_12MP_NL_JPEG.mat,3,937.4
D06_iPhone_7_Plus_33101495296.jpg,756x1008,eadc7f467c268494285ed5cea1402f13ed287afdff9bce5684fca91d619d2c1f,1,,0.004664,0.0072,gauss2,BP01_12MP_NL_JPEG.mat,3,948.2
D06_iPhone_7_Plus_33101495756.jpg,756x1008,e0c961feda7944c8b45d55328e33f990347ef805d90ff17af4862117ea6d2429,1,,0.003896,0.0072,gauss2,BP01_12MP_NL_JPEG.mat,3,1236.7
D06_iPhone_7_Plus_33101504266.jpg,756x1008,d18f0e6c54f7e9663cba148787112931140ab2d70b41eed6dcd3658cb39e829f,1,,0.004486,0.0072,gauss2,BP01_12MP_NL_JPEG.mat,3,929.4
D06_iPhone_7_Plus_33101506466.jpg,756x1008,17bc154e6a45066d164b7e33ad29eb1b381128c08b267a5678f2fe372dc634d7,1,,0.003895,0.0072,gauss2,BP01_12MP_NL_JPEG.mat,3,1197.7
D06_iPhone_7_Plus_33101617696.jpg,756x1008,8d84d495606e7f79b0d4e7b3b1290755966dd33966bf03f29aabec09cab62893,1,,0.005323,0.0072,gauss2,BP01_12MP_NL_JPEG.mat,3,919.6
D06_iPhone_7_Plus_33143115345.jpg,756x1008,158e6ab36b37c95acb371f8e32a0581641cc1c1111b9963ad5b8908e243f4c91,1,,0.00276,0.0072,gauss2,BP06_12MP_SLM_HEIC.mat,1,1195.8
D06_iPhone_7_Plus_33199550310.jpg,1008x756,0e7dd7b4a005d3239834665df99f6da3bc9370e745d4534e6debb3c89123b75d,1,,0.006632,0.0072,gauss2,BP01_12MP_NL_JPEG.mat,2,955.0
D06_iPhone_7_Plus_33204106911.jpg,756x1008,443b26d65468f48a4c5219a079332ae182f032d63455e73163e0df3100c968a2,1,,0.003954,0.0072,gauss2,BP03_12MP_NL_JPEG.mat,0,1189.3
D06_iPhone_7_Plus_33267991622.jpg,756x1008,7f67c1f201107638952f4cde01f1a32519a34d665e073d2a06276ee8d9e9da82,1,,0.006577,0.0072,gauss2,BP01_12MP_NL_JPEG.mat,3,997.3
D06_iPhone_7_Plus_33290786226.jpg,1008x756,9174b5b7b0d7440782df6db360ca600f32bbda02c7d6019a318865cb4cd7c870,1,,0.004476,0.0072,gauss2,BP01_12MP_NL_JPEG.mat,2,949.6
D06_iPhone_7_Plus_33290796386.jpg,756x1008,ed32f709f4dc9bb867a59ec04be2fed8419da0affab36bc806d0ead64304fc2c,1,,0.002447,0.0072,gauss2,BP03_12MP_NL_JPEG.mat,0,934.5
D06_iPhone_7_Plus_33295285051.jpg,756x1008,eeda4453d54a8102d01195f87bd916d27e8dd8c9307a29de878dbbce1fd6a74a,1,,0.003479,0.0072,gauss2,BP01_12MP_NL_JPEG.mat,3,1095.5
D06_iPhone_7_Plus_33295286061.jpg,756x1008,138ed45a55b2c7b9ddf2808e280707d7e520e6569f2293c84b9541c863690464,1,,0.003377,0.0072,gauss2,BP01_12MP_NL_JPEG.mat,3,978.1
D06_iPhone_7_Plus_33324883810.jpg,756x1008,051eb281faf979feecd42e1a09ddcad5b1c5628d3f0e8abcce5434d7af088536,1,,0.002465,0.0072,gauss2,BP03_12MP_NL_JPEG.mat,1,1128.0
D06_iPhone_7_Plus_33324884460.jpg,756x1008,e1702f5030ce88d89f4b0f60265c76b27c8a887ceb397433825bfe362f71ae63,1,,0.003234,0.0072,gauss2,BP03_12MP_NL_JPEG.mat,0,973.8
D06_iPhone_7_Plus_33423730695.jpg,756x1008,ba2091310c9f8266d2a5756157202812d10a219b7a8a6fdf6854bdf07eb446cc,1,,0.00493,0.0072,gauss2,BP01_12MP_NL_JPEG.mat,3,1079.9
D06_iPhone_7_Plus_33423733055.jpg,756x1008,b62d1dfb2de99d8f3fd4765cf2904e07f671cb605df61c0af1b1256bf0a9052c,1,,0.002395,0.0072,gauss2,BP03_12MP_NL_JPEG.mat,1,963.3
D06_iPhone_7_Plus_33423733875.jpg,756x1008,ae5cfeeb18acad1aef0cc2c24a3ee9774247815c6626a7a7978da5244dc4a9e0,1,,0.003836,0.0072,gauss2,BP01_12MP_NL_JPEG.mat,3,1124.6
D06_iPhone_7_Plus_33426072112.jpg,756x1008,cdee75209ad5de91d5815d7416be90a897649312771e413680290fc6aee73c49,1,,0.004993,0.0072,gauss2,BP01_12MP_NL_JPEG.mat,3,1040.9
D06_iPhone_7_Plus_33426073512.jpg,756x1008,d5e745f21641a01ae9a04372c3da7e4b3f5d30530984fbc37f5e0825c19c02f2,1,,0.004972,0.0072,gauss2,BP01_12MP_NL_JPEG.mat,3,1184.6
D06_iPhone_7_Plus_33542216356.jpg,756x1008,da716dade484c2e687b205e3d8963628fd40e532a1b8179517567a00f7013f55,1,,0.006701,0.0072,gauss2,BP01_12MP_NL_JPEG.mat,3,932.7
D06_iPhone_7_Plus_33542217286.jpg,756x1008,72890f12a6046dbd4ffc56d8512e382c937e10e9b7d183f5d2e93faac979daac,1,,0.004434,0.0072,gauss2,BP01_12MP_NL_JPEG.mat,3,1163.9
D06_iPhone_7_Plus_33542217776.jpg,756x1008,66107a850544f8b3a210d634a5d1cccc55695029a4029055e42c2402484c197e,1,,0.006687,0.0072,gauss2,BP01_12MP_NL_JPEG.mat,3,920.9
D06_iPhone_7_Plus_33542218626.jpg,756x1008,765646b53cd1e0947f19715edca1e5b46f0a10cdfb68c979dcc9ee3d9daaf87d,1,,0.004424,0.0072,gauss2,BP01_12MP_NL_JPEG.mat,3,1186.0
D06_iPhone_7_Plus_33542219506.jpg,756x1008,595972b5f9e87512bf254e3f421113331cddc2a9e04773e0a3e60582fc6025fc,1,,0.006031,0.0072,gauss2,BP01_12MP_NL_JPEG.mat,3,916.8
D06_iPhone_7_Plus_33542219896.jpg,1008x756,b6cd4a40a2fc26372dfbe01221429c171dea5eb68f5d3cd36e1a3abe1c8ca269,1,,0.008541,0.0072,gauss2,BP01_12MP_NL_JPEG.mat,2,1228.2
D06_iPhone_7_Plus_33552753292.jpg,756x1008,3c07645259c65f3201fc80b50c0b551f1d942420469938a9bcd60b51d845e9e6,1,,0.004091,0.0072,gauss2,BP01_12MP_NL_JPEG.mat,3,926.9
D06_iPhone_7_Plus_33690868980.jpg,756x1008,5b134e1857ba0df4b08b288e24e93fb40514d25009d89bc9901e8f1caba4a480,1,,0.007628,0.0072,gauss2,BP01_12MP_NL_JPEG.mat,3,1169.3
D06_iPhone_7_Plus_33690870820.jpg,756x1008,71b42cf2d124ac10ff8571cc59d2d811c15e38c11f8576175d4bfeee836ad231,1,,0.002616,0.0072,gauss2,BP06_12MP_NL_HEIC.mat,0,966.5
D06_iPhone_7_Plus_33709047345.jpg,756x1008,e7d02f13099dbe537e0965a0fb6186d4c0b21293610d7d1cb86a5b92b88ddd29,1,,0.00443,0.0072,gauss2,BP01_12MP_NL_JPEG.mat,3,1120.5
D06_iPhone_7_Plus_33709050505.jpg,756x1008,01e3d533be4e6176e79ab11fad1598d1c85506bcfeb9234cd4dca45a57c6ef7a,1,,0.002896,0.0072,gauss2,BP03_12MP_NL_JPEG.mat,1,964.1
D06_iPhone_7_Plus_33709052455.jpg,756x1008,eccb16d391158e017ff06b4b159452af2e591f4e9edac2b8598211b54fcac46d,1,,0.001556,0.0072,gauss2,BP02_12MP_NL_JPEG.mat,1,1081.5
D06_iPhone_7_Plus_33709052725.jpg,756x1008,5ebe6d37f5ae21e5f53f0d3c900eb824f7bb6f190b55b612036b25923dc6b533,1,,0.003004,0.0072,gauss2,BP01_12MP_NL_JPEG.mat,1,921.3
D06_iPhone_7_Plus_33709054835.jpg,756x1008,045e6bb0d3a4685cc06dcecf3c5dd8c624ec83f3e3afd9ec6e8094c2a031aaeb,1,,0.002928,0.0072,gauss2,BP06_12MP_SLM_HEIC.mat,0,1202.5
D06_iPhone_7_Plus_33793029211.jpg,1008x756,e502903ee50157bb385cb5f6116b2df03a279b8b5608ea43fcec425cb67f9239,1,,0.005256,0.0072,gauss2,BP01_12MP_NL_JPEG.mat,2,966.7
D06_iPhone_7_Plus_33793031291.jpg,1008x756,156de51b77ae9371bb6b19700835b6f9c7c5bc2d09e90b93ca6ed30c223a7f4f,1,,0.009604,0.0072,gauss2,BP01_12MP_NL_JPEG.mat,2,1090.7
D06_iPhone_7_Plus_34034793406.jpg,756x1008,505358e9038a1d99a38fc0ecf38e21debe120f67a4c5d45c6013e849c1f88787,1,,0.004047,0.0072,gauss2,BP01_12MP_NL_JPEG.mat,3,1133.2
D06_iPhone_7_Plus_34034794916.jpg,756x1008,4ad978828d773aac4e5e3f4716e8198ff9ea2b0bb3c4bfc71aa4dc3561f4f163,1,,0.00214,0.0072,gauss2,BP08_12MP_NL_JPEG.mat,3,938.1
D06_iPhone_7_Plus_34034796526.jpg,756x1008,d7068a0b811769aa6ea258fb89c25e1cc310166bb5a67fbbdaf390172a3ab9e1,1,,0.00218,0.0072,gauss2,BP04_12MP_NL_JPEG.mat,1,928.4
D06_iPhone_7_Plus_34034799836.jpg,756x1008,213d70e12d8c6b34a02a76366fdfe2f04ba07920b2ac0d7090309ff77640d61c,1,,0.006767,0.0072,gauss2,BP01_12MP_NL_JPEG.mat,3,1186.7
D06_iPhone_7_Plus_34074605675.jpg,756x1008,c4b4a1a5cb8c9b0dac3a7839f012d883276bb195c40576a629e3fbc36c69578c,1,,0.005084,0.0072,gauss2,BP01_12MP_NL_JPEG.mat,3,928.0
D06_iPhone_7_Plus_34074606845.jpg,756x1008,de1419998a348b6e7c9bc0e464af1f99aed383672c68a0631d99cb572bc88a17,1,,0.002466,0.0072,gauss2,BP01_12MP_NL_JPEG.mat,3,1159.4
D06_iPhone_7_Plus_34074705055.jpg,1008x756,de8b604bf44274df5edc069c157b8842a63407f658b1361c990d785d5aae02a6,1,,0.002585,0.0072,gauss2,BP01_12MP_NL_JPEG.mat,2,926.7
D06_iPhone_7_Plus_34710481730.jpg,756x1008,f4b85b788f31265b39ea75bad82aabe8c5fc86caeec1ceafb3ff3af85e1d8015,1,,0.005514,0.0072,gauss2,BP01_12MP_NL_JPEG.mat,3,1144.4
D06_iPhone_7_Plus_34874526573.jpg,1008x756,71b8db4617d042362fcf9976ef334d547c9cac73bd6e1296fcd18e2eacdc0e96,1,,0.014125,0.0072,gauss2,BP01_12MP_NL_JPEG.mat,2,1013.5
D06_iPhone_7_Plus_34874527063.jpg,756x1008,a0fe31ac574edd7139f3e618da031ed8f4e06998c8e8ec2464083936d72c3866,1,,0.003725,0.0072,gauss2,BP01_12MP_NL_JPEG.mat,3,1251.8
D06_iPhone_7_Plus_34874528073.jpg,756x1008,f3e51eb00f0f5b3da71bb8a5b7567dec0da45b797387edd60e54dd2b6b705a14,1,,0.004537,0.0072,gauss2,BP01_12MP_NL_JPEG.mat,3,935.9
D06_iPhone_7_Plus_34874528723.jpg,756x1008,13a77069c19d3ee4079a7cf65621c5236f133b9d3b1c75cb1c07d8def61fbd45,1,,0.002632,0.0072,gauss2,BP01_12MP_NL_JPEG.mat,3,1239.6
D06_iPhone_7_Plus_34966749161.jpg,756x1008,8d7691831ce8d769e1de4defb0119eeb41502d47ea2f998364279777e592b5f4,1,,0.001634,0.0072,gauss2,BP05_12MP_SLM_HEIC.mat,2,972.6
D06_iPhone_7_Plus_34966750231.jpg,756x1008,53ae7dc6760bfd0c60ba18e36892d45ea640461718e3320daa642c79c2ef1db0,1,,0.002552,0.0072,gauss2,BP01_12MP_NL_JPEG.mat,3,1014.4
D06_iPhone_7_Plus_35057420476.jpg,756x1008,cf89c5282a30b12bc5fe6af007301da1346d254c73cae7d70ec82ca5c5f2937b,1,,0.002171,0.0072,gauss2,BP05_12MP_SLM_HEIC.mat,0,971.6
D06_iPhone_7_Plus_35644309376.jpg,756x1008,cf0abcfea838ea6ac72fd4ea5b916d32f7429b97461f96c829b8f3efaf0c781a,1,,0.004855,0.0072,gauss2,BP01_12MP_NL_JPEG.mat,3,1102.4
D06_iPhone_7_Plus_35683705985.jpg,756x1008,248f905b7930c59d1ccd365698d5cf60d8abbfa0bb1fe16cc689b7918219f5f8,1,,0.003601,0.0072,gauss2,BP01_12MP_NL_JPEG.mat,3,969.1
D06_iPhone_7_Plus_38019556686.jpg,756x1008,a7c907ab7f619dc55f60fe869c222f7046c56fd794fccd0a427e97cf44536db2,1,,0.003602,0.0072,gauss2,BP01_12MP_NL_JPEG.mat,3,1230.6
D10_iPhone_8_Plus_28124787877.jpg,1008x756,24f28d479fcd288368e90275e35a5eb6b756ba2c90da9e62367055dc70ec5fe2,1,,0.002884,0.0072,gauss2,BP05_12MP_SLM_HEIC.mat,2,1223.9
D10_iPhone_8_Plus_28124823417.jpg,756x1008,8fa51015ef891527965769737a6222845077a24bb34440829ebe4014bd703a8c,1,,0.008548,0.0072,gauss2,BP03_12MP_NL_JPEG.mat,1,1011.1
D10_iPhone_8_Plus_28124823717.jpg,756x1008,c26b63f031f0b81788c1c008d6f7d9696f978338e3d064d9c36f0643d4753267,1,,0.003986,0.0072,gauss2,BP03_12MP_NL_JPEG.mat,1,930.0
D10_iPhone_8_Plus_28124824037.jpg,756x1008,cc9977b94ece5547f806545327c3a09840c07aead1c63dabdd7547b245753aab,1,,0.007167,0.0072,gauss2,BP03_12MP_NL_JPEG.mat,1,1292.6
D10_iPhone_8_Plus_28417220097.jpg,1008x756,1bfe5f49b6a99890c2f5faca173cb39556b885dba32166ae62dc8b7ef0fa49d8,1,,0.010318,0.0072,gauss2,BP03_12MP_NL_JPEG.mat,0,1170.7
D10_iPhone_8_Plus_28417222057.jpg,1008x756,1ab7b137aef993dc460f2890c0b43da4e67f94edd98154dae79a77fdc98baf27,1,,0.010125,0.0072,gauss2,BP03_12MP_NL_JPEG.mat,0,985.6
D10_iPhone_8_Plus_28500863737.jpg,1008x756,9744b9af13df05e1ef6661403b306e5822b858f39155f675857c6d51783143cd,1,,0.012125,0.0072,gauss2,BP03_12MP_NL_JPEG.mat,0,924.2
D10_iPhone_8_Plus_28500918487.jpg,1008x756,e451a2a4ae84bb6e243663af472fc8073621fada50001b19b2baf39bb25fb718,1,,0.010164,0.0072,gauss2,BP03_12MP_NL_JPEG.mat,0,1381.6
D10_iPhone_8_Plus_29120805638.jpg,756x1008,e997dbede3c2614af00fa40eb92affc01054bbce318cd5600b6a3633e69f6e90,1,,0.008567,0.0072,gauss2,BP03_12MP_NL_JPEG.mat,1,1249.8
D10_iPhone_8_Plus_29120805948.jpg,756x1008,da2cd1d045c7facd18b31abd6356aec74e424e455292d6978567322546a83f37,1,,0.005439,0.0072,gauss2,BP03_12MP_NL_JPEG.mat,1,1018.7
D10_iPhone_8_Plus_29500160278.jpg,756x1008,c1654be14e0d76e1a694ea8a4ad9f761f43115f550af0d2ab5b83c3121b97fbb,1,,0.010605,0.0072,gauss2,BP03_12MP_NL_JPEG.mat,1,1192.5
D10_iPhone_8_Plus_29500161148.jpg,1008x756,1f31d3f9c8431e77bb21677fdc57134d2892563f042cc21be740909495d586f2,1,,0.008392,0.0072,gauss2,BP03_12MP_NL_JPEG.mat,0,1058.9
D10_iPhone_8_Plus_29500161518.jpg,756x1008,8e66ebabcdcb98d7346205ea0a8ef7159c023e7636c49e1370252f4b64db5600,1,,0.011387,0.0072,gauss2,BP03_12MP_NL_JPEG.mat,1,1066.3
D10_iPhone_8_Plus_41182708700.jpg,756x1008,b6ca432ae389d4ac930c8c3a94a73aaec9aeebf8af6d88e37b4ecd6371b1dae6,1,,0.0024,0.0072,gauss2,BP05_12MP_SLM_HEIC.mat,1,959.4
D10_iPhone_8_Plus_41476701580.jpg,1008x756,dd0cc3b67181ba40fe2eb4f3267170909f1a79fe9b32ec1d43a808caa921c6fb,1,,0.01003,0.0072,gauss2,BP03_12MP_NL_JPEG.mat,0,1064.2
D10_iPhone_8_Plus_41476701660.jpg,1008x756,129f75f664e9edf8ac41478b252ab7872f9768a3c58bdb1e32c535d163a7bebb,1,,0.009109,0.0072,gauss2,BP03_12MP_NL_JPEG.mat,0,1033.4
D10_iPhone_8_Plus_41476701840.jpg,1008x756,7372e01b69166ed47207680492b1ef40e4af9db8b43a2aba577523ee64f16b43,1,,0.00764,0.0072,gauss2,BP03_12MP_NL_JPEG.mat,0,1067.6
D10_iPhone_8_Plus_41476703180.jpg,1008x756,1a15cfbd1c1a59f85f8c2afcc4a80d988d7af26c98be9a928035b1cd46a32354,1,,0.015726,0.0072,gauss2,BP03_12MP_NL_JPEG.mat,0,988.8
D10_iPhone_8_Plus_41476708350.jpg,1008x756,fd06b3124abcccdd4b07695be4a6aec66661c5990bdc7868c6479323a2c8d0e3,1,,0.006262,0.0072,gauss2,BP03_12MP_NL_JPEG.mat,0,1206.5
D10_iPhone_8_Plus_41476708980.jpg,1008x756,b55a28230d2e7f75c1e8fe2860f31ae354733d252bd1bc712435d9800f3ea86d,1,,0.011068,0.0072,gauss2,BP03_12MP_NL_JPEG.mat,0,1070.0
D10_iPhone_8_Plus_42274504364.jpg,756x1008,3555dfe4568eb7eb2d15ade70d4615485f7dac8a52cfae8b28eee21daaf5cafc,1,,0.004753,0.0072,gauss2,BP03_12MP_NL_JPEG.mat,1,1111.2
D10_iPhone_8_Plus_42382950165.jpg,1008x756,25b8c569207ea8922ec393a7e18c72b9362f97ee516176ce258bc6ab3533eac1,1,,0.008271,0.0072,gauss2,BP03_12MP_NL_JPEG.mat,0,983.8
D10_iPhone_8_Plus_42382950385.jpg,1008x756,f04c1847ebd93a9a6d79eecec85b37b83c18fc9355ed0e1673a1765c77c48fcd,1,,0.009523,0.0072,gauss2,BP03_12MP_NL_JPEG.mat,0,1120.5
D10_iPhone_8_Plus_42382950395.jpg,1008x756,a82365ddbc84a2bf08972169ca6550e36c01363c30bb4e5e44903c64bf9a9cae,1,,0.008535,0.0072,gauss2,BP03_12MP_NL_JPEG.mat,0,956.2
D10_iPhone_8_Plus_42382950415.jpg,1008x756,d2d8895dc241ff07422e93233c2a516ebc9565b4a9d5b1de37698f01ab375602,1,,0.010071,0.0072,gauss2,BP03_12MP_NL_JPEG.mat,0,1193.1
D10_iPhone_8_Plus_42382950445.jpg,1008x756,18208624743faa45788bf521cec33c159f53b49a039821c3070af5abaf381406,1,,0.008742,0.0072,gauss2,BP03_12MP_NL_JPEG.mat,0,943.1
D10_iPhone_8_Plus_42382950595.jpg,1008x756,e804f34ab65677b8d0f383633a570958ea5ee89ce83032bb99b352ebaf7e6b69,1,,0.010327,0.0072,gauss2,BP03_12MP_NL_JPEG.mat,0,1296.9
D10_iPhone_8_Plus_42382956095.jpg,1008x756,4b4644a4fd882e37ec4af3298d9fffb2b6a948457ca39090df13417d4c057c78,1,,0.009302,0.0072,gauss2,BP03_12MP_NL_JPEG.mat,0,1018.0
D10_iPhone_8_Plus_42382956385.jpg,1008x756,38520c730c89d40f554db783a9a4ba17874aa5702c895c4b839e7359e92815f4,1,,0.00495,0.0072,gauss2,BP03_12MP_NL_JPEG.mat,0,1296.0
D10_iPhone_8_Plus_42382956485.jpg,1008x756,b61f5e5ebd606879a91c57fb8c1587e1c338acb5d6a2a62071cb116623bc1a0c,1,,0.008981,0.0072,gauss2,BP03_12MP_NL_JPEG.mat,0,1230.5
D10_iPhone_8_Plus_42382957015.jpg,1008x756,3baae9bb1befebb57dfb5097b35155e53b808a50873fd2266bd0e1f74057069d,1,,0.008094,0.0072,gauss2,BP03_12MP_NL_JPEG.mat,0,966.6
D10_iPhone_8_Plus_42382962535.jpg,1008x756,cc0ad243a74ff1102216b8693d09b4f8bd805a0100af0a0386207aa80283d8e2,1,,0.006006,0.0072,gauss2,BP03_12MP_NL_JPEG.mat,0,957.2
D10_iPhone_8_Plus_42382962795.jpg,756x1008,bcb5b7a12e7bd9bc75017707c5ccd4b2e3407a0439382a19eabb5114e9d288d3,1,,0.009774,0.0072,gauss2,BP03_12MP_NL_JPEG.mat,1,1266.9
D10_iPhone_8_Plus_42382963285.jpg,1008x756,1597b2b762897953d9e1b60bc255c75832140aac4221f2d9b6fb8b9d5e2067f5,1,,0.005631,0.0072,gauss2,BP03_12MP_NL_JPEG.mat,0,1192.1
D10_iPhone_8_Plus_42382963615.jpg,1008x756,3b728744dd2206eb869ec5adeb490ed51e211df4dafd48f2e4321497c17f485d,1,,0.004963,0.0072,gauss2,BP03_12MP_NL_JPEG.mat,0,963.4
D10_iPhone_8_Plus_42466171875.jpg,1008x756,bfb26aecd60574a25cafa8abae27f727778b2e54e53a7ebe5aa444204ef6af51,1,,0.013584,0.0072,gauss2,BP03_12MP_NL_JPEG.mat,0,957.6
D10_iPhone_8_Plus_42466171975.jpg,756x1008,0f1717b5e4a42a67f28f3f409b5bf12a5c61d3c2277b019636d2c642a7a5e91e,1,,0.008263,0.0072,gauss2,BP03_12MP_NL_JPEG.mat,1,1266.4
D10_iPhone_8_Plus_42466171995.jpg,756x1008,17fed080e54a52473761af48e3a4ffe1ae78762a20ef3ffb66da9d891400a5fa,1,,0.009762,0.0072,gauss2,BP03_12MP_NL_JPEG.mat,1,1037.9
D10_iPhone_8_Plus_42466172045.jpg,1008x756,5be73706df3b1d33344771403c7e96ab0b4f33975c523b7356be923e0071f080,1,,0.015163,0.0072,gauss2,BP03_12MP_NL_JPEG.mat,0,922.8
D10_iPhone_8_Plus_42466175205.jpg,756x1008,812ed1a92aedf6ddb11aca8c807685f9465ea4030417569ae2354a841595058b,1,,0.010562,0.0072,gauss2,BP03_12MP_NL_JPEG.mat,1,1080.9
D10_iPhone_8_Plus_42568489884.jpg,1008x756,1d8cebe83b20d2c4da3d26110c2657a0eb1ab626deaed5115e48a77b5abc0616,1,,0.005961,0.0072,gauss2,BP03_12MP_NL_JPEG.mat,0,1090.1
D10_iPhone_8_Plus_42568490354.jpg,1008x756,ce82403b625588ba3706e86dee217a7b61fdfb93821e7f439daca55a8278d1f3,1,,0.012281,0.0072,gauss2,BP03_12MP_NL_JPEG.mat,0,959.1
D10_iPhone_8_Plus_42568491494.jpg,1008x756,34aa68a8b78b853223d175a6e9c4b176ac8dd1471c1b6fa01cd5a75664b2b01b,1,,0.011155,0.0072,gauss2,BP03_12MP_NL_JPEG.mat,0,1113.1
D10_iPhone_8_Plus_42568496454.jpg,1008x756,a6e59ce061925122fc07285db40d42d20a568619b4da1534874338f00c3320bf,1,,0.011781,0.0072,gauss2,BP03_12MP_NL_JPEG.mat,0,1027.5
D10_iPhone_8_Plus_42653722014.jpg,1008x756,513dc80476f37990135f7a50c57f5c93935e2b380e528e0931cc17758ba2b9ff,1,,0.010768,0.0072,gauss2,BP03_12MP_NL_JPEG.mat,0,1122.0
D10_iPhone_8_Plus_42653723424.jpg,1008x756,5029bd6dba82e4c809514e538b9f12b816a789b660f60d115cc302f361fe8801,1,,0.013247,0.0072,gauss2,BP03_12MP_NL_JPEG.mat,0,969.0
D10_iPhone_8_Plus_42992887281.jpg,756x1008,6464eaacff09114592c08394e07eac203118c10d61e0b28b4566a64aba51551c,1,,0.007261,0.0072,gauss2,BP03_12MP_NL_JPEG.mat,1,1178.7
D10_iPhone_8_Plus_43237306492.jpg,1008x756,551935162144ef31ab6d5e2e1de706366f9259a37bc5d27bdf7a6f681e1bb229,1,,0.012334,0.0072,gauss2,BP03_12MP_NL_JPEG.mat,0,1030.4
D10_iPhone_8_Plus_43237306532.jpg,1008x756,2f74b27a46bee23df1fbe56918e23144ac7388202a34dd8a870179fffc42edc4,1,,0.010495,0.0072,gauss2,BP03_12MP_NL_JPEG.mat,0,920.8
D10_iPhone_8_Plus_43237307032.jpg,1008x756,da892af5e4d4a66c345b733c4b55e3e7a0b7513d75892c700a943f2589930a7e,1,,0.00977,0.0072,gauss2,BP03_12MP_NL_JPEG.mat,0,976.2
D10_iPhone_8_Plus_43237311332.jpg,756x1008,513b140e4b98110aa14cf4feb9699a0f56460f0092e211656007726fac706aa4,1,,0.008893,0.0072,gauss2,BP03_12MP_NL_JPEG.mat,1,1153.3
D10_iPhone_8_Plus_43237311902.jpg,1008x756,3f5a28e9aec341b72cbe39acd6e7eea8376cc6f8caf42907437d87b2f67847d9,1,,0.004371,0.0072,gauss2,BP03_12MP_NL_JPEG.mat,0,990.1
D10_iPhone_8_Plus_43237312242.jpg,1008x756,128912d5112055da15db98748febffb338fccc91edf74e976e65a82c3eebbe7c,1,,0.005697,0.0072,gauss2,BP03_12MP_NL_JPEG.mat,0,1159.1
D10_iPhone_8_Plus_43286603591.jpg,1008x756,03ca9989eb9d9cdc6789f7990a5d4b585f7a61a9e6106b5461848e1823f1733a,1,,0.006818,0.0072,gauss2,BP03_12MP_NL_JPEG.mat,0,932.2
D10_iPhone_8_Plus_43286604941.jpg,1008x756,26418fa1c9768b4c20985835d00a8a2d9cd7cfc213cffdb35c22983c4e485c04,1,,0.010305,0.0072,gauss2,BP03_12MP_NL_JPEG.mat,0,1129.2
D10_iPhone_8_Plus_43286608361.jpg,1008x756,4e1fc212ab0c4656883107f23bfc0def8da7a8b9c4a98d0b92a2e5a0398f8684,1,,0.010113,0.0072,gauss2,BP03_12MP_NL_JPEG.mat,0,938.4
D10_iPhone_8_Plus_43286609191.jpg,1008x756,b93471c2db789d7f1a1740ad6ecd312a88380716ae3eee6d64cd30bdc75286e3,1,,0.009277,0.0072,gauss2,BP03_12MP_NL_JPEG.mat,0,1353.4
D10_iPhone_8_Plus_43286610151.jpg,1008x756,73d50deee435b0982f528849e26d43b32d5aab6971c8fc3ceb84e040139b681f,1,,0.006714,0.0072,gauss2,BP03_12MP_NL_JPEG.mat,0,1278.2
D10_iPhone_8_Plus_43286610431.jpg,1008x756,72e1919638a020fd68ffe4b21871ad2e516eb0b91963b246fef1b75a15d32ef9,1,,0.012218,0.0072,gauss2,BP03_12MP_NL_JPEG.mat,0,981.1
D10_iPhone_8_Plus_43321809692.jpg,756x1008,f475fc2ce8af315e89fbe24c09f8a537717cccd3b51f60815f8aa947eddc4e32,1,,0.010922,0.0072,gauss2,BP03_12MP_NL_JPEG.mat,1,1316.5
D10_iPhone_8_Plus_43370368381.jpg,1008x756,fe7ea7b36b6e61b5a6a4965450046a70221953c9ffb60374bd387aae56d4a8eb,1,,0.006882,0.0072,gauss2,BP03_12MP_NL_JPEG.mat,0,980.9
D11_iPhone_8_Plus_25595287527.jpg,1008x756,1406a49b3efe490be52a4bbf5ce12251c595bbb3da09710c5572e22e5f1fc457,1,,0.005977,0.0072,gauss2,BP03_12MP_NL_JPEG.mat,0,1270.4
D11_iPhone_8_Plus_25595289547.jpg,1008x756,2169c51ebbacf23123ae8d7be0ed3ca06b5a0793d388b55fd805df13590da7ff,1,,0.003029,0.0072,gauss2,BP03_12MP_NL_JPEG.mat,2,994.4
D11_iPhone_8_Plus_25595289597.jpg,1008x756,571f603a0f0b98624fbe95c0387e955fa83bd7297b7f69c47e4acff8dad3545c,1,,0.003036,0.0072,gauss2,BP03_12MP_NL_JPEG.mat,0,1146.7
D11_iPhone_8_Plus_25595289767.jpg,1008x756,48a1117cd0bf3beda1643ecb1d015c0880e0881f039066d2a86cb30e966311a2,1,,0.002823,0.0072,gauss2,BP03_12MP_NL_JPEG.mat,0,974.0
D11_iPhone_8_Plus_26595593638.jpg,1008x756,6372ba0f53c84792bd99d13e7bf9aa8978eea019176e149fe50c5f58de39a32d,1,,0.003287,0.0072,gauss2,BP03_12MP_NL_JPEG.mat,0,1184.4
D11_iPhone_8_Plus_26595593718.jpg,1008x756,12f1c27f70332c155218b698b2f67afa7a47e3d765c96f77197c04953072b410,1,,0.00354,0.0072,gauss2,BP03_12MP_NL_JPEG.mat,0,981.1
D11_iPhone_8_Plus_26595594378.jpg,1008x756,345c33ec7a15a5fe6011c1e2dfbb9efde15ad0c55a9bff0d0579bb455feda445,1,,0.003596,0.0072,gauss2,BP05_12MP_SLM_HEIC.mat,1,1191.0
D11_iPhone_8_Plus_26597793248.jpg,1008x756,94d6e26306ac55a52cd8b6e8200da73949f983d271e26967ce2c7af3ea1ca7ca,1,,0.002243,0.0072,gauss2,BP05_12MP_SLM_HEIC.mat,1,1086.7
D11_iPhone_8_Plus_26597793748.jpg,1008x756,288cd55ec6e03a4034f6cc6160a5f16dcc71d36b8b0da8cfc31c451070bc1295,1,,0.004261,0.0072,gauss2,BP03_12MP_NL_JPEG.mat,0,987.9
D11_iPhone_8_Plus_38655943590.jpg,1008x756,8d6e10fa400934afe9b501baaaa10c479a5ea4f2a4efcb1d4b4f91323d4c2f50,1,,0.003189,0.0072,gauss2,BP03_12MP_NL_JPEG.mat,0,926.6
D11_iPhone_8_Plus_38658105280.jpg,1008x756,8b51cba9dc4d61b8dfc521dd9bbfed7661aa2d71379581c87b20bea54bc33789,1,,0.002319,0.0072,gauss2,BP03_12MP_NL_JPEG.mat,0,1098.4
D11_iPhone_8_Plus_38658108310.jpg,1008x756,19a6a0e11321dd03902d7c9db5ba583554fe1b6caa01e82c4ac55df967560cad,1,,0.002852,0.0072,gauss2,BP03_12MP_NL_JPEG.mat,0,918.6
D11_iPhone_8_Plus_38658110770.jpg,1008x756,a3d48b006be0cac3ece75cda3927d2021897ff28ff4300a7ce32a9e13fc6c025,1,,0.002368,0.0072,gauss2,BP05_12MP_SLM_HEIC.mat,0,1177.0
D11_iPhone_8_Plus_39570494505.jpg,1008x756,dadf4dffd4919566b30f52b552cff111c0a5c62471d7da05b35b03bf90c27465,1,,0.004514,0.0072,gauss2,BP03_12MP_NL_JPEG.mat,0,940.4
D11_iPhone_8_Plus_39570494905.jpg,1008x756,f37c975ea8b60130a6ea63b8474888a3b8aa4c03d2ce60a256581106b7b49d45,1,,0.004194,0.0072,gauss2,BP03_12MP_NL_JPEG.mat,0,1187.3
D11_iPhone_8_Plus_40424967512.jpg,1008x756,861bf0940cd4a52f18a0a0ca59a2b798631073929654786934ff0121b00c233b,1,,0.003345,0.0072,gauss2,BP03_12MP_NL_JPEG.mat,0,929.4
D11_iPhone_8_Plus_40466258391.jpg,1008x756,59bbad76d2e2183a574a5395500ce3b92e66f2334a24d55613138645fc86a511,1,,0.0023,0.0072,gauss2,BP05_12MP_SLM_HEIC.mat,0,1207.5
D17_iPhone_X_28643913787.jpg,756x1008,9891458ff33741ecad6f487930ae7cd53ad0ac282a190700b3b11b055c80c703,1,,0.182396,0.0072,gauss2,BP08_12MP_NL_JPEG.mat,3,985.0
D17_iPhone_X_28643985937.jpg,1008x756,3b5f01551a4ee504e014532c203646add94413b0c90c1baf4f63fd13ddd12b09,1,,0.135873,0.0072,gauss2,BP08_12MP_NL_JPEG.mat,0,952.5
D17_iPhone_X_28643991617.jpg,1008x756,71b56976479bd48517b95aa77edf8a7b0ffcdfb6a9330c69c0336ec9a0d4e2a2,1,,0.18623,0.0072,gauss2,BP08_12MP_NL_JPEG.mat,0,932.4
D17_iPhone_X_28644378137.jpg,756x1008,185032a00130e71dea669e2f9e335201f5adc3aa5a25f6d7fb3b4c0fe8513923,1,,0.003654,0.0072,gauss2,BP08_12MP_NL_JPEG.mat,0,1161.8
D17_iPhone_X_28644378417.jpg,756x1008,d1214c9f0ecb6a6b5dc37673c97125c9fc2b73fee7956ca553dd2593aa0c2a01,1,,0.002076,0.0072,gauss2,BP03_12MP_NL_JPEG.mat,2,953.7
D17_iPhone_X_29660046088.jpg,1008x756,949c40a7424345ff5f7f5e0843c740873128ac29ea2bb0712e7a057f68883dae,1,,0.003572,0.0072,gauss2,BP03_12MP_NL_JPEG.mat,0,1224.5
D17_iPhone_X_29660047018.jpg,1008x756,24d6cfc35cb654ccc5c5c556c31b6e4378649f400280cc102a6fb9fc5c38b523,1,,0.002601,0.0072,gauss2,BP08_12MP_NL_JPEG.mat,0,928.6
D17_iPhone_X_29775534008.jpg,1008x756,ec0ad1261c490748000d4cb9e43d1a043208d58d06d2d6493f7f263c5b0344a5,1,,0.008443,0.0072,gauss2,BP03_12MP_NL_JPEG.mat,0,1192.5
D17_iPhone_X_41722992700.jpg,756x1008,2e65ccd2c378b545c90c3b9151ea87911c8d7d97f5ca97a3fc3d166a3d1f84d8,1,,0.164917,0.0072,gauss2,BP08_12MP_NL_JPEG.mat,3,1437.4
D17_iPhone_X_41723293220.jpg,1008x756,557fe13578241230dc9bb4a675f1a777c8a871b4d1a15d68bf413042eeefbca6,1,,0.004217,0.0072,gauss2,BP04_12MP_NL_JPEG.mat,0,1007.8
D17_iPhone_X_41723441030.jpg,1008x756,e9d2d69dc659980119902b024ed607efbd19af3ae43c41d7120bae50a1d4650e,1,,0.003113,0.0072,gauss2,BP05_12MP_SLM_HEIC.mat,3,1265.5
D17_iPhone_X_41723492620.jpg,1008x756,9c6720ab8b707fd00d2a8757b72bcc85b68a484cb53225d12d3baf2b17eeec63,1,,0.005489,0.0072,gauss2,BP03_12MP_NL_JPEG.mat,0,999.2
D17_iPhone_X_42626822215.jpg,756x1008,b395b6ea08a3595372c837d98d413e95dffb9953a60be1d06f71933468026777,1,,0.11827,0.0072,gauss2,BP08_12MP_NL_JPEG.mat,3,1224.9
D17_iPhone_X_42627075685.jpg,1008x756,81e58e4c7156982f8233ea7f6abd9ad83f78d93d98ce20959192275df41aff69,1,,0.007151,0.0072,gauss2,BP03_12MP_NL_JPEG.mat,0,988.5
D17_iPhone_X_42814343844.jpg,1008x756,4c9d9911705718a8c1e1e09b91b32f898afc69e61be62ed62f7338bb5ce64ad5,1,,0.263153,0.0072,gauss2,BP08_12MP_NL_JPEG.mat,0,1258.5
D17_iPhone_X_42814448804.jpg,1008x756,1425c0241fa9e866014a78175315ce1ec2ca6c28472fc8c9c9f625e324ff35d3,1,,0.1472,0.0072,gauss2,BP08_12MP_NL_JPEG.mat,0,983.4
D17_iPhone_X_42814596094.jpg,1008x756,bb23bbc6d5d9a9f9ee5e3ecfa5e8828c6a4aafa014d00f7eb237f582cf29b121,1,,0.005134,0.0072,gauss2,BP03_12MP_NL_JPEG.mat,0,1285.6
D17_iPhone_X_43484018162.jpg,1008x756,8c44326b797a0e4a4b5ecd0758267fb76f801d040de594af774699fc2344d43a,1,,0.115905,0.0072,gauss2,BP08_12MP_NL_JPEG.mat,0,988.3
D17_iPhone_X_43484074592.jpg,1008x756,d52e102aaeb3196e6484bc216d6a4d7c7843c3b405ace94a0f727545df76ea80,1,,0.13098,0.0072,gauss2,BP08_12MP_NL_JPEG.mat,0,1178.9
D17_iPhone_X_43531445621.jpg,1008x756,77ee1220ddf34eea7794a71a2fc286a5286d7bbb11125147264e9b2fca626f6a,1,,0.133201,0.0072,gauss2,BP08_12MP_NL_JPEG.mat,0,1255.5
D17_iPhone_X_43531837951.jpg,1008x756,26af4355f8e41109a2ff752bdfb4cf8cdf293530782e4e8bb2d995e4921a288c,1,,0.002882,0.0072,gauss2,BP03_12MP_NL_JPEG.mat,0,966.1
D17_iPhone_X_43531918701.jpg,756x1008,71070e5e1c9d0f10ea25de706876614884896c25ffb8d1179b4cf089123d80d0,1,,0.00417,0.0072,gauss2,BP03_12MP_NL_JPEG.mat,2,1078.6
D18_iPhone_X_28320466008.jpg,756x1008,6f9dc496bb4b025351db6afd5784b745ccaab3cf619bedec9847795ad4db8a4d,1,,0.001661,0.0072,gauss2,BP08_12MP_NL_JPEG.mat,0,1009.3
D18_iPhone_X_28320466678.jpg,756x1008,9f808238099c0c3ac2e14fbf8545e9b1d2f78ad675ffd3d3b234e6425570324f,1,,0.0016,0.0072,gauss2,BP02_12MP_NL_JPEG.mat,2,1125.1
D18_iPhone_X_40385940160.jpg,756x1008,b22983b4d9ec5164caf22ca13a208cadad7b2e25f68da70ed5921242365cc822,1,,0.002482,0.0072,gauss2,BP05_12MP_SLM_HEIC.mat,0,972.9
D18_iPhone_X_41291792955.jpg,1008x756,89753940bb9ae90d4c9c634044c46b4d7c3116493cf269c89e55566710548372,1,,0.001126,0.0072,gauss2,BP07_12MP_SLM_HEIC.mat,0,1210.5
D18_iPhone_X_41291795015.jpg,1008x756,f9698634de8567f7614d1fb71697472226380d834e0963ca3a5d99be09d4b8b1,1,,0.003685,0.0072,gauss2,BP03_12MP_NL_JPEG.mat,1,1022.6
D18_iPhone_X_41292591665.jpg,756x1008,8462c2ec2ad70720e30dc30639079d02ff23a7eb9925200cd2737fcc25ba62d9,1,,0.002767,0.0072,gauss2,BP03_12MP_NL_JPEG.mat,1,1092.0
D18_iPhone_X_41292593465.jpg,1008x756,286993776e3bac6b41a8fbd0f591d86d044fd1c8709aa95f9e1be58ef9b3c808,1,,0.003162,0.0072,gauss2,BP08_12MP_NL_JPEG.mat,0,1008.9
D18_iPhone_X_42192912951.jpg,756x1008,e9e359abc4f558df973b4dc6f7ccbd730599797cb8a528691b1320fea1f4e900,1,,0.002736,0.0072,gauss2,BP03_12MP_NL_JPEG.mat,3,1100.0
D19_iPhone_X_27632433907.jpg,1008x756,876a2ff69cb657c5d89d9f6a7503129d3784bdfd8671610063764e28515e1b8d,1,,0.003977,0.0072,gauss2,BP03_12MP_NL_JPEG.mat,0,981.9
D19_iPhone_X_27632434347.jpg,1008x756,d37911dd852b0beb91b898b3d4355e7669246b0d4c8fec0d062e1230671f38a4,1,,0.004944,0.0072,gauss2,BP03_12MP_NL_JPEG.mat,1,1078.4
D19_iPhone_X_27632435167.jpg,1008x756,f15f3892bb75cd0f71d8806fdb1a1a6c9dd4fa6b5b3f4555c18577281a813775,1,,0.006175,0.0072,gauss2,BP03_12MP_NL_JPEG.mat,0,1011.2
D19_iPhone_X_27632436277.jpg,756x1008,311d1f3ea09bb2c72c7b3194c72e1b23a95ce21d13aa7be02110dee60b724547,1,,0.00905,0.0072,gauss2,BP03_12MP_NL_JPEG.mat,1,1270.7
D19_iPhone_X_27632505557.jpg,756x1008,d1516d0c0def242da9b4af11c2bb4556aeb7af6d53e6ca872bdf0551524f6e97,1,,0.006111,0.0072,gauss2,BP03_12MP_NL_JPEG.mat,1,1005.1
D19_iPhone_X_27647789047.jpg,756x1008,8905e6a42d9de8e8d4ad4dce49baf66d4a8cd4d0cc400a590beb9eeb812f26ec,1,,0.00671,0.0072,gauss2,BP03_12MP_NL_JPEG.mat,1,1240.1
D19_iPhone_X_28630363778.jpg,1008x756,e6bf25f1609fd910008968e074cfb0cbe267038c47d97fab41b51d5cbad8792c,1,,0.00228,0.0072,gauss2,BP07_12MP_SLM_HEIC.mat,3,999.9
D19_iPhone_X_40695239740.jpg,1008x756,6b20e4fd4c1a30d9de5ef65ceeda21c0aad418e3658616e603596b607417261a,1,,0.009528,0.0072,gauss2,BP03_12MP_NL_JPEG.mat,0,1245.1
D19_iPhone_X_40695248600.jpg,1008x756,72ddbc118a4fd4ee074cc52c0f26dd1116507bc52ed9cd4395668a8bf7fe19a8,1,,0.004844,0.0072,gauss2,BP03_12MP_NL_JPEG.mat,0,1019.1
D19_iPhone_X_40695308750.jpg,1008x756,9c67359158a4026e6d353d99180328e7fb2f87d7ce0b5a2ca5494bc3461c225e,1,,0.003782,0.0072,gauss2,BP03_12MP_NL_JPEG.mat,0,1263.4
D19_iPhone_X_41596835755.jpg,1008x756,72334835d8a0447b210e52f4c482e1b4deccbee1ca224d63b3cfce6615705037,1,,0.005467,0.0072,gauss2,BP03_12MP_NL_JPEG.mat,0,1292.8
D19_iPhone_X_41596836155.jpg,756x1008,d2f8f3c9ef66ba7b0a424dd24042d83e6dfd2ec13c0835d12bdfb7bd6687f960,1,,0.006398,0.0072,gauss2,BP08_12MP_NL_JPEG.mat,1,1002.0
D19_iPhone_X_41596845995.jpg,756x1008,458a5328bdcea2081182ed95d2f455eb08a54e19e6ac1efb23b1895df7b85ffd,1,,0.00488,0.0072,gauss2,BP03_12MP_NL_JPEG.mat,3,1245.9
D19_iPhone_X_41777147664.jpg,1008x756,82db9a72cac1edfdada6e115af1d8d9ebd7194aba858902069186337903f6bbc,1,,0.019202,0.0072,gauss2,BP03_12MP_NL_JPEG.mat,0,994.0
D19_iPhone_X_41780743784.jpg,756x1008,709e49988ab99517ba6f4d9eb0b70c8b0ac5f746b083cf8c8980205508199a2d,1,,0.00451,0.0072,gauss2,BP03_12MP_NL_JPEG.mat,1,1235.0
D19_iPhone_X_41780746014.jpg,756x1008,a0e90a5bf522fe6622517a7743278730e628b4a65a5af2dde82c4b5644bbbd20,1,,0.005982,0.0072,gauss2,BP03_12MP_NL_JPEG.mat,1,974.4
D19_iPhone_X_41780746974.jpg,1008x756,9750e6476c5d460d318033091ad948753817604130d61d3fad9eae8c7c47be00,1,,0.006243,0.0072,gauss2,BP03_12MP_NL_JPEG.mat,0,1276.8
D19_iPhone_X_41780747524.jpg,756x1008,1f64aebdaed6d871f45ff06ffd374f1cdbb4b4049b718a3ce7381c79a2927c18,1,,0.006323,0.0072,gauss2,BP03_12MP_NL_JPEG.mat,1,1082.9
D19_iPhone_X_41780747924.jpg,756x1008,c0f0d80aeffbe6f54ec156f576fe2d7e3da09f911158d6116131434ad2ab53e0,1,,0.006285,0.0072,gauss2,BP03_12MP_NL_JPEG.mat,1,1036.5
D19_iPhone_X_42451462012.jpg,756x1008,48633a43c2aea6c65f9bdd042f339e41ef743044f13aa8ce82432566ee200a0a,1,,0.002459,0.0072,gauss2,BP03_12MP_NL_JPEG.mat,1,925.4
D19_iPhone_X_42499823181.jpg,1008x756,86791c5a8cc4debdd7d1a9c760a15b5cf78eb0bb04e379b652a5f075b73c55ef,1,,0.002869,0.0072,gauss2,BP03_12MP_NL_JPEG.mat,2,1202.1
D19_iPhone_X_42499940951.jpg,1008x756,470c673ef7c94281a2791ded1da75de46f00cf8d4a3944febf07a40f39ff54d2,1,,0.004156,0.0072,gauss2,BP03_12MP_NL_JPEG.mat,0,935.3
D19_iPhone_X_42499942881.jpg,1008x756,8de4ce4c6382e1c3b66a46b6507e79f1e43ae67d47352bd1ae07dca9c01f1442,1,,0.003263,0.0072,gauss2,BP03_12MP_NL_JPEG.mat,1,1052.5
D64_iPhone_13_Pro_53123486377.jpg,756x1008,51c61040c4db44205494470f8215435008c2b0df9d81f99a221f285947aa117c,1,,0.038953,0.0072,gauss2,BP06_12MP_NL_HEIC.mat,1,990.3
D64_iPhone_13_Pro_53123519002.jpg,756x1008,574a85fa881c0ab6b42b8df0a80ca5b41c4a65ede19b0287004d4e5991344409,1,,0.033224,0.0072,gauss2,BP06_12MP_NL_HEIC.mat,1,1093.8
D64_iPhone_13_Pro_53123530602.jpg,756x1008,14405947e88b2a7b1420b9c9b9bef490828669f15a609016e9ce0c00495c8388,1,,0.024559,0.0072,gauss2,BP06_12MP_NL_HEIC.mat,1,1049.8
D64_iPhone_13_Pro_53123534022.jpg,756x1008,67abf8f9dee5ca0a6298d6ed3574f1dd7ddbe982c920182843370d36a7a18654,1,,0.039036,0.0072,gauss2,BP06_12MP_NL_HEIC.mat,1,1082.5
D64_iPhone_13_Pro_53124088311.jpg,756x1008,a5c72b3306c0479635e3d94258fa6ef1e8a568655f2897fb2cdd77c7316bf632,1,,0.0409,0.0072,gauss2,BP06_12MP_NL_HEIC.mat,1,977.7
D64_iPhone_13_Pro_53124127566.jpg,756x1008,3a9b1f93a93c6b66aca9d460481b4d1bdd2466006daf886ded05ba911826573a,1,,0.042582,0.0072,gauss2,BP06_12MP_NL_HEIC.mat,1,1152.3
D64_iPhone_13_Pro_53124136756.jpg,756x1008,6d7e44526ae8b189093a27d16869ba6d232923d02b440937bc172df2800dcbfc,1,,0.042428,0.0072,gauss2,BP06_12MP_SLM_HEIC.mat,1,960.3
D64_iPhone_13_Pro_53124291359.jpg,756x1008,eb5a349efdc5d0dda76d37c8c7841b320ab1e268d2758a938649efdcefd0ec87,1,,0.075988,0.0072,gauss2,BP06_12MP_NL_HEIC.mat,1,1224.6
D64_iPhone_13_Pro_53124291459.jpg,756x1008,37b0a14474fff1098c1cd744a65de09143f0e93a6055216a6e04db51e0ea67de,1,,0.039471,0.0072,gauss2,BP06_12MP_NL_HEIC.mat,1,1177.4
D64_iPhone_13_Pro_53124297749.jpg,756x1008,8fea011ffc65b765c69070572512e3a5d77c327c14515c201f59dd1e85b2a533,1,,0.030872,0.0072,gauss2,BP06_12MP_NL_HEIC.mat,1,1003.0
D64_iPhone_13_Pro_53124324714.jpg,756x1008,1edaef016a904e0ba42549a55a2994f3eeb2d287a87fa2706c52c91f31edd077,1,,0.031271,0.0072,gauss2,BP06_12MP_NL_HEIC.mat,1,950.2
D64_iPhone_13_Pro_53124326879.jpg,756x1008,2a9d844df940d03569d40cc32a9a35e137b140e41fdee4d61b2e93d8d52d2643,1,,0.027126,0.0072,gauss2,BP06_12MP_NL_HEIC.mat,1,1282.5
D64_iPhone_13_Pro_53124335974.jpg,756x1008,bcd15e96e48132415f75615a1ecc719aedec4af4416460c1918ef04d30904547,1,,0.039947,0.0072,gauss2,BP06_12MP_NL_HEIC.mat,1,1071.1
D64_iPhone_13_Pro_53124339229.jpg,756x1008,488e938cd64be0f82867e50fc8c1ac8b8876940c17cb1b92068bae59e77fa63f,1,,0.027539,0.0072,gauss2,BP06_12MP_NL_HEIC.mat,1,955.0
D64_iPhone_13_Pro_53124339239.jpg,756x1008,a0da376134bef88555679f36f7ca395bc44d440129f679d7962074a3a29842cc,1,,0.042305,0.0072,gauss2,BP06_12MP_NL_HEIC.mat,1,945.1
D64_iPhone_13_Pro_53124489585.jpg,756x1008,038db785d380b49d2fd1c1583421e8ed69913264ebb09a7b98408d2d39affcef,1,,0.044872,0.0072,gauss2,BP06_12MP_NL_HEIC.mat,1,1267.8
D64_iPhone_13_Pro_53124500290.jpg,756x1008,0e6a8914d81e8e11b60bfa44e433e8aa64c0a857c603ab04a93c70e76d58b3a5,1,,0.040995,0.0072,gauss2,BP06_12MP_NL_HEIC.mat,1,1195.8
D64_iPhone_13_Pro_53124500300.jpg,756x1008,35c063d83c4dbcf34602cae869a6c10e2dd54a58969aca0974ef762712707502,1,,0.031358,0.0072,gauss2,BP06_12MP_NL_HEIC.mat,1,963.0
D64_iPhone_13_Pro_53124520085.jpg,756x1008,98d8db4174ad99e6ae124efeb5721badb54c459af8ef35f2b4a19d210e42b1d6,1,,0.028673,0.0072,gauss2,BP06_12MP_NL_HEIC.mat,1,937.8
D64_iPhone_13_Pro_53124521095.jpg,756x1008,55249abf45f3e15d0f007040411e2c565be2cb81ba4c197c65a56d7c83893a37,1,,0.066615,0.0072,gauss2,BP06_12MP_NL_HEIC.mat,1,1229.7
D64_iPhone_13_Pro_53124532730.jpg,756x1008,87afe6c66afef8f07b7bd68c7087f34630602c535ad6ad22ec68bcdf2922e748,1,,0.036819,0.0072,gauss2,BP06_12MP_NL_HEIC.mat,1,1031.7
D64_iPhone_13_Pro_53124582328.jpg,756x1008,6d8a8d2598d2eee21259172c1f730aa22ed511778d846a8cd00461bf4acc6ddb,1,,0.035259,0.0072,gauss2,BP06_12MP_NL_HEIC.mat,1,923.6
D64_iPhone_13_Pro_53124603723.jpg,756x1008,8ef16096a867dc368df5571cce4814dc7481e97306869b46306c1445831567f0,1,,0.036034,0.0072,gauss2,BP06_12MP_NL_HEIC.mat,1,1058.9
D64_iPhone_13_Pro_53124603728.jpg,756x1008,78685e0d1f05e953a6cc139781a2e61a2f67e6ca1f535440d64036f5560ef216,1,,0.037716,0.0072,gauss2,BP06_12MP_NL_HEIC.mat,1,1125.8
D64_iPhone_13_Pro_53124611528.jpg,756x1008,c9a14d8cbc2b37ab0d47868620bf489e8abe85f05459990d8d8fc8a533cc9212,1,,0.067552,0.0072,gauss2,BP06_12MP_NL_HEIC.mat,1,935.9
D64_iPhone_13_Pro_53124617208.jpg,756x1008,a0aa76c0475106254c4fa4351dee8161b0ce7e5bee44fd55f26f25469dcc2247,1,,0.07974,0.0072,gauss2,BP06_12MP_NL_HEIC.mat,1,1216.0
D64_iPhone_13_Pro_53124617248.jpg,756x1008,79f4403791cc9a49ec14ed6fabc0aa79d4784e7f740e62aadc6ece99a33af83b,1,,0.042806,0.0072,gauss2,BP06_12MP_NL_HEIC.mat,1,948.2
D64_iPhone_13_Pro_53148982637.jpg,756x1008,ff4b9cc0bb80a46febb7a2dcf082c104e47749c3d65f0dd78f2c8d50b163c5cf,1,,0.085823,0.0072,gauss2,BP06_12MP_NL_HEIC.mat,1,1179.7
D64_iPhone_13_Pro_53148984602.jpg,756x1008,59382dbdad22bcfa9593cd14cda8de5a813667e75968bb1f1479f9139b7d3b83,1,,0.169229,0.0072,gauss2,BP06_12MP_NL_HEIC.mat,1,935.3
D64_iPhone_13_Pro_53148984612.jpg,756x1008,d49f6039200010661a049b4a30b850f4302350295a651e97f67d404f507605e8,1,,0.081522,0.0072,gauss2,BP06_12MP_NL_HEIC.mat,1,938.3
D64_iPhone_13_Pro_53148987277.jpg,756x1008,7708db7d978f678ccf4394b4fd75f6cc582bee1177afb259d0e02371f2d49fa8,1,,0.094414,0.0072,gauss2,BP06_12MP_NL_HEIC.mat,1,973.7
D64_iPhone_13_Pro_53148991047.jpg,756x1008,8a9edc005d611b1cb9253cb85bf80a200b6f769638c46896ffb00bfaae5d5d4c,1,,0.069408,0.0072,gauss2,BP06_12MP_NL_HEIC.mat,1,1184.7
D64_iPhone_13_Pro_53148991052.jpg,756x1008,b1664f0a75c46169340c392f8b5ef30d3bd4ab0b1851bc5de1f461e29cb3560e,1,,0.072954,0.0072,gauss2,BP06_12MP_NL_HEIC.mat,1,1023.2
D64_iPhone_13_Pro_53148991057.jpg,756x1008,ca7abba55c7e550a5e388d823839619ab98105fb0bd7b961222d79bad888d302,1,,0.091594,0.0072,gauss2,BP06_12MP_NL_HEIC.mat,1,1134.8
D64_iPhone_13_Pro_53148991062.jpg,756x1008,bf21b6e570d46d9d1e4189b6fbb8253cd352fbbc37e7501294f03c56865f0108,1,,0.09361,0.0072,gauss2,BP06_12MP_NL_HEIC.mat,1,976.9
D64_iPhone_13_Pro_53148991067.jpg,756x1008,36b98ff77a2c99f24d23f980f10be0fdd30228461269fc1f4b6684f68e1f5651,1,,0.095693,0.0072,gauss2,BP06_12MP_NL_HEIC.mat,1,1062.6
D64_iPhone_13_Pro_53149566566.jpg,756x1008,c477afd71d0e943d137af9633e333465f4e9f98ac764083586653841f73cbc28,1,,0.145857,0.0072,gauss2,BP06_12MP_NL_HEIC.mat,1,982.9
D64_iPhone_13_Pro_53149570256.jpg,756x1008,aeeec1bf895e6f358357a8c45f9d1f10de5f80cacde9a3409c31c23f32affe44,1,,0.072259,0.0072,gauss2,BP06_12MP_NL_HEIC.mat,1,1145.0
D64_iPhone_13_Pro_53149570316.jpg,756x1008,5dcf4a5e66a4281aefd3771ed390f6c150009470f2ab7c2fa75ceb5c4a956cb6,1,,0.101724,0.0072,gauss2,BP06_12MP_NL_HEIC.mat,1,962.5
D64_iPhone_13_Pro_53149766414.jpg,756x1008,1b6438801810bbc8b0271efed3d6014fd166188413c9e9ea732f3076fef29d6b,1,,0.105586,0.0072,gauss2,BP06_12MP_NL_HEIC.mat,1,1132.6
D64_iPhone_13_Pro_53149766434.jpg,756x1008,908d962596c02013766ce12da2d1589c9425d2ed8a06cbdb5d4c27386c4cae68,1,,0.104566,0.0072,gauss2,BP06_12MP_NL_HEIC.mat,1,959.3
D64_iPhone_13_Pro_53149766704.jpg,756x1008,4317f6f70a2c42d1c36f6ee6b96ab09ed525fd80aa532f72d4b11ca23471fbdf,1,,0.081251,0.0072,gauss2,BP06_12MP_NL_HEIC.mat,1,1188.1
D64_iPhone_13_Pro_53149774714.jpg,756x1008,2f35918ef7c9ea60cb6ad89d63e3e2e35abc3481c33634078db255c4e8fe7a03,1,,0.145285,0.0072,gauss2,BP06_12MP_NL_HEIC.mat,1,962.4
D64_iPhone_13_Pro_53149992490.jpg,756x1008,4a1b8ebf4c7a45a12946e20c8a7d0c78bf5f0b6e777d1c05a34b35c513b13182,1,,0.055139,0.0072,gauss2,BP06_12MP_NL_HEIC.mat,1,1124.6
D64_iPhone_13_Pro_53149992575.jpg,756x1008,9b3c6c04020353c1afa78644d92175600a3fe0b613c5ec8413ff08eb8c169342,1,,0.112067,0.0072,gauss2,BP06_12MP_NL_HEIC.mat,1,964.5
D64_iPhone_13_Pro_53149992770.jpg,756x1008,72f26bdef24ccf10676930cfd9ecfa1e86b8593927ebde86499dcc3c5b478487,1,,0.117001,0.0072,gauss2,BP06_12MP_NL_HEIC.mat,1,1082.2
D64_iPhone_13_Pro_53150055988.jpg,756x1008,3ca99e3cec086e0236633ede9d96c6f38821eb31f1f9c68bce4155322195a86f,1,,0.103515,0.0072,gauss2,BP06_12MP_NL_HEIC.mat,1,925.9
D64_iPhone_13_Pro_53150055993.jpg,756x1008,2e43cec4ba0c638d5b90e65d9ff68bef5ab8df1dfa1c43f192f82d36733846a9,1,,0.115452,0.0072,gauss2,BP06_12MP_NL_HEIC.mat,1,1143.9
D64_iPhone_13_Pro_53150057573.jpg,756x1008,6fa472e87bdb9aab6ead944e75cd94d4e317a4a5ec58366e62777d48b4ddc2c7,1,,0.159978,0.0072,gauss2,BP06_12MP_NL_HEIC.mat,1,930.0
D64_iPhone_13_Pro_53150057578.jpg,756x1008,b0c26f30117385c060d3c1ede103928584de05b09cdfccaa7e22ddfd781a41c5,1,,0.144227,0.0072,gauss2,BP06_12MP_NL_HEIC.mat,1,1196.4
D64_iPhone_13_Pro_53150060118.jpg,756x1008,7f14309c40463c3f9a8af1917851a5d0f015872ebbf43c62bcef7a67d9f66392,1,,0.096611,0.0072,gauss2,BP06_12MP_NL_HEIC.mat,1,978.3
D64_iPhone_13_Pro_53150064128.jpg,756x1008,13608b2da72083376816182a13a2062e0eb8d910b423b322f77834c4cfbcff55,1,,0.090266,0.0072,gauss2,BP06_12MP_NL_HEIC.mat,1,1136.3
D64_iPhone_13_Pro_53178347237.jpg,756x1008,bce5762285fde74803b2c7366fd934ccbb0222445a2f55e8391b66afe2d734bf,1,,0.029327,0.0072,gauss2,BP06_12MP_NL_HEIC.mat,1,1089.7
D64_iPhone_13_Pro_53178347242.jpg,756x1008,60b47a2e327c756af1cbf8b75f6743c1aa24e5d19eb14b1f60a30ef9273ae646,1,,0.052469,0.0072,gauss2,BP06_12MP_NL_HEIC.mat,1,932.8
D64_iPhone_13_Pro_53178347687.jpg,756x1008,1a8a286b7ef68133774538c7b916e2b2ffcc0376c45bb533d81b99c5937d2241,1,,0.022747,0.0072,gauss2,BP06_12MP_NL_HEIC.mat,1,940.8
D64_iPhone_13_Pro_53178349132.jpg,756x1008,3374d3d6bb1c26ca8c4372e2d72a80c0acab5b169b51bc3eae0e8de66272212e,1,,0.042987,0.0072,gauss2,BP06_12MP_NL_HEIC.mat,1,1126.7
D64_iPhone_13_Pro_53178349137.jpg,756x1008,5332fd53c6fd9ca755923d617c61a51654a05039cab846d7b2f6c2ac90dafe0d,1,,0.032739,0.0072,gauss2,BP06_12MP_NL_HEIC.mat,1,1003.7
D64_iPhone_13_Pro_53178350142.jpg,756x1008,b25e6846d39af7858393aa0b883a4692c589c5a19345c0068a3afa8af19d26e9,1,,0.046787,0.0072,gauss2,BP06_12MP_NL_HEIC.mat,1,1142.1
D64_iPhone_13_Pro_53178350547.jpg,756x1008,2fd286438db714905c765296fddf1b24ea8df3650c413a4b2971d2b8d32f9e7a,1,,0.032413,0.0072,gauss2,BP06_12MP_NL_HEIC.mat,1,983.9
D64_iPhone_13_Pro_53178351832.jpg,756x1008,cac6d49b1e8b1cc69cbfef28cc66df9ab7250d7c3ca264e0c69605a996160627,1,,0.076039,0.0072,gauss2,BP06_12MP_NL_HEIC.mat,1,1168.2
D64_iPhone_13_Pro_53178352557.jpg,756x1008,8d0ff09a615af01eef5aba1dcc0137f55ff7b662516ef279e33388fc247efa5b,1,,0.041351,0.0072,gauss2,BP06_12MP_NL_HEIC.mat,1,1024.5
D64_iPhone_13_Pro_53178353277.jpg,756x1008,ea353d044b241dec31983abdcfd936c505fe477b8ea0f1d66751a0ec8667304c,1,,0.04006,0.0072,gauss2,BP06_12MP_NL_HEIC.mat,1,1105.4
D64_iPhone_13_Pro_53178939846.jpg,756x1008,4bd307fde713b29f5db550ca8dd520e3a78e83f20fbbd8cfbbb4adf1a5e36740,1,,0.034853,0.0072,gauss2,BP06_12MP_NL_HEIC.mat,1,1029.2
D64_iPhone_13_Pro_53178941306.jpg,756x1008,dc106f63c44623f474b98efbb75625a8cd36a1f14229548737da395cff137b1a,1,,0.035171,0.0072,gauss2,BP06_12MP_NL_HEIC.mat,1,998.6
D64_iPhone_13_Pro_53178942421.jpg,756x1008,2f5dbbded0ae8ccc23671a4088216cbaad8481d5e8f8d8564733636e379978da,1,,0.057585,0.0072,gauss2,BP06_12MP_NL_HEIC.mat,1,1015.9
D64_iPhone_13_Pro_53178942926.jpg,756x1008,83a1a37d8b25c824540e9f254288229368edfdbdcbc9c22fc1c2c7d0a6dc9230,1,,0.054543,0.0072,gauss2,BP06_12MP_NL_HEIC.mat,1,1043.3
D64_iPhone_13_Pro_53179137069.jpg,756x1008,cf3736bba0b8eec6b5a9c44ba37c39fd5aa96f815c6e5b9c1a7a9f7828584df6,1,,0.049462,0.0072,gauss2,BP06_12MP_NL_HEIC.mat,1,945.9
D64_iPhone_13_Pro_53179137394.jpg,756x1008,0797bb9fffc6ed0593abf35396a3d177fc1d1f8ab166563602b1a5372f0d1576,1,,0.031525,0.0072,gauss2,BP06_12MP_NL_HEIC.mat,1,1216.2
D64_iPhone_13_Pro_53179139574.jpg,756x1008,047c8dfdfb292e07307370280d2fb406dd9c6b11d668551adbf7b59c98739250,1,,0.035782,0.0072,gauss2,BP06_12MP_NL_HEIC.mat,1,1028.8
D64_iPhone_13_Pro_53179380705.jpg,756x1008,d9ce9bea5b3f172e163aa9e8c132d09298562fea4b7a7f69123dc86d6083fb47,1,,0.049494,0.0072,gauss2,BP06_12MP_NL_HEIC.mat,1,931.8
D64_iPhone_13_Pro_53179381720.jpg,756x1008,67ffd2b53d14cdf78d1bff57410cc0f40333d4d1f2ddb857ae6e0bfa4738f263,1,,0.029999,0.0072,gauss2,BP06_12MP_NL_HEIC.mat,1,959.2
D64_iPhone_13_Pro_53179381745.jpg,756x1008,b8fee518d0c90aba10484967c5729d99a92d0dead6ffcca9e46f9b52cff68042,1,,0.049809,0.0072,gauss2,BP06_12MP_NL_HEIC.mat,1,1233.8
D64_iPhone_13_Pro_53179382745.jpg,756x1008,2698afe1eaa2a1acbf9571f4ecaf3df53d72f1f458f01eda3935b13a604f4133,1,,0.050619,0.0072,gauss2,BP06_12MP_NL_HEIC.mat,1,959.9
D64_iPhone_13_Pro_53179383390.jpg,756x1008,cc02460fd394092466fa647ca151cc306984aeb6990cbabe423c2baf400de38d,1,,0.03434,0.0072,gauss2,BP06_12MP_NL_HEIC.mat,1,1186.2
D64_iPhone_13_Pro_53179384085.jpg,756x1008,a754704534f6cd35906f5a50d80ed77fa8b921a3b660b8a05e116761f84078d7,1,,0.026566,0.0072,gauss2,BP06_12MP_NL_HEIC.mat,1,1140.4
D64_iPhone_13_Pro_53179440168.jpg,756x1008,2c3741e27ad7609c726010cce01bf4de3dca4a33c190cf24c16d00a732c991db,1,,0.033702,0.0072,gauss2,BP06_12MP_NL_HEIC.mat,1,922.1
D65_iPhone_13_Pro_53181951192.jpg,756x1008,cdfeeed13c6f6696784998c61d7fc30dc8e97959ca17cfc7097f4cdde33d5ba4,1,,0.016867,0.0072,gauss2,BP06_12MP_NL_HEIC.mat,1,956.5
D65_iPhone_13_Pro_53181951572.jpg,756x1008,0117ec3db34b83f6feaac594e23010a4f6dac9dbc5c77b574741bc01cc812c85,1,,0.016782,0.0072,gauss2,BP06_12MP_SLM_HEIC.mat,1,1194.8
D65_iPhone_13_Pro_53182544126.jpg,756x1008,d57d876da2ccf97edcc9aedd6e2014622ecc87dfa67c3ded9ee310a621f44052,1,,0.02321,0.0072,gauss2,BP06_12MP_NL_HEIC.mat,1,1018.7
D65_iPhone_13_Pro_53182544166.jpg,756x1008,7f76ea748f752a9417e209f262ec88df60741067ef31aafe5b2ab9effaa9502a,1,,0.01373,0.0072,gauss2,BP06_12MP_NL_HEIC.mat,1,1276.6
D65_iPhone_13_Pro_53182544211.jpg,756x1008,de15aeba542b08b1a329ca8e456b3995fc73f8164ab151be12a2641d85b1aa31,1,,0.01514,0.0072,gauss2,BP06_12MP_NL_HEIC.mat,1,1199.4
D65_iPhone_13_Pro_53182544366.jpg,756x1008,d6dbe97943f42c2e42ddf7deaa655b9d44a82932c9b852bed544768b9c3b24b7,1,,0.011142,0.0072,gauss2,BP06_12MP_NL_HEIC.mat,1,1016.6
D65_iPhone_13_Pro_53182732449.jpg,756x1008,9f431ed13b983f3ffe172aaca19b35a43a7f3f7a08ea45667614e790d217fb19,1,,0.028782,0.0072,gauss2,BP06_12MP_NL_HEIC.mat,1,1080.6
D65_iPhone_13_Pro_53183042283.jpg,756x1008,c677386acdcd5407899e12e0239db4d92071d9041f7eeaa148b63801fd86511d,1,,0.010236,0.0072,gauss2,BP06_12MP_NL_HEIC.mat,1,958.7
D65_iPhone_13_Pro_53183042983.jpg,756x1008,1da3bcbe87a7da30831bfde66bee8119aeeadd6fdbaa765160c78cd64a4a0628,1,,0.010295,0.0072,gauss2,BP06_12MP_NL_HEIC.mat,1,1101.1
D65_iPhone_13_Pro_53183043133.jpg,756x1008,29d0a9f260dcc5a7b30a016146f8425380f19e8a24d7cb11d73ac61525b7cb27,1,,0.017866,0.0072,gauss2,BP06_12MP_NL_HEIC.mat,1,988.5
IMG_0003.jpg,1008x756,0ba45176f7c3fcb0a54f4f9384ff221e622ce8decf5b76816a20f06a900d76e7,1,,0.011525,0.0072,gauss2,BP07_12MP_SLM_HEIC.mat,0,1100.8
IMG_0004.jpg,1008x756,4d8dd55125852b540f76790bff287587cac414878be823042edb1d2fb0d9602d,1,,0.011361,0.0072,gauss2,BP07_12MP_SLM_HEIC.mat,0,1022.6
IMG_0005.jpg,1008x756,252e4653069659dfa7d7d7623d2301e9f08a4f90dc4352dd2b1ea9f11f2e61e8,1,,0.010197,0.0072,gauss2,BP07_12MP_SLM_HEIC.mat,0,1134.8
IMG_0006.jpg,1008x756,dc195d37037c3c736b7b7b17c5d39f7d26c72dd5d1d85c339dfa7f74a4addebe,1,,0.030415,0.0072,gauss2,BP07_12MP_SLM_HEIC.mat,0,962.9
IMG_0007.jpg,1008x756,fd4fce099d14728b65a8256424ab16f3a6044b3823f439532ac0627bd06150af,1,,0.190273,0.0072,gauss2,BP07_12MP_SLM_HEIC.mat,0,1158.7
IMG_0011.jpg,1008x756,fb7e042c03a1a03309d3215117f6e2653f6e469bd61f5ebfd95fad0dd0fd0279,1,,0.033081,0.0072,gauss2,BP07_12MP_SLM_HEIC.mat,0,1000.8
IMG_0012.jpg,1008x756,17755ab61b910107fdaad5c8fbc74d08edf1fe91631a8a5f88fbd9107be0db55,1,,0.013755,0.0072,gauss2,BP07_12MP_SLM_HEIC.mat,0,1126.1
IMG_0013.jpg,1008x756,2f25cfc98496601dd01479978a4a42b6953a70259046099263e734b41b1a15a5,1,,0.120518,0.0072,gauss2,BP07_12MP_SLM_HEIC.mat,0,928.3
IMG_0014.jpg,1008x756,9b9d30541e76bfe5c9ceb7edbc44d1eeb3b633bc7aca1b7fc893e2e2ca7a3936,1,,0.033901,0.0072,gauss2,BP07_12MP_SLM_HEIC.mat,0,1128.8
IMG_0015.jpg,1008x756,e16cb2a7b24e743a94db933924082185d37ca0d95f1dcf761afc8dfb308f1c3c,1,,0.026989,0.0072,gauss2,BP07_12MP_SLM_HEIC.mat,0,1016.3
IMG_0017.jpg,1008x756,8af42d6c709727ededb6b40a7868a61cfd8fa63e78eeea0125302d872695f588,1,,0.038766,0.0072,gauss2,BP07_12MP_SLM_HEIC.mat,0,1235.3
IMG_0018.jpg,1008x756,586b0ace0e99599876da2d65125d78e2bb9ab2694ac2e21b6ad337137a90ac41,1,,0.127686,0.0072,gauss2,BP07_12MP_SLM_HEIC.mat,0,983.1
IMG_0019.jpg,1008x756,82a3a6e37f8cd5fb0ed9bb5b8f2a7513c2932bb7afd6860bbb806aee04d7dd41,1,,0.124361,0.0072,gauss2,BP07_12MP_SLM_HEIC.mat,0,1286.3
IMG_0020.jpg,1008x756,f7e0ddd08474ad2f33c94488431621d7c7a2b92396947dd11528290cf67120fc,1,,0.028782,0.0072,gauss2,BP07_12MP_SLM_HEIC.mat,0,1023.0
IMG_0021.jpg,1008x756,46ff5c949345dce584558b16dc3993ef60a9682bd860b06b3248ce7b581fb642,1,,0.115212,0.0072,gauss2,BP07_12MP_SLM_HEIC.mat,0,1282.6
IMG_0022.jpg,1008x756,b752f2c1c716366867b8913bd4adff7c8ed1eb9c9792f59fc8423af97ed89db7,1,,0.096015,0.0072,gauss2,BP07_12MP_SLM_HEIC.mat,0,1003.3
IMG_0023.jpg,1008x756,f079a7a397f730a33352c33577c92cbeb1a69228fba126347548d4b229346e54,1,,0.187632,0.0072,gauss2,BP07_12MP_SLM_HEIC.mat,0,932.8
IMG_0024.jpg,1008x756,e050b04ec62ca3140869d0b02eee706d600e589c64beefcb75a8bc47ce55377e,1,,0.006214,0.0072,gauss2,BP07_12MP_SLM_HEIC.mat,0,935.6
IMG_0025.jpg,1008x756,92d16e905ccfeb95893f2c80a4d300abb90ab6ca88437a44b21b514d27e71182,1,,0.187623,0.0072,gauss2,BP07_12MP_SLM_HEIC.mat,0,1268.9
IMG_0026.jpg,1008x756,dd4430cde4dc2178421547794279db3e868e10eb6bdca294d1e65f2da28ff223,1,,0.140202,0.0072,gauss2,BP07_12MP_SLM_HEIC.mat,0,997.0
IMG_0027.jpg,1008x756,a605d3b2e32baf3292c921121c2a8cdef20972f95007574954261c1843e7a853,1,,0.193421,0.0072,gauss2,BP07_12MP_SLM_HEIC.mat,0,1166.9
IMG_0028.jpg,1008x756,ca5323ab91be3e5b7d83d217927c538747810850bbb2681f61e83224505aa3f5,1,,0.053516,0.0072,gauss2,BP07_12MP_SLM_HEIC.mat,0,927.2
IMG_0029.jpg,1008x756,12342b99d9b2bfa63499f08a45b17acb9cff3df2c163df5490f429da8e118721,1,,0.032101,0.0072,gauss2,BP07_12MP_SLM_HEIC.mat,0,973.4
IMG_0030.jpg,1008x756,e17e1d3fca382c468a42a9ae3b7fa91b35e419adb050ef456df1766e28912c32,1,,0.018411,0.0072,gauss2,BP07_12MP_SLM_HEIC.mat,0,1014.4
IMG_0031.jpg,1008x756,10f6e02762111ddf2d72bffd1c2736c1f768859bfd76637debc44b3ac168556e,1,,0.018485,0.0072,gauss2,BP07_12MP_SLM_HEIC.mat,0,1175.9
IMG_0032.jpg,1008x756,d59462ac73c9bca717ac2b792be8b9cd910a058cf183b3ecec7fd941522b0442,1,,0.02175,0.0072,gauss2,BP07_12MP_SLM_HEIC.mat,0,937.4
IMG_0033.jpg,1008x756,60f5ae5eb3284b109fd02713bfe1d05dd752f75bfd7d078f2b8332efb7bc4626,1,,0.018621,0.0072,gauss2,BP07_12MP_SLM_HEIC.mat,0,1174.9
IMG_0034.jpg,1008x756,2f8511e28eaed3d1eb6b22165e2b30d8ae96c665f38f6676b6ce54fe9e4431d5,1,,0.019595,0.0072,gauss2,BP07_12MP_SLM_HEIC.mat,0,961.7
IMG_0035.jpg,1008x756,b336a95311aca190c0fda9d9bd359b19bd137ac0b053a6e3227a8e6812bb09f9,1,,0.013459,0.0072,gauss2,BP07_12MP_SLM_HEIC.mat,0,1057.5
IMG_0036.jpg,1008x756,2cbe3ad79b7b71944bb93d569b440c02dba28e9ce521cd9df7892de70cf9a5fd,1,,0.003026,0.0072,gauss2,BP08_12MP_NL_JPEG.mat,3,961.2
IMG_0037.jpg,1008x756,cbc08a05097679299913533d7a3141840cc2f6ed7abcae6bfdcb6b6859058345,1,,0.046063,0.0072,gauss2,BP07_12MP_SLM_HEIC.mat,0,1164.6
IMG_0038.jpg,1008x756,61f35eb60dadb91f39e162dcf5133fd69f763094d2acbb29145e2efabc5051cb,1,,0.04095,0.0072,gauss2,BP07_12MP_SLM_HEIC.mat,0,1070.5
IMG_0039.jpg,1008x756,8f33237e8917c82198d92247c1f49f43c9cc49ef0254dc247802fffcaf7e3ac1,1,,0.028514,0.0072,gauss2,BP07_12MP_SLM_HEIC.mat,0,938.5
IMG_0040.jpg,1008x756,24af43d68630deae50ecbde8a5b3f107776c090bd55d7fa9208051c31d56845a,1,,0.034287,0.0072,gauss2,BP07_12MP_SLM_HEIC.mat,0,935.7
IMG_0041.jpg,1008x756,e770b9daa5b5817c0937597ee44628cf2d99def606e6ac232ad9cee030000c06,1,,0.038097,0.0072,gauss2,BP07_12MP_SLM_HEIC.mat,0,1200.2
IMG_0098.jpg,1008x756,b193e331d038ad1b0e1d2c920f107e75da50d50a83103c0a1533fcd0c36ac118,1,,0.036223,0.0072,gauss2,BP06_12MP_NL_HEIC.mat,0,991.5
IMG_0099.jpg,1008x756,8b8ea6b72f51e7ccec79f7bd38c92de8651d7539d6adb36955e07cbdb52582de,1,,0.036929,0.0072,gauss2,BP06_12MP_NL_HEIC.mat,0,1089.1
IMG_0100.jpg,1008x756,299b5f74158a6b12c9fe52d999955171bc3d12f15aa401ec78e7b8074405b1a4,1,,0.036989,0.0072,gauss2,BP06_12MP_NL_HEIC.mat,0,950.7
IMG_0101.jpg,1008x756,7e22542bd236505ad5b8d139df81235949c011c9f9105d446b6fa44c4a0efc08,1,,0.037339,0.0072,gauss2,BP06_12MP_NL_HEIC.mat,0,1077.8
IMG_0102.jpg,1008x756,620344530d5429f09d6ea6e037827fe05d3d196b8ab1873e898ba4924c79d8da,1,,0.03627,0.0072,gauss2,BP06_12MP_NL_HEIC.mat,0,948.8
IMG_0103.jpg,1008x756,a094d8922bc3694d2ba1dc43daf5e40b0cd0401cac6a6fe6efac24e569775342,1,,0.035771,0.0072,gauss2,BP06_12MP_NL_HEIC.mat,0,1243.0
IMG_0104.jpg,1008x756,1c55b5f1a2b85790f88b8ef6e8163ec7de62bb2982fa1bc4ff18d374acedea9a,1,,0.040267,0.0072,gauss2,BP06_12MP_NL_HEIC.mat,0,938.8
IMG_0105.jpg,1008x756,fb63f8d4adb5b7c1d5422ce8c130989ad9f213ba0be8400feb6db918cf9cd18b,1,,0.038122,0.0072,gauss2,BP06_12MP_NL_HEIC.mat,0,1306.8
IMG_0112.jpg,1008x756,308183228b6abaebd485967fbe837d8cfb1a9012b79bf27a8f810739f77275c9,1,,0.02663,0.0072,gauss2,BP06_12MP_NL_HEIC.mat,2,1139.3
IMG_0113.jpg,1008x756,9e17a5f9b8f6bb7255e8213bdfc60e93ce1f6661fc4b354c65347642fcce2bd4,1,,0.028322,0.0072,gauss2,BP06_12MP_NL_HEIC.mat,2,973.7
IMG_0114.jpg,1008x756,9e5180810726dbbbdbd2a526d1402706e5f69d41131558ade2a4eb9f8d0254d1,1,,0.02764,0.0072,gauss2,BP06_12MP_NL_HEIC.mat,2,922.5
IMG_0115.jpg,1008x756,7a92acd7f1fb0bcf75828b0ec34bc0cdcbc94abbe801b4fd5a687f63d092c915,1,,0.032442,0.0072,gauss2,BP06_12MP_NL_HEIC.mat,2,1361.5
IMG_0116.jpg,1008x756,dd4d1bf8b3112dbc766ddafeb05e7eaa546093eb92f0ba8e4d44b683cac72338,1,,0.030417,0.0072,gauss2,BP06_12MP_NL_HEIC.mat,2,1126.5
IMG_0117.jpg,1008x756,e24d4493219b9423eae8efc7f9685951e52da1eb8b7282d50781d138139dd5ef,1,,0.03336,0.0072,gauss2,BP06_12MP_NL_HEIC.mat,2,984.9
IMG_0118.jpg,1008x756,fda31803fb964cee3f55ec7e0fe1b94a5c2ae7275966235a2ab521f0fce2f825,1,,0.036481,0.0072,gauss2,BP06_12MP_NL_HEIC.mat,2,928.1
IMG_0119.jpg,1008x756,129f7ba50f8a8278b8985070472f2979be17e96521edd72fcd83f33ddef3b5b0,1,,0.031898,0.0072,gauss2,BP06_12MP_NL_HEIC.mat,2,1222.5
IMG_0120.jpg,1008x756,b7bdb0d9afe0d2d8fe7ea3cbcf19c1b98b6c732983691efa0ff5273afb66f2ec,1,,0.034395,0.0072,gauss2,BP06_12MP_NL_HEIC.mat,2,978.1
IMG_0121.jpg,1008x756,645a5fa5f136a96dfde8027a44f0708906a0ba3456fa89d05514bdb9d1f831c3,1,,0.036381,0.0072,gauss2,BP06_12MP_NL_HEIC.mat,2,957.4
IMG_0122.jpg,1008x756,6f4bcaad2ef647fcbbed52193cc5f372255a7f0c318c1535fde9e206859b0b49,1,,0.033476,0.0072,gauss2,BP06_12MP_NL_HEIC.mat,0,929.5
IMG_0123.jpg,1008x756,367d2985a717f1a5143af287ee3f2c0029b31146914bfe14be063c93a53b06e0,1,,0.031936,0.0072,gauss2,BP06_12MP_NL_HEIC.mat,0,1191.7
IMG_1277.jpg,1008x756,fb91f3a76476971e2558ec55acc8b6931bedd01e3ab8ca61f1848c43449a423f,1,,0.022465,0.0072,gauss2,BP06_12MP_NL_HEIC.mat,0,978.4
IMG_1286.jpg,1008x756,cdc9161069b499b6be9dc17ed36aebe7be666c2be7a1c27680ae16bca7753b77,1,,0.023122,0.0072,gauss2,BP06_12MP_SLM_HEIC.mat,0,1200.0
IMG_1342.jpg,1008x756,40c2fd423a018afba2fdc802d71d1def25770be370884b6aa69abc65c87b392c,1,,0.083366,0.0072,gauss2,BP06_12MP_NL_HEIC.mat,0,912.3
IMG_1344.jpg,1008x756,4717909f49b51a65deb53915f98bc83c7b051c4f95f8caa73251828ddc9144ab,1,,0.088181,0.0072,gauss2,BP06_12MP_NL_HEIC.mat,0,1228.4
IMG_1345.jpg,1008x756,c3e3e1b76293bb9298e7f65151622a49f91579fac0c08b62c241ea4ac60b39bd,1,,0.087996,0.0072,gauss2,BP06_12MP_NL_HEIC.mat,0,916.0
IMG_1346.jpg,1008x756,abb7eac9df90233fdc38ad16fde7b9e485ad77b6e664b2c79f6edf9d2134603e,1,,0.085873,0.0072,gauss2,BP06_12MP_NL_HEIC.mat,0,939.8
IMG_1347.jpg,1008x756,db6e86d5587432320641dd1b9d43083896035f3519a83b0f27958a8ae2837ebf,1,,0.086842,0.0072,gauss2,BP06_12MP_NL_HEIC.mat,0,931.3
IMG_1348.jpg,1008x756,ec38dd3680cc14c7e28c9da67405743c23b00ba67336aa139c5991e15f94bcf5,1,,0.088021,0.0072,gauss2,BP06_12MP_NL_HEIC.mat,0,1190.6
IMG_1349.jpg,1008x756,43607398a06a716b9182b3eff8a9f231e25f7c002e84dbc5c0287f32034527dd,1,,0.089037,0.0072,gauss2,BP06_12MP_NL_HEIC.mat,0,920.4
IMG_1350.jpg,1008x756,e9676d42ac2bebbc74c80808ca3b68895235f4fa9357b6c24a5bd84e73ca72e1,1,,0.084621,0.0072,gauss2,BP06_12MP_NL_HEIC.mat,0,1205.2
IMG_1361.jpg,1008x756,9baff9c9e194e5c78404fda3120a39cc466c3802ee6c8bceecc24dfc6ef1b85b,1,,0.022546,0.0072,gauss2,BP05_12MP_SLM_HEIC.mat,0,963.6
IMG_1364.jpg,1008x756,edcabab95c329559cfca4424c0a6db2f572f20dd175be8cba0313389cb909046,1,,0.100905,0.0072,gauss2,BP06_12MP_NL_HEIC.mat,2,1166.8
IMG_1365.jpg,1008x756,4a2a3893b2f0637807fbe41431a0e0976dbf836dce3bdf04a5eebf86bc244730,1,,0.097252,0.0072,gauss2,BP06_12MP_NL_HEIC.mat,2,930.0
IMG_1366.jpg,1008x756,61d1db4be7bd6d482fb8012d81602af45d777f19b2051829dc0fb8a512d1f360,1,,0.099147,0.0072,gauss2,BP06_12MP_NL_HEIC.mat,2,1134.3
IMG_1367.jpg,1008x756,29690e838f8f3456f380c643b1d1c3d8b183114a252fd558c057c6e57f7c2aed,1,,0.093522,0.0072,gauss2,BP06_12MP_NL_HEIC.mat,2,926.8
IMG_1368.jpg,1008x756,84fde5274707bf607703a37d8e5a0ae0375dee1afc072d5f5cd95b6d4fec3952,1,,0.101434,0.0072,gauss2,BP06_12MP_NL_HEIC.mat,2,1092.6
IMG_1369.jpg,1008x756,ea1d3e368cdfeef60c7a4e310c25488e39f3464fb4a0b3dfdf1f8b0f673a5d99,1,,0.100058,0.0072,gauss2,BP06_12MP_NL_HEIC.mat,2,990.9
IMG_1370.jpg,1008x756,d7e76aa43ba220fa2e5cfd2531a3451020d02a67a9e934c28a4761660a7b675b,1,,0.097175,0.0072,gauss2,BP06_12MP_NL_HEIC.mat,2,1250.1
IMG_1371.jpg,1008x756,20d67372f6f233cbd44097e9d6f3fa59fa5c79c253389a0541f4e68e456f272e,1,,0.095725,0.0072,gauss2,BP06_12MP_NL_HEIC.mat,2,1203.0
IMG_1372.jpg,1008x756,f4d44285ea8f29a7fd522a7a2b2f1693b5af4aaabd83efe8dc8012b4586c5ac4,1,,0.097876,0.0072,gauss2,BP06_12MP_NL_HEIC.mat,2,1007.0
IMG_1373.jpg,1008x756,987242047d7d6a5e0a426232db809a311b00940c001adf4ba342860c88dfcba9,1,,0.09954,0.0072,gauss2,BP06_12MP_NL_HEIC.mat,2,944.3
IMG_1798.jpg,1008x756,a196b8d22fb97d2e3e2241ee1ed7125e51e3239059cf97662bb565806e6086d0,1,,0.074656,0.0072,gauss2,BP06_12MP_NL_HEIC.mat,0,1334.5
IMG_1799.jpg,1008x756,0ac4a23ff10b2a1c3866f933b92e22a3eff1b61af2354a0ce6c4edf59ee42b70,1,,0.082353,0.0072,gauss2,BP06_12MP_NL_HEIC.mat,0,1087.3
IMG_1800.jpg,1008x756,c710a555168e91f7894e2e7c481514ca0a45c7732493fd4bf86b4263044ba1aa,1,,0.070759,0.0072,gauss2,BP06_12MP_NL_HEIC.mat,0,948.5
IMG_1801.jpg,1008x756,a44add6567fc7832141209a3525d20842cd38712914d2a7b5a1b97fd49b2a63e,1,,0.070701,0.0072,gauss2,BP06_12MP_NL_HEIC.mat,0,937.3
IMG_1803.jpg,1008x756,984e3b15b310d20304176d50b282f1ac86050bae723b02d6206114b352ee163f,1,,0.073485,0.0072,gauss2,BP06_12MP_NL_HEIC.mat,0,1229.2
IMG_1804.jpg,1008x756,38b79c0cb205ae2aba04f352ea91d22e0466478f6b522597520f11cd02cef732,1,,0.081809,0.0072,gauss2,BP06_12MP_NL_HEIC.mat,0,942.1
IMG_1805.jpg,1008x756,73f3ff4999ec7c4ab26be594bb1c1fcd657ba1d23300a775d5ab08c977ab8511,1,,0.073251,0.0072,gauss2,BP06_12MP_NL_HEIC.mat,0,1280.7
IMG_1806.jpg,1008x756,41794571a72fe587e5fe93635d72eb2646943f4e1b9ec55fe9ddc50f72cfc44d,1,,0.073041,0.0072,gauss2,BP06_12MP_NL_HEIC.mat,0,1249.3
IMG_1807.jpg,1008x756,45933b64c4fde02269b5fb18920ced6dbf2494cad8ba2183c65426c4c6ac907a,1,,0.073359,0.0072,gauss2,BP06_12MP_NL_HEIC.mat,0,925.9
IMG_1808.jpg,1008x756,702ced0f0ace220f0b34ce09dfbb7383d1917845c38c95fa8af63a97dfd94a91,1,,0.078971,0.0072,gauss2,BP06_12MP_NL_HEIC.mat,0,1089.8
IMG_1830.jpg,1008x756,5ba4d190c308d1333adf2b705ee69db0045ed4d4d26557f5ca03bd060bae7425,1,,0.076217,0.0072,gauss2,BP06_12MP_NL_HEIC.mat,2,1011.9
IMG_1831.jpg,1008x756,4a420160164bffd5fe0b1e856d44fe6ac5b527bd5e6c30adda8005114353cfd0,1,,0.06268,0.0072,gauss2,BP06_12MP_NL_HEIC.mat,2,1137.0
IMG_1832.jpg,1008x756,248fedb7b224f98be11cc5170da78ab9875c76fcbdf8b885efd1aba0ff0e4884,1,,0.059419,0.0072,gauss2,BP06_12MP_NL_HEIC.mat,2,1002.0
IMG_1833.jpg,1008x756,0ed7ef89ec727789f2939b817249728472ac9c37c4c1f795467583af8976294c,1,,0.079814,0.0072,gauss2,BP06_12MP_NL_HEIC.mat,2,1081.8
IMG_1834.jpg,1008x756,e26513b4f9509ffaf3357b2270ecb5fac41a1ebabf2383e8156c040d1720a0aa,1,,0.062413,0.0072,gauss2,BP06_12MP_NL_HEIC.mat,2,1151.8
IMG_1835.jpg,1008x756,569db65d4da4071bd8f5e45ec9ee9afefd2b49fd06ac8fc471f6fff7fd64a910,1,,0.065425,0.0072,gauss2,BP06_12MP_NL_HEIC.mat,2,1130.1
IMG_1836.jpg,1008x756,6419b67e1d619086e8077da4eb3323c5fdc01ce7741c27e3d607dffe600b14cf,1,,0.066708,0.0072,gauss2,BP06_12MP_NL_HEIC.mat,2,983.2
IMG_1837.jpg,1008x756,880dc45de2d2d83dca6432bdca2f42511717e1015e59c32f47ab67f5f9f1c324,1,,0.066715,0.0072,gauss2,BP06_12MP_NL_HEIC.mat,2,1087.9
IMG_1838.jpg,1008x756,60be6a594569577a7b204d622d8b5fecd230083c7e5512fd66eb372d16128dde,1,,0.062302,0.0072,gauss2,BP06_12MP_NL_HEIC.mat,2,985.2
IMG_1839.jpg,1008x756,bb9cfe55127523b1fa32a9d08877b1a6a58eafcbf900660c278a8b5baa6a1bc8,1,,0.061014,0.0072,gauss2,BP06_12MP_NL_HEIC.mat,2,1115.6
IMG_1904.jpg,1008x756,a49c5509d032ea55b313a896cdd040d5aafb5eb1f4c2c1e61e83f5ba81983dc5,1,,0.011973,0.0072,gauss2,BP05_12MP_SLM_HEIC.mat,0,976.8
IMG_2007.jpg,1008x756,94a4ec9ef895b864485132ee4bbbac1b0912fa478c998424568de66d8059bdfe,1,,0.036658,0.0072,gauss2,BP05_12MP_SLM_HEIC.mat,0,1242.9
IMG_2008.jpg,756x1008,ae29391a1c9d88855606814b561d7da586dc23686f4d1b05ed9a089e428fb92d,1,,0.050178,0.0072,gauss2,BP05_12MP_SLM_HEIC.mat,1,982.3
IMG_2009.jpg,1008x756,98d5d35e8358f95f2f905e83dce791f8f720d215b9851f49fd051a7f23f4949b,1,,0.028034,0.0072,gauss2,BP05_12MP_SLM_HEIC.mat,0,1273.4
IMG_2010.jpg,1008x756,34998ff63058506b28b051139439440f7041f6916852bbb7141eee5cc03bcb65,1,,0.0046,0.0072,gauss2,BP05_12MP_SLM_HEIC.mat,0,965.7
IMG_2011.jpg,1008x756,a6bb823fd9593aee62ecd85275ce48d446954e07f328d1f83480694583c20161,1,,0.019242,0.0072,gauss2,BP05_12MP_SLM_HEIC.mat,0,1325.2
IMG_2015.jpg,1008x756,52620e85b4a00aeb4f9c20921169eba7ff0716942023dd8b770f213e74874850,1,,0.020905,0.0072,gauss2,BP05_12MP_SLM_HEIC.mat,0,950.5
IMG_2016.jpg,1008x756,afbdf3009b9f91e8f6a46f4193547a920897532232ebd57ad7e498730d908648,1,,0.028884,0.0072,gauss2,BP05_12MP_SLM_HEIC.mat,0,916.2
IMG_2017.jpg,1008x756,47e7d4765d428f9405b126c43bab2396864550e7d3ae405c5e6a309a5a5de491,1,,0.021851,0.0072,gauss2,BP05_12MP_SLM_HEIC.mat,0,948.7
IMG_2018.jpg,756x1008,eec8417eb17e3e6ca9971e92cb3ef26c3e0998684efb35686fe03be5f90a8020,1,,0.090991,0.0072,gauss2,BP05_12MP_SLM_HEIC.mat,1,1372.9
IMG_2019.jpg,1008x756,976c946eebae7c2d4d8e57ba1bce3e6d6bd9e622fc1e907060c28dd1bc20e944,1,,0.037109,0.0072,gauss2,BP05_12MP_SLM_HEIC.mat,0,1091.1
IMG_2020.jpg,1008x756,eac29c9dbbf1a41e59e3f34e6fa0e8538e0587acdc932a4fb1d86084383ce52b,1,,0.031868,0.0072,gauss2,BP05_12MP_SLM_HEIC.mat,0,935.7
IMG_2032.jpg,1008x756,e9c48a842c14faff9027e5d309b461bcd57a974301dcf0be55312a5b9ae96ee5,1,,0.010285,0.0072,gauss2,BP05_12MP_SLM_HEIC.mat,0,953.2
IMG_2083.jpg,1008x756,aed04409481378e49d3e39e7f6361221e5efa06cdcf9acb4b4d956b38b05a8fe,1,,0.011817,0.0072,gauss2,BP04_12MP_NL_JPEG.mat,0,1267.1
IMG_2085.jpg,1008x756,d4ca5c17049a9665c3e511555730730c9456997f9a06f13196e76ef14b7ba0ee,1,,0.008686,0.0072,gauss2,BP04_12MP_NL_JPEG.mat,0,1137.6
IMG_2086.jpg,1008x756,3efe7a5ced6e150102078a7812f199c8a0c55595bdacd6f7de62032fdc3130d5,1,,0.00928,0.0072,gauss2,BP04_12MP_NL_JPEG.mat,0,1047.4
IMG_2088.jpg,1008x756,59f0dd335092561ab8c083917eb621b0f38e3c542dbeeba7a85155e3aa4ca1e6,1,,0.010175,0.0072,gauss2,BP04_12MP_NL_JPEG.mat,0,973.2
IMG_2089.jpg,1008x756,a381edc24d18a4d02b194c7d6a38fc3ca033602c32067459964f31eb6062807c,1,,0.007843,0.0072,gauss2,BP04_12MP_NL_JPEG.mat,0,1080.8
IMG_2090.jpg,1008x756,ce47bf6f96509fb9a9f60372a46193fd4cd2f153721424754c4a9ac1ef2c0e13,1,,0.008001,0.0072,gauss2,BP04_12MP_NL_JPEG.mat,0,960.7
IMG_2091.jpg,1008x756,83fb7e2068e1e0c7fd5c12f0058e1c85a89552072a3803121583d670e54c2566,1,,0.009581,0.0072,gauss2,BP04_12MP_NL_JPEG.mat,0,1235.9
IMG_2092.jpg,1008x756,ca101c9cd7d7050a28e7afa34875b3b8765ad49f1f9a3224f68655606e9daa79,1,,0.010005,0.0072,gauss2,BP04_12MP_NL_JPEG.mat,0,942.8
IMG_2093.jpg,1008x756,89340cfdba705f75f8e9fdbeac9c7a5daa85157b121a467f887d9c84430a03b5,1,,0.030963,0.0072,gauss2,BP04_12MP_NL_JPEG.mat,2,916.6
IMG_2094.jpg,1008x756,46ae2211400ddd072ffc4fb095c500571315c07df197c171b012d37bce4c9fe0,1,,0.00962,0.0072,gauss2,BP04_12MP_NL_JPEG.mat,2,952.1
IMG_2095.jpg,1008x756,f4fbf2f41ed5f57b930e9628185128c81c7dca0e9e354e59fb64cfcafd3c26e7,1,,0.010357,0.0072,gauss2,BP04_12MP_NL_JPEG.mat,2,1124.6
IMG_2096.jpg,1008x756,9b37764ef4352640826187045dc17b118119d9d3be8cbb18c2c29553a2874994,1,,0.008848,0.0072,gauss2,BP04_12MP_NL_JPEG.mat,2,941.0
IMG_2097.jpg,1008x756,77a6f74cfefaf215d89195cc21d53686dada32e546128bf04be0da71072dcea7,1,,0.009998,0.0072,gauss2,BP04_12MP_NL_JPEG.mat,2,1142.6
IMG_2098.jpg,1008x756,9870dda53261e36002ab3f3ea70f0a61f90ac5d2ba4a083607bfca836ac7c141,1,,0.012327,0.0072,gauss2,BP04_12MP_NL_JPEG.mat,2,962.6
IMG_2099.jpg,1008x756,ceb415ed470d883d4d29f46c81ef8de209a261c3e144b2626276abdeed4ff9b0,1,,0.009751,0.0072,gauss2,BP04_12MP_NL_JPEG.mat,2,1179.3
IMG_2100.jpg,1008x756,e11f415780991db4109f22836936b80ebcfd08d15f2acd1a44509f06e9eecbe3,1,,0.009172,0.0072,gauss2,BP04_12MP_NL_JPEG.mat,2,1014.5
IMG_2101.jpg,1008x756,b62a9566c8c4383a42d62ebb8533d79ad88046101e945575361cbd100a36a14f,1,,0.010132,0.0072,gauss2,BP04_12MP_NL_JPEG.mat,2,1084.3
IMG_2102.jpg,1008x756,02704d6b5f77673aa0312476b80edb88d41a8795467b4944d8b4e808c1c8b12a,1,,0.009361,0.0072,gauss2,BP04_12MP_NL_JPEG.mat,2,991.9
IMG_2430.jpg,1008x756,39c8b2b73ec0059a23619829cf6f9f755cca89b0cfe474a1dbc971a6ecc3d37d,1,,0.01238,0.0072,gauss2,BP04_12MP_NL_JPEG.mat,0,1115.1
IMG_2431.jpg,1008x756,2bed5cbd006d565a1357d52bcf20c6b9768a82278eb373f34838424f2f9c3265,1,,0.016384,0.0072,gauss2,BP04_12MP_NL_JPEG.mat,0,1003.6
IMG_2432.jpg,1008x756,3f9eee3075a993787197417bcf93acb8d41db95319d105a998e142fef7be16fb,1,,0.016052,0.0072,gauss2,BP04_12MP_NL_JPEG.mat,0,1152.9
IMG_2433.jpg,1008x756,81cdd455fb6e3676d6a1bc1e9825155c6b9ca37d5a86fcdb56d5a388f9512c2b,1,,0.014735,0.0072,gauss2,BP04_12MP_NL_JPEG.mat,0,1000.6
IMG_2434.jpg,1008x756,c556461c2516b6799dea9cbd91ae56ff689656e06f68ce60acd29683c3683940,1,,0.016344,0.0072,gauss2,BP04_12MP_NL_JPEG.mat,0,1157.1
IMG_2435.jpg,1008x756,bf71162e5570221cbc423604c820d386af45621f0713662e9229d03c36846507,1,,0.013502,0.0072,gauss2,BP04_12MP_NL_JPEG.mat,0,1110.3
IMG_2436.jpg,1008x756,f6a562dcd4639c21449ce3785f8e4bc4f67ffc8cb3447b98937d5a5a2a0d1b36,1,,0.014247,0.0072,gauss2,BP04_12MP_NL_JPEG.mat,0,967.9
IMG_2437.jpg,1008x756,1e95c0de526578e4a97584c61aebe6ccec3905054b257be8713359fa03692073,1,,0.016363,0.0072,gauss2,BP04_12MP_NL_JPEG.mat,0,939.1
IMG_2438.jpg,1008x756,259df3990406cc7324d8e779fb131f125d9878861a874725268f1b4162cbf016,1,,0.016345,0.0072,gauss2,BP04_12MP_NL_JPEG.mat,0,1345.8
IMG_2439.jpg,1008x756,148f4631306679814e24be41db0da4766bdcfab0cbe7a700e98618974b113ed5,1,,0.01428,0.0072,gauss2,BP04_12MP_NL_JPEG.mat,0,1147.9
IMG_2440.jpg,1008x756,26622d5758b4523286819cdd2f88c06915459027a53aec29bed240a77e79618c,1,,0.012062,0.0072,gauss2,BP04_12MP_NL_JPEG.mat,0,977.8
IMG_2451.jpg,1008x756,c70154b758989dba71d30bb86843cde5a47c037f6ffd5ad9736aa14a1df55ce7,1,,0.014814,0.0072,gauss2,BP04_12MP_NL_JPEG.mat,2,966.3
IMG_2452.jpg,1008x756,164fc879d1b2c413005f485351db21003754450055780706438d018d4cd85e89,1,,0.014682,0.0072,gauss2,BP04_12MP_NL_JPEG.mat,2,1296.2
IMG_2453.jpg,1008x756,649a7edab84ecb4ce50f3a673ec04c932ebf68b207cad2fea3cff3f3da7b2443,1,,0.015829,0.0072,gauss2,BP04_12MP_NL_JPEG.mat,2,1217.0
IMG_2454.jpg,1008x756,bb055fd1c3ed1ef8fbab550c136d59c2fdd03ac6dd9aa12997163d04873d665d,1,,0.014441,0.0072,gauss2,BP04_12MP_NL_JPEG.mat,2,987.4
IMG_2455.jpg,1008x756,f3898931987f103f9288a52b9310d3e020716205b6c72479bafbe25321e52577,1,,0.015431,0.0072,gauss2,BP04_12MP_NL_JPEG.mat,2,1096.5
IMG_2456.jpg,1008x756,62387007daefb39050411f9503e50475073083665abb6baf44cfdc7e0b3c7ad3,1,,0.016269,0.0072,gauss2,BP04_12MP_NL_JPEG.mat,2,1046.5
IMG_2458.jpg,1008x756,3f7feedf415973eabf86e125126a5b9d98f1fcadce2b610190ad0e639e6a5c4b,1,,0.014638,0.0072,gauss2,BP04_12MP_NL_JPEG.mat,2,1077.7
IMG_2459.jpg,1008x756,98e15fac0be9ca2d9a06a80e44c0d0b73e664e985d5dcd5ae1561e420b5ca301,1,,0.015052,0.0072,gauss2,BP04_12MP_NL_JPEG.mat,2,991.4
IMG_2460.jpg,1008x756,9114f9186d7f7210fab235e15f57a54092e2c352049d6e6e4b5af41829407365,1,,0.016988,0.0072,gauss2,BP04_12MP_NL_JPEG.mat,2,1112.4
IMG_2461.jpg,1008x756,8def9d8fa07f7daa22080b79ba2f57d6fcbc9587fb803bab7c093d89c4a196c5,1,,0.01539,0.0072,gauss2,BP04_12MP_NL_JPEG.mat,2,1134.4
IMG_2463.jpg,1008x756,d6b5e1b80da2b5ebeff6e93d8e7f16d5e85ac5872c20d4272c083d16331e777a,1,,0.017752,0.0072,gauss2,BP04_12MP_NL_JPEG.mat,2,1088.1
IMG_2464.jpg,1008x756,338f6b562e6a6bc81373a66bfc6a3c1d0939bd5b274e0b233d58016603902f98,1,,0.01786,0.0072,gauss2,BP04_12MP_NL_JPEG.mat,2,987.4
IMG_2465.jpg,1008x756,2f4cbbb106ea5e78ffc8ddc918464c038b2968d9712c6855df9f38a9a1f54311,1,,0.017465,0.0072,gauss2,BP04_12MP_NL_JPEG.mat,2,1061.5
IMG_2815.jpg,1008x756,357cb8b4529f3759c34ace48c100d544f99ac6e8437ca104e4f00668ccfeb496,1,,0.019824,0.0072,gauss2,BP06_12MP_NL_HEIC.mat,0,992.8
IMG_2816.jpg,1008x756,2a87e6c3ff6849e18e65211f451027616968269b62acc2278be72c0f168e5957,1,,0.023932,0.0072,gauss2,BP06_12MP_NL_HEIC.mat,0,1111.9
IMG_2817.jpg,1008x756,2f44cec84b704781db6e5ba2ad6a15da0360e5d34cbc0005652c31d75e0c6787,1,,0.021869,0.0072,gauss2,BP06_12MP_NL_HEIC.mat,0,970.9
IMG_2818.jpg,1008x756,191245d9a9103a46eb6500a47e0113af8a489de7bded880e19b3c4beb1a1a8ba,1,,0.023191,0.0072,gauss2,BP06_12MP_NL_HEIC.mat,0,1165.1
IMG_2819.jpg,1008x756,397c610b5083f31a68689f5979b9b8e48397063cdded30168f154707a4cabf64,1,,0.021725,0.0072,gauss2,BP06_12MP_NL_HEIC.mat,0,975.5
IMG_2820.jpg,1008x756,cee044d27689503af18295daac9858c1ca2b9c101b6fcbf059af74f741b0516c,1,,0.020248,0.0072,gauss2,BP06_12MP_NL_HEIC.mat,0,1297.3
IMG_2821.jpg,1008x756,e5cc4ce95795f6155de357c09bd2f28e8d2e2d8f83593e96e46be05e8813237d,1,,0.019283,0.0072,gauss2,BP06_12MP_NL_HEIC.mat,0,968.2
IMG_2822.jpg,1008x756,0d5464acd36bbee7727745c28d6261a6d54966a7648d9bddd27a4deeca835c6d,1,,0.021627,0.0072,gauss2,BP06_12MP_SLM_HEIC.mat,0,1305.2
IMG_2824.jpg,1008x756,22fc5c3be180b04e2f72a3f08170c43dba61c63aec4fd1085660f5e3a19a3043,1,,0.022544,0.0072,gauss2,BP06_12MP_NL_HEIC.mat,0,923.4
IMG_2825.jpg,1008x756,1ace9647238a529334021671a7a8f26795d5fdbe3d966f2732482f980b57e860,1,,0.026262,0.0072,gauss2,BP06_12MP_NL_HEIC.mat,0,1295.9
IMG_2826.jpg,1008x756,6d7a46aa0133708b240cf1d0f8b030bb5378df0e8b7e8eea25e460bf86270ca2,1,,0.023703,0.0072,gauss2,BP06_12MP_NL_HEIC.mat,2,942.5
IMG_2827.jpg,1008x756,e0648dce00958041adf9c0d9ee888e6a92e09255847d77199d3fe6bbcf2f82a6,1,,0.019729,0.0072,gauss2,BP06_12MP_NL_HEIC.mat,2,1140.7
IMG_2828.jpg,1008x756,f9912f3b31c9d2854b8176fd091991410803b64cfde13726d01c5525945501cc,1,,0.023884,0.0072,gauss2,BP06_12MP_NL_HEIC.mat,2,1120.3
IMG_2829.jpg,1008x756,708207f67f4064c85e7ab1be175f314b72e22f92f5baaaf28e4570c2563d38f5,1,,0.018829,0.0072,gauss2,BP06_12MP_NL_HEIC.mat,2,933.6
IMG_2830.jpg,1008x756,9071ec3359ad3e12bf810fa7b9b364bcbbcca8c7b6366dd7d3d64930a8f49591,1,,0.024438,0.0072,gauss2,BP06_12MP_NL_HEIC.mat,2,935.8
IMG_2831.jpg,1008x756,dcfe40c993d24686d080b8c8479d9f968a9232b159d3f87908cdc20b576cddd4,1,,0.02327,0.0072,gauss2,BP06_12MP_NL_HEIC.mat,2,1303.9
IMG_2832.jpg,1008x756,a7ef0e72b9091c91f3358b985c9fcb6ccf2b6be9c9b0f7e1cba0c2e7569feece,1,,0.020361,0.0072,gauss2,BP06_12MP_NL_HEIC.mat,2,1176.8
IMG_2833.jpg,1008x756,6dd91282d2a1c92b2ec0001f139037e3d17da914dc86793af2ab695e1027648c,1,,0.022016,0.0072,gauss2,BP06_12MP_NL_HEIC.mat,2,968.2
IMG_2834.jpg,1008x756,2e1cc69578e3f33ac69ae3d34e19c32fbea02bceda252475ae73d71aec588063,1,,0.024814,0.0072,gauss2,BP06_12MP_NL_HEIC.mat,2,1059.1
IMG_2835.jpg,1008x756,551b69b690b5b0066949965f2aec304d33b5c96a3b8e05cb3d2eba32bc66aa78,1,,0.019253,0.0072,gauss2,BP06_12MP_NL_HEIC.mat,2,1020.5
IMG_2872.jpg,1008x756,663ce5770b046a61235517395db3d001120a9332efeb9e4fdf31acfab33d9297,1,,0.038519,0.0072,gauss2,BP06_12MP_NL_HEIC.mat,0,954.2
IMG_2873.jpg,1008x756,a8d6b51cffca2c095c328c10643acaf78d28711514f08080889636b2b97b257a,1,,0.020841,0.0072,gauss2,BP06_12MP_NL_HEIC.mat,0,1152.1
IMG_2874.jpg,1008x756,5f1b2439fefe79deef254cac1db2f7ea3fb4333ac6cc5b646384ea6d64fa8f50,1,,0.01685,0.0072,gauss2,BP06_12MP_NL_HEIC.mat,0,922.3
IMG_2925.jpg,1008x756,f3e565c4489baf31b66ab3e6dd3c628a839fb76493132775b7e35bcb76eba4a9,1,,0.018806,0.0072,gauss2,BP06_12MP_SLM_HEIC.mat,0,1134.4
IMG_2926.jpg,1008x756,c7685b18515d503f91b535aab7b36d30dd1a2b08ebf74ee5a7facdebef5831d3,1,,0.012628,0.0072,gauss2,BP06_12MP_NL_HEIC.mat,0,931.9
IMG_2927.jpg,1008x756,7e2bc7e3e0a4a3f5f9ed58c105075c72221be066bad4a22c13783b040817e4cd,1,,0.015266,0.0072,gauss2,BP06_12MP_SLM_HEIC.mat,0,1233.5
IMG_2928.jpg,1008x756,d744d6ee2364df70aae3e77b0d8049d745a7ba9218404dfea2113d01c70f1a5b,1,,0.023435,0.0072,gauss2,BP06_12MP_NL_HEIC.mat,0,1048.5
IMG_2930.jpg,1008x756,ed0f1ba81520a9499505255f6b9d9bddb09ea7dc1732c096b288b821a8d3f2ef,1,,0.040266,0.0072,gauss2,BP06_12MP_NL_HEIC.mat,0,944.9
IMG_2931.jpg,1008x756,1a03aefce4c3275d4dc880f2aa11bf56081f8805e7f12eb89c5787457bb1c5f4,1,,0.025698,0.0072,gauss2,BP06_12MP_NL_HEIC.mat,0,917.1
IMG_2932.jpg,1008x756,766ebadaff6d7d9d0ce260e1a84f8bad4f4ab6c8d1ec7db0f29bc9da6f4459e9,1,,0.02464,0.0072,gauss2,BP06_12MP_NL_HEIC.mat,0,1069.3
IMG_2933.jpg,1008x756,d073be4eef06e5a0f55d25b331e6eb32638ffbf6971efed3a024ef687e9b23d9,1,,0.02149,0.0072,gauss2,BP06_12MP_NL_HEIC.mat,0,988.3
IMG_2935.jpg,1008x756,c8c63d7d3f36d8439a1825e99a374ed058189bc6270e9fa7de060954d2119a5d,1,,0.021372,0.0072,gauss2,BP06_12MP_NL_HEIC.mat,0,1129.5
IMG_2936.jpg,1008x756,9b06f0c5a39c6895cb49b8454ed777d11e063d9fba2747304ebc77cda6c7884f,1,,0.017622,0.0072,gauss2,BP06_12MP_NL_HEIC.mat,0,970.5
IMG_2937.jpg,1008x756,2d165c579d4d018ad8b9302a04d7690d205d6b6f549c291dadba4b0ba19e916f,1,,0.026702,0.0072,gauss2,BP06_12MP_NL_HEIC.mat,0,1078.4
IMG_2938.jpg,1008x756,185423d4c67f55e08282db9dd07f4c047c31c35492c924a97195a54ca72d27df,1,,0.052807,0.0072,gauss2,BP06_12MP_NL_HEIC.mat,0,971.0
IMG_2939.jpg,1008x756,1db9dddce08deb2589550f3894a1180cb1e4bdfcf5cf2e54eaf39a44ebe732c1,1,,0.019692,0.0072,gauss2,BP06_12MP_NL_HEIC.mat,0,1212.1
IMG_2940.jpg,1008x756,9bd06875f169679e508a5715740bf0757a2a4dfcd553e471526445dc43e5d770,1,,0.037593,0.0072,gauss2,BP06_12MP_NL_HEIC.mat,0,953.7
IMG_2941.jpg,1008x756,58637ea34d51d6309d1b63f286c86d0a25c4aba467eccd0b6a7c9ef92542cd96,1,,0.037892,0.0072,gauss2,BP06_12MP_NL_HEIC.mat,0,1251.0
IMG_2942.jpg,1008x756,570f09eb088fde0f2b8d05072265b80ea0b67287733ee9c11863c0df3eb18418,1,,0.037533,0.0072,gauss2,BP06_12MP_NL_HEIC.mat,0,976.4
IMG_2943.jpg,1008x756,5747e172ff8e94fd3e2abb9f0ba9d9aa1a234230cc5b9f5dc60b491f52385dbd,1,,0.018204,0.0072,gauss2,BP06_12MP_NL_HEIC.mat,0,1184.0
IMG_2944.jpg,1008x756,52477fa4f0aa3781614d0d09bed1285548702c42d74c50ea6dedd4f0d82d843c,1,,0.016097,0.0072,gauss2,BP06_12MP_NL_HEIC.mat,0,934.4
IMG_2945.jpg,1008x756,2af67ede22d16a8401bdc8a9eba3b08446d616fa96c11d5c446002f408c09a87,1,,0.014997,0.0072,gauss2,BP06_12MP_NL_HEIC.mat,0,942.4
IMG_2946.jpg,1008x756,ab86dc15fd542926545916423896c0c333d0c5b80fa2e50d36e95bea6282918c,1,,0.022593,0.0072,gauss2,BP06_12MP_NL_HEIC.mat,0,933.9
IMG_2947.jpg,1008x756,16369fe33875a9bd89cd5dbbb0e029213a6f9ddc105c4d55750cf99e9009fc95,1,,0.006519,0.0072,gauss2,BP06_12MP_NL_HEIC.mat,0,1380.6
IMG_2948.jpg,1008x756,857713324511bc5de76d83f9e4568497b673572cfc19edfaa7e3a76abb7a1b0e,1,,0.01558,0.0072,gauss2,BP06_12MP_NL_HEIC.mat,0,1140.1
IMG_2949.jpg,1008x756,0acd290557ec04a767687947cb2f8c6a1271e04b206850a93ac0153c02d4df52,1,,0.023889,0.0072,gauss2,BP06_12MP_NL_HEIC.mat,0,979.8
IMG_2950.jpg,1008x756,ca8b882d7928fcba1a46e6c763bdae5135da9f43acea6697efddb34149125abf,1,,0.022834,0.0072,gauss2,BP06_12MP_NL_HEIC.mat,0,915.5
IMG_2951.jpg,1008x756,365744b5eccfa1fbac99f2fc87803e90250d0468e7d5d2fff3d70d605fe51042,1,,0.017139,0.0072,gauss2,BP06_12MP_NL_HEIC.mat,0,1133.5
IMG_2952.jpg,1008x756,abcb597aed8514687e22c04c79c7c64fddfdb615d403b634fd4013d974df621b,1,,0.015888,0.0072,gauss2,BP06_12MP_NL_HEIC.mat,0,1033.3
IMG_2953.jpg,1008x756,13281268d371b956034b094822b19fd8a075c48f829de644e9bdbb948ac82cab,1,,0.013242,0.0072,gauss2,BP06_12MP_NL_HEIC.mat,0,1132.2
IMG_2954.jpg,1008x756,f3b1f3395c4306ccf40a154125f919a880e34c9f929a35b8dd24ed4a82aec5b3,1,,0.023238,0.0072,gauss2,BP06_12MP_NL_HEIC.mat,0,935.7
IMG_2955.jpg,1008x756,f0eaefbec015170519c79fbe7e470dd924370a3e9e0de08df5fca5c3114d5c13,1,,0.011422,0.0072,gauss2,BP06_12MP_NL_HEIC.mat,0,1066.9
IMG_2956.jpg,1008x756,1d2f6791334a684719fe34c5e0129dc7238fea73ffc93b25d5c8ec29a799601e,1,,0.014415,0.0072,gauss2,BP06_12MP_NL_HEIC.mat,0,1037.6
IMG_2957.jpg,1008x756,7fab46dc9ec24cb05717a5e6c0ead91e982ebc33159b1958f586446eea89a55b,1,,0.012051,0.0072,gauss2,BP06_12MP_SLM_HEIC.mat,0,1185.5
IMG_2958.jpg,1008x756,1df920faccbb05198a258c6a89c264faf3b7bc0d4358906ecd2af7a7b0db008d,1,,0.015832,0.0072,gauss2,BP06_12MP_NL_HEIC.mat,0,942.2
IMG_2959.jpg,1008x756,cbe123590bd4a0062f35d14279532e050fd5e35dacef883b418faa585c78ea47,1,,0.016151,0.0072,gauss2,BP06_12MP_NL_HEIC.mat,0,1100.4
IMG_2960.jpg,1008x756,4ae58d366e3b3fad1b49786092446c4d252c8a0842a56e20be64dbab527d7017,1,,0.012739,0.0072,gauss2,BP06_12MP_NL_HEIC.mat,0,998.9
IMG_2961.jpg,1008x756,a813661fddc52ab87ce10b27921c86937160ff402b11326b1482c1ea46aa3476,1,,0.022652,0.0072,gauss2,BP06_12MP_NL_HEIC.mat,0,1162.9
IMG_2962.jpg,1008x756,a09a21f7ad4ae772b00a142c3de777f96330e833434e0e86ec99165a4f82afe3,1,,0.013248,0.0072,gauss2,BP06_12MP_SLM_HEIC.mat,0,927.0
IMG_2963.jpg,1008x756,2b9adfa259049ea6f005e215e2dbca559a992f1e413955dd25795a26af913877,1,,0.015396,0.0072,gauss2,BP06_12MP_NL_HEIC.mat,0,1195.5
IMG_2964.jpg,1008x756,bcca25b775f2c676685810324b08d8952fd0ec1c1be07a639bce075fc90e20c8,1,,0.02838,0.0072,gauss2,BP06_12MP_NL_HEIC.mat,0,933.5
IMG_2965.jpg,1008x756,7931f81aa9256e1c08ccd9fa713563a2ddb58fb23c3375605bb7eab86208432a,1,,0.015335,0.0072,gauss2,BP06_12MP_NL_HEIC.mat,0,1170.6
IMG_2966.jpg,1008x756,4684fada3668819d434c86e1e30de6873a52da9127d1f4326f285e7de40f6517,1,,0.030339,0.0072,gauss2,BP06_12MP_SLM_HEIC.mat,0,918.1
IMG_2967.jpg,1008x756,e3681ab2170586d975a3d61de05454ecac48630a1ac2b39c423ee41637a491a3,1,,0.055865,0.0072,gauss2,BP06_12MP_NL_HEIC.mat,0,1268.8
IMG_2968.jpg,1008x756,7a586678a459ae20fb69ad2ae160f520a1f9c3efaeb0f47cc2e6219033a85d5f,1,,0.020749,0.0072,gauss2,BP06_12MP_NL_HEIC.mat,0,965.8
IMG_2969.jpg,1008x756,7a5c8d145caa5c4a35f892b8861c569c93f12075538f671c66fc84a4a6919c44,1,,0.0482,0.0072,gauss2,BP06_12MP_NL_HEIC.mat,0,1117.1
IMG_2970.jpg,1008x756,2455eaa1abcaa8680a406005031003f74aa090039a104dd657a9dd10bd305457,1,,0.103962,0.0072,gauss2,BP06_12MP_NL_HEIC.mat,0,970.4
IMG_2971.jpg,1008x756,97adc805bf2eb9c903a46f1483ce0c26041f4633b78c9408ce3894a56273018a,1,,0.031375,0.0072,gauss2,BP06_12MP_NL_HEIC.mat,0,942.2
IMG_2972.jpg,1008x756,377e46c5b666a99ce977404044733d02ae62545af6b02c4a645fef8f6df483fa,1,,0.042302,0.0072,gauss2,BP06_12MP_NL_HEIC.mat,0,931.3
IMG_2973.jpg,1008x756,fd2ee33ca2cbd7d9decd6addc94e5b69278042d4b765dc7b519116c8d1a3795d,1,,0.033046,0.0072,gauss2,BP06_12MP_NL_HEIC.mat,0,1204.7
IMG_2974.jpg,1008x756,f48762d59512305a471c7e4a94fcdd6df40984f1860d8fd28dc8bf651c598dc6,1,,0.037972,0.0072,gauss2,BP06_12MP_NL_HEIC.mat,0,967.0
IMG_2975.jpg,1008x756,47287d6bea93d29ecb238eb6fbbcda07f50da85bf946d2af2725915fbb8bf9e5,1,,0.042205,0.0072,gauss2,BP06_12MP_NL_HEIC.mat,0,1181.5
IMG_2976.jpg,1008x756,bbe49a333ded742b3191d0bf1b9bc5b26f1fce6649177dbf1073ea7da7357681,1,,0.034344,0.0072,gauss2,BP06_12MP_NL_HEIC.mat,0,944.4
IMG_2977.jpg,1008x756,3514fac5e23fdce835661d4b783f9a420f1925811c5517e66c5133162c9cb2e1,1,,0.024127,0.0072,gauss2,BP06_12MP_NL_HEIC.mat,0,1305.8
IMG_2978.jpg,1008x756,2e7c039c2d4f049be17c8b2dda3cb5b26c235f6cbe3b65c755f0b1b134249a7c,1,,0.043642,0.0072,gauss2,BP06_12MP_NL_HEIC.mat,0,1090.7
IMG_2979.jpg,1008x756,91d40db3a28d0b6d60ac5d9f4888803b2f5be180dd82419dd0ae9aefcb15b1d2,1,,0.010044,0.0072,gauss2,BP06_12MP_NL_HEIC.mat,0,979.9
IMG_2983.jpg,1008x756,744f5fb8acc008072b280891d569fa11d9bfd6c8291d4500e1e8a112dd37731a,1,,0.015931,0.0072,gauss2,BP06_12MP_NL_HEIC.mat,0,1012.4
IMG_2984.jpg,1008x756,6e4753144ad371e58f4811901cace052efbfedf58792e88783bb3e11d23b5e41,1,,0.012917,0.0072,gauss2,BP06_12MP_NL_HEIC.mat,0,1041.0
IMG_2985.jpg,1008x756,1d45bb3e1dc877a9fc6eb3b43e90a0608ae77e1ff1c59a9117305534c107c760,1,,0.009938,0.0072,gauss2,BP06_12MP_NL_HEIC.mat,0,955.5
IMG_2986.jpg,1008x756,1a94713ea2b0ad8ce1ea92a8f9d87bd63149e63d070d667c8134bfcbf176f0ee,1,,0.01279,0.0072,gauss2,BP06_12MP_SLM_HEIC.mat,0,1181.6
IMG_2987.jpg,1008x756,1c902691c1c85e2ec08bf470347621f0164d422bce7c8f6c769acd5aa80c20b8,1,,0.018584,0.0072,gauss2,BP06_12MP_NL_HEIC.mat,0,923.6
IMG_2988.jpg,1008x756,8a20db2f0ac3552a74e23f7e5bbb509dffb267df580118078522ff43bacd51f3,1,,0.012778,0.0072,gauss2,BP06_12MP_SLM_HEIC.mat,0,1179.0
IMG_2989.jpg,1008x756,5d9d210000283cea0d2f19ea436a0fcb3aaab870d2ba69f1566f1569fed52987,1,,0.014095,0.0072,gauss2,BP06_12MP_SLM_HEIC.mat,0,956.2
IMG_2990.jpg,1008x756,9dc0dea810eaa6638023abeceb51e1fee0f14b7cfd3749454764e3151376fcd8,1,,0.016722,0.0072,gauss2,BP06_12MP_NL_HEIC.mat,0,932.7
IMG_2991.jpg,1008x756,8c60d77d8099c7e23850d12f8f098dabd04161ca324feceb488008157bea284a,1,,0.010433,0.0072,gauss2,BP06_12MP_NL_HEIC.mat,0,933.2
IMG_2992.jpg,1008x756,c7ca8037f0bd15fc6ba2e22b1ecf0fd49ca0e15cbce175e4b2d33fa1306a6b35,1,,0.01349,0.0072,gauss2,BP06_12MP_SLM_HEIC.mat,0,1103.0
IMG_2993.jpg,1008x756,47d8b0f8f93f0905d179f35326a7703c995759bea4eff9f47ae8550fd47c44e6,1,,0.016563,0.0072,gauss2,BP06_12MP_NL_HEIC.mat,0,986.4
IMG_2994.jpg,1008x756,96abdfa008b487ef446af44603fd0a279d9cf54f0587506e77ffd161e1ead2fc,1,,0.014026,0.0072,gauss2,BP06_12MP_NL_HEIC.mat,0,1057.9
IMG_2995.jpg,1008x756,3a9c92428586b844fa003959d8ad0c7c15443944e110b221e6f983268d2e2bc8,1,,0.015657,0.0072,gauss2,BP06_12MP_SLM_HEIC.mat,0,989.1
IMG_2996.jpg,1008x756,909614a974fc9c0a9c0d4851ff7a73e194697056ba62e45017a5cef324dc4969,1,,0.009997,0.0072,gauss2,BP06_12MP_NL_HEIC.mat,0,1131.9
IMG_2997.jpg,1008x756,65c163090475987dc189e8eacec3a104f3b7ee35254131a01349e3b97f2371e3,1,,0.009043,0.0072,gauss2,BP06_12MP_SLM_HEIC.mat,0,1042.8
IMG_2998.jpg,1008x756,7065a2c76fc4b0f927aca6c47c0d02ffe1b7093651be2b8b2c37aa376cccf96d,1,,0.012274,0.0072,gauss2,BP06_12MP_NL_HEIC.mat,0,1107.4
IMG_2999.jpg,1008x756,4128f765ac909b4de85a46612f46596f4523e0dabe95e629a139fb85a35597ae,1,,0.015111,0.0072,gauss2,BP06_12MP_NL_HEIC.mat,0,983.7
IMG_3001.jpg,1008x756,702c06e408e6c040971d9f31d1c23ad3332c83b8d2301183395a3e85ff4f9db0,1,,0.012107,0.0072,gauss2,BP06_12MP_NL_HEIC.mat,0,1087.2
IMG_3002.jpg,1008x756,d27858284729eb56810904b4a59b972cc3958af858d709fa656fe358c6b4063c,1,,0.01343,0.0072,gauss2,BP06_12MP_NL_HEIC.mat,0,963.3
IMG_3003.jpg,1008x756,2b0d692af71dc4f5d6979f7e50c6e6489aca7ec059837e3c2dfd3bf57af8b5d9,1,,0.012016,0.0072,gauss2,BP06_12MP_NL_HEIC.mat,0,1206.8
IMG_3004.jpg,1008x756,7dbc3836c57364e94c8ece78af9fc35d780217e28d16bf824ae1d44e5ecc09c1,1,,0.012018,0.0072,gauss2,BP06_12MP_NL_HEIC.mat,0,995.8
IMG_3005.jpg,1008x756,e2946b8750924eb845887688b3f8a1172f28a7ae3f1002aac4c6a19d715195c1,1,,0.011962,0.0072,gauss2,BP06_12MP_NL_HEIC.mat,0,1175.7
IMG_3006.jpg,1008x756,11acd3108d46f7786a033f8c120bcd14d437e8f6f83a64097e5bfa756127cb00,1,,0.016239,0.0072,gauss2,BP06_12MP_SLM_HEIC.mat,0,1003.1
IMG_3007.jpg,1008x756,bdd7870f1be0458ac3a3b7b478b4825e7b3d765bc5c8f39a4d2d7f5f198ec80b,1,,0.01895,0.0072,gauss2,BP06_12MP_NL_HEIC.mat,0,934.9
IMG_3008.jpg,1008x756,d70479b81985879123db1c0375afcc45d914827768ef7b4f6e90cb292c73f675,1,,0.010119,0.0072,gauss2,BP06_12MP_NL_HEIC.mat,0,941.6
IMG_3009.jpg,1008x756,0fda85b41aaac52a47372962c007688d88e9ee6dddaf5afce0f8f7b2151b2079,1,,0.014922,0.0072,gauss2,BP06_12MP_NL_HEIC.mat,0,1273.1
IMG_3010.jpg,1008x756,4dffe315ebe5cd8116637e3695662b0a8399dc1b9d6ece742c3c2b3067d1bd1d,1,,0.00948,0.0072,gauss2,BP06_12MP_NL_HEIC.mat,0,989.6
IMG_3011.jpg,1008x756,aa8d45c14592f77f2e70834f72fdc8c2a07076253b155011fd132326e96c8f2b,1,,0.013702,0.0072,gauss2,BP06_12MP_NL_HEIC.mat,0,1191.1
IMG_3012.jpg,1008x756,4ba9ed9cb9f85448bcbe4bafe998976cc8a39842648f4d3150c19a47c2faa3f1,1,,0.012521,0.0072,gauss2,BP06_12MP_SLM_HEIC.mat,0,977.7
IMG_3013.jpg,1008x756,ad16b923ed2cff81a47764f0cafa51762ef4178f810612286f84894b2381d9ae,1,,0.013807,0.0072,gauss2,BP06_12MP_NL_HEIC.mat,0,936.8
IMG_3014.jpg,1008x756,2b5cde60b1a2924ef79431f75cfdc68c4df7f822697dadb19b4def493703fc73,1,,0.00422,0.0072,gauss2,BP06_12MP_SLM_HEIC.mat,0,1036.7
IMG_3015.jpg,1008x756,e44c3b3a0d597a42b9ddd06d85654f344f7e88d55a3bfbc72155a5e1616295fb,1,,0.013172,0.0072,gauss2,BP06_12MP_NL_HEIC.mat,0,1074.0
IMG_3016.jpg,1008x756,2f5528cd37f0b4d5c2455723f3c3a25b33de7fda107b5c848f45e14cd1ac0e20,1,,0.013368,0.0072,gauss2,BP06_12MP_NL_HEIC.mat,0,927.1
IMG_3017.jpg,1008x756,072bd8aeb259d23979b8bb514979a788874880e8dd5ffad7fe84fd3a6658743e,1,,0.009888,0.0072,gauss2,BP06_12MP_NL_HEIC.mat,0,1139.9
IMG_3018.jpg,1008x756,86fabf47c531221a7a98efb08174006848226669203885b3b15786b6c7141a12,1,,0.013761,0.0072,gauss2,BP06_12MP_NL_HEIC.mat,0,1023.5
IMG_3019.jpg,1008x756,6c92e2d3bc2c40171d6797f0aa6b221454c3bf4e7d4717a39173aae7ebc2b6a2,1,,0.011652,0.0072,gauss2,BP06_12MP_NL_HEIC.mat,0,1109.5
IMG_3020.jpg,1008x756,2b4fdc4b5de43f228dcda139ee4d1ac91b670c7cfb2f469282915013bde976a0,1,,0.015664,0.0072,gauss2,BP06_12MP_NL_HEIC.mat,0,981.8
IMG_3021.jpg,1008x756,91844078f41a50dc9d9bc86e20a9f875cf871b16f8631818856d016845fd3c9a,1,,0.016868,0.0072,gauss2,BP06_12MP_NL_HEIC.mat,0,1127.8
IMG_3022.jpg,1008x756,61215e7687ffedfbbd408a32d7d09990c8e058485f6b7cf51e41234a4406c6dc,1,,0.021278,0.0072,gauss2,BP06_12MP_NL_HEIC.mat,0,940.6
IMG_3023.jpg,1008x756,80a2e7b5a943d579fc322789751e33ce4b160b26c65bf09afd7daf52bedaea6d,1,,0.015463,0.0072,gauss2,BP06_12MP_NL_HEIC.mat,0,1141.9
IMG_3024.jpg,1008x756,0226755755ec67879b812c96554d78f5f388e8af69a5d229b318bf976a097bf8,1,,0.011672,0.0072,gauss2,BP06_12MP_NL_HEIC.mat,0,986.8
IMG_3025.jpg,1008x756,34a942cceb5f028911a4498ea110f8e04e0b4026e9afda450f9a2b962b92b495,1,,0.015552,0.0072,gauss2,BP06_12MP_NL_HEIC.mat,0,1150.4
IMG_3026.jpg,1008x756,70daaf618cd1eb3a88e30d9d92bd4c5726d96f164548f04a4049e755380e6307,1,,0.013515,0.0072,gauss2,BP06_12MP_NL_HEIC.mat,0,931.9
IMG_3027.jpg,1008x756,fa0775026ce7217a5b36934e9637c32321526b88574055b00e7db943068e4986,1,,0.015021,0.0072,gauss2,BP06_12MP_SLM_HEIC.mat,0,1184.7
IMG_3028.jpg,1008x756,4d2d804ca0353d9016212581f1c58d87de1c103694d2d9a3d9032737dfeb6026,1,,0.013764,0.0072,gauss2,BP06_12MP_NL_HEIC.mat,0,941.0
IMG_3029.jpg,1008x756,e152751d6793d211c09c7ffddcd248537b7d49334f6e896aa1c7ba545a73933b,1,,0.021033,0.0072,gauss2,BP06_12MP_NL_HEIC.mat,0,1134.4
IMG_3030.jpg,1008x756,98834d7571b0cba1c61f8a553a66efc8359c9bb24b6ffab10624d854e5445ef7,1,,0.016847,0.0072,gauss2,BP06_12MP_NL_HEIC.mat,0,944.5
IMG_3031.jpg,1008x756,52db71e664482716118f43d522a60f92f93dd83e491e224f5198313b28805484,1,,0.010068,0.0072,gauss2,BP06_12MP_NL_HEIC.mat,0,1281.2
IMG_3032.jpg,1008x756,94f694ceef325313950c7585f5a80393488ea1442bba81de3297c3487b027be5,1,,0.015105,0.0072,gauss2,BP06_12MP_NL_HEIC.mat,0,1246.8
IMG_3033.jpg,1008x756,f00062887cffa875cbe8be07edd07690e65a7e649764d7001d8b4b32f2ab3e9e,1,,0.012696,0.0072,gauss2,BP06_12MP_SLM_HEIC.mat,0,1009.5
IMG_3034.jpg,1008x756,07b9bca9c83c5a61673c59e37b012b731a137601d046211d469b48ebfb81b063,1,,0.012188,0.0072,gauss2,BP06_12MP_NL_HEIC.mat,0,1273.9
IMG_3035.jpg,1008x756,63a91b2f3f06cff2dab8709f4bd7bb530d7a6bbb5d54276d708f35efcf0fa31c,1,,0.012083,0.0072,gauss2,BP06_12MP_NL_HEIC.mat,0,989.6
IMG_3036.jpg,1008x756,da90e3be6a706b0979c46ed771e967129987a31b939aa0dfedcdec322dfedf73,1,,0.009977,0.0072,gauss2,BP06_12MP_NL_HEIC.mat,0,1231.2
IMG_3037.jpg,1008x756,580d8eecd98f315b353147f417487f81facecc971e2bb355aaeafef6eab01aaf,1,,0.011425,0.0072,gauss2,BP06_12MP_NL_HEIC.mat,0,958.8
IMG_3038.jpg,1008x756,0c4ef8eca97421ba78a94ad185c4807690607ccd2288e1a9b241ef449552d273,1,,0.012344,0.0072,gauss2,BP06_12MP_NL_HEIC.mat,0,1227.6
IMG_3039.jpg,1008x756,3eb5fac1df3d54f89fe6992446ff546ffa3239b1736a7e5ba9111406193487a8,1,,0.010271,0.0072,gauss2,BP06_12MP_NL_HEIC.mat,0,1002.8
IMG_3040.jpg,1008x756,3fd4676c66dc369591ed5094e4d40500e44ee3c6c04784ebb51e5126851585ac,1,,0.026033,0.0072,gauss2,BP06_12MP_NL_HEIC.mat,0,1186.2
IMG_3041.jpg,1008x756,5741364cd909034283d03d8ff86ea712581ecffdc172be081aad621fd5157f88,1,,0.024137,0.0072,gauss2,BP06_12MP_NL_HEIC.mat,0,1001.0
IMG_3042.jpg,1008x756,21ff4100ed280940bce91527484dd35933ed252334e3fc30070875e1d4cda3e2,1,,0.022844,0.0072,gauss2,BP06_12MP_NL_HEIC.mat,0,1135.3
IMG_3043.jpg,1008x756,ce6cff60266cd6343760f3aa474978e39e835deec97e33f139124e14b74681f2,1,,0.024156,0.0072,gauss2,BP06_12MP_NL_HEIC.mat,0,1169.6
IMG_3044.jpg,1008x756,31ba51698d9fe7071a9dc53bf11b2bc333e66fde9adc6b27cdac6c344d05cb6a,1,,0.021007,0.0072,gauss2,BP06_12MP_NL_HEIC.mat,0,948.5
IMG_3045.jpg,1008x756,bc4781a6aea1a4109343c597046d433b910ed23f04daca29c29334971eb9c11f,1,,0.024592,0.0072,gauss2,BP06_12MP_NL_HEIC.mat,0,944.8
IMG_3046.jpg,1008x756,0341400def93e05308ab8f60502077f0a4a13e710fe8ca8e23cebcf9ee7fcdab,1,,0.023327,0.0072,gauss2,BP06_12MP_NL_HEIC.mat,0,1142.1
IMG_3047.jpg,1008x756,d0a8d5ec077b03ed2d0e1b8d7da9e413acd157b26d3c031e2f6ae78f53ef85c9,1,,0.022315,0.0072,gauss2,BP06_12MP_NL_HEIC.mat,2,966.9
IMG_3048.jpg,1008x756,adc1595d35ff70372811d747bcc5a5e6160b2a019929a9c7f064a6fe574a4a39,1,,0.023343,0.0072,gauss2,BP06_12MP_NL_HEIC.mat,2,1186.5
IMG_3049.jpg,1008x756,3cfdb5b9fef045b13232ee1a1c1a0b44ba03ba67aecea8d2a1d2b4155e1eca3d,1,,0.024186,0.0072,gauss2,BP06_12MP_NL_HEIC.mat,2,956.6
IMG_3050.jpg,1008x756,0ad30fee25df741e7e67e56ee2b77b473707793daa8e5d8dd1dcfbd24d7ef8d1,1,,0.023655,0.0072,gauss2,BP06_12MP_NL_HEIC.mat,2,1086.5
IMG_3051.jpg,1008x756,7ef62d5aae160534050a8f52ed96117b6716df66f54f5cacba405a44f46aaf23,1,,0.023571,0.0072,gauss2,BP06_12MP_NL_HEIC.mat,2,1001.1
IMG_3052.jpg,1008x756,06882d746c89044a208f67b8564eba3ebe85c02940439d297ce84a921ee12235,1,,0.01976,0.0072,gauss2,BP06_12MP_NL_HEIC.mat,2,1172.1
IMG_3053.jpg,1008x756,f4f234dc2e253e7dd3fe2594f9639e8bc986fa7f52c416e9caf543c60b339b7c,1,,0.021309,0.0072,gauss2,BP06_12MP_NL_HEIC.mat,2,953.3
IMG_3054.jpg,1008x756,995a8702252044dd7f895e81c7e842411409d138b07785a6f4f0774b035ed3d9,1,,0.022709,0.0072,gauss2,BP06_12MP_NL_HEIC.mat,2,1082.6
IMG_3055.jpg,1008x756,ecde64293a00ace9acd1f038165b4706216b67cd758617e356946d23bbda8c2f,1,,0.026443,0.0072,gauss2,BP06_12MP_NL_HEIC.mat,2,931.2
IMG_3056.jpg,1008x756,9576a348a4d96091599a5992c04e4775b2781b9baadc48fc840f975c575f6963,1,,0.024003,0.0072,gauss2,BP06_12MP_NL_HEIC.mat,2,1172.2
IMG_3078.jpg,1008x756,d855d3daf97e60da1ac444b8c45c6fe67b129204b689e29be294dc9223c217a8,1,,0.002621,0.0072,gauss2,BP05_12MP_SLM_HEIC.mat,1,957.9
IMG_3095.jpg,1008x756,8e3b8e82c8f054d26503d87d85ea2cf5ac46cfb1e0842cd4ec7a5839d7acb127,1,,0.002355,0.0072,gauss2,BP06_12MP_SLM_HEIC.mat,0,1196.3
IMG_3131.jpg,1008x756,fb303cfb2ca0fca8ced57c490753ad640d8b6b50d326947582be0d0cf8665e2c,1,,0.039199,0.0072,gauss2,BP06_12MP_NL_HEIC.mat,0,951.1
IMG_3132.jpg,1008x756,cd2fca589a48cdd6a6acf448134f6c100f45a0336604ae0cf9506632d3e99281,1,,0.017576,0.0072,gauss2,BP06_12MP_NL_HEIC.mat,0,1055.9
IMG_3136.jpg,1008x756,7653f6002c3babc72893a5036c98ef0b8e3e4d14c74c6d67db2d73988b154bde,1,,0.018349,0.0072,gauss2,BP06_12MP_NL_HEIC.mat,0,960.3
IMG_3137.jpg,1008x756,1053aa5f42fa623cc1699cfa8796ad6901db92869ad8b5e9d4e77dd9af6a275f,1,,0.018064,0.0072,gauss2,BP06_12MP_NL_HEIC.mat,0,1186.3
IMG_3138.jpg,1008x756,dc16f29588075c1074dca0d53b75805b3320b73015cf479e9e98d92ff677147d,1,,0.045062,0.0072,gauss2,BP06_12MP_NL_HEIC.mat,0,969.5
IMG_3139.jpg,1008x756,5d49eb16029a465bab53839c60a8e02dc9007a1f856c3a4127a0568b4645768c,1,,0.016934,0.0072,gauss2,BP06_12MP_NL_HEIC.mat,0,1235.7
IMG_3143.jpg,1008x756,3c274f23677799a1b9fd9acb37673fb1ff530562b70ddc6232a401020aa28172,1,,0.02844,0.0072,gauss2,BP06_12MP_NL_HEIC.mat,0,996.3
IMG_3144.jpg,1008x756,9780de62de55ddd04831527e0c359b397a7c5b75a688c0668346604a98bbd852,1,,0.017553,0.0072,gauss2,BP06_12MP_NL_HEIC.mat,2,1140.1
IMG_3145.jpg,1008x756,a50dedd65ba0a619db7ad3607a29f8855c69b92d82f28a6070cda025655d6461,1,,0.02213,0.0072,gauss2,BP06_12MP_NL_HEIC.mat,2,1044.3
IMG_3146.jpg,1008x756,ccd2a03ad6a4bf5fdd92c9d68d6e9aeac2c0c0539236e825b7ad378dc3a7213e,1,,0.029313,0.0072,gauss2,BP06_12MP_NL_HEIC.mat,2,923.2
IMG_3147.jpg,1008x756,64d344a31343d044f9855f9b4de0611c1ff9ad9318348d1fe9eec9540525ca36,1,,0.019835,0.0072,gauss2,BP06_12MP_NL_HEIC.mat,2,929.5
IMG_3148.jpg,1008x756,855bc7a00846f43ea40345d685ef8829a7bad12a9e1e48b0cfc2285443d1e3e8,1,,0.019498,0.0072,gauss2,BP06_12MP_NL_HEIC.mat,2,1286.5
IMG_3149.jpg,1008x756,3615c2795c868e63aa4fe6f58a12fc046f8a3fcd21ea3327d3f6b268f042a7f6,1,,0.018937,0.0072,gauss2,BP06_12MP_NL_HEIC.mat,2,964.2
IMG_3150.jpg,1008x756,14b1f6c851f87dcbd9cc1de81ef261fee1bd551c86f5fc53eedec036c2655a77,1,,0.048174,0.0072,gauss2,BP06_12MP_NL_HEIC.mat,2,1159.2
IMG_3151.jpg,1008x756,906a3d32d83deb8eb9759aed2203b37a9f4defcca9b79db04b7f118a349d8ff2,1,,0.017692,0.0072,gauss2,BP06_12MP_NL_HEIC.mat,2,1027.5
IMG_3152.jpg,1008x756,4c6e25572289ba48eeae66cd44c941de7fc3d53f41ddc4d292469b0fe9922abf,1,,0.02225,0.0072,gauss2,BP06_12MP_NL_HEIC.mat,2,963.9
IMG_3201.jpg,1008x756,87252f9c44d1e5f9cd6b3a120d197e4f8d67683c7db89e6805ee97d6be514d84,1,,0.050477,0.0072,gauss2,BP06_12MP_NL_HEIC.mat,0,933.9
IMG_3202.jpg,1008x756,e223244355b5b4c2f29cc3ecb8d822b379d70b7c011a120fd7921d0fbcb274e6,1,,0.086339,0.0072,gauss2,BP06_12MP_NL_HEIC.mat,0,1097.3
IMG_3203.jpg,1008x756,1d1da85dfe1f9cf922a0454a338908a416fd9c095d77ccec907d6fa219bfb2cf,1,,0.033947,0.0072,gauss2,BP06_12MP_NL_HEIC.mat,0,1029.2
IMG_3222.jpg,1008x756,6693f84c20412290eadde92a5908cfe8f488b517e7badd37c50aecf500407070,1,,0.029583,0.0072,gauss2,BP06_12MP_NL_HEIC.mat,2,1093.5
IMG_3475.jpg,1008x756,8acaf794996f99cd736c9fd119c511e7e43b83fce7d92ac15b67dc277d223dff,1,,0.005338,0.0072,gauss2,BP05_12MP_SLM_HEIC.mat,0,985.1
IMG_3476.jpg,1008x756,03abec4e1d240947d748ba0fb6bc341957577a8e09f0a31071e6bc896fee7b11,1,,0.007362,0.0072,gauss2,BP05_12MP_SLM_HEIC.mat,0,1129.7
IMG_3477.jpg,1008x756,75b24d42179a026c8dea70cf41622695bf2c6fee3415a70950faaccf796a322a,1,,0.00596,0.0072,gauss2,BP05_12MP_SLM_HEIC.mat,0,1060.3
IMG_3478.jpg,1008x756,cd6dbef811cc8b9199f7c6c2997317b14f5897fdb7f2bdb7fd041da05eded07d,1,,0.008906,0.0072,gauss2,BP05_12MP_SLM_HEIC.mat,0,1033.6
IMG_3479.jpg,1008x756,d1abfec16d55dbb44dfe750102f0693eaa90e3c1ae8e32554f61e77fc7a443df,1,,0.006312,0.0072,gauss2,BP06_12MP_SLM_HEIC.mat,0,949.5
IMG_3480.jpg,1008x756,c4960620a0492a7cc2def6a66f702263abc207dd1cbef1368faba54ecf575bcc,1,,0.008852,0.0072,gauss2,BP05_12MP_SLM_HEIC.mat,0,1089.1
IMG_3481.jpg,1008x756,30a34f2208f4f8a7a3489eaa8ad7381e840ff1152367113927246b970ff7779e,1,,0.008315,0.0072,gauss2,BP05_12MP_SLM_HEIC.mat,0,972.1
IMG_3482.jpg,1008x756,f68930a40542395bbf4f8f9d638829080a5440ccb58d1472211f07e9e53e59c2,1,,0.007344,0.0072,gauss2,BP05_12MP_SLM_HEIC.mat,0,1068.9
IMG_3483.jpg,1008x756,7dd374ab11e0ff0baf1ad9068c7f52de444275f87e2c90337cce0cc2252c1bd0,1,,0.008538,0.0072,gauss2,BP05_12MP_SLM_HEIC.mat,0,964.3
IMG_3484.jpg,1008x756,c3e7528e73bfab10edd94c43778a6025d54f45c83f479d5cd5faa485a285a9f3,1,,0.007097,0.0072,gauss2,BP05_12MP_SLM_HEIC.mat,0,1145.0
IMG_3485.jpg,1008x756,a66fa6dd28589b9f2bf3a186cfae36381528a6948f8689b645ebfa5d05dbd736,1,,0.005021,0.0072,gauss2,BP05_12MP_SLM_HEIC.mat,2,946.5
IMG_3486.jpg,1008x756,cf56aeaf0db1fee2f58449914ffcc1abe020151c5f967770ac865775f176c860,1,,0.005518,0.0072,gauss2,BP05_12MP_SLM_HEIC.mat,2,1311.7
IMG_3487.jpg,1008x756,b61502d665eda762b0dd2aa5232eafc1d9741253618d31607515aa115663ed3d,1,,0.008834,0.0072,gauss2,BP05_12MP_SLM_HEIC.mat,2,977.7
IMG_3488.jpg,1008x756,c0d5a739d3b062232f655c6e584d19ba990d94b5735c0d011c515317feec7019,1,,0.007076,0.0072,gauss2,BP05_12MP_SLM_HEIC.mat,2,1337.9
IMG_3489.jpg,1008x756,1facef5a95d71ee71499414d31c8c52cca649ea30df6bcfdc9026737d207db03,1,,0.006681,0.0072,gauss2,BP05_12MP_SLM_HEIC.mat,2,1255.1
IMG_3490.jpg,1008x756,609ebe82e09a8965252dd6cf2b2aa3c82e31304f81bf32402ea1c92b4cecf525,1,,0.004867,0.0072,gauss2,BP05_12MP_SLM_HEIC.mat,2,966.1
IMG_3491.jpg,1008x756,04901ecc4edffa8699f595d0c34110db73d2219a97c25c4626af26e04c923da9,1,,0.008649,0.0072,gauss2,BP05_12MP_SLM_HEIC.mat,2,1225.8
IMG_3492.jpg,1008x756,dbb99141b1b25ec880ea3e35f2c4870bb61ef56fba2f5d2873f2e510b84671b4,1,,0.006628,0.0072,gauss2,BP05_12MP_SLM_HEIC.mat,2,987.1
IMG_3493.jpg,1008x756,aaa48c4743fbdd5e73ba8b308566c971afe80ff412ad7138e15b5dedd12ac16b,1,,0.006845,0.0072,gauss2,BP05_12MP_SLM_HEIC.mat,2,1318.6
IMG_3494.jpg,1008x756,fc70f35f517674e13c4023de5a2cdd7dd4fe7636dc4ef53987af32f411ed2dc2,1,,0.007947,0.0072,gauss2,BP05_12MP_SLM_HEIC.mat,2,935.0
IMG_3658.jpg,1008x756,f949b7689c814915c92375dcc3a88381d77eb65a5310af52d54244bc262a9b54,1,,0.031945,0.0072,gauss2,BP06_12MP_NL_HEIC.mat,0,1183.9
IMG_3659.jpg,1008x756,fb8fe7a6f178dde28f0ff1f26781cc54d84563c11d1edcc2a8c2c02bfb59b5c9,1,,0.030052,0.0072,gauss2,BP06_12MP_NL_HEIC.mat,0,1075.7
IMG_3660.jpg,1008x756,4dc2091d5d179f58d4fcc592706cdd23a035d8588018ace4ec1c8611abdd61c5,1,,0.032941,0.0072,gauss2,BP06_12MP_NL_HEIC.mat,0,1102.3
IMG_3661.jpg,1008x756,bc1cfa08b2a51990cfeae9624edf75a6261dc563c3906238988c42b94d13a040,1,,0.032741,0.0072,gauss2,BP06_12MP_NL_HEIC.mat,0,919.3
IMG_3662.jpg,1008x756,db4cfbba06a3da770dd2b893c105aceaf359cd1f361c5e71edbbcf74fbf7bd7d,1,,0.031384,0.0072,gauss2,BP06_12MP_NL_HEIC.mat,0,1080.5
IMG_3663.jpg,1008x756,5d88fa897154520299d16e9d19d58adf82d78f5a8ba5458e68a4ea2cde87a307,1,,0.034118,0.0072,gauss2,BP06_12MP_NL_HEIC.mat,0,974.5
IMG_3664.jpg,1008x756,56a130e951a3e68902167b8a9dc26f830b2ce4ff9796c0af3daa34edc485f571,1,,0.032207,0.0072,gauss2,BP06_12MP_NL_HEIC.mat,0,1136.7
IMG_3665.jpg,1008x756,ad02169c55ddaadd205e01cb7c089983a94f12adf6d0533bc48686db6add1d27,1,,0.030653,0.0072,gauss2,BP06_12MP_NL_HEIC.mat,0,958.4
IMG_3666.jpg,1008x756,a10777d1570ab2903362c2f4bbf27a0d698f79f4141773cfe3bb2e0236638175,1,,0.029717,0.0072,gauss2,BP06_12MP_NL_HEIC.mat,0,1136.5
IMG_3667.jpg,1008x756,7a3d1fe2ebe8a294eda9c671a45ea43b9daab10e7064ac02f168c095a8896cbb,1,,0.033989,0.0072,gauss2,BP06_12MP_NL_HEIC.mat,0,1018.1
IMG_3668.jpg,1008x756,168a04bcf9a5f2b20352259cf51f5e6676610b5f6ccd467803aa62f8bb7c6e6b,1,,0.031003,0.0072,gauss2,BP06_12MP_NL_HEIC.mat,2,1133.8
IMG_3669.jpg,1008x756,60e108379148da3b3f1babe167cdeb7e274d8e17840b72da3763e644e1f38173,1,,0.032452,0.0072,gauss2,BP06_12MP_NL_HEIC.mat,2,922.8
IMG_3670.jpg,1008x756,734b3bd7ed15371f7e67d5dbc5f68a6c99a1656b39d6b35553d3c5352797c50f,1,,0.03338,0.0072,gauss2,BP06_12MP_NL_HEIC.mat,2,1154.1
IMG_3671.jpg,1008x756,f11d50ea8529b37e74d42563661c0987c2e8a715978824202ac88b485171a3da,1,,0.03181,0.0072,gauss2,BP06_12MP_NL_HEIC.mat,2,920.9
IMG_3672.jpg,1008x756,1569fc49a02e4858a993e95603a3eea3839971ab70d30eeb64bdda5a393ad044,1,,0.030587,0.0072,gauss2,BP06_12MP_NL_HEIC.mat,2,1101.4
IMG_3673.jpg,1008x756,cd5f343e2acd73445fd61a6ba0e6518a832252378c6d953bc37bb297ab4218e2,1,,0.031254,0.0072,gauss2,BP06_12MP_NL_HEIC.mat,2,915.5
IMG_3674.jpg,1008x756,e32afd54db596810fd5ead0e375ae704a82752949335a52a6da1b4b9651f3be5,1,,0.030509,0.0072,gauss2,BP06_12MP_NL_HEIC.mat,2,1267.2
IMG_3675.jpg,1008x756,2e8bc3b5cee76e936dc521b66e73856be039b009658802e81666f66580f2cc35,1,,0.030527,0.0072,gauss2,BP06_12MP_NL_HEIC.mat,2,947.6
IMG_3676.jpg,1008x756,f39e3d8460d7896b07ad8e65d64e8b3dd3a97a286deddbb20ab5f555aa1e7470,1,,0.029476,0.0072,gauss2,BP06_12MP_NL_HEIC.mat,2,1317.5
IMG_3677.jpg,1008x756,95e75e5d8c0678b62dfed3add25a46da782b170598f3988039c33062bbae6311,1,,0.031905,0.0072,gauss2,BP06_12MP_NL_HEIC.mat,2,1140.1
IMG_4614.jpg,1008x756,1ea2a4abc41d9342ee9214d9c3c6daa4830ea174073d55429dc20c46dc9f449f,1,,0.017285,0.0072,gauss2,BP05_12MP_SLM_HEIC.mat,0,991.5
IMG_4615.jpg,1008x756,78a88d7135290379e3a4c460af9378ac564cbe8e757e1af01614e6adefa2b01e,1,,0.020154,0.0072,gauss2,BP05_12MP_SLM_HEIC.mat,0,935.1
IMG_4616.jpg,1008x756,4396f4ea92f3046586eaa6727fbfefd77d0f5a254baadca64adc7721429917d9,1,,0.019351,0.0072,gauss2,BP05_12MP_SLM_HEIC.mat,0,1262.0
IMG_4617.jpg,1008x756,520eb3ee033d01c4463de66c389be81a71c3554135809313aa3eca36f259c7ab,1,,0.020331,0.0072,gauss2,BP05_12MP_SLM_HEIC.mat,0,1187.5
IMG_4618.jpg,1008x756,565a0eb0823cf44bc792ae30870d0a1814c88792bed0bd19784c74c1c9bf9b35,1,,0.018965,0.0072,gauss2,BP05_12MP_SLM_HEIC.mat,0,1002.5
IMG_4619.jpg,1008x756,4612ded041ce93c4c7ebaf82c3ea2767e5ae145b2d26fdce5458de74c1273748,1,,0.017743,0.0072,gauss2,BP05_12MP_SLM_HEIC.mat,0,943.7
IMG_4620.jpg,1008x756,d916827a8f341be0074f04e9c26a8b50f1b5649467cd8bb47b1084a76a8edf32,1,,0.020225,0.0072,gauss2,BP05_12MP_SLM_HEIC.mat,0,1251.4
IMG_4621.jpg,1008x756,ca100db21f5902f7b3a66efa81768393477239efd5b76026153a946ee94d6f48,1,,0.021468,0.0072,gauss2,BP05_12MP_SLM_HEIC.mat,0,935.0
IMG_4622.jpg,1008x756,a9a73a4e861e8ff36e0e5ea1b7734568206a4616ff4706d3c0a0e9776f965bfe,1,,0.019247,0.0072,gauss2,BP05_12MP_SLM_HEIC.mat,0,931.5
IMG_4623.jpg,1008x756,eb03ae5cac3902a50cc596bf8b59eb3453c249a14b69f3c29aa11b99428e1531,1,,0.020197,0.0072,gauss2,BP05_12MP_SLM_HEIC.mat,0,935.5
IMG_4624.jpg,1008x756,0e080b3900c6633aebea3c983372c47d92e35ebeafe23cdf0f5837e612a716b5,1,,0.021869,0.0072,gauss2,BP05_12MP_SLM_HEIC.mat,2,1208.9
IMG_4625.jpg,1008x756,c1dd41910cc5c9c741e772868ca053a83f7a8a36754937e3ef512f9b56567099,1,,0.023561,0.0072,gauss2,BP05_12MP_SLM_HEIC.mat,2,1015.1
IMG_4626.jpg,1008x756,ffefd30e3bf9dc2cb80f932c073138d41706981035dfa31c62e6f9fb435c076b,1,,0.022987,0.0072,gauss2,BP05_12MP_SLM_HEIC.mat,2,1186.0
IMG_4627.jpg,1008x756,c9ac5e838d3cf6cc1c31cf15ef91b50b30475b202f3bab8b0725e042ee4e5d26,1,,0.024732,0.0072,gauss2,BP05_12MP_SLM_HEIC.mat,2,930.1
IMG_4628.jpg,1008x756,627216ea302a8160ceaf34d079a918aa47ff616acf3a62ca76825c1413ac632b,1,,0.025574,0.0072,gauss2,BP05_12MP_SLM_HEIC.mat,2,1109.1
IMG_4629.jpg,1008x756,6d116b595e280614b4e7c324b47772d9ac1fc06b203f1b778cd3cb014afdc6c2,1,,0.022269,0.0072,gauss2,BP05_12MP_SLM_HEIC.mat,2,942.7
IMG_4630.jpg,1008x756,3efc1d2806a6ab0a81d48ae80fcc86abe3640cd53c9a54d6580066671c4a2501,1,,0.022105,0.0072,gauss2,BP05_12MP_SLM_HEIC.mat,2,1203.9
IMG_4631.jpg,1008x756,4e912bcd159afa43fb7b9d72aa02276305e9baa916c6e8f8248ab3d9c7806fde,1,,0.023016,0.0072,gauss2,BP05_12MP_SLM_HEIC.mat,2,916.2
IMG_4632.jpg,1008x756,2709b0314255542c5b2cebc9ee63a0139ec74c1a9a25e90afcabcb2fc5cba32a,1,,0.021786,0.0072,gauss2,BP05_12MP_SLM_HEIC.mat,2,1123.4
IMG_4633.jpg,1008x756,fa7a9697111b87809d1df510d2b91faecaf96304c386f0dfbbb1d212d73c41bb,1,,0.021146,0.0072,gauss2,BP05_12MP_SLM_HEIC.mat,2,1039.4
IMG_5533.jpg,1008x756,9e9ba53591ca0718529159965e8f66695f8bed1d2132cb4fc2e91e7bffccad5a,1,,0.010616,0.0072,gauss2,BP05_12MP_SLM_HEIC.mat,0,1053.1
IMG_5534.jpg,1008x756,ee073d76a8a464a484d44474e8516d6d50f8a8809123490ed4b0ae178a3578f7,1,,0.008098,0.0072,gauss2,BP05_12MP_SLM_HEIC.mat,0,942.2
IMG_5535.jpg,1008x756,662bdb9dc9b521233d5736304ba59e55fcbb9a7baea191ad355194bddaadf5c9,1,,0.019788,0.0072,gauss2,BP05_12MP_SLM_HEIC.mat,0,1114.6
IMG_5536.jpg,1008x756,857990f0ec1b6287bcaf7b7cee8c6d78d9e703416b3365e01535be463504ec2f,1,,0.009838,0.0072,gauss2,BP05_12MP_SLM_HEIC.mat,0,960.8
IMG_5537.jpg,1008x756,e67e9aeff2293b00563100a8bbe0305a7f24f28b97bb4c3c5195b439cd0b4e40,1,,0.019208,0.0072,gauss2,BP05_12MP_SLM_HEIC.mat,0,1205.1
IMG_5538.jpg,1008x756,202746e43c371240b20c2f23ba75e857f0ab3e92cc753a0d22c68a18710e281f,1,,0.007279,0.0072,gauss2,BP05_12MP_SLM_HEIC.mat,0,971.1
IMG_5539.jpg,1008x756,68205fd7c9c34aa69099914810124ae7c5c49b5d6f01b040e2ad85f253295d5d,1,,0.009928,0.0072,gauss2,BP05_12MP_SLM_HEIC.mat,0,1172.7
IMG_5540.jpg,1008x756,3dfca425b2346cf83f06a399d0d5a75b1a36c82df2597f1225dcf49ae8defad5,1,,0.009008,0.0072,gauss2,BP05_12MP_SLM_HEIC.mat,0,989.9
IMG_5541.jpg,1008x756,660107eb734299a7d42c8fad45a883ba121b56bdc5aef3b46f0dfc3efbc3555d,1,,0.018839,0.0072,gauss2,BP05_12MP_SLM_HEIC.mat,0,944.5
IMG_5542.jpg,1008x756,b84d21462356042eb8c7ebd4c0d236a24b8a813fc53c44cf4a6c76c171ae406e,1,,0.010695,0.0072,gauss2,BP05_12MP_SLM_HEIC.mat,0,921.0
IMG_5543.jpg,1008x756,ae226b4313b35b5a7f98b6bb6fc31324c0a727c60a66db9665d951603442d5b5,1,,0.013868,0.0072,gauss2,BP05_12MP_SLM_HEIC.mat,0,1331.9
IMG_5544.jpg,1008x756,843ac84d2aca050955ac14ef0e6b067574066f78d95029ceb6caef90846c3b07,1,,0.005995,0.0072,gauss2,BP05_12MP_SLM_HEIC.mat,0,989.7
IMG_5545.jpg,1008x756,06fe759b579f3ef0e9ee705952ff722aa826a8a3bf02803e0386539dae989e81,1,,0.005996,0.0072,gauss2,BP05_12MP_SLM_HEIC.mat,0,961.4
IMG_5546.jpg,1008x756,10146b592f365b79d60082ad561e49a14bb7bbb9dc63ab9adca24013f6eb9d3f,1,,0.023218,0.0072,gauss2,BP05_12MP_SLM_HEIC.mat,0,926.9
IMG_5548.jpg,756x1008,c336d6b403f2964c5c1215c49cd80b1105876624be9394e590f3b80a5e9fe1ae,1,,0.010912,0.0072,gauss2,BP05_12MP_SLM_HEIC.mat,3,1405.2
IMG_5549.jpg,756x1008,f8699026ce35fcdeffcad78eed55f8dd5de877fd926fd49fccbe2fa7375cc56c,1,,0.024766,0.0072,gauss2,BP05_12MP_SLM_HEIC.mat,3,1021.1
IMG_5550.jpg,756x1008,b9eaa407466d0935c7e40324a12c4cde732e029e42afa46321de821006ba3fe6,1,,0.00666,0.0072,gauss2,BP05_12MP_SLM_HEIC.mat,3,951.6
IMG_5551.jpg,756x1008,6f41da59caa3a026dfb66a75edad466639aaa3fcff56d03c97095ef9390ee6e8,1,,0.003514,0.0072,gauss2,BP05_12MP_SLM_HEIC.mat,3,928.7
IMG_5552.jpg,1008x756,417639c7eb117912c4053edd62c1d4b14ea6a0d863b245b6470d8379182f7aa0,1,,0.010528,0.0072,gauss2,BP05_12MP_SLM_HEIC.mat,0,1216.4
IMG_5553.jpg,756x1008,7489f341b9d3245f0853063893acdfb3f6f15a8cd4f4ec3f98bd85599ccd5746,1,,0.007937,0.0072,gauss2,BP05_12MP_SLM_HEIC.mat,3,1203.6
IMG_5554.jpg,1008x756,5629a6fe78e4afc79323fa93f98202b0a8ae3dca9f4c0b2e025b47a3bb934140,1,,0.008188,0.0072,gauss2,BP05_12MP_SLM_HEIC.mat,0,980.5
IMG_5555.jpg,1008x756,0559226a991ad08bd3ec56edd61932c55498c67c92943374abdfcf9888633a2e,1,,0.00829,0.0072,gauss2,BP05_12MP_SLM_HEIC.mat,0,925.5
IMG_5556.jpg,1008x756,5b046e523e2ab28e33ca9a9d7c5842a6762b8688a09d7b9a1a19de7d9c4651d5,1,,0.013052,0.0072,gauss2,BP05_12MP_SLM_HEIC.mat,0,1114.2
IMG_5557.jpg,756x1008,746c81aacf2bab6cebac2752b0d5f41084ff529d05ae59351814dff37fe8605e,1,,0.016454,0.0072,gauss2,BP05_12MP_SLM_HEIC.mat,1,924.3
IMG_5558.jpg,1008x756,04ba20112a770be49dbaed0a01847b2e56c7f7cfce6df11448e43f159e17482a,1,,0.007593,0.0072,gauss2,BP05_12MP_SLM_HEIC.mat,0,1184.9
IMG_5559.jpg,1008x756,a3ec3181f9e08732d3a8b20ace519b00c9d4f2e995c0f97746fd93b143d29320,1,,0.013371,0.0072,gauss2,BP05_12MP_SLM_HEIC.mat,0,933.0
IMG_5560.jpg,1008x756,b0fe4d36a965195f5ce1da705770b14229e0d64d6568fe8b7ab3311256d50e14,1,,0.004494,0.0072,gauss2,BP05_12MP_SLM_HEIC.mat,0,1236.3
IMG_5561.jpg,1008x756,99958a90284c2498cf4b202f4c25e7c6690d98900cf9ed573b704d8880de9cbd,1,,0.014899,0.0072,gauss2,BP05_12MP_SLM_HEIC.mat,0,995.6
IMG_5562.jpg,1008x756,8d45c23e1f362bb3059ff767be101ef79e3a9bb36931bcc31f021c90081190db,1,,0.010729,0.0072,gauss2,BP05_12MP_SLM_HEIC.mat,0,1074.3
IMG_5563.jpg,1008x756,0a1680056e6ae03f06d50c7566754204b4cfc60b6d87d9d1c3d758c491b7ce24,1,,0.017143,0.0072,gauss2,BP05_12MP_SLM_HEIC.mat,0,922.9
IMG_5564.jpg,1008x756,44e95dfabb10acf328e08615ae143e8a57e8420f1638e97c06dffa0177b2d31c,1,,0.019708,0.0072,gauss2,BP05_12MP_SLM_HEIC.mat,0,1189.6
IMG_5565.jpg,1008x756,4190417b4b49683f105ed42009e5955d9af743fcee626f0ec7489257de400d38,1,,0.013209,0.0072,gauss2,BP05_12MP_SLM_HEIC.mat,0,934.4
IMG_5566.jpg,1008x756,ba8ddaf6b1c78df352399b0d11127bf05b956c50a1aeb52b77247399dafd7f13,1,,0.051226,0.0072,gauss2,BP05_12MP_SLM_HEIC.mat,0,1115.5
IMG_5567.jpg,1008x756,958f39c5dad930ea66c92346bf9152204f98c99bf426254366e77704a90090a5,1,,0.019434,0.0072,gauss2,BP05_12MP_SLM_HEIC.mat,0,917.8
IMG_5568.jpg,1008x756,5d61c8d327a23610ebcccb45d1e58a7d04477f93a26061a657f2fcfd2b0d7f39,1,,0.015843,0.0072,gauss2,BP05_12MP_SLM_HEIC.mat,0,1276.1
IMG_5569.jpg,1008x756,1cfac0eb3c0cebb7920187021daef5c26db6b859559fe7b52215a1b620d718a1,1,,0.011228,0.0072,gauss2,BP05_12MP_SLM_HEIC.mat,0,1055.1
IMG_5570.jpg,1008x756,3c2edc23d5291b8b24d51a841354f6f1dd2e2f2ac651f57db791f18ac8320640,1,,0.024393,0.0072,gauss2,BP05_12MP_SLM_HEIC.mat,0,932.4
IMG_5571.jpg,1008x756,b47142aeebc91b587a531a62cfa7b6a9fd2c16e482fe390058f1486d0b6fcdce,1,,0.017107,0.0072,gauss2,BP05_12MP_SLM_HEIC.mat,0,928.6
IMG_5572.jpg,1008x756,353f2d6a6f90be472e45657916a9993cc494ff2d68f8389b58d2f88dc8c88fda,1,,0.009468,0.0072,gauss2,BP05_12MP_SLM_HEIC.mat,0,1293.4
IMG_5573.jpg,1008x756,17d1226fe889e8c0416a9c7c331a146844d9c0f2bfa8ec0e3b9975e53f5ebf56,1,,0.009193,0.0072,gauss2,BP05_12MP_SLM_HEIC.mat,0,1090.2
IMG_5574.jpg,1008x756,ba1adf6dfc2106fe6151ae82c8b0469340e03e603e132a5b27b1430c67a47acc,1,,0.021265,0.0072,gauss2,BP05_12MP_SLM_HEIC.mat,0,944.2
IMG_5575.jpg,1008x756,286393ae002e4f56dad69b6221520c37fb3df522a28dc7839207ef586b80fc68,1,,0.01002,0.0072,gauss2,BP05_12MP_SLM_HEIC.mat,0,934.8
IMG_5576.jpg,1008x756,461fb60b28d493d0a938059e1bc21beb7216bbe7b9a6c47d7a25c45a61461f0d,1,,0.007794,0.0072,gauss2,BP05_12MP_SLM_HEIC.mat,0,1297.8
IMG_5577.jpg,1008x756,5994bfee7e80f883d8246206f54e5481775ea45d00a13404044e0d6944339fb5,1,,0.006471,0.0072,gauss2,BP05_12MP_SLM_HEIC.mat,0,1042.8
IMG_5578.jpg,1008x756,f964d8376acac13d76e50eb4867a5dd0c41f15dbda469d2bb08d04234da5ce40,1,,0.018237,0.0072,gauss2,BP05_12MP_SLM_HEIC.mat,0,939.9
IMG_5579.jpg,1008x756,d7ca7b5b7708dcbe1b46e8c4ba2d309cdbc9fea53daed69bbf0c70e49b1740a6,1,,0.014578,0.0072,gauss2,BP05_12MP_SLM_HEIC.mat,0,921.1
IMG_5580.jpg,1008x756,2efbbc72171a44fad67d4fbf34951248452b7225ab6900c9933d4da6154c428e,1,,0.003341,0.0072,gauss2,BP05_12MP_SLM_HEIC.mat,0,1320.8
IMG_5581.jpg,1008x756,9e22c8d5b5a1f7ab04dd188ad02439d621b566fc4c1ccd2e4788d50bfc125cb0,1,,0.007773,0.0072,gauss2,BP05_12MP_SLM_HEIC.mat,0,967.5
IMG_5582.jpg,1008x756,0898979e39847e9b7b68842ae307a2c8447883177e7b49907fc7410cc5461a88,1,,0.007018,0.0072,gauss2,BP05_12MP_SLM_HEIC.mat,0,1294.4
IMG_5583.jpg,1008x756,10d1f953f82bfb7e219c9de6d6b971f25b90ff0cbcb7d45922b5fd4a4c689854,1,,0.021307,0.0072,gauss2,BP05_12MP_SLM_HEIC.mat,0,1189.2
IMG_6122.jpg,1008x756,f47b2e8341b3f4b1cbbc5051d2bfb7e41dd81d9c94876c951527da07ffd27994,1,,0.018054,0.0072,gauss2,BP06_12MP_NL_HEIC.mat,2,927.4
IMG_6123.jpg,1008x756,6f1e836242533589dd8277aa1fa0d91f91b4512c5c05bd461486cccc77c65236,1,,0.0182,0.0072,gauss2,BP06_12MP_NL_HEIC.mat,2,1083.4
IMG_6125.jpg,1008x756,6aedd265a188b1433bd42a25f457588c6321bb26f4d5746b95b9eb5e8beff33b,1,,0.017535,0.0072,gauss2,BP06_12MP_NL_HEIC.mat,2,993.9
IMG_6126.jpg,1008x756,b30f4f8603bc3d09fa8a7842cf1208e1318a37816b90ac76323b0316036add0d,1,,0.018828,0.0072,gauss2,BP06_12MP_NL_HEIC.mat,2,1166.0
IMG_6127.jpg,1008x756,96e5a73a34472857fd809439c3bc7b6892983047ad7262bfa094e7e8e0364d81,1,,0.016611,0.0072,gauss2,BP06_12MP_NL_HEIC.mat,2,1016.2
IMG_6128.jpg,1008x756,b7a48d145dd84c03b44b709d7f29f7c424fe714f6baf6b1f59154a4c84e5b775,1,,0.01843,0.0072,gauss2,BP06_12MP_NL_HEIC.mat,2,1113.1
IMG_6129.jpg,1008x756,d5106c572d18f9e54ed3686fc2ab1eec0d2fcdfea029fd16b09dde999dec310f,1,,0.018537,0.0072,gauss2,BP06_12MP_NL_HEIC.mat,2,1068.7
IMG_6130.jpg,1008x756,2e6bfdf7ac8831475b425eda36d4310ec059efd0bc7760edd4ca7220b31b2c5e,1,,0.018516,0.0072,gauss2,BP06_12MP_NL_HEIC.mat,2,1088.6
IMG_6131.jpg,1008x756,7f889573939c03777cdac16fd95ba7c06a7cd3684054093628a84204f2bb71a7,1,,0.017796,0.0072,gauss2,BP06_12MP_NL_HEIC.mat,2,1005.1
IMG_6132.jpg,1008x756,eb45334b5658a6fc624a637262afcff8179c9fed128612894e137c608b872d90,1,,0.019947,0.0072,gauss2,BP06_12MP_NL_HEIC.mat,2,1098.3
IMG_6134.jpg,1008x756,21f3d67732f7791eb463a47bd7688f76185f93ec020bde5cc3d949a5a13a66a8,1,,0.023939,0.0072,gauss2,BP06_12MP_NL_HEIC.mat,0,1008.9
IMG_6135.jpg,1008x756,b69d031b7f74a8174087247efef5e82d9c2df35e43e1b8d63e3fd564e6c0de80,1,,0.024107,0.0072,gauss2,BP06_12MP_NL_HEIC.mat,0,1094.6
IMG_6136.jpg,1008x756,55ad7e5b2ca69f1afbbce03bed663e0ded19f55dfd8905bb5f101dd5cf974979,1,,0.024007,0.0072,gauss2,BP06_12MP_NL_HEIC.mat,0,1016.2
IMG_6137.jpg,1008x756,e825cf55acb0096201a8756e7805613b69094b68e0d58fcfc13c5a91a4ebba26,1,,0.020287,0.0072,gauss2,BP06_12MP_NL_HEIC.mat,0,1218.4
IMG_6138.jpg,1008x756,888340a0ea7d3b8f3aebb506d0f9cd24703504dffb878094137a2156c26c3aff,1,,0.023796,0.0072,gauss2,BP06_12MP_NL_HEIC.mat,0,984.4
IMG_6139.jpg,1008x756,ef9fc6556b643059237b407576ddbaab993bb5533288dfc6d21d3aeb7554384c,1,,0.02113,0.0072,gauss2,BP06_12MP_NL_HEIC.mat,0,1245.0
IMG_6140.jpg,1008x756,a34b08b3976358b89a4ef0c5758fe0f54d4c9aaef9a5afbb8ad96134acef9aa3,1,,0.020587,0.0072,gauss2,BP06_12MP_NL_HEIC.mat,0,976.6
IMG_6141.jpg,1008x756,d80f3110276fce8aa478fd4fed27db3f8ddff1ceac0241f68a2b9b146fcbc91f,1,,0.022906,0.0072,gauss2,BP06_12MP_NL_HEIC.mat,0,1284.9
IMG_6142.jpg,1008x756,39bc2e026bcceb8e28ca4d08afabff05fb53b4c8ad66485191bb71235e0ba5e4,1,,0.020789,0.0072,gauss2,BP06_12MP_NL_HEIC.mat,0,943.0
IMG_6143.jpg,1008x756,4c42ce268399b69a9170634d81bbbbe42e97f35e1f85d55125e39a40c12c6368,1,,0.022041,0.0072,gauss2,BP06_12MP_NL_HEIC.mat,0,1368.5
IMG_6537.jpg,1008x756,2a94ebf201fb637f24479809dfa134e411bca130c5007efa5c6cd7783d3922ea,1,,0.032634,0.0072,gauss2,BP05_12MP_SLM_HEIC.mat,0,1174.0
IMG_6538.jpg,1008x756,293d917174b37ab73f601c54e8b2fb7677ea2f84acab5c3b9032e673dfef9a12,1,,0.023584,0.0072,gauss2,BP05_12MP_SLM_HEIC.mat,0,984.0
IMG_6544.jpg,1008x756,f1c4a6b694e6e912e2b2b3a37538362245280828789e5d614a48491c9b62f323,1,,0.062538,0.0072,gauss2,BP05_12MP_SLM_HEIC.mat,0,933.9
IMG_6545.jpg,1008x756,aaffccd712ddb666254372ea9e28337cd398a9846f858b253ad67ce321525400,1,,0.056094,0.0072,gauss2,BP05_12MP_SLM_HEIC.mat,0,1182.4
IMG_6770.jpg,1008x756,364c884855a6ea6e44cc065cbdd2e4461db88e98cdd674b53ddab6600f8b8408,1,,0.079913,0.0072,gauss2,BP06_12MP_NL_HEIC.mat,0,980.6
IMG_6771.jpg,1008x756,4f21f0a1ee29888a6a8ccc3abbf833ca04b57f92de74dc2b950569351325e442,1,,0.078585,0.0072,gauss2,BP06_12MP_NL_HEIC.mat,0,1263.0
IMG_6772.jpg,1008x756,61313b60022b3b5cd0e0522fa7db366705e508b84cbd8bf9b7c5fe91fb1f62b0,1,,0.080889,0.0072,gauss2,BP06_12MP_NL_HEIC.mat,0,1174.7
IMG_6773.jpg,1008x756,a3501db7ab63084e98f67b1b5e0fc7d558424d6871c6b8b8389b78a6c34c0418,1,,0.075716,0.0072,gauss2,BP06_12MP_NL_HEIC.mat,0,1063.9
IMG_6774.jpg,1008x756,a839cfaf565cf333eb478aa230c61fbe34b9346365a266e2114c30da0738e3f5,1,,0.079963,0.0072,gauss2,BP06_12MP_NL_HEIC.mat,0,959.1
IMG_6775.jpg,1008x756,257dfd3b78f4c0158b9f700c0575987efc42deb2d723d2fde3c7b93463ccebf2,1,,0.082834,0.0072,gauss2,BP06_12MP_NL_HEIC.mat,0,1026.8
IMG_6776.jpg,1008x756,69a96f5fc4bb695841bd94db0495b7ddf59dff68d988f84f67e17d4430b43713,1,,0.078893,0.0072,gauss2,BP06_12MP_NL_HEIC.mat,0,943.7
IMG_6777.jpg,1008x756,d46043db6bd2d6bb9cdb3de130eb524deef10472b83e1da31b460d4d418e2757,1,,0.07132,0.0072,gauss2,BP06_12MP_NL_HEIC.mat,0,1244.4
IMG_6778.jpg,1008x756,82df83fa4836205648e9cd012d88cae14b508ad25a64f46877719733715c40ee,1,,0.073758,0.0072,gauss2,BP06_12MP_NL_HEIC.mat,0,949.5
IMG_6779.jpg,1008x756,c774bf28ca43fb143a8084eaf0caf37885b06f03e0e647c4ac67862f9170bb52,1,,0.07737,0.0072,gauss2,BP06_12MP_NL_HEIC.mat,0,1038.1
IMG_6785.jpg,1008x756,f7d497ad9cba0ef27a6828189e12a946d8bf1d3b98ce5c06d69898e409289357,1,,0.042189,0.0072,gauss2,BP06_12MP_NL_HEIC.mat,2,949.5
IMG_6788.jpg,1008x756,3bb88ef4777df84bc56a882241fd46f4580cc0c0974c719a96572a5bd0f69af6,1,,0.047284,0.0072,gauss2,BP06_12MP_NL_HEIC.mat,2,1036.7
IMG_6789.jpg,1008x756,3b564aef3af304ceddbaea54c63e36088e1ad335fddf250fddbf42388672f849,1,,0.044321,0.0072,gauss2,BP06_12MP_NL_HEIC.mat,2,1104.2
IMG_7740.jpg,1008x756,b64fae355087e3b2c51b9ac1cead7cd36d4bfb3bd321cb8ae5e28de7a6fcb144,1,,0.040424,0.0072,gauss2,BP06_12MP_NL_HEIC.mat,0,1101.3
IMG_7741.jpg,1008x756,1cc70f81fcfe1cf8174b9239c2ba1886510ca9b9b4c15ea2dee3ffab01ba3790,1,,0.040248,0.0072,gauss2,BP06_12MP_NL_HEIC.mat,0,991.4
IMG_7742.jpg,1008x756,0003904f0442b9cc1af1fe4d837b5e877ddcaf3e7f63c011d1816d032223e755,1,,0.043409,0.0072,gauss2,BP06_12MP_NL_HEIC.mat,0,1093.8
IMG_7743.jpg,1008x756,12508c9d8180accccb8b217e617035021e82cd01188e865c4a59ac5dae903233,1,,0.042778,0.0072,gauss2,BP06_12MP_NL_HEIC.mat,0,1006.3
IMG_7744.jpg,1008x756,9e5a0285596840dbb037a121d4e5eb300c696be30e4b076bffd21887905c178c,1,,0.040023,0.0072,gauss2,BP06_12MP_NL_HEIC.mat,0,1141.4
IMG_7745.jpg,1008x756,17e04564c1b6ef25b10249f405b3e31d6b5ce5fcdf14d59e4580f41809a55ba1,1,,0.039988,0.0072,gauss2,BP06_12MP_NL_HEIC.mat,0,978.3
IMG_7746.jpg,1008x756,87d304aa79115d5452963fb79298b42e7842633add13c7a64894e3f86384d367,1,,0.042116,0.0072,gauss2,BP06_12MP_NL_HEIC.mat,0,1214.6
IMG_7747.jpg,1008x756,b1cda72e661a1270f332b74502ee9bd48990504ddb0b09cdd5687728096e78c0,1,,0.03982,0.0072,gauss2,BP06_12MP_NL_HEIC.mat,0,1336.9
IMG_7748.jpg,1008x756,9eb3a296a0c38a660c7e8f76c92d911b9e1264766a7ac3dc97ef3f5da68647a5,1,,0.040326,0.0072,gauss2,BP06_12MP_NL_HEIC.mat,0,946.6
IMG_7749.jpg,1008x756,6f649a302b64ff259367135c1e175350f1f782773cb9774398bf3dc59ba9c141,1,,0.040123,0.0072,gauss2,BP06_12MP_NL_HEIC.mat,0,1341.3
IMG_7750.jpg,1008x756,411f9dfa19bac5d80cc2f8b447d23ef6acc9630c96d818a0fc43a409272ff007,1,,0.03649,0.0072,gauss2,BP06_12MP_NL_HEIC.mat,2,936.6
IMG_7751.jpg,1008x756,41b704fd2f3592165863ea8593b4b732e0661d181aaa94e3dfeab85761b638ce,1,,0.040497,0.0072,gauss2,BP06_12MP_NL_HEIC.mat,2,1258.1
IMG_7752.jpg,1008x756,74e59083a2c25f6b3b5e6704b6b6547093e4abbdab81df2e2af4d52c68c86c6f,1,,0.040575,0.0072,gauss2,BP06_12MP_NL_HEIC.mat,2,1024.0
IMG_7753.jpg,1008x756,861faf3de7348e502737d5df0c864bf246da6e376857b2a2b8d0bfca24acc374,1,,0.036465,0.0072,gauss2,BP06_12MP_NL_HEIC.mat,2,1278.8
IMG_7754.jpg,1008x756,52b9f882b9e2abe411f42e9e602ed4c9bc67f8ec155f938ca81beb7449bebfe3,1,,0.03936,0.0072,gauss2,BP06_12MP_NL_HEIC.mat,2,932.0
IMG_7755.jpg,1008x756,d47988146bdec805f45527d205384b8fafe0c28676c2e9a5c996b17d3b3e370c,1,,0.042453,0.0072,gauss2,BP06_12MP_NL_HEIC.mat,2,1379.3
IMG_7756.jpg,1008x756,58de8b41161049c066932bff80f06fbb755bbde7e26e2392c08863f7961fe965,1,,0.03789,0.0072,gauss2,BP06_12MP_NL_HEIC.mat,2,1311.9
IMG_7757.jpg,1008x756,c09456a17607ed79cac2a4313793ce3cd2ba71b092cebe4baf380144fe9f7286,1,,0.037828,0.0072,gauss2,BP06_12MP_NL_HEIC.mat,2,1002.9
IMG_7758.jpg,1008x756,fb2a810907fb1a1ab64cb4bf563310cc6a05c68a582126a03be9ed49301e45ea,1,,0.037258,0.0072,gauss2,BP06_12MP_NL_HEIC.mat,2,1178.7
IMG_7759.jpg,1008x756,7d02b1db4da15b04613948e89f36c7c7215d24e32de482ff44b938b560625904,1,,0.038608,0.0072,gauss2,BP06_12MP_NL_HEIC.mat,2,945.4
IMG_7809.jpg,1008x756,c8eec126207b7e1a19dcb9face74cf78c069253b85849e0d69c422ca1e18621e,1,,0.017331,0.0072,gauss2,BP05_12MP_SLM_HEIC.mat,0,1059.6
IMG_7810.jpg,1008x756,cc3553dce99b0f0fccb3b42c38e29b5d891379e0550972a2f60370bfa3f30b3b,1,,0.015305,0.0072,gauss2,BP05_12MP_SLM_HEIC.mat,0,1066.5
IMG_7811.jpg,1008x756,87e00b3b446bd2e3b29de3c95eda87365772b7dde5cb98edad2a904875960407,1,,0.014627,0.0072,gauss2,BP05_12MP_SLM_HEIC.mat,0,1117.9
IMG_7812.jpg,1008x756,f227898a60b15c12208be1144522c3f7e022709e6fcaff77a478dc160be02a3e,1,,0.014212,0.0072,gauss2,BP05_12MP_SLM_HEIC.mat,0,1030.6
IMG_7813.jpg,1008x756,80a2681031e45a5558d68db1fc922288889b7cec772db5a67cddc1ab5f79aeca,1,,0.018526,0.0072,gauss2,BP05_12MP_SLM_HEIC.mat,0,1151.2
IMG_7814.jpg,1008x756,2857c0358593ff5acbe4490e6cc8ff20ffae43ae5bf55d4bcb82855e7c8a6e24,1,,0.018081,0.0072,gauss2,BP05_12MP_SLM_HEIC.mat,0,1016.4
IMG_7815.jpg,1008x756,4267c6de006e7895b651a5d64678f9f960091da05318c796350e2972926ce179,1,,0.014793,0.0072,gauss2,BP05_12MP_SLM_HEIC.mat,0,1056.3
IMG_7816.jpg,1008x756,d2208fa681ffbd48046eeded67661af5e072bebfaa7e3b35ae4eac1539aa7f81,1,,0.015274,0.0072,gauss2,BP05_12MP_SLM_HEIC.mat,0,1013.1
IMG_7817.jpg,1008x756,f1dc85856d678074e6facf202282215fd81ba7e0725c50624094dae1d065ee62,1,,0.018686,0.0072,gauss2,BP05_12MP_SLM_HEIC.mat,0,1055.4
IMG_7818.jpg,1008x756,3653140636996dc7c60e4a79ece5ef8d7d84b07bc091eaf61f2b43f59dc3cd5c,1,,0.016841,0.0072,gauss2,BP05_12MP_SLM_HEIC.mat,0,994.2
IMG_7819.jpg,1008x756,22202622caf2866bec4906a3fa31b313d5707e9d716ec7aa3186a9b9c058741c,1,,0.022114,0.0072,gauss2,BP05_12MP_SLM_HEIC.mat,2,1078.7
IMG_7820.jpg,1008x756,d5b222c6786a28fae524d8fd17183a38e06a962dc23aebb58a9095f66dc873e0,1,,0.021301,0.0072,gauss2,BP05_12MP_SLM_HEIC.mat,2,1013.3
IMG_7821.jpg,1008x756,87722e8053dbb8c76447c5ed9bf533b54495a12888d1d6c4c9ecfb78819a2c62,1,,0.02367,0.0072,gauss2,BP05_12MP_SLM_HEIC.mat,2,1225.1
IMG_7822.jpg,1008x756,9ba63e7800082ad9a4385a77b2ece18223a19a7b20fdd7913ee4959e33760a0f,1,,0.018906,0.0072,gauss2,BP05_12MP_SLM_HEIC.mat,2,981.9
IMG_7823.jpg,1008x756,134ff007864810a83b797ede6af3b4adb77979c3be385e2a00f1d6281fd67ff5,1,,0.018929,0.0072,gauss2,BP05_12MP_SLM_HEIC.mat,2,1285.7
IMG_7824.jpg,1008x756,d553586403bb467405cd1af3c4c38ade46ee6777245d25bb38f1059b2aeaebbd,1,,0.019849,0.0072,gauss2,BP05_12MP_SLM_HEIC.mat,2,994.6
IMG_7825.jpg,1008x756,d840632e14e50e25e8382935e8361790b498fdf0cf4f7fd13dbaad15bea2c74d,1,,0.024718,0.0072,gauss2,BP05_12MP_SLM_HEIC.mat,2,1324.4
IMG_7826.jpg,1008x756,9c9701864c78f7a12608e49eb4f829fb67e351d4afdd1190edca85c8186a4fce,1,,0.023477,0.0072,gauss2,BP05_12MP_SLM_HEIC.mat,2,1049.0
IMG_7827.jpg,1008x756,5838701dd3ef9a14be26bea2c2fc0522bc1be9bc9e4078e2ffcc3c8eb6bb1ceb,1,,0.021775,0.0072,gauss2,BP05_12MP_SLM_HEIC.mat,2,913.2
IMG_7828.jpg,1008x756,1f8bb7cd060bcb680188f89dbee17d27df4402f23fef4c849f7b4c7b88ec7add,1,,0.020955,0.0072,gauss2,BP05_12MP_SLM_HEIC.mat,2,970.2
IMG_8848.jpg,1008x756,e2e9cab157b84db22d422bc388df658c154407bbaada5e38c35a7c41e66fac15,1,,0.025829,0.0072,gauss2,BP06_12MP_NL_HEIC.mat,0,1273.7
IMG_8849.jpg,1008x756,b5ec0c7417e45f864ac54eca7e6c2a3f4a2b33acd2cded1a07d9f87efca352e8,1,,0.028862,0.0072,gauss2,BP06_12MP_NL_HEIC.mat,0,1227.1
IMG_8850.jpg,1008x756,9e71d8423ebfd0de99ab2976b0eba72671c9f731f3b5366fd87889d1cd7a71c9,1,,0.027834,0.0072,gauss2,BP06_12MP_NL_HEIC.mat,0,973.2
IMG_8851.jpg,1008x756,568e32a48314877670944b16941b49839a1db44dbb630dae654045529692430e,1,,0.024448,0.0072,gauss2,BP06_12MP_NL_HEIC.mat,0,966.9
IMG_8852.jpg,1008x756,abe5b063bacd10d31049d55016c14e9352134cb5fc6c54bb395b67fc3df785e0,1,,0.027725,0.0072,gauss2,BP06_12MP_NL_HEIC.mat,0,1248.2
IMG_8853.jpg,1008x756,e6d8af4b35725efc788f655ac1e28fa7bb8ac1ba2c6ebfd8ec5e417775631dc4,1,,0.027177,0.0072,gauss2,BP06_12MP_NL_HEIC.mat,0,977.0
IMG_8854.jpg,1008x756,26b883fbe747f1a8aa9eedf59436680f0604bbc4cd34c8abd1c7668e4e3f81ec,1,,0.028462,0.0072,gauss2,BP06_12MP_SLM_HEIC.mat,0,1059.0
IMG_8855.jpg,1008x756,e320e2eecc12c32747b00fe39a58293eed8e8575bebb5f352edb60e0b2f5a8d2,1,,0.028349,0.0072,gauss2,BP06_12MP_NL_HEIC.mat,0,953.4
IMG_8856.jpg,1008x756,692faf0f71a197f91ef8f27c11b6a9371a49a6701578a5c3f7156d05cd69effa,1,,0.026526,0.0072,gauss2,BP06_12MP_NL_HEIC.mat,0,1024.5
IMG_8857.jpg,1008x756,28f036e867e6e6b2d810655caac4343d4578461c630bada7c51ab7e76c8dccad,1,,0.026765,0.0072,gauss2,BP06_12MP_NL_HEIC.mat,0,935.5
IMG_8858.jpg,1008x756,c790f192edcf83460e9a0122a0f010b8376980a76c8cd9642e34ead06785376f,1,,0.029935,0.0072,gauss2,BP06_12MP_NL_HEIC.mat,2,1188.9
IMG_8859.jpg,1008x756,35b3a62f1bc7e6768ebbec11f737590f74eed648c4ae5d628daba0d0ca655c0e,1,,0.025925,0.0072,gauss2,BP06_12MP_NL_HEIC.mat,2,954.4
IMG_8860.jpg,1008x756,314a8f166a529be371455fa2a7891e6f7e7235902e6f8b48022c1e0c5e7eeb2d,1,,0.028324,0.0072,gauss2,BP06_12MP_NL_HEIC.mat,2,1168.5
IMG_8861.jpg,1008x756,4874a1fef0330e497dd18a893b43d14657e197b8eb258d9ec8c033cc89fb35f1,1,,0.028784,0.0072,gauss2,BP06_12MP_NL_HEIC.mat,2,942.8
IMG_8862.jpg,1008x756,01ab8d099d0e270035b4648c0b5dcb18a881a33cb7b0b4cbfa202e43a7e97f7a,1,,0.029662,0.0072,gauss2,BP06_12MP_NL_HEIC.mat,2,1228.0
IMG_8863.jpg,1008x756,59b54fe43f67d251ffcb39b4f1e7307a3632c6b28566f6cd0281202466e22472,1,,0.028579,0.0072,gauss2,BP06_12MP_NL_HEIC.mat,2,1061.7
IMG_8864.jpg,1008x756,43dc3f6b834a95fdaa56396470d983cb614b6e51bc2227c2b9b0a9a2e901c61e,1,,0.029427,0.0072,gauss2,BP06_12MP_NL_HEIC.mat,2,924.9
IMG_8865.jpg,1008x756,3635594db07995d26ea9195626845f762569e14bbba4723eb81a0b86e3473bdf,1,,0.029454,0.0072,gauss2,BP06_12MP_NL_HEIC.mat,2,933.8
IMG_8866.jpg,1008x756,30de3a579f2d8419acfe58f765b042e3d6f53e7fa88feb679c02744360cac32a,1,,0.029895,0.0072,gauss2,BP06_12MP_NL_HEIC.mat,2,1048.6
IMG_8867.jpg,1008x756,99028b98504d3c3b44c82bf231a78c39a3ca8eb348e6262dfe5e39bb487e8011,1,,0.032444,0.0072,gauss2,BP06_12MP_NL_HEIC.mat,2,1012.9
IMG_9703.jpg,1008x756,6c6555aa2819a23328d71a44a407194227da707a702a689102e3e098c738c388,1,,0.041077,0.0072,gauss2,BP06_12MP_NL_HEIC.mat,0,1106.7
IMG_9704.jpg,1008x756,29736470b0f18de5f7d13bcf8c721e2f9038639db093045e1685261f917ad2f1,1,,0.043552,0.0072,gauss2,BP06_12MP_NL_HEIC.mat,0,989.7
IMG_9705.jpg,1008x756,8d5236ca22d71754e97bbee1680d377c26c64cb3043bb3ee42dcf5496b79a71c,1,,0.042718,0.0072,gauss2,BP06_12MP_NL_HEIC.mat,0,1143.3
IMG_9706.jpg,1008x756,c67b4205551158284e1fba015e0a17b87fc116a694b31bca9a97700395374ad0,1,,0.040522,0.0072,gauss2,BP06_12MP_NL_HEIC.mat,0,998.3
IMG_9707.jpg,1008x756,e67524b5a8db9cc14b3f47f03451ddf87cb17429e997cee943a7c9c53ffdda77,1,,0.042279,0.0072,gauss2,BP06_12MP_NL_HEIC.mat,0,1294.4
IMG_9708.jpg,1008x756,433874fc9299ed5b9f1cad91c08c0c3a781fe2844add75c1d11614660dd3f744,1,,0.051789,0.0072,gauss2,BP06_12MP_NL_HEIC.mat,0,1163.0
IMG_9710.jpg,1008x756,db4cd99d7f385a5290cc64fe7253813e55748df6a441f4686b730b86e32b808f,1,,0.043025,0.0072,gauss2,BP06_12MP_NL_HEIC.mat,0,935.0
IMG_9711.jpg,1008x756,f45014bbc649cfba01cc31270518f350d1e7e42ffdfb3e2f46387050db286b87,1,,0.041491,0.0072,gauss2,BP06_12MP_NL_HEIC.mat,0,950.2
IMG_9713.jpg,1008x756,46b263f59a33e70ea65c2f86f55e691706c143598324d6a8838b55a37f9c2630,1,,0.032175,0.0072,gauss2,BP06_12MP_NL_HEIC.mat,2,1361.5
IMG_9714.jpg,1008x756,7f921a56fd920d6ef5155c82d150b739c8b675c31169edaebc582e9e42892819,1,,0.031635,0.0072,gauss2,BP06_12MP_NL_HEIC.mat,2,1338.8
IMG_9716.jpg,1008x756,4736280e945f78bf3d6050bdab59088e43e520a199fa1165905a2db6342c5532,1,,0.043161,0.0072,gauss2,BP06_12MP_NL_HEIC.mat,2,983.4
IMG_9719.jpg,1008x756,799a74d669ed5288b6004770b6bb209ddb1e24c056657ae66182c0180709cbee,1,,0.052139,0.0072,gauss2,BP06_12MP_NL_HEIC.mat,2,1260.6
IMG_9720.jpg,1008x756,ad46f8c7b10a334e57cfda6521effb2cd8b5c7d67ae9aa9b44c9004962648df4,1,,0.032265,0.0072,gauss2,BP06_12MP_NL_HEIC.mat,2,1023.5
IMG_9721.jpg,1008x756,e6fb66d4c9b30b8b2c7ffccbbf70dc8b8de3bce575e761ac467596a49c9ab26e,1,,0.037028,0.0072,gauss2,BP06_12MP_NL_HEIC.mat,2,1284.6
